timestamp,hour,series,direction,kw
2025-07-09T00:00:00.0,0.0,PV,source,0.0
2025-07-09T00:15:00.0,0.25,PV,source,0.0
2025-07-09T00:30:00.0,0.5,PV,source,0.0
2025-07-09T00:45:00.0,0.75,PV,source,0.0
2025-07-09T01:00:00.0,1.0,PV,source,0.0
2025-07-09T01:15:00.0,1.25,PV,source,0.0
2025-07-09T01:30:00.0,1.5,PV,source,0.0
2025-07-09T01:45:00.0,1.75,PV,source,0.0
2025-07-09T02:00:00.0,2.0,PV,source,0.0
2025-07-09T02:15:00.0,2.25,PV,source,0.0
2025-07-09T02:30:00.0,2.5,PV,source,0.0
2025-07-09T02:45:00.0,2.75,PV,source,0.0
2025-07-09T03:00:00.0,3.0,PV,source,0.0
2025-07-09T03:15:00.0,3.25,PV,source,0.0
2025-07-09T03:30:00.0,3.5,PV,source,0.0
2025-07-09T03:45:00.0,3.75,PV,source,0.04782264505909801
2025-07-09T04:00:00.0,4.0,PV,source,0.05778875089595435
2025-07-09T04:15:00.0,4.25,PV,source,0.10549118331969932
2025-07-09T04:30:00.0,4.5,PV,source,0.14540083278030946
2025-07-09T04:45:00.0,4.75,PV,source,0.1750574293755911
2025-07-09T05:00:00.0,5.0,PV,source,0.1890249158700008
2025-07-09T05:15:00.0,5.25,PV,source,0.2577182498898216
2025-07-09T05:30:00.0,5.5,PV,source,0.4004212899829677
2025-07-09T05:45:00.0,5.75,PV,source,0.558398115524517
2025-07-09T06:00:00.0,6.0,PV,source,0.7670771201387167
2025-07-09T06:15:00.0,6.25,PV,source,0.9402329812786854
2025-07-09T06:30:00.0,6.5,PV,source,1.0933981341125032
2025-07-09T06:45:00.0,6.75,PV,source,1.2254185456976212
2025-07-09T07:00:00.0,7.0,PV,source,1.339133907314642
2025-07-09T07:15:00.0,7.25,PV,source,1.4367052664079258
2025-07-09T07:30:00.0,7.5,PV,source,1.5153464756295305
2025-07-09T07:45:00.0,7.75,PV,source,1.575403668688898
2025-07-09T08:00:00.0,8.0,PV,source,1.3665231695523856
2025-07-09T08:15:00.0,8.25,PV,source,1.555334510061904
2025-07-09T08:30:00.0,8.5,PV,source,1.7543961169621791
2025-07-09T08:45:00.0,8.75,PV,source,1.9621218618761003
2025-07-09T09:00:00.0,9.0,PV,source,2.388025963280141
2025-07-09T09:15:00.0,9.25,PV,source,2.5131531385853862
2025-07-09T09:30:00.0,9.5,PV,source,2.632659663946349
2025-07-09T09:45:00.0,9.75,PV,source,2.7455181286172703
2025-07-09T10:00:00.0,10.0,PV,source,2.8626213978342916
2025-07-09T10:15:00.0,10.25,PV,source,2.948512278651668
2025-07-09T10:30:00.0,10.5,PV,source,3.0247184135094254
2025-07-09T10:45:00.0,10.75,PV,source,3.090880041334491
2025-07-09T11:00:00.0,11.0,PV,source,3.061972772243704
2025-07-09T11:15:00.0,11.25,PV,source,3.164645942704331
2025-07-09T11:30:00.0,11.5,PV,source,3.2567297312270136
2025-07-09T11:45:00.0,11.75,PV,source,3.3372979632470097
2025-07-09T12:00:00.0,12.0,PV,source,3.564783388501809
2025-07-09T12:15:00.0,12.25,PV,source,3.521256978375307
2025-07-09T12:30:00.0,12.5,PV,source,3.465801820605009
2025-07-09T12:45:00.0,12.75,PV,source,3.3987054063432383
2025-07-09T13:00:00.0,13.0,PV,source,3.30315918468203
2025-07-09T13:15:00.0,13.25,PV,source,3.2258354773328453
2025-07-09T13:30:00.0,13.5,PV,source,3.13682041824987
2025-07-09T13:45:00.0,13.75,PV,source,3.036319869361956
2025-07-09T14:00:00.0,14.0,PV,source,2.8695911526634386
2025-07-09T14:15:00.0,14.25,PV,source,2.784699182475197
2025-07-09T14:30:00.0,14.5,PV,source,2.6862080492855176
2025-07-09T14:45:00.0,14.75,PV,source,2.5741111451462966
2025-07-09T15:00:00.0,15.0,PV,source,2.504371517802118
2025-07-09T15:15:00.0,15.25,PV,source,2.3244151799818966
2025-07-09T15:30:00.0,15.5,PV,source,2.1377527893997357
2025-07-09T15:45:00.0,15.75,PV,source,1.9453439161931574
2025-07-09T16:00:00.0,16.0,PV,source,1.7535647854907328
2025-07-09T16:15:00.0,16.25,PV,source,1.5481432775626907
2025-07-09T16:30:00.0,16.5,PV,source,1.342059860853293
2025-07-09T16:45:00.0,16.75,PV,source,1.136844254959978
2025-07-09T17:00:00.0,17.0,PV,source,0.9354178453263486
2025-07-09T17:15:00.0,17.25,PV,source,0.7362891480938448
2025-07-09T17:30:00.0,17.5,PV,source,0.549056310835595
2025-07-09T17:45:00.0,17.75,PV,source,0.3761303593913286
2025-07-09T18:00:00.0,18.0,PV,source,0.20400341787213994
2025-07-09T18:15:00.0,18.25,PV,source,0.16686238993578514
2025-07-09T18:30:00.0,18.5,PV,source,0.16625333893054034
2025-07-09T18:45:00.0,18.75,PV,source,0.15233723727689755
2025-07-09T19:00:00.0,19.0,PV,source,0.16807262325429392
2025-07-09T19:15:00.0,19.25,PV,source,0.06583662534744425
2025-07-09T19:30:00.0,19.5,PV,source,0.007886830032430544
2025-07-09T19:45:00.0,19.75,PV,source,0.0
2025-07-09T20:00:00.0,20.0,PV,source,0.0
2025-07-09T20:15:00.0,20.25,PV,source,0.0
2025-07-09T20:30:00.0,20.5,PV,source,0.0
2025-07-09T20:45:00.0,20.75,PV,source,0.0
2025-07-09T21:00:00.0,21.0,PV,source,0.0
2025-07-09T21:15:00.0,21.25,PV,source,0.0
2025-07-09T21:30:00.0,21.5,PV,source,0.0
2025-07-09T21:45:00.0,21.75,PV,source,0.0
2025-07-09T22:00:00.0,22.0,PV,source,0.0
2025-07-09T22:15:00.0,22.25,PV,source,0.0
2025-07-09T22:30:00.0,22.5,PV,source,0.0
2025-07-09T22:45:00.0,22.75,PV,source,0.0
2025-07-09T23:00:00.0,23.0,PV,source,0.0
2025-07-09T23:15:00.0,23.25,PV,source,0.0
2025-07-09T23:30:00.0,23.5,PV,source,0.0
2025-07-09T23:45:00.0,23.75,PV,source,0.0
2025-07-10T00:00:00.0,24.0,PV,source,0.0
2025-07-10T00:15:00.0,24.25,PV,source,0.0
2025-07-10T00:30:00.0,24.5,PV,source,0.0
2025-07-10T00:45:00.0,24.75,PV,source,0.0
2025-07-10T01:00:00.0,25.0,PV,source,0.0
2025-07-10T01:15:00.0,25.25,PV,source,0.0
2025-07-10T01:30:00.0,25.5,PV,source,0.0
2025-07-10T01:45:00.0,25.75,PV,source,0.0
2025-07-10T02:00:00.0,26.0,PV,source,0.0
2025-07-10T02:15:00.0,26.25,PV,source,0.0
2025-07-10T02:30:00.0,26.5,PV,source,0.0
2025-07-10T02:45:00.0,26.75,PV,source,0.0
2025-07-10T03:00:00.0,27.0,PV,source,0.0
2025-07-10T03:15:00.0,27.25,PV,source,0.0
2025-07-10T03:30:00.0,27.5,PV,source,0.0
2025-07-10T03:45:00.0,27.75,PV,source,0.02902106083991511
2025-07-10T04:00:00.0,28.0,PV,source,0.052179192335138
2025-07-10T04:15:00.0,28.25,PV,source,0.09479019272760826
2025-07-10T04:30:00.0,28.5,PV,source,0.12773142306662102
2025-07-10T04:45:00.0,28.75,PV,source,0.1492085110915804
2025-07-10T05:00:00.0,29.0,PV,source,0.1444298741655685
2025-07-10T05:15:00.0,29.25,PV,source,0.21807985800447446
2025-07-10T05:30:00.0,29.5,PV,source,0.37996341896660735
2025-07-10T05:45:00.0,29.75,PV,source,0.5533869824640429
2025-07-10T06:00:00.0,30.0,PV,source,0.7334142550840771
2025-07-10T06:15:00.0,30.25,PV,source,0.9244518297994578
2025-07-10T06:30:00.0,30.5,PV,source,1.1200667060597678
2025-07-10T06:45:00.0,30.75,PV,source,1.3184367787432265
2025-07-10T07:00:00.0,31.0,PV,source,1.525277949591383
2025-07-10T07:15:00.0,31.25,PV,source,1.721812456191545
2025-07-10T07:30:00.0,31.5,PV,source,1.9151376658236678
2025-07-10T07:45:00.0,31.75,PV,source,2.1040631038212054
2025-07-10T08:00:00.0,32.0,PV,source,2.348451958830707
2025-07-10T08:15:00.0,32.25,PV,source,2.4885919072656746
2025-07-10T08:30:00.0,32.5,PV,source,2.6154017358153294
2025-07-10T08:45:00.0,32.75,PV,source,2.728745332957474
2025-07-10T09:00:00.0,33.0,PV,source,3.3241127959542895
2025-07-10T09:15:00.0,33.25,PV,source,3.0966309783548787
2025-07-10T09:30:00.0,33.5,PV,source,2.820651942231653
2025-07-10T09:45:00.0,33.75,PV,source,2.500953216358288
2025-07-10T10:00:00.0,34.0,PV,source,1.4094260946829023
2025-07-10T10:15:00.0,34.25,PV,source,1.6577917567234792
2025-07-10T10:30:00.0,34.5,PV,source,1.917486206728448
2025-07-10T10:45:00.0,34.75,PV,source,2.1838419857262816
2025-07-10T11:00:00.0,35.0,PV,source,3.440140831276914
2025-07-10T11:15:00.0,35.25,PV,source,3.1529021095802263
2025-07-10T11:30:00.0,35.5,PV,source,2.848348219568167
2025-07-10T11:45:00.0,35.75,PV,source,2.530598193567421
2025-07-10T12:00:00.0,36.0,PV,source,1.4929405335765522
2025-07-10T12:15:00.0,36.25,PV,source,1.7665266070794414
2025-07-10T12:30:00.0,36.5,PV,source,2.0349861586760025
2025-07-10T12:45:00.0,36.75,PV,source,2.2912733085638552
2025-07-10T13:00:00.0,37.0,PV,source,3.229399068670061
2025-07-10T13:15:00.0,37.25,PV,source,3.1479303300514636
2025-07-10T13:30:00.0,37.5,PV,source,3.0556547783802825
2025-07-10T13:45:00.0,37.75,PV,source,2.9528693049104753
2025-07-10T14:00:00.0,38.0,PV,source,2.8523083513281273
2025-07-10T14:15:00.0,38.25,PV,source,2.72500470122914
2025-07-10T14:30:00.0,38.5,PV,source,2.588567047018144
2025-07-10T14:45:00.0,38.75,PV,source,2.443534178404939
2025-07-10T15:00:00.0,39.0,PV,source,2.258948909418749
2025-07-10T15:15:00.0,39.25,PV,source,2.121341312228912
2025-07-10T15:30:00.0,39.5,PV,source,1.9741291261995282
2025-07-10T15:45:00.0,39.75,PV,source,1.817816132848431
2025-07-10T16:00:00.0,40.0,PV,source,1.6908190919148587
2025-07-10T16:15:00.0,40.25,PV,source,1.4884296477911927
2025-07-10T16:30:00.0,40.5,PV,source,1.2871872371462587
2025-07-10T16:45:00.0,40.75,PV,source,1.0886640991958003
2025-07-10T17:00:00.0,41.0,PV,source,0.882657005443305
2025-07-10T17:15:00.0,41.25,PV,source,0.7061474966208662
2025-07-10T17:30:00.0,41.5,PV,source,0.5350012100037569
2025-07-10T17:45:00.0,41.75,PV,source,0.3714972731752416
2025-07-10T18:00:00.0,42.0,PV,source,0.1956068129000258
2025-07-10T18:15:00.0,42.25,PV,source,0.1484016477035713
2025-07-10T18:30:00.0,42.5,PV,source,0.1399740144502719
2025-07-10T18:45:00.0,42.75,PV,source,0.12229553097275518
2025-07-10T19:00:00.0,43.0,PV,source,0.1140942895121216
2025-07-10T19:15:00.0,43.25,PV,source,0.05061468206033661
2025-07-10T19:30:00.0,43.5,PV,source,0.006003011739317518
2025-07-10T19:45:00.0,43.75,PV,source,0.0
2025-07-10T20:00:00.0,44.0,PV,source,0.0
2025-07-10T20:15:00.0,44.25,PV,source,0.0
2025-07-10T20:30:00.0,44.5,PV,source,0.0
2025-07-10T20:45:00.0,44.75,PV,source,0.0
2025-07-10T21:00:00.0,45.0,PV,source,0.0
2025-07-10T21:15:00.0,45.25,PV,source,0.0
2025-07-10T21:30:00.0,45.5,PV,source,0.0
2025-07-10T21:45:00.0,45.75,PV,source,0.0
2025-07-10T22:00:00.0,46.0,PV,source,0.0
2025-07-10T22:15:00.0,46.25,PV,source,0.0
2025-07-10T22:30:00.0,46.5,PV,source,0.0
2025-07-10T22:45:00.0,46.75,PV,source,0.0
2025-07-10T23:00:00.0,47.0,PV,source,0.0
2025-07-10T23:15:00.0,47.25,PV,source,0.0
2025-07-10T23:30:00.0,47.5,PV,source,0.0
2025-07-10T23:45:00.0,47.75,PV,source,0.0
2025-07-11T00:00:00.0,48.0,PV,source,0.0
2025-07-11T00:15:00.0,48.25,PV,source,0.0
2025-07-11T00:30:00.0,48.5,PV,source,0.0
2025-07-11T00:45:00.0,48.75,PV,source,0.0
2025-07-11T01:00:00.0,49.0,PV,source,0.0
2025-07-11T01:15:00.0,49.25,PV,source,0.0
2025-07-11T01:30:00.0,49.5,PV,source,0.0
2025-07-11T01:45:00.0,49.75,PV,source,0.0
2025-07-11T02:00:00.0,50.0,PV,source,0.0
2025-07-11T02:15:00.0,50.25,PV,source,0.0
2025-07-11T02:30:00.0,50.5,PV,source,0.0
2025-07-11T02:45:00.0,50.75,PV,source,0.0
2025-07-11T03:00:00.0,51.0,PV,source,0.0
2025-07-11T03:15:00.0,51.25,PV,source,0.0
2025-07-11T03:30:00.0,51.5,PV,source,0.0
2025-07-11T03:45:00.0,51.75,PV,source,0.04758943558229624
2025-07-11T04:00:00.0,52.0,PV,source,0.04969731953442244
2025-07-11T04:15:00.0,52.25,PV,source,0.09414087636725044
2025-07-11T04:30:00.0,52.5,PV,source,0.13002577471193585
2025-07-11T04:45:00.0,52.75,PV,source,0.15524201915387928
2025-07-11T05:00:00.0,53.0,PV,source,0.15091173722147197
2025-07-11T05:15:00.0,53.25,PV,source,0.22211046063798368
2025-07-11T05:30:00.0,53.5,PV,source,0.3767403673188406
2025-07-11T05:45:00.0,53.75,PV,source,0.5410931561656838
2025-07-11T06:00:00.0,54.0,PV,source,0.7114136023498107
2025-07-11T06:15:00.0,54.25,PV,source,0.8892196504227079
2025-07-11T06:30:00.0,54.5,PV,source,1.068547007381598
2025-07-11T06:45:00.0,54.75,PV,source,1.2478112607449225
2025-07-11T07:00:00.0,55.0,PV,source,1.4912655978216556
2025-07-11T07:15:00.0,55.25,PV,source,1.6287465024207406
2025-07-11T07:30:00.0,55.5,PV,source,1.7482695939421011
2025-07-11T07:45:00.0,55.75,PV,source,1.8497625049185153
2025-07-11T08:00:00.0,56.0,PV,source,2.0426589654440646
2025-07-11T08:15:00.0,56.25,PV,source,2.045891050088724
2025-07-11T08:30:00.0,56.5,PV,source,2.0212427225528584
2025-07-11T08:45:00.0,56.75,PV,source,1.970655089738666
2025-07-11T09:00:00.0,57.0,PV,source,1.66426948129457
2025-07-11T09:15:00.0,57.25,PV,source,1.7464138359772499
2025-07-11T09:30:00.0,57.5,PV,source,1.825321920891877
2025-07-11T09:45:00.0,57.75,PV,source,1.9004192302438472
2025-07-11T10:00:00.0,58.0,PV,source,1.7136285395393678
2025-07-11T10:15:00.0,58.25,PV,source,1.9413127258463245
2025-07-11T10:30:00.0,58.5,PV,source,2.174449647878896
2025-07-11T10:45:00.0,58.75,PV,source,2.4090891069125866
2025-07-11T11:00:00.0,59.0,PV,source,2.9625310980925965
2025-07-11T11:15:00.0,59.25,PV,source,3.0326734418329986
2025-07-11T11:30:00.0,59.5,PV,source,3.0925573734555485
2025-07-11T11:45:00.0,59.75,PV,source,3.1415941795079068
2025-07-11T12:00:00.0,60.0,PV,source,3.176676610094901
2025-07-11T12:15:00.0,60.25,PV,source,3.2082059893650396
2025-07-11T12:30:00.0,60.5,PV,source,3.227075612796943
2025-07-11T12:45:00.0,60.75,PV,source,3.2327468084125965
2025-07-11T13:00:00.0,61.0,PV,source,3.3456317718159054
2025-07-11T13:15:00.0,61.25,PV,source,3.2418372300273095
2025-07-11T13:30:00.0,61.5,PV,source,3.127741242598221
2025-07-11T13:45:00.0,61.75,PV,source,3.0039033660667216
2025-07-11T14:00:00.0,62.0,PV,source,2.8530292798918726
2025-07-11T14:15:00.0,62.25,PV,source,2.7251439081266904
2025-07-11T14:30:00.0,62.5,PV,source,2.5880827047644472
2025-07-11T14:45:00.0,62.75,PV,source,2.442374792704353
2025-07-11T15:00:00.0,63.0,PV,source,2.318050768128194
2025-07-11T15:15:00.0,63.25,PV,source,2.135592286066313
2025-07-11T15:30:00.0,63.5,PV,source,1.9501672695691263
2025-07-11T15:45:00.0,63.75,PV,source,1.7630593091674946
2025-07-11T16:00:00.0,64.0,PV,source,1.5538466203402121
2025-07-11T16:15:00.0,64.25,PV,source,1.385071295630749
2025-07-11T16:30:00.0,64.5,PV,source,1.2134897774944882
2025-07-11T16:45:00.0,64.75,PV,source,1.0402283820550473
2025-07-11T17:00:00.0,65.0,PV,source,0.8696281691518472
2025-07-11T17:15:00.0,65.25,PV,source,0.6926611622796648
2025-07-11T17:30:00.0,65.5,PV,source,0.5261657534917816
2025-07-11T17:45:00.0,65.75,PV,source,0.3720690596441573
2025-07-11T18:00:00.0,66.0,PV,source,0.21192661312272285
2025-07-11T18:15:00.0,66.25,PV,source,0.17229526803471637
2025-07-11T18:30:00.0,66.5,PV,source,0.1590358624503743
2025-07-11T18:45:00.0,66.75,PV,source,0.13544100470633927
2025-07-11T19:00:00.0,67.0,PV,source,0.11786323945161623
2025-07-11T19:15:00.0,67.25,PV,source,0.04965543556033197
2025-07-11T19:30:00.0,67.5,PV,source,0.005082466718377807
2025-07-11T19:45:00.0,67.75,PV,source,0.0
2025-07-11T20:00:00.0,68.0,PV,source,0.0
2025-07-11T20:15:00.0,68.25,PV,source,0.0
2025-07-11T20:30:00.0,68.5,PV,source,0.0
2025-07-11T20:45:00.0,68.75,PV,source,0.0
2025-07-11T21:00:00.0,69.0,PV,source,0.0
2025-07-11T21:15:00.0,69.25,PV,source,0.0
2025-07-11T21:30:00.0,69.5,PV,source,0.0
2025-07-11T21:45:00.0,69.75,PV,source,0.0
2025-07-11T22:00:00.0,70.0,PV,source,0.0
2025-07-11T22:15:00.0,70.25,PV,source,0.0
2025-07-11T22:30:00.0,70.5,PV,source,0.0
2025-07-11T22:45:00.0,70.75,PV,source,0.0
2025-07-11T23:00:00.0,71.0,PV,source,0.0
2025-07-11T23:15:00.0,71.25,PV,source,0.0
2025-07-11T23:30:00.0,71.5,PV,source,0.0
2025-07-11T23:45:00.0,71.75,PV,source,0.0
2025-07-09T00:00:00.0,0.0,import,source,0.0
2025-07-09T00:15:00.0,0.25,import,source,0.0
2025-07-09T00:30:00.0,0.5,import,source,0.0
2025-07-09T00:45:00.0,0.75,import,source,0.0
2025-07-09T01:00:00.0,1.0,import,source,0.0
2025-07-09T01:15:00.0,1.25,import,source,0.0
2025-07-09T01:30:00.0,1.5,import,source,0.0
2025-07-09T01:45:00.0,1.75,import,source,0.0
2025-07-09T02:00:00.0,2.0,import,source,0.0
2025-07-09T02:15:00.0,2.25,import,source,0.0
2025-07-09T02:30:00.0,2.5,import,source,0.0
2025-07-09T02:45:00.0,2.75,import,source,0.0
2025-07-09T03:00:00.0,3.0,import,source,0.0
2025-07-09T03:15:00.0,3.25,import,source,0.0
2025-07-09T03:30:00.0,3.5,import,source,0.0
2025-07-09T03:45:00.0,3.75,import,source,0.0
2025-07-09T04:00:00.0,4.0,import,source,0.0
2025-07-09T04:15:00.0,4.25,import,source,0.0
2025-07-09T04:30:00.0,4.5,import,source,0.0
2025-07-09T04:45:00.0,4.75,import,source,0.0
2025-07-09T05:00:00.0,5.0,import,source,0.0
2025-07-09T05:15:00.0,5.25,import,source,0.0
2025-07-09T05:30:00.0,5.5,import,source,0.0
2025-07-09T05:45:00.0,5.75,import,source,0.0
2025-07-09T06:00:00.0,6.0,import,source,0.0
2025-07-09T06:15:00.0,6.25,import,source,0.0
2025-07-09T06:30:00.0,6.5,import,source,0.0
2025-07-09T06:45:00.0,6.75,import,source,0.0
2025-07-09T07:00:00.0,7.0,import,source,0.0
2025-07-09T07:15:00.0,7.25,import,source,0.0
2025-07-09T07:30:00.0,7.5,import,source,0.0
2025-07-09T07:45:00.0,7.75,import,source,0.0
2025-07-09T08:00:00.0,8.0,import,source,0.0
2025-07-09T08:15:00.0,8.25,import,source,0.0
2025-07-09T08:30:00.0,8.5,import,source,0.0
2025-07-09T08:45:00.0,8.75,import,source,0.0
2025-07-09T09:00:00.0,9.0,import,source,0.0
2025-07-09T09:15:00.0,9.25,import,source,0.0
2025-07-09T09:30:00.0,9.5,import,source,0.0
2025-07-09T09:45:00.0,9.75,import,source,0.0
2025-07-09T10:00:00.0,10.0,import,source,0.0
2025-07-09T10:15:00.0,10.25,import,source,0.0
2025-07-09T10:30:00.0,10.5,import,source,0.0
2025-07-09T10:45:00.0,10.75,import,source,0.0
2025-07-09T11:00:00.0,11.0,import,source,0.0
2025-07-09T11:15:00.0,11.25,import,source,0.0
2025-07-09T11:30:00.0,11.5,import,source,0.0
2025-07-09T11:45:00.0,11.75,import,source,0.0
2025-07-09T12:00:00.0,12.0,import,source,0.0
2025-07-09T12:15:00.0,12.25,import,source,0.0
2025-07-09T12:30:00.0,12.5,import,source,0.0
2025-07-09T12:45:00.0,12.75,import,source,0.0
2025-07-09T13:00:00.0,13.0,import,source,0.0
2025-07-09T13:15:00.0,13.25,import,source,0.0
2025-07-09T13:30:00.0,13.5,import,source,0.0
2025-07-09T13:45:00.0,13.75,import,source,0.0
2025-07-09T14:00:00.0,14.0,import,source,0.0
2025-07-09T14:15:00.0,14.25,import,source,0.0
2025-07-09T14:30:00.0,14.5,import,source,0.0
2025-07-09T14:45:00.0,14.75,import,source,0.0
2025-07-09T15:00:00.0,15.0,import,source,0.0
2025-07-09T15:15:00.0,15.25,import,source,0.0
2025-07-09T15:30:00.0,15.5,import,source,0.0
2025-07-09T15:45:00.0,15.75,import,source,0.0
2025-07-09T16:00:00.0,16.0,import,source,0.0
2025-07-09T16:15:00.0,16.25,import,source,0.0
2025-07-09T16:30:00.0,16.5,import,source,0.0
2025-07-09T16:45:00.0,16.75,import,source,0.0
2025-07-09T17:00:00.0,17.0,import,source,0.0
2025-07-09T17:15:00.0,17.25,import,source,0.0
2025-07-09T17:30:00.0,17.5,import,source,7.236117884552963
2025-07-09T17:45:00.0,17.75,import,source,6.424547685607529
2025-07-09T18:00:00.0,18.0,import,source,0.0
2025-07-09T18:15:00.0,18.25,import,source,0.0
2025-07-09T18:30:00.0,18.5,import,source,0.0
2025-07-09T18:45:00.0,18.75,import,source,0.0
2025-07-09T19:00:00.0,19.0,import,source,0.0
2025-07-09T19:15:00.0,19.25,import,source,0.0
2025-07-09T19:30:00.0,19.5,import,source,0.0
2025-07-09T19:45:00.0,19.75,import,source,0.0
2025-07-09T20:00:00.0,20.0,import,source,0.0
2025-07-09T20:15:00.0,20.25,import,source,0.0
2025-07-09T20:30:00.0,20.5,import,source,0.0
2025-07-09T20:45:00.0,20.75,import,source,0.0
2025-07-09T21:00:00.0,21.0,import,source,0.4102545123752964
2025-07-09T21:15:00.0,21.25,import,source,0.0
2025-07-09T21:30:00.0,21.5,import,source,0.0
2025-07-09T21:45:00.0,21.75,import,source,0.0
2025-07-09T22:00:00.0,22.0,import,source,0.21605822231503533
2025-07-09T22:15:00.0,22.25,import,source,0.1908915363468873
2025-07-09T22:30:00.0,22.5,import,source,0.1511191146837233
2025-07-09T22:45:00.0,22.75,import,source,0.0
2025-07-09T23:00:00.0,23.0,import,source,0.1255240050750095
2025-07-09T23:15:00.0,23.25,import,source,0.14363192060066468
2025-07-09T23:30:00.0,23.5,import,source,0.13648425855549126
2025-07-09T23:45:00.0,23.75,import,source,0.14364826077247878
2025-07-10T00:00:00.0,24.0,import,source,0.13385484626411406
2025-07-10T00:15:00.0,24.25,import,source,0.13007626766793137
2025-07-10T00:30:00.0,24.5,import,source,0.13372896142150087
2025-07-10T00:45:00.0,24.75,import,source,0.11187320685044953
2025-07-10T01:00:00.0,25.0,import,source,0.11324074694125852
2025-07-10T01:15:00.0,25.25,import,source,0.12399974852518864
2025-07-10T01:30:00.0,25.5,import,source,0.10817970997586118
2025-07-10T01:45:00.0,25.75,import,source,0.1104436113209105
2025-07-10T02:00:00.0,26.0,import,source,0.11861852641584839
2025-07-10T02:15:00.0,26.25,import,source,0.1101618567032479
2025-07-10T02:30:00.0,26.5,import,source,0.1347590481931524
2025-07-10T02:45:00.0,26.75,import,source,0.0
2025-07-10T03:00:00.0,27.0,import,source,0.0
2025-07-10T03:15:00.0,27.25,import,source,0.0
2025-07-10T03:30:00.0,27.5,import,source,0.0
2025-07-10T03:45:00.0,27.75,import,source,0.0
2025-07-10T04:00:00.0,28.0,import,source,0.0
2025-07-10T04:15:00.0,28.25,import,source,0.0
2025-07-10T04:30:00.0,28.5,import,source,0.0
2025-07-10T04:45:00.0,28.75,import,source,0.0
2025-07-10T05:00:00.0,29.0,import,source,0.0
2025-07-10T05:15:00.0,29.25,import,source,0.0
2025-07-10T05:30:00.0,29.5,import,source,0.0
2025-07-10T05:45:00.0,29.75,import,source,0.0
2025-07-10T06:00:00.0,30.0,import,source,0.0
2025-07-10T06:15:00.0,30.25,import,source,0.0
2025-07-10T06:30:00.0,30.5,import,source,0.0
2025-07-10T06:45:00.0,30.75,import,source,0.0
2025-07-10T07:00:00.0,31.0,import,source,0.0
2025-07-10T07:15:00.0,31.25,import,source,0.0
2025-07-10T07:30:00.0,31.5,import,source,0.0
2025-07-10T07:45:00.0,31.75,import,source,0.0
2025-07-10T08:00:00.0,32.0,import,source,0.0
2025-07-10T08:15:00.0,32.25,import,source,0.0
2025-07-10T08:30:00.0,32.5,import,source,0.0
2025-07-10T08:45:00.0,32.75,import,source,0.0
2025-07-10T09:00:00.0,33.0,import,source,0.0
2025-07-10T09:15:00.0,33.25,import,source,0.0
2025-07-10T09:30:00.0,33.5,import,source,0.0
2025-07-10T09:45:00.0,33.75,import,source,0.0
2025-07-10T10:00:00.0,34.0,import,source,0.0
2025-07-10T10:15:00.0,34.25,import,source,0.0
2025-07-10T10:30:00.0,34.5,import,source,0.0
2025-07-10T10:45:00.0,34.75,import,source,0.0
2025-07-10T11:00:00.0,35.0,import,source,0.0
2025-07-10T11:15:00.0,35.25,import,source,0.0
2025-07-10T11:30:00.0,35.5,import,source,0.0
2025-07-10T11:45:00.0,35.75,import,source,0.0
2025-07-10T12:00:00.0,36.0,import,source,0.0
2025-07-10T12:15:00.0,36.25,import,source,0.0
2025-07-10T12:30:00.0,36.5,import,source,0.0
2025-07-10T12:45:00.0,36.75,import,source,0.0
2025-07-10T13:00:00.0,37.0,import,source,0.0
2025-07-10T13:15:00.0,37.25,import,source,0.0
2025-07-10T13:30:00.0,37.5,import,source,0.0
2025-07-10T13:45:00.0,37.75,import,source,0.0
2025-07-10T14:00:00.0,38.0,import,source,0.0
2025-07-10T14:15:00.0,38.25,import,source,0.0
2025-07-10T14:30:00.0,38.5,import,source,0.0
2025-07-10T14:45:00.0,38.75,import,source,0.0
2025-07-10T15:00:00.0,39.0,import,source,0.0
2025-07-10T15:15:00.0,39.25,import,source,0.0
2025-07-10T15:30:00.0,39.5,import,source,0.0
2025-07-10T15:45:00.0,39.75,import,source,0.0
2025-07-10T16:00:00.0,40.0,import,source,0.0
2025-07-10T16:15:00.0,40.25,import,source,0.0
2025-07-10T16:30:00.0,40.5,import,source,0.0
2025-07-10T16:45:00.0,40.75,import,source,0.0
2025-07-10T17:00:00.0,41.0,import,source,0.0
2025-07-10T17:15:00.0,41.25,import,source,0.0
2025-07-10T17:30:00.0,41.5,import,source,11.206593988096774
2025-07-10T17:45:00.0,41.75,import,source,6.991285059143704
2025-07-10T18:00:00.0,42.0,import,source,0.0
2025-07-10T18:15:00.0,42.25,import,source,0.0
2025-07-10T18:30:00.0,42.5,import,source,0.0
2025-07-10T18:45:00.0,42.75,import,source,0.0
2025-07-10T19:00:00.0,43.0,import,source,0.0
2025-07-10T19:15:00.0,43.25,import,source,0.0
2025-07-10T19:30:00.0,43.5,import,source,0.0
2025-07-10T19:45:00.0,43.75,import,source,0.0
2025-07-10T20:00:00.0,44.0,import,source,0.0
2025-07-10T20:15:00.0,44.25,import,source,0.0
2025-07-10T20:30:00.0,44.5,import,source,0.0
2025-07-10T20:45:00.0,44.75,import,source,0.0
2025-07-10T21:00:00.0,45.0,import,source,0.0
2025-07-10T21:15:00.0,45.25,import,source,0.0
2025-07-10T21:30:00.0,45.5,import,source,0.0
2025-07-10T21:45:00.0,45.75,import,source,0.0
2025-07-10T22:00:00.0,46.0,import,source,0.0
2025-07-10T22:15:00.0,46.25,import,source,0.0
2025-07-10T22:30:00.0,46.5,import,source,0.0
2025-07-10T22:45:00.0,46.75,import,source,0.0
2025-07-10T23:00:00.0,47.0,import,source,0.0
2025-07-10T23:15:00.0,47.25,import,source,0.0
2025-07-10T23:30:00.0,47.5,import,source,0.0
2025-07-10T23:45:00.0,47.75,import,source,0.0
2025-07-11T00:00:00.0,48.0,import,source,0.0
2025-07-11T00:15:00.0,48.25,import,source,0.0
2025-07-11T00:30:00.0,48.5,import,source,0.0
2025-07-11T00:45:00.0,48.75,import,source,0.0
2025-07-11T01:00:00.0,49.0,import,source,0.0
2025-07-11T01:15:00.0,49.25,import,source,0.0
2025-07-11T01:30:00.0,49.5,import,source,0.0
2025-07-11T01:45:00.0,49.75,import,source,0.0
2025-07-11T02:00:00.0,50.0,import,source,0.0
2025-07-11T02:15:00.0,50.25,import,source,0.0
2025-07-11T02:30:00.0,50.5,import,source,0.0
2025-07-11T02:45:00.0,50.75,import,source,0.0
2025-07-11T03:00:00.0,51.0,import,source,0.0
2025-07-11T03:15:00.0,51.25,import,source,0.0
2025-07-11T03:30:00.0,51.5,import,source,0.0
2025-07-11T03:45:00.0,51.75,import,source,0.0
2025-07-11T04:00:00.0,52.0,import,source,0.0
2025-07-11T04:15:00.0,52.25,import,source,0.0
2025-07-11T04:30:00.0,52.5,import,source,0.0
2025-07-11T04:45:00.0,52.75,import,source,0.0
2025-07-11T05:00:00.0,53.0,import,source,0.0
2025-07-11T05:15:00.0,53.25,import,source,0.0
2025-07-11T05:30:00.0,53.5,import,source,0.0
2025-07-11T05:45:00.0,53.75,import,source,0.0
2025-07-11T06:00:00.0,54.0,import,source,0.0
2025-07-11T06:15:00.0,54.25,import,source,0.0
2025-07-11T06:30:00.0,54.5,import,source,0.0
2025-07-11T06:45:00.0,54.75,import,source,0.0
2025-07-11T07:00:00.0,55.0,import,source,0.0
2025-07-11T07:15:00.0,55.25,import,source,0.0
2025-07-11T07:30:00.0,55.5,import,source,0.0
2025-07-11T07:45:00.0,55.75,import,source,0.0
2025-07-11T08:00:00.0,56.0,import,source,0.0
2025-07-11T08:15:00.0,56.25,import,source,0.0
2025-07-11T08:30:00.0,56.5,import,source,0.0
2025-07-11T08:45:00.0,56.75,import,source,0.0
2025-07-11T09:00:00.0,57.0,import,source,0.0
2025-07-11T09:15:00.0,57.25,import,source,0.0
2025-07-11T09:30:00.0,57.5,import,source,0.0
2025-07-11T09:45:00.0,57.75,import,source,0.0
2025-07-11T10:00:00.0,58.0,import,source,0.0
2025-07-11T10:15:00.0,58.25,import,source,0.0
2025-07-11T10:30:00.0,58.5,import,source,0.0
2025-07-11T10:45:00.0,58.75,import,source,0.0
2025-07-11T11:00:00.0,59.0,import,source,0.0
2025-07-11T11:15:00.0,59.25,import,source,0.0
2025-07-11T11:30:00.0,59.5,import,source,0.0
2025-07-11T11:45:00.0,59.75,import,source,0.0
2025-07-11T12:00:00.0,60.0,import,source,0.0
2025-07-11T12:15:00.0,60.25,import,source,0.0
2025-07-11T12:30:00.0,60.5,import,source,0.0
2025-07-11T12:45:00.0,60.75,import,source,0.0
2025-07-11T13:00:00.0,61.0,import,source,0.0
2025-07-11T13:15:00.0,61.25,import,source,0.0
2025-07-11T13:30:00.0,61.5,import,source,0.0
2025-07-11T13:45:00.0,61.75,import,source,0.0
2025-07-11T14:00:00.0,62.0,import,source,0.0
2025-07-11T14:15:00.0,62.25,import,source,0.0
2025-07-11T14:30:00.0,62.5,import,source,0.0
2025-07-11T14:45:00.0,62.75,import,source,0.0
2025-07-11T15:00:00.0,63.0,import,source,0.0
2025-07-11T15:15:00.0,63.25,import,source,0.0
2025-07-11T15:30:00.0,63.5,import,source,0.0
2025-07-11T15:45:00.0,63.75,import,source,0.0
2025-07-11T16:00:00.0,64.0,import,source,0.0
2025-07-11T16:15:00.0,64.25,import,source,0.0
2025-07-11T16:30:00.0,64.5,import,source,0.0
2025-07-11T16:45:00.0,64.75,import,source,0.0
2025-07-11T17:00:00.0,65.0,import,source,0.0
2025-07-11T17:15:00.0,65.25,import,source,0.0
2025-07-11T17:30:00.0,65.5,import,source,0.0
2025-07-11T17:45:00.0,65.75,import,source,0.0
2025-07-11T18:00:00.0,66.0,import,source,0.0
2025-07-11T18:15:00.0,66.25,import,source,0.0
2025-07-11T18:30:00.0,66.5,import,source,0.0
2025-07-11T18:45:00.0,66.75,import,source,0.0
2025-07-11T19:00:00.0,67.0,import,source,0.0
2025-07-11T19:15:00.0,67.25,import,source,0.0
2025-07-11T19:30:00.0,67.5,import,source,0.0
2025-07-11T19:45:00.0,67.75,import,source,0.0
2025-07-11T20:00:00.0,68.0,import,source,0.0
2025-07-11T20:15:00.0,68.25,import,source,0.0
2025-07-11T20:30:00.0,68.5,import,source,0.0
2025-07-11T20:45:00.0,68.75,import,source,0.0
2025-07-11T21:00:00.0,69.0,import,source,0.0
2025-07-11T21:15:00.0,69.25,import,source,0.0
2025-07-11T21:30:00.0,69.5,import,source,0.0
2025-07-11T21:45:00.0,69.75,import,source,0.0
2025-07-11T22:00:00.0,70.0,import,source,0.0
2025-07-11T22:15:00.0,70.25,import,source,0.0
2025-07-11T22:30:00.0,70.5,import,source,0.0
2025-07-11T22:45:00.0,70.75,import,source,0.0
2025-07-11T23:00:00.0,71.0,import,source,0.0
2025-07-11T23:15:00.0,71.25,import,source,0.0
2025-07-11T23:30:00.0,71.5,import,source,0.0
2025-07-11T23:45:00.0,71.75,import,source,0.0
2025-07-09T00:00:00.0,0.0,battery discharge,source,0.1279710669592163
2025-07-09T00:15:00.0,0.25,battery discharge,source,0.12698781890749092
2025-07-09T00:30:00.0,0.5,battery discharge,source,0.12147424549904305
2025-07-09T00:45:00.0,0.75,battery discharge,source,0.13389578434948793
2025-07-09T01:00:00.0,1.0,battery discharge,source,0.1372405558171987
2025-07-09T01:15:00.0,1.25,battery discharge,source,0.11638626917272059
2025-07-09T01:30:00.0,1.5,battery discharge,source,0.1194654153222641
2025-07-09T01:45:00.0,1.75,battery discharge,source,0.12700652038130525
2025-07-09T02:00:00.0,2.0,battery discharge,source,0.13605583544323027
2025-07-09T02:15:00.0,2.25,battery discharge,source,0.12308558026592
2025-07-09T02:30:00.0,2.5,battery discharge,source,0.1432452156719604
2025-07-09T02:45:00.0,2.75,battery discharge,source,0.13867793520044558
2025-07-09T03:00:00.0,3.0,battery discharge,source,0.14427251332196792
2025-07-09T03:15:00.0,3.25,battery discharge,source,0.13881884945522696
2025-07-09T03:30:00.0,3.5,battery discharge,source,0.10843924861714085
2025-07-09T03:45:00.0,3.75,battery discharge,source,0.06014281204866797
2025-07-09T04:00:00.0,4.0,battery discharge,source,0.07233802671935204
2025-07-09T04:15:00.0,4.25,battery discharge,source,0.023930780003283483
2025-07-09T04:30:00.0,4.5,battery discharge,source,0.0
2025-07-09T04:45:00.0,4.75,battery discharge,source,0.0
2025-07-09T05:00:00.0,5.0,battery discharge,source,0.0
2025-07-09T05:15:00.0,5.25,battery discharge,source,0.0
2025-07-09T05:30:00.0,5.5,battery discharge,source,0.0
2025-07-09T05:45:00.0,5.75,battery discharge,source,0.0
2025-07-09T06:00:00.0,6.0,battery discharge,source,0.0
2025-07-09T06:15:00.0,6.25,battery discharge,source,0.0
2025-07-09T06:30:00.0,6.5,battery discharge,source,0.0
2025-07-09T06:45:00.0,6.75,battery discharge,source,0.0
2025-07-09T07:00:00.0,7.0,battery discharge,source,0.0
2025-07-09T07:15:00.0,7.25,battery discharge,source,0.0
2025-07-09T07:30:00.0,7.5,battery discharge,source,0.0
2025-07-09T07:45:00.0,7.75,battery discharge,source,0.0
2025-07-09T08:00:00.0,8.0,battery discharge,source,0.0
2025-07-09T08:15:00.0,8.25,battery discharge,source,0.0
2025-07-09T08:30:00.0,8.5,battery discharge,source,0.0
2025-07-09T08:45:00.0,8.75,battery discharge,source,0.0
2025-07-09T09:00:00.0,9.0,battery discharge,source,0.0
2025-07-09T09:15:00.0,9.25,battery discharge,source,0.0
2025-07-09T09:30:00.0,9.5,battery discharge,source,0.0
2025-07-09T09:45:00.0,9.75,battery discharge,source,0.0
2025-07-09T10:00:00.0,10.0,battery discharge,source,0.0
2025-07-09T10:15:00.0,10.25,battery discharge,source,0.0
2025-07-09T10:30:00.0,10.5,battery discharge,source,0.0
2025-07-09T10:45:00.0,10.75,battery discharge,source,0.0
2025-07-09T11:00:00.0,11.0,battery discharge,source,0.0
2025-07-09T11:15:00.0,11.25,battery discharge,source,0.0
2025-07-09T11:30:00.0,11.5,battery discharge,source,0.0
2025-07-09T11:45:00.0,11.75,battery discharge,source,0.0
2025-07-09T12:00:00.0,12.0,battery discharge,source,0.0
2025-07-09T12:15:00.0,12.25,battery discharge,source,0.0
2025-07-09T12:30:00.0,12.5,battery discharge,source,0.0
2025-07-09T12:45:00.0,12.75,battery discharge,source,0.0
2025-07-09T13:00:00.0,13.0,battery discharge,source,0.0
2025-07-09T13:15:00.0,13.25,battery discharge,source,0.0
2025-07-09T13:30:00.0,13.5,battery discharge,source,0.0
2025-07-09T13:45:00.0,13.75,battery discharge,source,0.0
2025-07-09T14:00:00.0,14.0,battery discharge,source,0.0
2025-07-09T14:15:00.0,14.25,battery discharge,source,0.0
2025-07-09T14:30:00.0,14.5,battery discharge,source,0.0
2025-07-09T14:45:00.0,14.75,battery discharge,source,0.0
2025-07-09T15:00:00.0,15.0,battery discharge,source,0.0
2025-07-09T15:15:00.0,15.25,battery discharge,source,0.0
2025-07-09T15:30:00.0,15.5,battery discharge,source,0.0
2025-07-09T15:45:00.0,15.75,battery discharge,source,0.0
2025-07-09T16:00:00.0,16.0,battery discharge,source,0.0
2025-07-09T16:15:00.0,16.25,battery discharge,source,0.0
2025-07-09T16:30:00.0,16.5,battery discharge,source,0.0
2025-07-09T16:45:00.0,16.75,battery discharge,source,0.0
2025-07-09T17:00:00.0,17.0,battery discharge,source,0.0
2025-07-09T17:15:00.0,17.25,battery discharge,source,0.0
2025-07-09T17:30:00.0,17.5,battery discharge,source,3.9283817390163063
2025-07-09T17:45:00.0,17.75,battery discharge,source,5.0
2025-07-09T18:00:00.0,18.0,battery discharge,source,5.0
2025-07-09T18:15:00.0,18.25,battery discharge,source,5.0
2025-07-09T18:30:00.0,18.5,battery discharge,source,5.0
2025-07-09T18:45:00.0,18.75,battery discharge,source,4.111159212213808
2025-07-09T19:00:00.0,19.0,battery discharge,source,0.7333371179356873
2025-07-09T19:15:00.0,19.25,battery discharge,source,1.0163056800690593
2025-07-09T19:30:00.0,19.5,battery discharge,source,0.9081145496139824
2025-07-09T19:45:00.0,19.75,battery discharge,source,0.9643561381071476
2025-07-09T20:00:00.0,20.0,battery discharge,source,0.7515594014136896
2025-07-09T20:15:00.0,20.25,battery discharge,source,0.6652790206439841
2025-07-09T20:30:00.0,20.5,battery discharge,source,0.5708152381142321
2025-07-09T20:45:00.0,20.75,battery discharge,source,0.5997778863688519
2025-07-09T21:00:00.0,21.0,battery discharge,source,-0.0
2025-07-09T21:15:00.0,21.25,battery discharge,source,0.4357675908849987
2025-07-09T21:30:00.0,21.5,battery discharge,source,0.2923849113780247
2025-07-09T21:45:00.0,21.75,battery discharge,source,0.28567132854680705
2025-07-09T22:00:00.0,22.0,battery discharge,source,0.0
2025-07-09T22:15:00.0,22.25,battery discharge,source,0.0
2025-07-09T22:30:00.0,22.5,battery discharge,source,0.0
2025-07-09T22:45:00.0,22.75,battery discharge,source,0.13712858744299197
2025-07-09T23:00:00.0,23.0,battery discharge,source,0.0
2025-07-09T23:15:00.0,23.25,battery discharge,source,0.0
2025-07-09T23:30:00.0,23.5,battery discharge,source,0.0
2025-07-09T23:45:00.0,23.75,battery discharge,source,0.0
2025-07-10T00:00:00.0,24.0,battery discharge,source,0.0
2025-07-10T00:15:00.0,24.25,battery discharge,source,0.0
2025-07-10T00:30:00.0,24.5,battery discharge,source,0.0
2025-07-10T00:45:00.0,24.75,battery discharge,source,0.0
2025-07-10T01:00:00.0,25.0,battery discharge,source,0.0
2025-07-10T01:15:00.0,25.25,battery discharge,source,0.0
2025-07-10T01:30:00.0,25.5,battery discharge,source,0.0
2025-07-10T01:45:00.0,25.75,battery discharge,source,0.0
2025-07-10T02:00:00.0,26.0,battery discharge,source,0.0
2025-07-10T02:15:00.0,26.25,battery discharge,source,0.0
2025-07-10T02:30:00.0,26.5,battery discharge,source,-0.0
2025-07-10T02:45:00.0,26.75,battery discharge,source,0.12596672159284011
2025-07-10T03:00:00.0,27.0,battery discharge,source,0.1336870265648132
2025-07-10T03:15:00.0,27.25,battery discharge,source,0.11024472423613561
2025-07-10T03:30:00.0,27.5,battery discharge,source,0.13934460668063156
2025-07-10T03:45:00.0,27.75,battery discharge,source,0.09543024904154537
2025-07-10T04:00:00.0,28.0,battery discharge,source,0.06688482883634658
2025-07-10T04:15:00.0,28.25,battery discharge,source,0.02500553342531607
2025-07-10T04:30:00.0,28.5,battery discharge,source,0.003397907872800282
2025-07-10T04:45:00.0,28.75,battery discharge,source,0.0
2025-07-10T05:00:00.0,29.0,battery discharge,source,0.0
2025-07-10T05:15:00.0,29.25,battery discharge,source,0.0
2025-07-10T05:30:00.0,29.5,battery discharge,source,0.0
2025-07-10T05:45:00.0,29.75,battery discharge,source,0.0
2025-07-10T06:00:00.0,30.0,battery discharge,source,0.0
2025-07-10T06:15:00.0,30.25,battery discharge,source,0.0
2025-07-10T06:30:00.0,30.5,battery discharge,source,0.0
2025-07-10T06:45:00.0,30.75,battery discharge,source,0.0
2025-07-10T07:00:00.0,31.0,battery discharge,source,0.0
2025-07-10T07:15:00.0,31.25,battery discharge,source,0.0
2025-07-10T07:30:00.0,31.5,battery discharge,source,0.0
2025-07-10T07:45:00.0,31.75,battery discharge,source,0.0
2025-07-10T08:00:00.0,32.0,battery discharge,source,0.0
2025-07-10T08:15:00.0,32.25,battery discharge,source,0.0
2025-07-10T08:30:00.0,32.5,battery discharge,source,0.0
2025-07-10T08:45:00.0,32.75,battery discharge,source,0.0
2025-07-10T09:00:00.0,33.0,battery discharge,source,0.0
2025-07-10T09:15:00.0,33.25,battery discharge,source,0.0
2025-07-10T09:30:00.0,33.5,battery discharge,source,0.0
2025-07-10T09:45:00.0,33.75,battery discharge,source,0.0
2025-07-10T10:00:00.0,34.0,battery discharge,source,0.0
2025-07-10T10:15:00.0,34.25,battery discharge,source,0.0
2025-07-10T10:30:00.0,34.5,battery discharge,source,0.0
2025-07-10T10:45:00.0,34.75,battery discharge,source,0.0
2025-07-10T11:00:00.0,35.0,battery discharge,source,0.0
2025-07-10T11:15:00.0,35.25,battery discharge,source,0.0
2025-07-10T11:30:00.0,35.5,battery discharge,source,0.0
2025-07-10T11:45:00.0,35.75,battery discharge,source,0.0
2025-07-10T12:00:00.0,36.0,battery discharge,source,0.0
2025-07-10T12:15:00.0,36.25,battery discharge,source,0.0
2025-07-10T12:30:00.0,36.5,battery discharge,source,0.0
2025-07-10T12:45:00.0,36.75,battery discharge,source,0.0
2025-07-10T13:00:00.0,37.0,battery discharge,source,0.0
2025-07-10T13:15:00.0,37.25,battery discharge,source,0.0
2025-07-10T13:30:00.0,37.5,battery discharge,source,0.0
2025-07-10T13:45:00.0,37.75,battery discharge,source,0.0
2025-07-10T14:00:00.0,38.0,battery discharge,source,0.0
2025-07-10T14:15:00.0,38.25,battery discharge,source,0.0
2025-07-10T14:30:00.0,38.5,battery discharge,source,0.0
2025-07-10T14:45:00.0,38.75,battery discharge,source,0.0
2025-07-10T15:00:00.0,39.0,battery discharge,source,0.0
2025-07-10T15:15:00.0,39.25,battery discharge,source,0.0
2025-07-10T15:30:00.0,39.5,battery discharge,source,0.0
2025-07-10T15:45:00.0,39.75,battery discharge,source,0.0
2025-07-10T16:00:00.0,40.0,battery discharge,source,0.0
2025-07-10T16:15:00.0,40.25,battery discharge,source,0.0
2025-07-10T16:30:00.0,40.5,battery discharge,source,0.0
2025-07-10T16:45:00.0,40.75,battery discharge,source,0.0
2025-07-10T17:00:00.0,41.0,battery discharge,source,0.0
2025-07-10T17:15:00.0,41.25,battery discharge,source,0.0
2025-07-10T17:30:00.0,41.5,battery discharge,source,0.0
2025-07-10T17:45:00.0,41.75,battery discharge,source,4.4310712008032676
2025-07-10T18:00:00.0,42.0,battery discharge,source,5.0
2025-07-10T18:15:00.0,42.25,battery discharge,source,5.0
2025-07-10T18:30:00.0,42.5,battery discharge,source,5.0
2025-07-10T18:45:00.0,42.75,battery discharge,source,5.0
2025-07-10T19:00:00.0,43.0,battery discharge,source,1.113481617673682
2025-07-10T19:15:00.0,43.25,battery discharge,source,1.0556126727271453
2025-07-10T19:30:00.0,43.5,battery discharge,source,1.09125623138802
2025-07-10T19:45:00.0,43.75,battery discharge,source,0.9161141456295276
2025-07-10T20:00:00.0,44.0,battery discharge,source,0.8265349058974519
2025-07-10T20:15:00.0,44.25,battery discharge,source,0.7080862531044294
2025-07-10T20:30:00.0,44.5,battery discharge,source,0.6843004701798836
2025-07-10T20:45:00.0,44.75,battery discharge,source,0.5274971567238651
2025-07-10T21:00:00.0,45.0,battery discharge,source,0.41567754452646954
2025-07-10T21:15:00.0,45.25,battery discharge,source,0.4029847446168371
2025-07-10T21:30:00.0,45.5,battery discharge,source,0.30240283028283665
2025-07-10T21:45:00.0,45.75,battery discharge,source,0.23497586190934971
2025-07-10T22:00:00.0,46.0,battery discharge,source,0.2399926176205925
2025-07-10T22:15:00.0,46.25,battery discharge,source,0.19792794381731196
2025-07-10T22:30:00.0,46.5,battery discharge,source,0.18471417632059944
2025-07-10T22:45:00.0,46.75,battery discharge,source,0.15057810803709334
2025-07-10T23:00:00.0,47.0,battery discharge,source,0.1243003462076755
2025-07-10T23:15:00.0,47.25,battery discharge,source,0.11632324601287654
2025-07-10T23:30:00.0,47.5,battery discharge,source,0.1447161332203783
2025-07-10T23:45:00.0,47.75,battery discharge,source,0.11083305211958215
2025-07-11T00:00:00.0,48.0,battery discharge,source,0.12217766477997438
2025-07-11T00:15:00.0,48.25,battery discharge,source,0.13175868975813534
2025-07-11T00:30:00.0,48.5,battery discharge,source,0.13656794966042998
2025-07-11T00:45:00.0,48.75,battery discharge,source,0.1331445986838484
2025-07-11T01:00:00.0,49.0,battery discharge,source,0.1291873662680488
2025-07-11T01:15:00.0,49.25,battery discharge,source,0.13739025119740428
2025-07-11T01:30:00.0,49.5,battery discharge,source,0.14274092391836612
2025-07-11T01:45:00.0,49.75,battery discharge,source,0.11307879226599687
2025-07-11T02:00:00.0,50.0,battery discharge,source,0.14435286114620824
2025-07-11T02:15:00.0,50.25,battery discharge,source,0.12449401454256144
2025-07-11T02:30:00.0,50.5,battery discharge,source,0.1224783266138113
2025-07-11T02:45:00.0,50.75,battery discharge,source,0.11179527922833887
2025-07-11T03:00:00.0,51.0,battery discharge,source,0.12644038768844926
2025-07-11T03:15:00.0,51.25,battery discharge,source,0.11193800465800803
2025-07-11T03:30:00.0,51.5,battery discharge,source,0.1215321847587684
2025-07-11T03:45:00.0,51.75,battery discharge,source,0.08774792133334493
2025-07-11T04:00:00.0,52.0,battery discharge,source,0.0830196250683046
2025-07-11T04:15:00.0,52.25,battery discharge,source,0.027106739925072426
2025-07-11T04:30:00.0,52.5,battery discharge,source,0.0025078591092734803
2025-07-11T04:45:00.0,52.75,battery discharge,source,0.0
2025-07-11T05:00:00.0,53.0,battery discharge,source,0.011159300576778913
2025-07-11T05:15:00.0,53.25,battery discharge,source,0.0
2025-07-11T05:30:00.0,53.5,battery discharge,source,0.0
2025-07-11T05:45:00.0,53.75,battery discharge,source,0.0
2025-07-11T06:00:00.0,54.0,battery discharge,source,0.0
2025-07-11T06:15:00.0,54.25,battery discharge,source,0.0
2025-07-11T06:30:00.0,54.5,battery discharge,source,0.0
2025-07-11T06:45:00.0,54.75,battery discharge,source,0.0
2025-07-11T07:00:00.0,55.0,battery discharge,source,0.0
2025-07-11T07:15:00.0,55.25,battery discharge,source,0.0
2025-07-11T07:30:00.0,55.5,battery discharge,source,0.0
2025-07-11T07:45:00.0,55.75,battery discharge,source,0.0
2025-07-11T08:00:00.0,56.0,battery discharge,source,0.0
2025-07-11T08:15:00.0,56.25,battery discharge,source,0.0
2025-07-11T08:30:00.0,56.5,battery discharge,source,0.0
2025-07-11T08:45:00.0,56.75,battery discharge,source,0.0
2025-07-11T09:00:00.0,57.0,battery discharge,source,0.0
2025-07-11T09:15:00.0,57.25,battery discharge,source,0.0
2025-07-11T09:30:00.0,57.5,battery discharge,source,0.0
2025-07-11T09:45:00.0,57.75,battery discharge,source,0.0
2025-07-11T10:00:00.0,58.0,battery discharge,source,0.0
2025-07-11T10:15:00.0,58.25,battery discharge,source,0.0
2025-07-11T10:30:00.0,58.5,battery discharge,source,0.0
2025-07-11T10:45:00.0,58.75,battery discharge,source,0.0
2025-07-11T11:00:00.0,59.0,battery discharge,source,0.0
2025-07-11T11:15:00.0,59.25,battery discharge,source,0.0
2025-07-11T11:30:00.0,59.5,battery discharge,source,0.0
2025-07-11T11:45:00.0,59.75,battery discharge,source,0.0
2025-07-11T12:00:00.0,60.0,battery discharge,source,0.0
2025-07-11T12:15:00.0,60.25,battery discharge,source,0.0
2025-07-11T12:30:00.0,60.5,battery discharge,source,0.0
2025-07-11T12:45:00.0,60.75,battery discharge,source,0.0
2025-07-11T13:00:00.0,61.0,battery discharge,source,0.0
2025-07-11T13:15:00.0,61.25,battery discharge,source,0.0
2025-07-11T13:30:00.0,61.5,battery discharge,source,0.0
2025-07-11T13:45:00.0,61.75,battery discharge,source,0.0
2025-07-11T14:00:00.0,62.0,battery discharge,source,0.0
2025-07-11T14:15:00.0,62.25,battery discharge,source,0.0
2025-07-11T14:30:00.0,62.5,battery discharge,source,0.0
2025-07-11T14:45:00.0,62.75,battery discharge,source,0.0
2025-07-11T15:00:00.0,63.0,battery discharge,source,0.0
2025-07-11T15:15:00.0,63.25,battery discharge,source,0.0
2025-07-11T15:30:00.0,63.5,battery discharge,source,0.0
2025-07-11T15:45:00.0,63.75,battery discharge,source,0.0
2025-07-11T16:00:00.0,64.0,battery discharge,source,0.0
2025-07-11T16:15:00.0,64.25,battery discharge,source,0.0
2025-07-11T16:30:00.0,64.5,battery discharge,source,0.0
2025-07-11T16:45:00.0,64.75,battery discharge,source,0.0
2025-07-11T17:00:00.0,65.0,battery discharge,source,0.0
2025-07-11T17:15:00.0,65.25,battery discharge,source,0.0
2025-07-11T17:30:00.0,65.5,battery discharge,source,0.03212359605292148
2025-07-11T17:45:00.0,65.75,battery discharge,source,0.36983381981452507
2025-07-11T18:00:00.0,66.0,battery discharge,source,5.0
2025-07-11T18:15:00.0,66.25,battery discharge,source,0.8786800965020292
2025-07-11T18:30:00.0,66.5,battery discharge,source,0.9667021528611486
2025-07-11T18:45:00.0,66.75,battery discharge,source,0.8483605239902499
2025-07-11T19:00:00.0,67.0,battery discharge,source,5.0
2025-07-11T19:15:00.0,67.25,battery discharge,source,5.0
2025-07-11T19:30:00.0,67.5,battery discharge,source,5.0
2025-07-11T19:45:00.0,67.75,battery discharge,source,5.0
2025-07-11T20:00:00.0,68.0,battery discharge,source,0.8883138558581337
2025-07-11T20:15:00.0,68.25,battery discharge,source,0.7917278602412928
2025-07-11T20:30:00.0,68.5,battery discharge,source,0.7060184874488354
2025-07-11T20:45:00.0,68.75,battery discharge,source,0.5026602484464958
2025-07-11T21:00:00.0,69.0,battery discharge,source,0.521444888209731
2025-07-11T21:15:00.0,69.25,battery discharge,source,0.43733665645669917
2025-07-11T21:30:00.0,69.5,battery discharge,source,0.3342678335882115
2025-07-11T21:45:00.0,69.75,battery discharge,source,0.29180291494888977
2025-07-11T22:00:00.0,70.0,battery discharge,source,0.20087143132415025
2025-07-11T22:15:00.0,70.25,battery discharge,source,0.20067989016496657
2025-07-11T22:30:00.0,70.5,battery discharge,source,0.1526887155099837
2025-07-11T22:45:00.0,70.75,battery discharge,source,0.17086670599194442
2025-07-11T23:00:00.0,71.0,battery discharge,source,0.12410426403662522
2025-07-11T23:15:00.0,71.25,battery discharge,source,0.14610028669080513
2025-07-11T23:30:00.0,71.5,battery discharge,source,0.12353729264899523
2025-07-11T23:45:00.0,71.75,battery discharge,source,0.13848463812686057
2025-07-09T00:00:00.0,0.0,export,sink,0.0
2025-07-09T00:15:00.0,0.25,export,sink,0.0
2025-07-09T00:30:00.0,0.5,export,sink,0.0
2025-07-09T00:45:00.0,0.75,export,sink,0.0
2025-07-09T01:00:00.0,1.0,export,sink,0.0
2025-07-09T01:15:00.0,1.25,export,sink,0.0
2025-07-09T01:30:00.0,1.5,export,sink,0.0
2025-07-09T01:45:00.0,1.75,export,sink,0.0
2025-07-09T02:00:00.0,2.0,export,sink,0.0
2025-07-09T02:15:00.0,2.25,export,sink,0.0
2025-07-09T02:30:00.0,2.5,export,sink,0.0
2025-07-09T02:45:00.0,2.75,export,sink,0.0
2025-07-09T03:00:00.0,3.0,export,sink,0.0
2025-07-09T03:15:00.0,3.25,export,sink,0.0
2025-07-09T03:30:00.0,3.5,export,sink,0.0
2025-07-09T03:45:00.0,3.75,export,sink,0.0
2025-07-09T04:00:00.0,4.0,export,sink,0.0
2025-07-09T04:15:00.0,4.25,export,sink,0.0
2025-07-09T04:30:00.0,4.5,export,sink,0.0
2025-07-09T04:45:00.0,4.75,export,sink,0.0
2025-07-09T05:00:00.0,5.0,export,sink,0.0
2025-07-09T05:15:00.0,5.25,export,sink,0.0
2025-07-09T05:30:00.0,5.5,export,sink,0.0
2025-07-09T05:45:00.0,5.75,export,sink,0.0
2025-07-09T06:00:00.0,6.0,export,sink,0.0
2025-07-09T06:15:00.0,6.25,export,sink,0.0
2025-07-09T06:30:00.0,6.5,export,sink,0.0
2025-07-09T06:45:00.0,6.75,export,sink,1.354472090042691e-14
2025-07-09T07:00:00.0,7.0,export,sink,0.0
2025-07-09T07:15:00.0,7.25,export,sink,-0.0
2025-07-09T07:30:00.0,7.5,export,sink,0.9289855830410269
2025-07-09T07:45:00.0,7.75,export,sink,1.0378552443226803
2025-07-09T08:00:00.0,8.0,export,sink,0.7498307425729768
2025-07-09T08:15:00.0,8.25,export,sink,0.9636947815826803
2025-07-09T08:30:00.0,8.5,export,sink,1.276222141119622
2025-07-09T08:45:00.0,8.75,export,sink,1.6139426980108929
2025-07-09T09:00:00.0,9.0,export,sink,2.058588402618252
2025-07-09T09:15:00.0,9.25,export,sink,2.2939447177018835
2025-07-09T09:30:00.0,9.5,export,sink,2.4245641782854137
2025-07-09T09:45:00.0,9.75,export,sink,2.5711927237483425
2025-07-09T10:00:00.0,10.0,export,sink,0.6360469349649374
2025-07-09T10:15:00.0,10.25,export,sink,2.8108410398506267
2025-07-09T10:30:00.0,10.5,export,sink,2.908720598507609
2025-07-09T10:45:00.0,10.75,export,sink,2.9438174119944476
2025-07-09T11:00:00.0,11.0,export,sink,0.0
2025-07-09T11:15:00.0,11.25,export,sink,0.0
2025-07-09T11:30:00.0,11.5,export,sink,0.0
2025-07-09T11:45:00.0,11.75,export,sink,0.0
2025-07-09T12:00:00.0,12.0,export,sink,0.0
2025-07-09T12:15:00.0,12.25,export,sink,0.0
2025-07-09T12:30:00.0,12.5,export,sink,0.0
2025-07-09T12:45:00.0,12.75,export,sink,0.0
2025-07-09T13:00:00.0,13.0,export,sink,0.0
2025-07-09T13:15:00.0,13.25,export,sink,0.0
2025-07-09T13:30:00.0,13.5,export,sink,0.0
2025-07-09T13:45:00.0,13.75,export,sink,0.0
2025-07-09T14:00:00.0,14.0,export,sink,2.7266588451725227
2025-07-09T14:15:00.0,14.25,export,sink,2.64360404509688
2025-07-09T14:30:00.0,14.5,export,sink,2.5487044031271586
2025-07-09T14:45:00.0,14.75,export,sink,2.443098757610073
2025-07-09T15:00:00.0,15.0,export,sink,2.351944738086805
2025-07-09T15:15:00.0,15.25,export,sink,2.1899078784866877
2025-07-09T15:30:00.0,15.5,export,sink,1.974456393673723
2025-07-09T15:45:00.0,15.75,export,sink,1.750812613723647
2025-07-09T16:00:00.0,16.0,export,sink,1.5348920248679927
2025-07-09T16:15:00.0,16.25,export,sink,1.3141947236402096
2025-07-09T16:30:00.0,16.5,export,sink,1.0599987974280727
2025-07-09T16:45:00.0,16.75,export,sink,0.7768362812623071
2025-07-09T17:00:00.0,17.0,export,sink,0.4933221680165166
2025-07-09T17:15:00.0,17.25,export,sink,0.22686257439824775
2025-07-09T17:30:00.0,17.5,export,sink,0.0
2025-07-09T17:45:00.0,17.75,export,sink,0.0
2025-07-09T18:00:00.0,18.0,export,sink,0.0
2025-07-09T18:15:00.0,18.25,export,sink,0.0
2025-07-09T18:30:00.0,18.5,export,sink,0.0
2025-07-09T18:45:00.0,18.75,export,sink,0.0
2025-07-09T19:00:00.0,19.0,export,sink,0.0
2025-07-09T19:15:00.0,19.25,export,sink,0.0
2025-07-09T19:30:00.0,19.5,export,sink,0.0
2025-07-09T19:45:00.0,19.75,export,sink,0.0
2025-07-09T20:00:00.0,20.0,export,sink,0.0
2025-07-09T20:15:00.0,20.25,export,sink,0.0
2025-07-09T20:30:00.0,20.5,export,sink,0.0
2025-07-09T20:45:00.0,20.75,export,sink,0.0
2025-07-09T21:00:00.0,21.0,export,sink,0.0
2025-07-09T21:15:00.0,21.25,export,sink,0.0
2025-07-09T21:30:00.0,21.5,export,sink,0.0
2025-07-09T21:45:00.0,21.75,export,sink,0.0
2025-07-09T22:00:00.0,22.0,export,sink,0.0
2025-07-09T22:15:00.0,22.25,export,sink,0.0
2025-07-09T22:30:00.0,22.5,export,sink,0.0
2025-07-09T22:45:00.0,22.75,export,sink,0.0
2025-07-09T23:00:00.0,23.0,export,sink,0.0
2025-07-09T23:15:00.0,23.25,export,sink,0.0
2025-07-09T23:30:00.0,23.5,export,sink,0.0
2025-07-09T23:45:00.0,23.75,export,sink,0.0
2025-07-10T00:00:00.0,24.0,export,sink,0.0
2025-07-10T00:15:00.0,24.25,export,sink,0.0
2025-07-10T00:30:00.0,24.5,export,sink,0.0
2025-07-10T00:45:00.0,24.75,export,sink,0.0
2025-07-10T01:00:00.0,25.0,export,sink,0.0
2025-07-10T01:15:00.0,25.25,export,sink,0.0
2025-07-10T01:30:00.0,25.5,export,sink,0.0
2025-07-10T01:45:00.0,25.75,export,sink,0.0
2025-07-10T02:00:00.0,26.0,export,sink,0.0
2025-07-10T02:15:00.0,26.25,export,sink,0.0
2025-07-10T02:30:00.0,26.5,export,sink,0.0
2025-07-10T02:45:00.0,26.75,export,sink,0.0
2025-07-10T03:00:00.0,27.0,export,sink,0.0
2025-07-10T03:15:00.0,27.25,export,sink,0.0
2025-07-10T03:30:00.0,27.5,export,sink,0.0
2025-07-10T03:45:00.0,27.75,export,sink,0.0
2025-07-10T04:00:00.0,28.0,export,sink,0.0
2025-07-10T04:15:00.0,28.25,export,sink,0.0
2025-07-10T04:30:00.0,28.5,export,sink,0.0
2025-07-10T04:45:00.0,28.75,export,sink,0.0
2025-07-10T05:00:00.0,29.0,export,sink,0.0
2025-07-10T05:15:00.0,29.25,export,sink,0.0
2025-07-10T05:30:00.0,29.5,export,sink,0.0
2025-07-10T05:45:00.0,29.75,export,sink,0.0
2025-07-10T06:00:00.0,30.0,export,sink,0.0
2025-07-10T06:15:00.0,30.25,export,sink,0.0
2025-07-10T06:30:00.0,30.5,export,sink,0.0
2025-07-10T06:45:00.0,30.75,export,sink,-0.0
2025-07-10T07:00:00.0,31.0,export,sink,0.0
2025-07-10T07:15:00.0,31.25,export,sink,-0.0
2025-07-10T07:30:00.0,31.5,export,sink,1.1833541380454369
2025-07-10T07:45:00.0,31.75,export,sink,1.412260023890238
2025-07-10T08:00:00.0,32.0,export,sink,1.8227568277380823
2025-07-10T08:15:00.0,32.25,export,sink,2.0086280329710378
2025-07-10T08:30:00.0,32.5,export,sink,2.1985645883779656
2025-07-10T08:45:00.0,32.75,export,sink,2.3746869274031663
2025-07-10T09:00:00.0,33.0,export,sink,0.0
2025-07-10T09:15:00.0,33.25,export,sink,0.0
2025-07-10T09:30:00.0,33.5,export,sink,0.0
2025-07-10T09:45:00.0,33.75,export,sink,0.0
2025-07-10T10:00:00.0,34.0,export,sink,0.0
2025-07-10T10:15:00.0,34.25,export,sink,0.0
2025-07-10T10:30:00.0,34.5,export,sink,0.0
2025-07-10T10:45:00.0,34.75,export,sink,0.0
2025-07-10T11:00:00.0,35.0,export,sink,0.0
2025-07-10T11:15:00.0,35.25,export,sink,0.0
2025-07-10T11:30:00.0,35.5,export,sink,0.0
2025-07-10T11:45:00.0,35.75,export,sink,0.0
2025-07-10T12:00:00.0,36.0,export,sink,0.0
2025-07-10T12:15:00.0,36.25,export,sink,0.0
2025-07-10T12:30:00.0,36.5,export,sink,0.0
2025-07-10T12:45:00.0,36.75,export,sink,0.0
2025-07-10T13:00:00.0,37.0,export,sink,0.0
2025-07-10T13:15:00.0,37.25,export,sink,2.2048969645076157
2025-07-10T13:30:00.0,37.5,export,sink,2.9316772640964954
2025-07-10T13:45:00.0,37.75,export,sink,2.8184453498739246
2025-07-10T14:00:00.0,38.0,export,sink,2.725589207093184
2025-07-10T14:15:00.0,38.25,export,sink,2.5954384310239975
2025-07-10T14:30:00.0,38.5,export,sink,2.4602269944751205
2025-07-10T14:45:00.0,38.75,export,sink,2.295027747191808
2025-07-10T15:00:00.0,39.0,export,sink,2.1214664833119308
2025-07-10T15:15:00.0,39.25,export,sink,1.9722111326663778
2025-07-10T15:30:00.0,39.5,export,sink,1.7885446926100004
2025-07-10T15:45:00.0,39.75,export,sink,1.599222989038479
2025-07-10T16:00:00.0,40.0,export,sink,1.4769266339433578
2025-07-10T16:15:00.0,40.25,export,sink,1.2522492630100823
2025-07-10T16:30:00.0,40.5,export,sink,1.0088734363556595
2025-07-10T16:45:00.0,40.75,export,sink,0.6890604553109374
2025-07-10T17:00:00.0,41.0,export,sink,0.37821513170377374
2025-07-10T17:15:00.0,41.25,export,sink,0.13802460520157012
2025-07-10T17:30:00.0,41.5,export,sink,0.0
2025-07-10T17:45:00.0,41.75,export,sink,0.0
2025-07-10T18:00:00.0,42.0,export,sink,0.0
2025-07-10T18:15:00.0,42.25,export,sink,0.0
2025-07-10T18:30:00.0,42.5,export,sink,0.0
2025-07-10T18:45:00.0,42.75,export,sink,0.0
2025-07-10T19:00:00.0,43.0,export,sink,0.0
2025-07-10T19:15:00.0,43.25,export,sink,0.0
2025-07-10T19:30:00.0,43.5,export,sink,0.0
2025-07-10T19:45:00.0,43.75,export,sink,0.0
2025-07-10T20:00:00.0,44.0,export,sink,0.0
2025-07-10T20:15:00.0,44.25,export,sink,0.0
2025-07-10T20:30:00.0,44.5,export,sink,0.0
2025-07-10T20:45:00.0,44.75,export,sink,0.0
2025-07-10T21:00:00.0,45.0,export,sink,0.0
2025-07-10T21:15:00.0,45.25,export,sink,0.0
2025-07-10T21:30:00.0,45.5,export,sink,0.0
2025-07-10T21:45:00.0,45.75,export,sink,0.0
2025-07-10T22:00:00.0,46.0,export,sink,0.0
2025-07-10T22:15:00.0,46.25,export,sink,0.0
2025-07-10T22:30:00.0,46.5,export,sink,0.0
2025-07-10T22:45:00.0,46.75,export,sink,0.0
2025-07-10T23:00:00.0,47.0,export,sink,0.0
2025-07-10T23:15:00.0,47.25,export,sink,0.0
2025-07-10T23:30:00.0,47.5,export,sink,0.0
2025-07-10T23:45:00.0,47.75,export,sink,0.0
2025-07-11T00:00:00.0,48.0,export,sink,0.0
2025-07-11T00:15:00.0,48.25,export,sink,0.0
2025-07-11T00:30:00.0,48.5,export,sink,0.0
2025-07-11T00:45:00.0,48.75,export,sink,0.0
2025-07-11T01:00:00.0,49.0,export,sink,0.0
2025-07-11T01:15:00.0,49.25,export,sink,0.0
2025-07-11T01:30:00.0,49.5,export,sink,0.0
2025-07-11T01:45:00.0,49.75,export,sink,0.0
2025-07-11T02:00:00.0,50.0,export,sink,0.0
2025-07-11T02:15:00.0,50.25,export,sink,0.0
2025-07-11T02:30:00.0,50.5,export,sink,0.0
2025-07-11T02:45:00.0,50.75,export,sink,0.0
2025-07-11T03:00:00.0,51.0,export,sink,0.0
2025-07-11T03:15:00.0,51.25,export,sink,0.0
2025-07-11T03:30:00.0,51.5,export,sink,0.0
2025-07-11T03:45:00.0,51.75,export,sink,0.0
2025-07-11T04:00:00.0,52.0,export,sink,0.0
2025-07-11T04:15:00.0,52.25,export,sink,0.0
2025-07-11T04:30:00.0,52.5,export,sink,0.0
2025-07-11T04:45:00.0,52.75,export,sink,0.0
2025-07-11T05:00:00.0,53.0,export,sink,0.0
2025-07-11T05:15:00.0,53.25,export,sink,0.0
2025-07-11T05:30:00.0,53.5,export,sink,0.0
2025-07-11T05:45:00.0,53.75,export,sink,0.0
2025-07-11T06:00:00.0,54.0,export,sink,0.0
2025-07-11T06:15:00.0,54.25,export,sink,0.0
2025-07-11T06:30:00.0,54.5,export,sink,0.0
2025-07-11T06:45:00.0,54.75,export,sink,-0.0
2025-07-11T07:00:00.0,55.0,export,sink,0.0
2025-07-11T07:15:00.0,55.25,export,sink,-0.0
2025-07-11T07:30:00.0,55.5,export,sink,1.0880133636057492
2025-07-11T07:45:00.0,55.75,export,sink,1.1817492664407259
2025-07-11T08:00:00.0,56.0,export,sink,1.3973374128694143
2025-07-11T08:15:00.0,56.25,export,sink,1.5406002986741256
2025-07-11T08:30:00.0,56.5,export,sink,1.5505556120624024
2025-07-11T08:45:00.0,56.75,export,sink,1.5568531558724703
2025-07-11T09:00:00.0,57.0,export,sink,1.4100936071920527
2025-07-11T09:15:00.0,57.25,export,sink,1.4754853026186172
2025-07-11T09:30:00.0,57.5,export,sink,1.6021113604761483
2025-07-11T09:45:00.0,57.75,export,sink,1.7432344744926391
2025-07-11T10:00:00.0,58.0,export,sink,1.5639996581358162
2025-07-11T10:15:00.0,58.25,export,sink,1.8081605366600746
2025-07-11T10:30:00.0,58.5,export,sink,2.031975788813846
2025-07-11T10:45:00.0,58.75,export,sink,2.2893018336970044
2025-07-11T11:00:00.0,59.0,export,sink,0.0
2025-07-11T11:15:00.0,59.25,export,sink,0.0
2025-07-11T11:30:00.0,59.5,export,sink,0.0
2025-07-11T11:45:00.0,59.75,export,sink,0.0
2025-07-11T12:00:00.0,60.0,export,sink,0.0
2025-07-11T12:15:00.0,60.25,export,sink,0.0
2025-07-11T12:30:00.0,60.5,export,sink,0.0
2025-07-11T12:45:00.0,60.75,export,sink,0.0
2025-07-11T13:00:00.0,61.0,export,sink,0.0
2025-07-11T13:15:00.0,61.25,export,sink,0.0
2025-07-11T13:30:00.0,61.5,export,sink,0.0
2025-07-11T13:45:00.0,61.75,export,sink,0.0
2025-07-11T14:00:00.0,62.0,export,sink,0.0
2025-07-11T14:15:00.0,62.25,export,sink,1.5460952767229392
2025-07-11T14:30:00.0,62.5,export,sink,2.4490890019623412
2025-07-11T14:45:00.0,62.75,export,sink,2.321141017037644
2025-07-11T15:00:00.0,63.0,export,sink,2.1729341837241356
2025-07-11T15:15:00.0,63.25,export,sink,1.9943491512303648
2025-07-11T15:30:00.0,63.5,export,sink,1.7881472277525636
2025-07-11T15:45:00.0,63.75,export,sink,1.564068571560086
2025-07-11T16:00:00.0,64.0,export,sink,1.33859910025816
2025-07-11T16:15:00.0,64.25,export,sink,1.1341642969470729
2025-07-11T16:30:00.0,64.5,export,sink,0.9139879354805505
2025-07-11T16:45:00.0,64.75,export,sink,0.6762508613225038
2025-07-11T17:00:00.0,65.0,export,sink,0.4049840680009251
2025-07-11T17:15:00.0,65.25,export,sink,0.1440585087235403
2025-07-11T17:30:00.0,65.5,export,sink,0.0
2025-07-11T17:45:00.0,65.75,export,sink,0.0
2025-07-11T18:00:00.0,66.0,export,sink,4.399375052161896
2025-07-11T18:15:00.0,66.25,export,sink,0.1546702816332598
2025-07-11T18:30:00.0,66.5,export,sink,-0.0
2025-07-11T18:45:00.0,66.75,export,sink,-0.0
2025-07-11T19:00:00.0,67.0,export,sink,4.0588357466107565
2025-07-11T19:15:00.0,67.25,export,sink,4.073958424732954
2025-07-11T19:30:00.0,67.5,export,sink,4.047486855118273
2025-07-11T19:45:00.0,67.75,export,sink,4.193881855423365
2025-07-11T20:00:00.0,68.0,export,sink,-0.0
2025-07-11T20:15:00.0,68.25,export,sink,-0.0
2025-07-11T20:30:00.0,68.5,export,sink,-0.0
2025-07-11T20:45:00.0,68.75,export,sink,-0.0
2025-07-11T21:00:00.0,69.0,export,sink,0.0
2025-07-11T21:15:00.0,69.25,export,sink,0.0
2025-07-11T21:30:00.0,69.5,export,sink,0.0
2025-07-11T21:45:00.0,69.75,export,sink,0.0
2025-07-11T22:00:00.0,70.0,export,sink,-0.0
2025-07-11T22:15:00.0,70.25,export,sink,-0.0
2025-07-11T22:30:00.0,70.5,export,sink,-0.0
2025-07-11T22:45:00.0,70.75,export,sink,-0.0
2025-07-11T23:00:00.0,71.0,export,sink,0.0
2025-07-11T23:15:00.0,71.25,export,sink,0.0
2025-07-11T23:30:00.0,71.5,export,sink,0.0
2025-07-11T23:45:00.0,71.75,export,sink,0.0
2025-07-09T00:00:00.0,0.0,ev charge,sink,-0.0
2025-07-09T00:15:00.0,0.25,ev charge,sink,-0.0
2025-07-09T00:30:00.0,0.5,ev charge,sink,-0.0
2025-07-09T00:45:00.0,0.75,ev charge,sink,-0.0
2025-07-09T01:00:00.0,1.0,ev charge,sink,-0.0
2025-07-09T01:15:00.0,1.25,ev charge,sink,-0.0
2025-07-09T01:30:00.0,1.5,ev charge,sink,-0.0
2025-07-09T01:45:00.0,1.75,ev charge,sink,-0.0
2025-07-09T02:00:00.0,2.0,ev charge,sink,-0.0
2025-07-09T02:15:00.0,2.25,ev charge,sink,-0.0
2025-07-09T02:30:00.0,2.5,ev charge,sink,0.0
2025-07-09T02:45:00.0,2.75,ev charge,sink,0.0
2025-07-09T03:00:00.0,3.0,ev charge,sink,0.0
2025-07-09T03:15:00.0,3.25,ev charge,sink,0.0
2025-07-09T03:30:00.0,3.5,ev charge,sink,0.0
2025-07-09T03:45:00.0,3.75,ev charge,sink,0.0
2025-07-09T04:00:00.0,4.0,ev charge,sink,0.0
2025-07-09T04:15:00.0,4.25,ev charge,sink,0.0
2025-07-09T04:30:00.0,4.5,ev charge,sink,0.024536907200819927
2025-07-09T04:45:00.0,4.75,ev charge,sink,0.04134832204175251
2025-07-09T05:00:00.0,5.0,ev charge,sink,0.028781705966072463
2025-07-09T05:15:00.0,5.25,ev charge,sink,0.11392710720839633
2025-07-09T05:30:00.0,5.5,ev charge,sink,0.18953514482639514
2025-07-09T05:45:00.0,5.75,ev charge,sink,0.3360471270711637
2025-07-09T06:00:00.0,6.0,ev charge,sink,0.5124011097878792
2025-07-09T06:15:00.0,6.25,ev charge,sink,0.5640329437796534
2025-07-09T06:30:00.0,6.5,ev charge,sink,0.6866328743803549
2025-07-09T06:45:00.0,6.75,ev charge,sink,0.7775488198623006
2025-07-09T07:00:00.0,7.0,ev charge,sink,0.8043921780326814
2025-07-09T07:15:00.0,7.25,ev charge,sink,0.757599834633406
2025-07-09T07:30:00.0,7.5,ev charge,sink,0.0
2025-07-09T07:45:00.0,7.75,ev charge,sink,0.0
2025-07-09T08:00:00.0,8.0,ev charge,sink,0.0
2025-07-09T08:15:00.0,8.25,ev charge,sink,0.0
2025-07-09T08:30:00.0,8.5,ev charge,sink,0.0
2025-07-09T08:45:00.0,8.75,ev charge,sink,0.0
2025-07-09T09:00:00.0,9.0,ev charge,sink,0.0
2025-07-09T09:15:00.0,9.25,ev charge,sink,0.0
2025-07-09T09:30:00.0,9.5,ev charge,sink,0.0
2025-07-09T09:45:00.0,9.75,ev charge,sink,0.0
2025-07-09T10:00:00.0,10.0,ev charge,sink,0.0
2025-07-09T10:15:00.0,10.25,ev charge,sink,0.0
2025-07-09T10:30:00.0,10.5,ev charge,sink,0.0
2025-07-09T10:45:00.0,10.75,ev charge,sink,0.0
2025-07-09T11:00:00.0,11.0,ev charge,sink,0.0
2025-07-09T11:15:00.0,11.25,ev charge,sink,0.0
2025-07-09T11:30:00.0,11.5,ev charge,sink,0.0
2025-07-09T11:45:00.0,11.75,ev charge,sink,0.0
2025-07-09T12:00:00.0,12.0,ev charge,sink,0.0
2025-07-09T12:15:00.0,12.25,ev charge,sink,0.0
2025-07-09T12:30:00.0,12.5,ev charge,sink,0.0
2025-07-09T12:45:00.0,12.75,ev charge,sink,0.0
2025-07-09T13:00:00.0,13.0,ev charge,sink,0.0
2025-07-09T13:15:00.0,13.25,ev charge,sink,0.0
2025-07-09T13:30:00.0,13.5,ev charge,sink,0.0
2025-07-09T13:45:00.0,13.75,ev charge,sink,0.0
2025-07-09T14:00:00.0,14.0,ev charge,sink,0.0
2025-07-09T14:15:00.0,14.25,ev charge,sink,0.0
2025-07-09T14:30:00.0,14.5,ev charge,sink,0.0
2025-07-09T14:45:00.0,14.75,ev charge,sink,0.0
2025-07-09T15:00:00.0,15.0,ev charge,sink,0.0
2025-07-09T15:15:00.0,15.25,ev charge,sink,0.0
2025-07-09T15:30:00.0,15.5,ev charge,sink,0.0
2025-07-09T15:45:00.0,15.75,ev charge,sink,0.0
2025-07-09T16:00:00.0,16.0,ev charge,sink,0.0
2025-07-09T16:15:00.0,16.25,ev charge,sink,0.0
2025-07-09T16:30:00.0,16.5,ev charge,sink,0.0
2025-07-09T16:45:00.0,16.75,ev charge,sink,0.0
2025-07-09T17:00:00.0,17.0,ev charge,sink,0.0
2025-07-09T17:15:00.0,17.25,ev charge,sink,0.0
2025-07-09T17:30:00.0,17.5,ev charge,sink,11.0
2025-07-09T17:45:00.0,17.75,ev charge,sink,11.0
2025-07-09T18:00:00.0,18.0,ev charge,sink,4.391291401479398
2025-07-09T18:15:00.0,18.25,ev charge,sink,4.363140457879362
2025-07-09T18:30:00.0,18.5,ev charge,sink,4.137160202290121
2025-07-09T18:45:00.0,18.75,ev charge,sink,3.3374828387667566
2025-07-09T19:00:00.0,19.0,ev charge,sink,-0.0
2025-07-09T19:15:00.0,19.25,ev charge,sink,-0.0
2025-07-09T19:30:00.0,19.5,ev charge,sink,-0.0
2025-07-09T19:45:00.0,19.75,ev charge,sink,-0.0
2025-07-09T20:00:00.0,20.0,ev charge,sink,-0.0
2025-07-09T20:15:00.0,20.25,ev charge,sink,-0.0
2025-07-09T20:30:00.0,20.5,ev charge,sink,-0.0
2025-07-09T20:45:00.0,20.75,ev charge,sink,-0.0
2025-07-09T21:00:00.0,21.0,ev charge,sink,-0.0
2025-07-09T21:15:00.0,21.25,ev charge,sink,-0.0
2025-07-09T21:30:00.0,21.5,ev charge,sink,0.0
2025-07-09T21:45:00.0,21.75,ev charge,sink,0.0
2025-07-09T22:00:00.0,22.0,ev charge,sink,-0.0
2025-07-09T22:15:00.0,22.25,ev charge,sink,0.0
2025-07-09T22:30:00.0,22.5,ev charge,sink,0.0
2025-07-09T22:45:00.0,22.75,ev charge,sink,0.0
2025-07-09T23:00:00.0,23.0,ev charge,sink,0.0
2025-07-09T23:15:00.0,23.25,ev charge,sink,0.0
2025-07-09T23:30:00.0,23.5,ev charge,sink,0.0
2025-07-09T23:45:00.0,23.75,ev charge,sink,0.0
2025-07-10T00:00:00.0,24.0,ev charge,sink,0.0
2025-07-10T00:15:00.0,24.25,ev charge,sink,0.0
2025-07-10T00:30:00.0,24.5,ev charge,sink,0.0
2025-07-10T00:45:00.0,24.75,ev charge,sink,0.0
2025-07-10T01:00:00.0,25.0,ev charge,sink,0.0
2025-07-10T01:15:00.0,25.25,ev charge,sink,0.0
2025-07-10T01:30:00.0,25.5,ev charge,sink,0.0
2025-07-10T01:45:00.0,25.75,ev charge,sink,0.0
2025-07-10T02:00:00.0,26.0,ev charge,sink,0.0
2025-07-10T02:15:00.0,26.25,ev charge,sink,0.0
2025-07-10T02:30:00.0,26.5,ev charge,sink,0.0
2025-07-10T02:45:00.0,26.75,ev charge,sink,0.0
2025-07-10T03:00:00.0,27.0,ev charge,sink,0.0
2025-07-10T03:15:00.0,27.25,ev charge,sink,0.0
2025-07-10T03:30:00.0,27.5,ev charge,sink,0.0
2025-07-10T03:45:00.0,27.75,ev charge,sink,0.0
2025-07-10T04:00:00.0,28.0,ev charge,sink,0.0
2025-07-10T04:15:00.0,28.25,ev charge,sink,0.0
2025-07-10T04:30:00.0,28.5,ev charge,sink,0.0
2025-07-10T04:45:00.0,28.75,ev charge,sink,0.017253157218897947
2025-07-10T05:00:00.0,29.0,ev charge,sink,0.004349692468272159
2025-07-10T05:15:00.0,29.25,ev charge,sink,0.07220631952565715
2025-07-10T05:30:00.0,29.5,ev charge,sink,0.17082415100286205
2025-07-10T05:45:00.0,29.75,ev charge,sink,0.33118861818369805
2025-07-10T06:00:00.0,30.0,ev charge,sink,0.47965747003066644
2025-07-10T06:15:00.0,30.25,ev charge,sink,0.5166719942906844
2025-07-10T06:30:00.0,30.5,ev charge,sink,0.6231289903764985
2025-07-10T06:45:00.0,30.75,ev charge,sink,0.8810093699613135
2025-07-10T07:00:00.0,31.0,ev charge,sink,1.013210776427907
2025-07-10T07:15:00.0,31.25,ev charge,sink,1.139685429663133
2025-07-10T07:30:00.0,31.5,ev charge,sink,0.0
2025-07-10T07:45:00.0,31.75,ev charge,sink,0.0
2025-07-10T08:00:00.0,32.0,ev charge,sink,0.0
2025-07-10T08:15:00.0,32.25,ev charge,sink,0.0
2025-07-10T08:30:00.0,32.5,ev charge,sink,0.0
2025-07-10T08:45:00.0,32.75,ev charge,sink,0.0
2025-07-10T09:00:00.0,33.0,ev charge,sink,0.0
2025-07-10T09:15:00.0,33.25,ev charge,sink,0.0
2025-07-10T09:30:00.0,33.5,ev charge,sink,0.0
2025-07-10T09:45:00.0,33.75,ev charge,sink,0.0
2025-07-10T10:00:00.0,34.0,ev charge,sink,0.0
2025-07-10T10:15:00.0,34.25,ev charge,sink,0.0
2025-07-10T10:30:00.0,34.5,ev charge,sink,0.0
2025-07-10T10:45:00.0,34.75,ev charge,sink,0.0
2025-07-10T11:00:00.0,35.0,ev charge,sink,0.0
2025-07-10T11:15:00.0,35.25,ev charge,sink,0.0
2025-07-10T11:30:00.0,35.5,ev charge,sink,0.0
2025-07-10T11:45:00.0,35.75,ev charge,sink,0.0
2025-07-10T12:00:00.0,36.0,ev charge,sink,0.0
2025-07-10T12:15:00.0,36.25,ev charge,sink,0.0
2025-07-10T12:30:00.0,36.5,ev charge,sink,0.0
2025-07-10T12:45:00.0,36.75,ev charge,sink,0.0
2025-07-10T13:00:00.0,37.0,ev charge,sink,0.0
2025-07-10T13:15:00.0,37.25,ev charge,sink,0.0
2025-07-10T13:30:00.0,37.5,ev charge,sink,0.0
2025-07-10T13:45:00.0,37.75,ev charge,sink,0.0
2025-07-10T14:00:00.0,38.0,ev charge,sink,0.0
2025-07-10T14:15:00.0,38.25,ev charge,sink,0.0
2025-07-10T14:30:00.0,38.5,ev charge,sink,0.0
2025-07-10T14:45:00.0,38.75,ev charge,sink,0.0
2025-07-10T15:00:00.0,39.0,ev charge,sink,0.0
2025-07-10T15:15:00.0,39.25,ev charge,sink,0.0
2025-07-10T15:30:00.0,39.5,ev charge,sink,0.0
2025-07-10T15:45:00.0,39.75,ev charge,sink,0.0
2025-07-10T16:00:00.0,40.0,ev charge,sink,0.0
2025-07-10T16:15:00.0,40.25,ev charge,sink,0.0
2025-07-10T16:30:00.0,40.5,ev charge,sink,0.0
2025-07-10T16:45:00.0,40.75,ev charge,sink,0.0
2025-07-10T17:00:00.0,41.0,ev charge,sink,0.0
2025-07-10T17:15:00.0,41.25,ev charge,sink,0.0
2025-07-10T17:30:00.0,41.5,ev charge,sink,11.0
2025-07-10T17:45:00.0,41.75,ev charge,sink,11.0
2025-07-10T18:00:00.0,42.0,ev charge,sink,4.329520121560561
2025-07-10T18:15:00.0,42.25,ev charge,sink,4.18273315001189
2025-07-10T18:30:00.0,42.5,ev charge,sink,4.122478318561667
2025-07-10T18:45:00.0,42.75,ev charge,sink,3.9936435869486626
2025-07-10T19:00:00.0,43.0,ev charge,sink,0.03410389730203711
2025-07-10T19:15:00.0,43.25,ev charge,sink,-0.0
2025-07-10T19:30:00.0,43.5,ev charge,sink,-0.0
2025-07-10T19:45:00.0,43.75,ev charge,sink,-0.0
2025-07-10T20:00:00.0,44.0,ev charge,sink,-0.0
2025-07-10T20:15:00.0,44.25,ev charge,sink,-0.0
2025-07-10T20:30:00.0,44.5,ev charge,sink,-0.0
2025-07-10T20:45:00.0,44.75,ev charge,sink,-0.0
2025-07-10T21:00:00.0,45.0,ev charge,sink,-0.0
2025-07-10T21:15:00.0,45.25,ev charge,sink,-0.0
2025-07-10T21:30:00.0,45.5,ev charge,sink,-0.0
2025-07-10T21:45:00.0,45.75,ev charge,sink,-0.0
2025-07-10T22:00:00.0,46.0,ev charge,sink,-0.0
2025-07-10T22:15:00.0,46.25,ev charge,sink,-0.0
2025-07-10T22:30:00.0,46.5,ev charge,sink,-0.0
2025-07-10T22:45:00.0,46.75,ev charge,sink,-0.0
2025-07-10T23:00:00.0,47.0,ev charge,sink,-0.0
2025-07-10T23:15:00.0,47.25,ev charge,sink,-0.0
2025-07-10T23:30:00.0,47.5,ev charge,sink,-0.0
2025-07-10T23:45:00.0,47.75,ev charge,sink,-0.0
2025-07-11T00:00:00.0,48.0,ev charge,sink,-0.0
2025-07-11T00:15:00.0,48.25,ev charge,sink,-0.0
2025-07-11T00:30:00.0,48.5,ev charge,sink,-0.0
2025-07-11T00:45:00.0,48.75,ev charge,sink,-0.0
2025-07-11T01:00:00.0,49.0,ev charge,sink,-0.0
2025-07-11T01:15:00.0,49.25,ev charge,sink,-0.0
2025-07-11T01:30:00.0,49.5,ev charge,sink,-0.0
2025-07-11T01:45:00.0,49.75,ev charge,sink,-0.0
2025-07-11T02:00:00.0,50.0,ev charge,sink,-0.0
2025-07-11T02:15:00.0,50.25,ev charge,sink,-0.0
2025-07-11T02:30:00.0,50.5,ev charge,sink,-0.0
2025-07-11T02:45:00.0,50.75,ev charge,sink,0.0
2025-07-11T03:00:00.0,51.0,ev charge,sink,0.0
2025-07-11T03:15:00.0,51.25,ev charge,sink,0.0
2025-07-11T03:30:00.0,51.5,ev charge,sink,0.0
2025-07-11T03:45:00.0,51.75,ev charge,sink,0.0
2025-07-11T04:00:00.0,52.0,ev charge,sink,0.0
2025-07-11T04:15:00.0,52.25,ev charge,sink,0.0
2025-07-11T04:30:00.0,52.5,ev charge,sink,0.0
2025-07-11T04:45:00.0,52.75,ev charge,sink,0.011849060218716373
2025-07-11T05:00:00.0,53.0,ev charge,sink,0.0
2025-07-11T05:15:00.0,53.25,ev charge,sink,0.05611354210933123
2025-07-11T05:30:00.0,53.5,ev charge,sink,0.19246062043694248
2025-07-11T05:45:00.0,53.75,ev charge,sink,0.3006198495058191
2025-07-11T06:00:00.0,54.0,ev charge,sink,0.40701860661756806
2025-07-11T06:15:00.0,54.25,ev charge,sink,0.5712562393651075
2025-07-11T06:30:00.0,54.5,ev charge,sink,0.628411580707367
2025-07-11T06:45:00.0,54.75,ev charge,sink,0.7567614821387652
2025-07-11T07:00:00.0,55.0,ev charge,sink,0.8471386287451789
2025-07-11T07:15:00.0,55.25,ev charge,sink,1.0441521853355802
2025-07-11T07:30:00.0,55.5,ev charge,sink,0.0
2025-07-11T07:45:00.0,55.75,ev charge,sink,0.0
2025-07-11T08:00:00.0,56.0,ev charge,sink,0.0
2025-07-11T08:15:00.0,56.25,ev charge,sink,0.0
2025-07-11T08:30:00.0,56.5,ev charge,sink,0.0
2025-07-11T08:45:00.0,56.75,ev charge,sink,0.0
2025-07-11T09:00:00.0,57.0,ev charge,sink,0.0
2025-07-11T09:15:00.0,57.25,ev charge,sink,0.0
2025-07-11T09:30:00.0,57.5,ev charge,sink,0.0
2025-07-11T09:45:00.0,57.75,ev charge,sink,0.0
2025-07-11T10:00:00.0,58.0,ev charge,sink,0.0
2025-07-11T10:15:00.0,58.25,ev charge,sink,0.0
2025-07-11T10:30:00.0,58.5,ev charge,sink,0.0
2025-07-11T10:45:00.0,58.75,ev charge,sink,0.0
2025-07-11T11:00:00.0,59.0,ev charge,sink,0.0
2025-07-11T11:15:00.0,59.25,ev charge,sink,0.0
2025-07-11T11:30:00.0,59.5,ev charge,sink,0.0
2025-07-11T11:45:00.0,59.75,ev charge,sink,0.0
2025-07-11T12:00:00.0,60.0,ev charge,sink,0.0
2025-07-11T12:15:00.0,60.25,ev charge,sink,0.0
2025-07-11T12:30:00.0,60.5,ev charge,sink,0.0
2025-07-11T12:45:00.0,60.75,ev charge,sink,0.0
2025-07-11T13:00:00.0,61.0,ev charge,sink,0.0
2025-07-11T13:15:00.0,61.25,ev charge,sink,0.0
2025-07-11T13:30:00.0,61.5,ev charge,sink,0.0
2025-07-11T13:45:00.0,61.75,ev charge,sink,0.0
2025-07-11T14:00:00.0,62.0,ev charge,sink,0.0
2025-07-11T14:15:00.0,62.25,ev charge,sink,0.0
2025-07-11T14:30:00.0,62.5,ev charge,sink,0.0
2025-07-11T14:45:00.0,62.75,ev charge,sink,0.0
2025-07-11T15:00:00.0,63.0,ev charge,sink,0.0
2025-07-11T15:15:00.0,63.25,ev charge,sink,0.0
2025-07-11T15:30:00.0,63.5,ev charge,sink,0.0
2025-07-11T15:45:00.0,63.75,ev charge,sink,0.0
2025-07-11T16:00:00.0,64.0,ev charge,sink,0.0
2025-07-11T16:15:00.0,64.25,ev charge,sink,0.0
2025-07-11T16:30:00.0,64.5,ev charge,sink,0.0
2025-07-11T16:45:00.0,64.75,ev charge,sink,0.0
2025-07-11T17:00:00.0,65.0,ev charge,sink,0.0
2025-07-11T17:15:00.0,65.25,ev charge,sink,0.0
2025-07-11T17:30:00.0,65.5,ev charge,sink,0.0
2025-07-11T17:45:00.0,65.75,ev charge,sink,0.0
2025-07-11T18:00:00.0,66.0,ev charge,sink,0.0
2025-07-11T18:15:00.0,66.25,ev charge,sink,0.0
2025-07-11T18:30:00.0,66.5,ev charge,sink,0.0
2025-07-11T18:45:00.0,66.75,ev charge,sink,0.0
2025-07-11T19:00:00.0,67.0,ev charge,sink,0.0
2025-07-11T19:15:00.0,67.25,ev charge,sink,0.0
2025-07-11T19:30:00.0,67.5,ev charge,sink,0.0
2025-07-11T19:45:00.0,67.75,ev charge,sink,0.0
2025-07-11T20:00:00.0,68.0,ev charge,sink,0.0
2025-07-11T20:15:00.0,68.25,ev charge,sink,0.0
2025-07-11T20:30:00.0,68.5,ev charge,sink,0.0
2025-07-11T20:45:00.0,68.75,ev charge,sink,0.0
2025-07-11T21:00:00.0,69.0,ev charge,sink,0.0
2025-07-11T21:15:00.0,69.25,ev charge,sink,0.0
2025-07-11T21:30:00.0,69.5,ev charge,sink,0.0
2025-07-11T21:45:00.0,69.75,ev charge,sink,0.0
2025-07-11T22:00:00.0,70.0,ev charge,sink,0.0
2025-07-11T22:15:00.0,70.25,ev charge,sink,0.0
2025-07-11T22:30:00.0,70.5,ev charge,sink,0.0
2025-07-11T22:45:00.0,70.75,ev charge,sink,0.0
2025-07-11T23:00:00.0,71.0,ev charge,sink,0.0
2025-07-11T23:15:00.0,71.25,ev charge,sink,0.0
2025-07-11T23:30:00.0,71.5,ev charge,sink,0.0
2025-07-11T23:45:00.0,71.75,ev charge,sink,0.0
2025-07-09T00:00:00.0,0.0,battery charge,sink,0.0
2025-07-09T00:15:00.0,0.25,battery charge,sink,0.0
2025-07-09T00:30:00.0,0.5,battery charge,sink,0.0
2025-07-09T00:45:00.0,0.75,battery charge,sink,0.0
2025-07-09T01:00:00.0,1.0,battery charge,sink,0.0
2025-07-09T01:15:00.0,1.25,battery charge,sink,0.0
2025-07-09T01:30:00.0,1.5,battery charge,sink,0.0
2025-07-09T01:45:00.0,1.75,battery charge,sink,0.0
2025-07-09T02:00:00.0,2.0,battery charge,sink,0.0
2025-07-09T02:15:00.0,2.25,battery charge,sink,0.0
2025-07-09T02:30:00.0,2.5,battery charge,sink,0.0
2025-07-09T02:45:00.0,2.75,battery charge,sink,0.0
2025-07-09T03:00:00.0,3.0,battery charge,sink,0.0
2025-07-09T03:15:00.0,3.25,battery charge,sink,0.0
2025-07-09T03:30:00.0,3.5,battery charge,sink,0.0
2025-07-09T03:45:00.0,3.75,battery charge,sink,0.0
2025-07-09T04:00:00.0,4.0,battery charge,sink,0.0
2025-07-09T04:15:00.0,4.25,battery charge,sink,0.0
2025-07-09T04:30:00.0,4.5,battery charge,sink,0.0
2025-07-09T04:45:00.0,4.75,battery charge,sink,0.0
2025-07-09T05:00:00.0,5.0,battery charge,sink,0.0
2025-07-09T05:15:00.0,5.25,battery charge,sink,0.0
2025-07-09T05:30:00.0,5.5,battery charge,sink,0.0
2025-07-09T05:45:00.0,5.75,battery charge,sink,0.0
2025-07-09T06:00:00.0,6.0,battery charge,sink,0.0
2025-07-09T06:15:00.0,6.25,battery charge,sink,0.0
2025-07-09T06:30:00.0,6.5,battery charge,sink,0.0
2025-07-09T06:45:00.0,6.75,battery charge,sink,0.0
2025-07-09T07:00:00.0,7.0,battery charge,sink,0.0
2025-07-09T07:15:00.0,7.25,battery charge,sink,0.0
2025-07-09T07:30:00.0,7.5,battery charge,sink,0.0
2025-07-09T07:45:00.0,7.75,battery charge,sink,0.0
2025-07-09T08:00:00.0,8.0,battery charge,sink,0.0
2025-07-09T08:15:00.0,8.25,battery charge,sink,0.0
2025-07-09T08:30:00.0,8.5,battery charge,sink,0.0
2025-07-09T08:45:00.0,8.75,battery charge,sink,0.0
2025-07-09T09:00:00.0,9.0,battery charge,sink,0.0
2025-07-09T09:15:00.0,9.25,battery charge,sink,0.0
2025-07-09T09:30:00.0,9.5,battery charge,sink,0.0
2025-07-09T09:45:00.0,9.75,battery charge,sink,0.0
2025-07-09T10:00:00.0,10.0,battery charge,sink,2.056712499572518
2025-07-09T10:15:00.0,10.25,battery charge,sink,-0.0
2025-07-09T10:30:00.0,10.5,battery charge,sink,0.0
2025-07-09T10:45:00.0,10.75,battery charge,sink,0.0
2025-07-09T11:00:00.0,11.0,battery charge,sink,2.9306595814009144
2025-07-09T11:15:00.0,11.25,battery charge,sink,3.0358109123508297
2025-07-09T11:30:00.0,11.5,battery charge,sink,3.1361492344472874
2025-07-09T11:45:00.0,11.75,battery charge,sink,3.200496572137813
2025-07-09T12:00:00.0,12.0,battery charge,sink,3.422724085558812
2025-07-09T12:15:00.0,12.25,battery charge,sink,3.377998251449875
2025-07-09T12:30:00.0,12.5,battery charge,sink,3.3375711804763255
2025-07-09T12:45:00.0,12.75,battery charge,sink,3.287977664271834
2025-07-09T13:00:00.0,13.0,battery charge,sink,3.1687512759038534
2025-07-09T13:15:00.0,13.25,battery charge,sink,3.107827790170915
2025-07-09T13:30:00.0,13.5,battery charge,sink,3.013730207820807
2025-07-09T13:45:00.0,13.75,battery charge,sink,2.923590744438217
2025-07-09T14:00:00.0,14.0,battery charge,sink,-0.0
2025-07-09T14:15:00.0,14.25,battery charge,sink,0.0
2025-07-09T14:30:00.0,14.5,battery charge,sink,-0.0
2025-07-09T14:45:00.0,14.75,battery charge,sink,-0.0
2025-07-09T15:00:00.0,15.0,battery charge,sink,0.0
2025-07-09T15:15:00.0,15.25,battery charge,sink,0.0
2025-07-09T15:30:00.0,15.5,battery charge,sink,0.0
2025-07-09T15:45:00.0,15.75,battery charge,sink,0.0
2025-07-09T16:00:00.0,16.0,battery charge,sink,-0.0
2025-07-09T16:15:00.0,16.25,battery charge,sink,-0.0
2025-07-09T16:30:00.0,16.5,battery charge,sink,-0.0
2025-07-09T16:45:00.0,16.75,battery charge,sink,-0.0
2025-07-09T17:00:00.0,17.0,battery charge,sink,-0.0
2025-07-09T17:15:00.0,17.25,battery charge,sink,-0.0
2025-07-09T17:30:00.0,17.5,battery charge,sink,0.0
2025-07-09T17:45:00.0,17.75,battery charge,sink,0.0
2025-07-09T18:00:00.0,18.0,battery charge,sink,0.0
2025-07-09T18:15:00.0,18.25,battery charge,sink,0.0
2025-07-09T18:30:00.0,18.5,battery charge,sink,0.0
2025-07-09T18:45:00.0,18.75,battery charge,sink,0.0
2025-07-09T19:00:00.0,19.0,battery charge,sink,0.0
2025-07-09T19:15:00.0,19.25,battery charge,sink,0.0
2025-07-09T19:30:00.0,19.5,battery charge,sink,0.0
2025-07-09T19:45:00.0,19.75,battery charge,sink,0.0
2025-07-09T20:00:00.0,20.0,battery charge,sink,0.0
2025-07-09T20:15:00.0,20.25,battery charge,sink,0.0
2025-07-09T20:30:00.0,20.5,battery charge,sink,0.0
2025-07-09T20:45:00.0,20.75,battery charge,sink,0.0
2025-07-09T21:00:00.0,21.0,battery charge,sink,0.0
2025-07-09T21:15:00.0,21.25,battery charge,sink,0.0
2025-07-09T21:30:00.0,21.5,battery charge,sink,0.0
2025-07-09T21:45:00.0,21.75,battery charge,sink,0.0
2025-07-09T22:00:00.0,22.0,battery charge,sink,0.0
2025-07-09T22:15:00.0,22.25,battery charge,sink,0.0
2025-07-09T22:30:00.0,22.5,battery charge,sink,0.0
2025-07-09T22:45:00.0,22.75,battery charge,sink,0.0
2025-07-09T23:00:00.0,23.0,battery charge,sink,0.0
2025-07-09T23:15:00.0,23.25,battery charge,sink,0.0
2025-07-09T23:30:00.0,23.5,battery charge,sink,0.0
2025-07-09T23:45:00.0,23.75,battery charge,sink,0.0
2025-07-10T00:00:00.0,24.0,battery charge,sink,0.0
2025-07-10T00:15:00.0,24.25,battery charge,sink,0.0
2025-07-10T00:30:00.0,24.5,battery charge,sink,0.0
2025-07-10T00:45:00.0,24.75,battery charge,sink,0.0
2025-07-10T01:00:00.0,25.0,battery charge,sink,0.0
2025-07-10T01:15:00.0,25.25,battery charge,sink,0.0
2025-07-10T01:30:00.0,25.5,battery charge,sink,0.0
2025-07-10T01:45:00.0,25.75,battery charge,sink,0.0
2025-07-10T02:00:00.0,26.0,battery charge,sink,0.0
2025-07-10T02:15:00.0,26.25,battery charge,sink,0.0
2025-07-10T02:30:00.0,26.5,battery charge,sink,0.0
2025-07-10T02:45:00.0,26.75,battery charge,sink,0.0
2025-07-10T03:00:00.0,27.0,battery charge,sink,0.0
2025-07-10T03:15:00.0,27.25,battery charge,sink,0.0
2025-07-10T03:30:00.0,27.5,battery charge,sink,0.0
2025-07-10T03:45:00.0,27.75,battery charge,sink,0.0
2025-07-10T04:00:00.0,28.0,battery charge,sink,0.0
2025-07-10T04:15:00.0,28.25,battery charge,sink,0.0
2025-07-10T04:30:00.0,28.5,battery charge,sink,0.0
2025-07-10T04:45:00.0,28.75,battery charge,sink,0.0
2025-07-10T05:00:00.0,29.0,battery charge,sink,0.0
2025-07-10T05:15:00.0,29.25,battery charge,sink,0.0
2025-07-10T05:30:00.0,29.5,battery charge,sink,0.0
2025-07-10T05:45:00.0,29.75,battery charge,sink,0.0
2025-07-10T06:00:00.0,30.0,battery charge,sink,0.0
2025-07-10T06:15:00.0,30.25,battery charge,sink,0.0
2025-07-10T06:30:00.0,30.5,battery charge,sink,0.0
2025-07-10T06:45:00.0,30.75,battery charge,sink,0.0
2025-07-10T07:00:00.0,31.0,battery charge,sink,0.0
2025-07-10T07:15:00.0,31.25,battery charge,sink,0.0
2025-07-10T07:30:00.0,31.5,battery charge,sink,0.0
2025-07-10T07:45:00.0,31.75,battery charge,sink,0.0
2025-07-10T08:00:00.0,32.0,battery charge,sink,0.0
2025-07-10T08:15:00.0,32.25,battery charge,sink,0.0
2025-07-10T08:30:00.0,32.5,battery charge,sink,0.0
2025-07-10T08:45:00.0,32.75,battery charge,sink,0.0
2025-07-10T09:00:00.0,33.0,battery charge,sink,3.0707049112236726
2025-07-10T09:15:00.0,33.25,battery charge,sink,2.878937927649952
2025-07-10T09:30:00.0,33.5,battery charge,sink,2.6133994072900983
2025-07-10T09:45:00.0,33.75,battery charge,sink,2.328418589925159
2025-07-10T10:00:00.0,34.0,battery charge,sink,1.2742341962674109
2025-07-10T10:15:00.0,34.25,battery charge,sink,1.5404897734699432
2025-07-10T10:30:00.0,34.5,battery charge,sink,1.7771932756553248
2025-07-10T10:45:00.0,34.75,battery charge,sink,2.042123577922883
2025-07-10T11:00:00.0,35.0,battery charge,sink,3.3162835825661805
2025-07-10T11:15:00.0,35.25,battery charge,sink,3.0085197905068157
2025-07-10T11:30:00.0,35.5,battery charge,sink,2.7205834481911895
2025-07-10T11:45:00.0,35.75,battery charge,sink,2.418775754558601
2025-07-10T12:00:00.0,36.0,battery charge,sink,1.3643231438965926
2025-07-10T12:15:00.0,36.25,battery charge,sink,1.632665706550926
2025-07-10T12:30:00.0,36.5,battery charge,sink,1.9264339132036497
2025-07-10T12:45:00.0,36.75,battery charge,sink,2.1596141993381566
2025-07-10T13:00:00.0,37.0,battery charge,sink,3.117803402959767
2025-07-10T13:15:00.0,37.25,battery charge,sink,0.8094953988236778
2025-07-10T13:30:00.0,37.5,battery charge,sink,-0.0
2025-07-10T13:45:00.0,37.75,battery charge,sink,-0.0
2025-07-10T14:00:00.0,38.0,battery charge,sink,-0.0
2025-07-10T14:15:00.0,38.25,battery charge,sink,0.0
2025-07-10T14:30:00.0,38.5,battery charge,sink,0.0
2025-07-10T14:45:00.0,38.75,battery charge,sink,-0.0
2025-07-10T15:00:00.0,39.0,battery charge,sink,0.0
2025-07-10T15:15:00.0,39.25,battery charge,sink,0.0
2025-07-10T15:30:00.0,39.5,battery charge,sink,0.0
2025-07-10T15:45:00.0,39.75,battery charge,sink,0.0
2025-07-10T16:00:00.0,40.0,battery charge,sink,-0.0
2025-07-10T16:15:00.0,40.25,battery charge,sink,-0.0
2025-07-10T16:30:00.0,40.5,battery charge,sink,-0.0
2025-07-10T16:45:00.0,40.75,battery charge,sink,-0.0
2025-07-10T17:00:00.0,41.0,battery charge,sink,-0.0
2025-07-10T17:15:00.0,41.25,battery charge,sink,-0.0
2025-07-10T17:30:00.0,41.5,battery charge,sink,0.0
2025-07-10T17:45:00.0,41.75,battery charge,sink,0.0
2025-07-10T18:00:00.0,42.0,battery charge,sink,0.0
2025-07-10T18:15:00.0,42.25,battery charge,sink,0.0
2025-07-10T18:30:00.0,42.5,battery charge,sink,0.0
2025-07-10T18:45:00.0,42.75,battery charge,sink,0.0
2025-07-10T19:00:00.0,43.0,battery charge,sink,0.0
2025-07-10T19:15:00.0,43.25,battery charge,sink,0.0
2025-07-10T19:30:00.0,43.5,battery charge,sink,0.0
2025-07-10T19:45:00.0,43.75,battery charge,sink,0.0
2025-07-10T20:00:00.0,44.0,battery charge,sink,0.0
2025-07-10T20:15:00.0,44.25,battery charge,sink,0.0
2025-07-10T20:30:00.0,44.5,battery charge,sink,0.0
2025-07-10T20:45:00.0,44.75,battery charge,sink,0.0
2025-07-10T21:00:00.0,45.0,battery charge,sink,0.0
2025-07-10T21:15:00.0,45.25,battery charge,sink,0.0
2025-07-10T21:30:00.0,45.5,battery charge,sink,0.0
2025-07-10T21:45:00.0,45.75,battery charge,sink,0.0
2025-07-10T22:00:00.0,46.0,battery charge,sink,0.0
2025-07-10T22:15:00.0,46.25,battery charge,sink,0.0
2025-07-10T22:30:00.0,46.5,battery charge,sink,0.0
2025-07-10T22:45:00.0,46.75,battery charge,sink,0.0
2025-07-10T23:00:00.0,47.0,battery charge,sink,0.0
2025-07-10T23:15:00.0,47.25,battery charge,sink,0.0
2025-07-10T23:30:00.0,47.5,battery charge,sink,0.0
2025-07-10T23:45:00.0,47.75,battery charge,sink,0.0
2025-07-11T00:00:00.0,48.0,battery charge,sink,0.0
2025-07-11T00:15:00.0,48.25,battery charge,sink,0.0
2025-07-11T00:30:00.0,48.5,battery charge,sink,0.0
2025-07-11T00:45:00.0,48.75,battery charge,sink,0.0
2025-07-11T01:00:00.0,49.0,battery charge,sink,0.0
2025-07-11T01:15:00.0,49.25,battery charge,sink,0.0
2025-07-11T01:30:00.0,49.5,battery charge,sink,0.0
2025-07-11T01:45:00.0,49.75,battery charge,sink,0.0
2025-07-11T02:00:00.0,50.0,battery charge,sink,0.0
2025-07-11T02:15:00.0,50.25,battery charge,sink,0.0
2025-07-11T02:30:00.0,50.5,battery charge,sink,0.0
2025-07-11T02:45:00.0,50.75,battery charge,sink,0.0
2025-07-11T03:00:00.0,51.0,battery charge,sink,0.0
2025-07-11T03:15:00.0,51.25,battery charge,sink,0.0
2025-07-11T03:30:00.0,51.5,battery charge,sink,0.0
2025-07-11T03:45:00.0,51.75,battery charge,sink,0.0
2025-07-11T04:00:00.0,52.0,battery charge,sink,0.0
2025-07-11T04:15:00.0,52.25,battery charge,sink,0.0
2025-07-11T04:30:00.0,52.5,battery charge,sink,0.0
2025-07-11T04:45:00.0,52.75,battery charge,sink,0.0
2025-07-11T05:00:00.0,53.0,battery charge,sink,0.0
2025-07-11T05:15:00.0,53.25,battery charge,sink,0.0
2025-07-11T05:30:00.0,53.5,battery charge,sink,0.0
2025-07-11T05:45:00.0,53.75,battery charge,sink,0.0
2025-07-11T06:00:00.0,54.0,battery charge,sink,0.0
2025-07-11T06:15:00.0,54.25,battery charge,sink,0.0
2025-07-11T06:30:00.0,54.5,battery charge,sink,0.0
2025-07-11T06:45:00.0,54.75,battery charge,sink,0.0
2025-07-11T07:00:00.0,55.0,battery charge,sink,0.0
2025-07-11T07:15:00.0,55.25,battery charge,sink,0.0
2025-07-11T07:30:00.0,55.5,battery charge,sink,0.0
2025-07-11T07:45:00.0,55.75,battery charge,sink,0.0
2025-07-11T08:00:00.0,56.0,battery charge,sink,0.0
2025-07-11T08:15:00.0,56.25,battery charge,sink,0.0
2025-07-11T08:30:00.0,56.5,battery charge,sink,0.0
2025-07-11T08:45:00.0,56.75,battery charge,sink,0.0
2025-07-11T09:00:00.0,57.0,battery charge,sink,0.0
2025-07-11T09:15:00.0,57.25,battery charge,sink,0.0
2025-07-11T09:30:00.0,57.5,battery charge,sink,0.0
2025-07-11T09:45:00.0,57.75,battery charge,sink,0.0
2025-07-11T10:00:00.0,58.0,battery charge,sink,0.0
2025-07-11T10:15:00.0,58.25,battery charge,sink,0.0
2025-07-11T10:30:00.0,58.5,battery charge,sink,0.0
2025-07-11T10:45:00.0,58.75,battery charge,sink,0.0
2025-07-11T11:00:00.0,59.0,battery charge,sink,2.831950097876898
2025-07-11T11:15:00.0,59.25,battery charge,sink,2.9009219961899304
2025-07-11T11:30:00.0,59.5,battery charge,sink,2.960127212900545
2025-07-11T11:45:00.0,59.75,battery charge,sink,3.0135658610583707
2025-07-11T12:00:00.0,60.0,battery charge,sink,3.0382242101086354
2025-07-11T12:15:00.0,60.25,battery charge,sink,3.096579723068741
2025-07-11T12:30:00.0,60.5,battery charge,sink,3.099925829100875
2025-07-11T12:45:00.0,60.75,battery charge,sink,3.1207305836738506
2025-07-11T13:00:00.0,61.0,battery charge,sink,3.2081177235431793
2025-07-11T13:15:00.0,61.25,battery charge,sink,3.1032672899697955
2025-07-11T13:30:00.0,61.5,battery charge,sink,2.9890396959147756
2025-07-11T13:45:00.0,61.75,battery charge,sink,2.87833021460944
2025-07-11T14:00:00.0,62.0,battery charge,sink,2.713421381592908
2025-07-11T14:15:00.0,62.25,battery charge,sink,1.0457981803920584
2025-07-11T14:30:00.0,62.5,battery charge,sink,-0.0
2025-07-11T14:45:00.0,62.75,battery charge,sink,-0.0
2025-07-11T15:00:00.0,63.0,battery charge,sink,0.0
2025-07-11T15:15:00.0,63.25,battery charge,sink,0.0
2025-07-11T15:30:00.0,63.5,battery charge,sink,0.0
2025-07-11T15:45:00.0,63.75,battery charge,sink,0.0
2025-07-11T16:00:00.0,64.0,battery charge,sink,0.0
2025-07-11T16:15:00.0,64.25,battery charge,sink,0.0
2025-07-11T16:30:00.0,64.5,battery charge,sink,0.0
2025-07-11T16:45:00.0,64.75,battery charge,sink,0.0
2025-07-11T17:00:00.0,65.0,battery charge,sink,0.0
2025-07-11T17:15:00.0,65.25,battery charge,sink,0.0
2025-07-11T17:30:00.0,65.5,battery charge,sink,0.0
2025-07-11T17:45:00.0,65.75,battery charge,sink,0.0
2025-07-11T18:00:00.0,66.0,battery charge,sink,0.0
2025-07-11T18:15:00.0,66.25,battery charge,sink,0.0
2025-07-11T18:30:00.0,66.5,battery charge,sink,0.0
2025-07-11T18:45:00.0,66.75,battery charge,sink,0.0
2025-07-11T19:00:00.0,67.0,battery charge,sink,0.0
2025-07-11T19:15:00.0,67.25,battery charge,sink,0.0
2025-07-11T19:30:00.0,67.5,battery charge,sink,0.0
2025-07-11T19:45:00.0,67.75,battery charge,sink,0.0
2025-07-11T20:00:00.0,68.0,battery charge,sink,0.0
2025-07-11T20:15:00.0,68.25,battery charge,sink,0.0
2025-07-11T20:30:00.0,68.5,battery charge,sink,0.0
2025-07-11T20:45:00.0,68.75,battery charge,sink,0.0
2025-07-11T21:00:00.0,69.0,battery charge,sink,0.0
2025-07-11T21:15:00.0,69.25,battery charge,sink,0.0
2025-07-11T21:30:00.0,69.5,battery charge,sink,0.0
2025-07-11T21:45:00.0,69.75,battery charge,sink,0.0
2025-07-11T22:00:00.0,70.0,battery charge,sink,0.0
2025-07-11T22:15:00.0,70.25,battery charge,sink,0.0
2025-07-11T22:30:00.0,70.5,battery charge,sink,0.0
2025-07-11T22:45:00.0,70.75,battery charge,sink,0.0
2025-07-11T23:00:00.0,71.0,battery charge,sink,0.0
2025-07-11T23:15:00.0,71.25,battery charge,sink,0.0
2025-07-11T23:30:00.0,71.5,battery charge,sink,0.0
2025-07-11T23:45:00.0,71.75,battery charge,sink,0.0
2025-07-09T00:00:00.0,0.0,base load,sink,0.1279710669592163
2025-07-09T00:15:00.0,0.25,base load,sink,0.12698781890749092
2025-07-09T00:30:00.0,0.5,base load,sink,0.12147424549904305
2025-07-09T00:45:00.0,0.75,base load,sink,0.13389578434948793
2025-07-09T01:00:00.0,1.0,base load,sink,0.1372405558171987
2025-07-09T01:15:00.0,1.25,base load,sink,0.11638626917272059
2025-07-09T01:30:00.0,1.5,base load,sink,0.1194654153222641
2025-07-09T01:45:00.0,1.75,base load,sink,0.12700652038130525
2025-07-09T02:00:00.0,2.0,base load,sink,0.13605583544323027
2025-07-09T02:15:00.0,2.25,base load,sink,0.12308558026592
2025-07-09T02:30:00.0,2.5,base load,sink,0.1432452156719604
2025-07-09T02:45:00.0,2.75,base load,sink,0.13867793520044558
2025-07-09T03:00:00.0,3.0,base load,sink,0.14427251332196792
2025-07-09T03:15:00.0,3.25,base load,sink,0.13881884945522696
2025-07-09T03:30:00.0,3.5,base load,sink,0.10843924861714085
2025-07-09T03:45:00.0,3.75,base load,sink,0.10796545710776598
2025-07-09T04:00:00.0,4.0,base load,sink,0.1301267776153064
2025-07-09T04:15:00.0,4.25,base load,sink,0.1294219633229828
2025-07-09T04:30:00.0,4.5,base load,sink,0.12086392557948954
2025-07-09T04:45:00.0,4.75,base load,sink,0.1337091073338386
2025-07-09T05:00:00.0,5.0,base load,sink,0.16024320990392835
2025-07-09T05:15:00.0,5.25,base load,sink,0.1437911426814253
2025-07-09T05:30:00.0,5.5,base load,sink,0.21088614515657259
2025-07-09T05:45:00.0,5.75,base load,sink,0.2223509884533533
2025-07-09T06:00:00.0,6.0,base load,sink,0.2546760103508374
2025-07-09T06:15:00.0,6.25,base load,sink,0.37620003749903197
2025-07-09T06:30:00.0,6.5,base load,sink,0.40676525973214833
2025-07-09T06:45:00.0,6.75,base load,sink,0.4478697258353071
2025-07-09T07:00:00.0,7.0,base load,sink,0.5347417292819606
2025-07-09T07:15:00.0,7.25,base load,sink,0.6791054317745261
2025-07-09T07:30:00.0,7.5,base load,sink,0.5863608925885037
2025-07-09T07:45:00.0,7.75,base load,sink,0.5375484243662175
2025-07-09T08:00:00.0,8.0,base load,sink,0.6166924269794088
2025-07-09T08:15:00.0,8.25,base load,sink,0.5916397284792237
2025-07-09T08:30:00.0,8.5,base load,sink,0.4781739758425573
2025-07-09T08:45:00.0,8.75,base load,sink,0.3481791638652075
2025-07-09T09:00:00.0,9.0,base load,sink,0.3294375606618888
2025-07-09T09:15:00.0,9.25,base load,sink,0.21920842088350279
2025-07-09T09:30:00.0,9.5,base load,sink,0.20809548566093503
2025-07-09T09:45:00.0,9.75,base load,sink,0.1743254048689277
2025-07-09T10:00:00.0,10.0,base load,sink,0.169861963296836
2025-07-09T10:15:00.0,10.25,base load,sink,0.1376712388010414
2025-07-09T10:30:00.0,10.5,base load,sink,0.11599781500181626
2025-07-09T10:45:00.0,10.75,base load,sink,0.14706262934004316
2025-07-09T11:00:00.0,11.0,base load,sink,0.13131319084278978
2025-07-09T11:15:00.0,11.25,base load,sink,0.1288350303535016
2025-07-09T11:30:00.0,11.5,base load,sink,0.12058049677972597
2025-07-09T11:45:00.0,11.75,base load,sink,0.13680139110919684
2025-07-09T12:00:00.0,12.0,base load,sink,0.14205930294299707
2025-07-09T12:15:00.0,12.25,base load,sink,0.1432587269254323
2025-07-09T12:30:00.0,12.5,base load,sink,0.12823064012868382
2025-07-09T12:45:00.0,12.75,base load,sink,0.11072774207140397
2025-07-09T13:00:00.0,13.0,base load,sink,0.1344079087781766
2025-07-09T13:15:00.0,13.25,base load,sink,0.11800768716193032
2025-07-09T13:30:00.0,13.5,base load,sink,0.12309021042906308
2025-07-09T13:45:00.0,13.75,base load,sink,0.11272912492373871
2025-07-09T14:00:00.0,14.0,base load,sink,0.14293230749091593
2025-07-09T14:15:00.0,14.25,base load,sink,0.14109513737831716
2025-07-09T14:30:00.0,14.5,base load,sink,0.13750364615835917
2025-07-09T14:45:00.0,14.75,base load,sink,0.1310123875362237
2025-07-09T15:00:00.0,15.0,base load,sink,0.152426779715313
2025-07-09T15:15:00.0,15.25,base load,sink,0.1345073014952088
2025-07-09T15:30:00.0,15.5,base load,sink,0.16329639572601268
2025-07-09T15:45:00.0,15.75,base load,sink,0.19453130246951042
2025-07-09T16:00:00.0,16.0,base load,sink,0.2186727606227401
2025-07-09T16:15:00.0,16.25,base load,sink,0.23394855392248098
2025-07-09T16:30:00.0,16.5,base load,sink,0.2820610634252202
2025-07-09T16:45:00.0,16.75,base load,sink,0.36000797369767096
2025-07-09T17:00:00.0,17.0,base load,sink,0.442095677309832
2025-07-09T17:15:00.0,17.25,base load,sink,0.5094265736955971
2025-07-09T17:30:00.0,17.5,base load,sink,0.7135559344048629
2025-07-09T17:45:00.0,17.75,base load,sink,0.8006780449988578
2025-07-09T18:00:00.0,18.0,base load,sink,0.8127120163927417
2025-07-09T18:15:00.0,18.25,base load,sink,0.8037219320564231
2025-07-09T18:30:00.0,18.5,base load,sink,1.0290931366404192
2025-07-09T18:45:00.0,18.75,base load,sink,0.9260136107239492
2025-07-09T19:00:00.0,19.0,base load,sink,0.9014097411899813
2025-07-09T19:15:00.0,19.25,base load,sink,1.0821423054165036
2025-07-09T19:30:00.0,19.5,base load,sink,0.9160013796464129
2025-07-09T19:45:00.0,19.75,base load,sink,0.9643561381071476
2025-07-09T20:00:00.0,20.0,base load,sink,0.7515594014136896
2025-07-09T20:15:00.0,20.25,base load,sink,0.6652790206439841
2025-07-09T20:30:00.0,20.5,base load,sink,0.5708152381142321
2025-07-09T20:45:00.0,20.75,base load,sink,0.5997778863688519
2025-07-09T21:00:00.0,21.0,base load,sink,0.4102545123752964
2025-07-09T21:15:00.0,21.25,base load,sink,0.4357675908849987
2025-07-09T21:30:00.0,21.5,base load,sink,0.2923849113780247
2025-07-09T21:45:00.0,21.75,base load,sink,0.28567132854680705
2025-07-09T22:00:00.0,22.0,base load,sink,0.21605822231503533
2025-07-09T22:15:00.0,22.25,base load,sink,0.1908915363468873
2025-07-09T22:30:00.0,22.5,base load,sink,0.1511191146837233
2025-07-09T22:45:00.0,22.75,base load,sink,0.13712858744299197
2025-07-09T23:00:00.0,23.0,base load,sink,0.1255240050750095
2025-07-09T23:15:00.0,23.25,base load,sink,0.14363192060066468
2025-07-09T23:30:00.0,23.5,base load,sink,0.13648425855549126
2025-07-09T23:45:00.0,23.75,base load,sink,0.14364826077247878
2025-07-10T00:00:00.0,24.0,base load,sink,0.13385484626411406
2025-07-10T00:15:00.0,24.25,base load,sink,0.13007626766793137
2025-07-10T00:30:00.0,24.5,base load,sink,0.13372896142150087
2025-07-10T00:45:00.0,24.75,base load,sink,0.11187320685044953
2025-07-10T01:00:00.0,25.0,base load,sink,0.11324074694125852
2025-07-10T01:15:00.0,25.25,base load,sink,0.12399974852518864
2025-07-10T01:30:00.0,25.5,base load,sink,0.10817970997586118
2025-07-10T01:45:00.0,25.75,base load,sink,0.1104436113209105
2025-07-10T02:00:00.0,26.0,base load,sink,0.11861852641584839
2025-07-10T02:15:00.0,26.25,base load,sink,0.1101618567032479
2025-07-10T02:30:00.0,26.5,base load,sink,0.1347590481931524
2025-07-10T02:45:00.0,26.75,base load,sink,0.12596672159284011
2025-07-10T03:00:00.0,27.0,base load,sink,0.1336870265648132
2025-07-10T03:15:00.0,27.25,base load,sink,0.11024472423613561
2025-07-10T03:30:00.0,27.5,base load,sink,0.13934460668063156
2025-07-10T03:45:00.0,27.75,base load,sink,0.12445130988146048
2025-07-10T04:00:00.0,28.0,base load,sink,0.11906402117148458
2025-07-10T04:15:00.0,28.25,base load,sink,0.11979572615292433
2025-07-10T04:30:00.0,28.5,base load,sink,0.1311293309394213
2025-07-10T04:45:00.0,28.75,base load,sink,0.13195535387268245
2025-07-10T05:00:00.0,29.0,base load,sink,0.14008018169729633
2025-07-10T05:15:00.0,29.25,base load,sink,0.14587353847881732
2025-07-10T05:30:00.0,29.5,base load,sink,0.2091392679637453
2025-07-10T05:45:00.0,29.75,base load,sink,0.22219836428034487
2025-07-10T06:00:00.0,30.0,base load,sink,0.25375678505341065
2025-07-10T06:15:00.0,30.25,base load,sink,0.4077798355087734
2025-07-10T06:30:00.0,30.5,base load,sink,0.4969377156832692
2025-07-10T06:45:00.0,30.75,base load,sink,0.4374274087819161
2025-07-10T07:00:00.0,31.0,base load,sink,0.512067173163476
2025-07-10T07:15:00.0,31.25,base load,sink,0.5821270265284175
2025-07-10T07:30:00.0,31.5,base load,sink,0.7317835277782311
2025-07-10T07:45:00.0,31.75,base load,sink,0.6918030799309672
2025-07-10T08:00:00.0,32.0,base load,sink,0.5256951310926248
2025-07-10T08:15:00.0,32.25,base load,sink,0.47996387429463677
2025-07-10T08:30:00.0,32.5,base load,sink,0.41683714743736394
2025-07-10T08:45:00.0,32.75,base load,sink,0.35405840555430784
2025-07-10T09:00:00.0,33.0,base load,sink,0.25340788473061715
2025-07-10T09:15:00.0,33.25,base load,sink,0.2176930507049268
2025-07-10T09:30:00.0,33.5,base load,sink,0.2072525349415547
2025-07-10T09:45:00.0,33.75,base load,sink,0.17253462643312892
2025-07-10T10:00:00.0,34.0,base load,sink,0.13519189841549134
2025-07-10T10:15:00.0,34.25,base load,sink,0.11730198325353608
2025-07-10T10:30:00.0,34.5,base load,sink,0.1402929310731231
2025-07-10T10:45:00.0,34.75,base load,sink,0.14171840780339862
2025-07-10T11:00:00.0,35.0,base load,sink,0.12385724871073361
2025-07-10T11:15:00.0,35.25,base load,sink,0.14438231907341056
2025-07-10T11:30:00.0,35.5,base load,sink,0.12776477137697748
2025-07-10T11:45:00.0,35.75,base load,sink,0.11182243900881988
2025-07-10T12:00:00.0,36.0,base load,sink,0.1286173896799595
2025-07-10T12:15:00.0,36.25,base load,sink,0.13386090052851546
2025-07-10T12:30:00.0,36.5,base load,sink,0.10855224547235294
2025-07-10T12:45:00.0,36.75,base load,sink,0.13165910922569854
2025-07-10T13:00:00.0,37.0,base load,sink,0.1115956657102938
2025-07-10T13:15:00.0,37.25,base load,sink,0.13353796672017018
2025-07-10T13:30:00.0,37.5,base load,sink,0.12397751428378724
2025-07-10T13:45:00.0,37.75,base load,sink,0.13442395503655052
2025-07-10T14:00:00.0,38.0,base load,sink,0.12671914423494307
2025-07-10T14:15:00.0,38.25,base load,sink,0.12956627020514225
2025-07-10T14:30:00.0,38.5,base load,sink,0.12834005254302347
2025-07-10T14:45:00.0,38.75,base load,sink,0.14850643121313095
2025-07-10T15:00:00.0,39.0,base load,sink,0.13748242610681813
2025-07-10T15:15:00.0,39.25,base load,sink,0.14913017956253433
2025-07-10T15:30:00.0,39.5,base load,sink,0.18558443358952773
2025-07-10T15:45:00.0,39.75,base load,sink,0.21859314380995196
2025-07-10T16:00:00.0,40.0,base load,sink,0.21389245797150086
2025-07-10T16:15:00.0,40.25,base load,sink,0.23618038478111034
2025-07-10T16:30:00.0,40.5,base load,sink,0.2783138007905991
2025-07-10T16:45:00.0,40.75,base load,sink,0.39960364388486286
2025-07-10T17:00:00.0,41.0,base load,sink,0.5044418737395313
2025-07-10T17:15:00.0,41.25,base load,sink,0.5681228914192961
2025-07-10T17:30:00.0,41.5,base load,sink,0.7415951981005309
2025-07-10T17:45:00.0,41.75,base load,sink,0.7938535331222133
2025-07-10T18:00:00.0,42.0,base load,sink,0.8660866913394643
2025-07-10T18:15:00.0,42.25,base load,sink,0.9656684976916816
2025-07-10T18:30:00.0,42.5,base load,sink,1.0174956958886048
2025-07-10T18:45:00.0,42.75,base load,sink,1.1286519440240927
2025-07-10T19:00:00.0,43.0,base load,sink,1.1934720098837663
2025-07-10T19:15:00.0,43.25,base load,sink,1.106227354787482
2025-07-10T19:30:00.0,43.5,base load,sink,1.0972592431273382
2025-07-10T19:45:00.0,43.75,base load,sink,0.9161141456295284
2025-07-10T20:00:00.0,44.0,base load,sink,0.8265349058974513
2025-07-10T20:15:00.0,44.25,base load,sink,0.7080862531044299
2025-07-10T20:30:00.0,44.5,base load,sink,0.684300470179884
2025-07-10T20:45:00.0,44.75,base load,sink,0.527497156723865
2025-07-10T21:00:00.0,45.0,base load,sink,0.4156775445264696
2025-07-10T21:15:00.0,45.25,base load,sink,0.4029847446168367
2025-07-10T21:30:00.0,45.5,base load,sink,0.30240283028283643
2025-07-10T21:45:00.0,45.75,base load,sink,0.23497586190934971
2025-07-10T22:00:00.0,46.0,base load,sink,0.2399926176205925
2025-07-10T22:15:00.0,46.25,base load,sink,0.19792794381731196
2025-07-10T22:30:00.0,46.5,base load,sink,0.18471417632059944
2025-07-10T22:45:00.0,46.75,base load,sink,0.15057810803709334
2025-07-10T23:00:00.0,47.0,base load,sink,0.1243003462076755
2025-07-10T23:15:00.0,47.25,base load,sink,0.11632324601287654
2025-07-10T23:30:00.0,47.5,base load,sink,0.1447161332203783
2025-07-10T23:45:00.0,47.75,base load,sink,0.11083305211958215
2025-07-11T00:00:00.0,48.0,base load,sink,0.12217766477997438
2025-07-11T00:15:00.0,48.25,base load,sink,0.13175868975813534
2025-07-11T00:30:00.0,48.5,base load,sink,0.13656794966042998
2025-07-11T00:45:00.0,48.75,base load,sink,0.1331445986838484
2025-07-11T01:00:00.0,49.0,base load,sink,0.1291873662680488
2025-07-11T01:15:00.0,49.25,base load,sink,0.13739025119740428
2025-07-11T01:30:00.0,49.5,base load,sink,0.14274092391836612
2025-07-11T01:45:00.0,49.75,base load,sink,0.11307879226599687
2025-07-11T02:00:00.0,50.0,base load,sink,0.14435286114620824
2025-07-11T02:15:00.0,50.25,base load,sink,0.12449401454256144
2025-07-11T02:30:00.0,50.5,base load,sink,0.1224783266138113
2025-07-11T02:45:00.0,50.75,base load,sink,0.11179527922833887
2025-07-11T03:00:00.0,51.0,base load,sink,0.12644038768844926
2025-07-11T03:15:00.0,51.25,base load,sink,0.11193800465800803
2025-07-11T03:30:00.0,51.5,base load,sink,0.1215321847587684
2025-07-11T03:45:00.0,51.75,base load,sink,0.13533735691564117
2025-07-11T04:00:00.0,52.0,base load,sink,0.13271694460272704
2025-07-11T04:15:00.0,52.25,base load,sink,0.12124761629232286
2025-07-11T04:30:00.0,52.5,base load,sink,0.13253363382120933
2025-07-11T04:45:00.0,52.75,base load,sink,0.1433929589351629
2025-07-11T05:00:00.0,53.0,base load,sink,0.16207103779825088
2025-07-11T05:15:00.0,53.25,base load,sink,0.16599691852865245
2025-07-11T05:30:00.0,53.5,base load,sink,0.1842797468818981
2025-07-11T05:45:00.0,53.75,base load,sink,0.24047330665986463
2025-07-11T06:00:00.0,54.0,base load,sink,0.3043949957322426
2025-07-11T06:15:00.0,54.25,base load,sink,0.31796341105760034
2025-07-11T06:30:00.0,54.5,base load,sink,0.4401354266742309
2025-07-11T06:45:00.0,54.75,base load,sink,0.4910497786061504
2025-07-11T07:00:00.0,55.0,base load,sink,0.6441269690764767
2025-07-11T07:15:00.0,55.25,base load,sink,0.5845943170851617
2025-07-11T07:30:00.0,55.5,base load,sink,0.660256230336352
2025-07-11T07:45:00.0,55.75,base load,sink,0.6680132384777894
2025-07-11T08:00:00.0,56.0,base load,sink,0.6453215525746503
2025-07-11T08:15:00.0,56.25,base load,sink,0.5052907514145983
2025-07-11T08:30:00.0,56.5,base load,sink,0.4706871104904559
2025-07-11T08:45:00.0,56.75,base load,sink,0.4138019338661959
2025-07-11T09:00:00.0,57.0,base load,sink,0.2541758741025173
2025-07-11T09:15:00.0,57.25,base load,sink,0.27092853335863254
2025-07-11T09:30:00.0,57.5,base load,sink,0.22321056041572865
2025-07-11T09:45:00.0,57.75,base load,sink,0.15718475575120805
2025-07-11T10:00:00.0,58.0,base load,sink,0.14962888140355163
2025-07-11T10:15:00.0,58.25,base load,sink,0.13315218918624996
2025-07-11T10:30:00.0,58.5,base load,sink,0.1424738590650499
2025-07-11T10:45:00.0,58.75,base load,sink,0.11978727321558207
2025-07-11T11:00:00.0,59.0,base load,sink,0.13058100021569832
2025-07-11T11:15:00.0,59.25,base load,sink,0.13175144564306837
2025-07-11T11:30:00.0,59.5,base load,sink,0.13243016055500323
2025-07-11T11:45:00.0,59.75,base load,sink,0.12802831844953622
2025-07-11T12:00:00.0,60.0,base load,sink,0.13845239998626532
2025-07-11T12:15:00.0,60.25,base load,sink,0.11162626629629865
2025-07-11T12:30:00.0,60.5,base load,sink,0.12714978369606814
2025-07-11T12:45:00.0,60.75,base load,sink,0.11201622473874615
2025-07-11T13:00:00.0,61.0,base load,sink,0.13751404827272612
2025-07-11T13:15:00.0,61.25,base load,sink,0.13856994005751389
2025-07-11T13:30:00.0,61.5,base load,sink,0.13870154668344517
2025-07-11T13:45:00.0,61.75,base load,sink,0.12557315145728157
2025-07-11T14:00:00.0,62.0,base load,sink,0.13960789829896497
2025-07-11T14:15:00.0,62.25,base load,sink,0.1332504510116927
2025-07-11T14:30:00.0,62.5,base load,sink,0.1389937028021062
2025-07-11T14:45:00.0,62.75,base load,sink,0.12123377566670894
2025-07-11T15:00:00.0,63.0,base load,sink,0.14511658440405825
2025-07-11T15:15:00.0,63.25,base load,sink,0.141243134835948
2025-07-11T15:30:00.0,63.5,base load,sink,0.16202004181656274
2025-07-11T15:45:00.0,63.75,base load,sink,0.19899073760740876
2025-07-11T16:00:00.0,64.0,base load,sink,0.215247520082052
2025-07-11T16:15:00.0,64.25,base load,sink,0.25090699868367616
2025-07-11T16:30:00.0,64.5,base load,sink,0.2995018420139377
2025-07-11T16:45:00.0,64.75,base load,sink,0.3639775207325435
2025-07-11T17:00:00.0,65.0,base load,sink,0.46464410115092203
2025-07-11T17:15:00.0,65.25,base load,sink,0.5486026535561245
2025-07-11T17:30:00.0,65.5,base load,sink,0.5582893495447031
2025-07-11T17:45:00.0,65.75,base load,sink,0.7419028794586824
2025-07-11T18:00:00.0,66.0,base load,sink,0.8125515609608266
2025-07-11T18:15:00.0,66.25,base load,sink,0.8963050829034858
2025-07-11T18:30:00.0,66.5,base load,sink,1.1257380153115222
2025-07-11T18:45:00.0,66.75,base load,sink,0.9838015286965894
2025-07-11T19:00:00.0,67.0,base load,sink,1.05902749284086
2025-07-11T19:15:00.0,67.25,base load,sink,0.9756970108273784
2025-07-11T19:30:00.0,67.5,base load,sink,0.9575956116001048
2025-07-11T19:45:00.0,67.75,base load,sink,0.8061181445766351
2025-07-11T20:00:00.0,68.0,base load,sink,0.8883138558581339
2025-07-11T20:15:00.0,68.25,base load,sink,0.7917278602412928
2025-07-11T20:30:00.0,68.5,base load,sink,0.7060184874488353
2025-07-11T20:45:00.0,68.75,base load,sink,0.5026602484464958
2025-07-11T21:00:00.0,69.0,base load,sink,0.521444888209731
2025-07-11T21:15:00.0,69.25,base load,sink,0.43733665645669917
2025-07-11T21:30:00.0,69.5,base load,sink,0.3342678335882115
2025-07-11T21:45:00.0,69.75,base load,sink,0.29180291494888977
2025-07-11T22:00:00.0,70.0,base load,sink,0.20087143132415092
2025-07-11T22:15:00.0,70.25,base load,sink,0.20067989016496676
2025-07-11T22:30:00.0,70.5,base load,sink,0.15268871550998359
2025-07-11T22:45:00.0,70.75,base load,sink,0.17086670599194426
2025-07-11T23:00:00.0,71.0,base load,sink,0.12410426403662522
2025-07-11T23:15:00.0,71.25,base load,sink,0.14610028669080513
2025-07-11T23:30:00.0,71.5,base load,sink,0.12353729264899523
2025-07-11T23:45:00.0,71.75,base load,sink,0.13848463812686057
