timestamp,hour,series,direction,kw
2025-04-15T00:00:00.0,0.0,PV,source,0.0
2025-04-15T00:15:00.0,0.25,PV,source,0.0
2025-04-15T00:30:00.0,0.5,PV,source,0.0
2025-04-15T00:45:00.0,0.75,PV,source,0.0
2025-04-15T01:00:00.0,1.0,PV,source,0.0
2025-04-15T01:15:00.0,1.25,PV,source,0.0
2025-04-15T01:30:00.0,1.5,PV,source,0.0
2025-04-15T01:45:00.0,1.75,PV,source,0.0
2025-04-15T02:00:00.0,2.0,PV,source,0.0
2025-04-15T02:15:00.0,2.25,PV,source,0.0
2025-04-15T02:30:00.0,2.5,PV,source,0.0
2025-04-15T02:45:00.0,2.75,PV,source,0.0
2025-04-15T03:00:00.0,3.0,PV,source,0.0
2025-04-15T03:15:00.0,3.25,PV,source,0.0
2025-04-15T03:30:00.0,3.5,PV,source,0.0
2025-04-15T03:45:00.0,3.75,PV,source,0.0
2025-04-15T04:00:00.0,4.0,PV,source,7.845237912519433e-5
2025-04-15T04:15:00.0,4.25,PV,source,7.847197580967516e-5
2025-04-15T04:30:00.0,4.5,PV,source,7.8491572494156e-5
2025-04-15T04:45:00.0,4.75,PV,source,0.0029995515712620178
2025-04-15T05:00:00.0,5.0,PV,source,0.0353952509050961
2025-04-15T05:15:00.0,5.25,PV,source,0.08737709373071204
2025-04-15T05:30:00.0,5.5,PV,source,0.19809744597410708
2025-04-15T05:45:00.0,5.75,PV,source,0.36489517493727563
2025-04-15T06:00:00.0,6.0,PV,source,0.5344341622373431
2025-04-15T06:15:00.0,6.25,PV,source,0.7357237443264312
2025-04-15T06:30:00.0,6.5,PV,source,0.9379418077678988
2025-04-15T06:45:00.0,6.75,PV,source,1.137823410580224
2025-04-15T07:00:00.0,7.0,PV,source,1.3817525301477094
2025-04-15T07:15:00.0,7.25,PV,source,1.5421312115124743
2025-04-15T07:30:00.0,7.5,PV,source,1.6842288629489772
2025-04-15T07:45:00.0,7.75,PV,source,1.8077676798128817
2025-04-15T08:00:00.0,8.0,PV,source,1.790032639491512
2025-04-15T08:15:00.0,8.25,PV,source,1.9454669442473116
2025-04-15T08:30:00.0,8.5,PV,source,2.095294651569295
2025-04-15T08:45:00.0,8.75,PV,source,2.2381240486488383
2025-04-15T09:00:00.0,9.0,PV,source,2.1817839605957263
2025-04-15T09:15:00.0,9.25,PV,source,2.4146135466310614
2025-04-15T09:30:00.0,9.5,PV,source,2.647434631298317
2025-04-15T09:45:00.0,9.75,PV,source,2.8773183590194
2025-04-15T10:00:00.0,10.0,PV,source,3.507333840962799
2025-04-15T10:15:00.0,10.25,PV,source,3.4829512857162115
2025-04-15T10:30:00.0,10.5,PV,source,3.439383779173366
2025-04-15T10:45:00.0,10.75,PV,source,3.377813006027847
2025-04-15T11:00:00.0,11.0,PV,source,3.2644833302622667
2025-04-15T11:15:00.0,11.25,PV,source,3.1825472716146206
2025-04-15T11:30:00.0,11.5,PV,source,3.087102093023509
2025-04-15T11:45:00.0,11.75,PV,source,2.979193381362174
2025-04-15T12:00:00.0,12.0,PV,source,2.7950213660677754
2025-04-15T12:15:00.0,12.25,PV,source,2.727846155370246
2025-04-15T12:30:00.0,12.5,PV,source,2.6493406518177687
2025-04-15T12:45:00.0,12.75,PV,source,2.5603003659256878
2025-04-15T13:00:00.0,13.0,PV,source,2.92660118268901
2025-04-15T13:15:00.0,13.25,PV,source,2.460998427245822
2025-04-15T13:30:00.0,13.5,PV,source,2.0125962836105047
2025-04-15T13:45:00.0,13.75,PV,source,1.590135397241162
2025-04-15T14:00:00.0,14.0,PV,source,0.9260495750250782
2025-04-15T14:15:00.0,14.25,PV,source,0.9173699625548365
2025-04-15T14:30:00.0,14.5,PV,source,0.9021677291081456
2025-04-15T14:45:00.0,14.75,PV,source,0.8801009180734933
2025-04-15T15:00:00.0,15.0,PV,source,1.254878388438657
2025-04-15T15:15:00.0,15.25,PV,source,0.9160074253866449
2025-04-15T15:30:00.0,15.5,PV,source,0.6208506849724766
2025-04-15T15:45:00.0,15.75,PV,source,0.369433669540936
2025-04-15T16:00:00.0,16.0,PV,source,0.11529538408030943
2025-04-15T16:15:00.0,16.25,PV,source,0.1302501329820385
2025-04-15T16:30:00.0,16.5,PV,source,0.1376073528112264
2025-04-15T16:45:00.0,16.75,PV,source,0.13728019820692214
2025-04-15T17:00:00.0,17.0,PV,source,0.27317419016291233
2025-04-15T17:15:00.0,17.25,PV,source,0.15219778860793345
2025-04-15T17:30:00.0,17.5,PV,source,0.06566121742915694
2025-04-15T17:45:00.0,17.75,PV,source,0.013574085770418985
2025-04-15T18:00:00.0,18.0,PV,source,0.019829127563080612
2025-04-15T18:15:00.0,18.25,PV,source,0.019845881117448557
2025-04-15T18:30:00.0,18.5,PV,source,0.0003874087628666899
2025-04-15T18:45:00.0,18.75,PV,source,0.000387735374274704
2025-04-15T19:00:00.0,19.0,PV,source,0.0
2025-04-15T19:15:00.0,19.25,PV,source,0.0
2025-04-15T19:30:00.0,19.5,PV,source,0.0
2025-04-15T19:45:00.0,19.75,PV,source,0.0
2025-04-15T20:00:00.0,20.0,PV,source,0.0
2025-04-15T20:15:00.0,20.25,PV,source,0.0
2025-04-15T20:30:00.0,20.5,PV,source,0.0
2025-04-15T20:45:00.0,20.75,PV,source,0.0
2025-04-15T21:00:00.0,21.0,PV,source,0.0
2025-04-15T21:15:00.0,21.25,PV,source,0.0
2025-04-15T21:30:00.0,21.5,PV,source,0.0
2025-04-15T21:45:00.0,21.75,PV,source,0.0
2025-04-15T22:00:00.0,22.0,PV,source,0.0
2025-04-15T22:15:00.0,22.25,PV,source,0.0
2025-04-15T22:30:00.0,22.5,PV,source,0.0
2025-04-15T22:45:00.0,22.75,PV,source,0.0
2025-04-15T23:00:00.0,23.0,PV,source,0.0
2025-04-15T23:15:00.0,23.25,PV,source,0.0
2025-04-15T23:30:00.0,23.5,PV,source,0.0
2025-04-15T23:45:00.0,23.75,PV,source,0.0
2025-04-16T00:00:00.0,24.0,PV,source,0.0
2025-04-16T00:15:00.0,24.25,PV,source,0.0
2025-04-16T00:30:00.0,24.5,PV,source,0.0
2025-04-16T00:45:00.0,24.75,PV,source,0.0
2025-04-16T01:00:00.0,25.0,PV,source,0.0
2025-04-16T01:15:00.0,25.25,PV,source,0.0
2025-04-16T01:30:00.0,25.5,PV,source,0.0
2025-04-16T01:45:00.0,25.75,PV,source,0.0
2025-04-16T02:00:00.0,26.0,PV,source,0.0
2025-04-16T02:15:00.0,26.25,PV,source,0.0
2025-04-16T02:30:00.0,26.5,PV,source,0.0
2025-04-16T02:45:00.0,26.75,PV,source,0.0
2025-04-16T03:00:00.0,27.0,PV,source,0.0
2025-04-16T03:15:00.0,27.25,PV,source,0.0
2025-04-16T03:30:00.0,27.5,PV,source,0.0
2025-04-16T03:45:00.0,27.75,PV,source,0.0
2025-04-16T04:00:00.0,28.0,PV,source,7.856995923207939e-5
2025-04-16T04:15:00.0,28.25,PV,source,7.861568482920136e-5
2025-04-16T04:30:00.0,28.5,PV,source,7.866141042632331e-5
2025-04-16T04:45:00.0,28.75,PV,source,0.003929616179704176
2025-04-16T05:00:00.0,29.0,PV,source,0.057720230544952573
2025-04-16T05:15:00.0,29.25,PV,source,0.13503368120522433
2025-04-16T05:30:00.0,29.5,PV,source,0.20580880687505496
2025-04-16T05:45:00.0,29.75,PV,source,0.25044560358468265
2025-04-16T06:00:00.0,30.0,PV,source,0.18365584927668957
2025-04-16T06:15:00.0,30.25,PV,source,0.2417563196357782
2025-04-16T06:30:00.0,30.5,PV,source,0.30524718500267445
2025-04-16T06:45:00.0,30.75,PV,source,0.3744623208239085
2025-04-16T07:00:00.0,31.0,PV,source,0.5088591144449663
2025-04-16T07:15:00.0,31.25,PV,source,0.566130351405484
2025-04-16T07:30:00.0,31.5,PV,source,0.6208282621251708
2025-04-16T07:45:00.0,31.75,PV,source,0.6727159289007927
2025-04-16T08:00:00.0,32.0,PV,source,0.8311894048974012
2025-04-16T08:15:00.0,32.25,PV,source,0.8095854618070911
2025-04-16T08:30:00.0,32.5,PV,source,0.7752352342588489
2025-04-16T08:45:00.0,32.75,PV,source,0.7286453218060522
2025-04-16T09:00:00.0,33.0,PV,source,0.5639692662337734
2025-04-16T09:15:00.0,33.25,PV,source,0.605673356468778
2025-04-16T09:30:00.0,33.5,PV,source,0.6465410084134273
2025-04-16T09:45:00.0,33.75,PV,source,0.6862752747273754
2025-04-16T10:00:00.0,34.0,PV,source,0.8274006016305561
2025-04-16T10:15:00.0,34.25,PV,source,0.7997339169143196
2025-04-16T10:30:00.0,34.5,PV,source,0.7675293924123872
2025-04-16T10:45:00.0,34.75,PV,source,0.7312619426171939
2025-04-16T11:00:00.0,35.0,PV,source,0.5495713044345172
2025-04-16T11:15:00.0,35.25,PV,source,0.6125454790937742
2025-04-16T11:30:00.0,35.5,PV,source,0.6741862776189488
2025-04-16T11:45:00.0,35.75,PV,source,0.7338277560603769
2025-04-16T12:00:00.0,36.0,PV,source,1.0121560467948634
2025-04-16T12:15:00.0,36.25,PV,source,0.9494100732841976
2025-04-16T12:30:00.0,36.5,PV,source,0.8847397403713656
2025-04-16T12:45:00.0,36.75,PV,source,0.8187675211288897
2025-04-16T13:00:00.0,37.0,PV,source,0.6511380794608657
2025-04-16T13:15:00.0,37.25,PV,source,0.6640504484290612
2025-04-16T13:30:00.0,37.5,PV,source,0.6772905916525476
2025-04-16T13:45:00.0,37.75,PV,source,0.6862943082918936
2025-04-16T14:00:00.0,38.0,PV,source,0.8578380302966587
2025-04-16T14:15:00.0,38.25,PV,source,0.7425896201637846
2025-04-16T14:30:00.0,38.5,PV,source,0.6336652153605624
2025-04-16T14:45:00.0,38.75,PV,source,0.5317569590916368
2025-04-16T15:00:00.0,39.0,PV,source,0.3886260332897422
2025-04-16T15:15:00.0,39.25,PV,source,0.3606248567634297
2025-04-16T15:30:00.0,39.5,PV,source,0.3316013095697669
2025-04-16T15:45:00.0,39.75,PV,source,0.3016927254414656
2025-04-16T16:00:00.0,40.0,PV,source,0.26666265366868364
2025-04-16T16:15:00.0,40.25,PV,source,0.23845114332187403
2025-04-16T16:30:00.0,40.5,PV,source,0.20917543576726869
2025-04-16T16:45:00.0,40.75,PV,source,0.17899356635250893
2025-04-16T17:00:00.0,41.0,PV,source,0.2154812196528111
2025-04-16T17:15:00.0,41.25,PV,source,0.12077877812967118
2025-04-16T17:30:00.0,41.5,PV,source,0.05266657599222887
2025-04-16T17:45:00.0,41.75,PV,source,0.011126714241814894
2025-04-16T18:00:00.0,42.0,PV,source,0.01207169924805516
2025-04-16T18:15:00.0,42.25,PV,source,0.012079740954151773
2025-04-16T18:30:00.0,42.5,PV,source,0.0002357187900333968
2025-04-16T18:45:00.0,42.75,PV,source,0.00023587556350924353
2025-04-16T19:00:00.0,43.0,PV,source,0.0
2025-04-16T19:15:00.0,43.25,PV,source,0.0
2025-04-16T19:30:00.0,43.5,PV,source,0.0
2025-04-16T19:45:00.0,43.75,PV,source,0.0
2025-04-16T20:00:00.0,44.0,PV,source,0.0
2025-04-16T20:15:00.0,44.25,PV,source,0.0
2025-04-16T20:30:00.0,44.5,PV,source,0.0
2025-04-16T20:45:00.0,44.75,PV,source,0.0
2025-04-16T21:00:00.0,45.0,PV,source,0.0
2025-04-16T21:15:00.0,45.25,PV,source,0.0
2025-04-16T21:30:00.0,45.5,PV,source,0.0
2025-04-16T21:45:00.0,45.75,PV,source,0.0
2025-04-16T22:00:00.0,46.0,PV,source,0.0
2025-04-16T22:15:00.0,46.25,PV,source,0.0
2025-04-16T22:30:00.0,46.5,PV,source,0.0
2025-04-16T22:45:00.0,46.75,PV,source,0.0
2025-04-16T23:00:00.0,47.0,PV,source,0.0
2025-04-16T23:15:00.0,47.25,PV,source,0.0
2025-04-16T23:30:00.0,47.5,PV,source,0.0
2025-04-16T23:45:00.0,47.75,PV,source,0.0
2025-04-17T00:00:00.0,48.0,PV,source,0.0
2025-04-17T00:15:00.0,48.25,PV,source,0.0
2025-04-17T00:30:00.0,48.5,PV,source,0.0
2025-04-17T00:45:00.0,48.75,PV,source,0.0
2025-04-17T01:00:00.0,49.0,PV,source,0.0
2025-04-17T01:15:00.0,49.25,PV,source,0.0
2025-04-17T01:30:00.0,49.5,PV,source,0.0
2025-04-17T01:45:00.0,49.75,PV,source,0.0
2025-04-17T02:00:00.0,50.0,PV,source,0.0
2025-04-17T02:15:00.0,50.25,PV,source,0.0
2025-04-17T02:30:00.0,50.5,PV,source,0.0
2025-04-17T02:45:00.0,50.75,PV,source,0.0
2025-04-17T03:00:00.0,51.0,PV,source,0.0
2025-04-17T03:15:00.0,51.25,PV,source,0.0
2025-04-17T03:30:00.0,51.5,PV,source,0.0
2025-04-17T03:45:00.0,51.75,PV,source,0.0
2025-04-17T04:00:00.0,52.0,PV,source,0.0
2025-04-17T04:15:00.0,52.25,PV,source,0.0
2025-04-17T04:30:00.0,52.5,PV,source,0.0
2025-04-17T04:45:00.0,52.75,PV,source,0.016200597441592537
2025-04-17T05:00:00.0,53.0,PV,source,0.017268224321167036
2025-04-17T05:15:00.0,53.25,PV,source,0.04035745023683542
2025-04-17T05:30:00.0,53.5,PV,source,0.06451794262444585
2025-04-17T05:45:00.0,53.75,PV,source,0.08791789007709988
2025-04-17T06:00:00.0,54.0,PV,source,0.08801859303561387
2025-04-17T06:15:00.0,54.25,PV,source,0.1207315051998408
2025-04-17T06:30:00.0,54.5,PV,source,0.15766677784109592
2025-04-17T06:45:00.0,54.75,PV,source,0.19850109692868917
2025-04-17T07:00:00.0,55.0,PV,source,0.28519573168577234
2025-04-17T07:15:00.0,55.25,PV,source,0.3222292955656177
2025-04-17T07:30:00.0,55.5,PV,source,0.35924480637704304
2025-04-17T07:45:00.0,55.75,PV,source,0.39604052588091093
2025-04-17T08:00:00.0,56.0,PV,source,0.37879587056463504
2025-04-17T08:15:00.0,56.25,PV,source,0.44801897913259225
2025-04-17T08:30:00.0,56.5,PV,source,0.521725232915717
2025-04-17T08:45:00.0,56.75,PV,source,0.6011659460191731
2025-04-17T09:00:00.0,57.0,PV,source,0.9243820104667135
2025-04-17T09:15:00.0,57.25,PV,source,0.8920788480013219
2025-04-17T09:30:00.0,57.5,PV,source,0.8519291992382028
2025-04-17T09:45:00.0,57.75,PV,source,0.8047243482331413
2025-04-17T10:00:00.0,58.0,PV,source,0.6822892188341348
2025-04-17T10:15:00.0,58.25,PV,source,0.6921439054428304
2025-04-17T10:30:00.0,58.5,PV,source,0.6995378659564042
2025-04-17T10:45:00.0,58.75,PV,source,0.7044995205880283
2025-04-17T11:00:00.0,59.0,PV,source,0.6442256818231219
2025-04-17T11:15:00.0,59.25,PV,source,0.6853155799435853
2025-04-17T11:30:00.0,59.5,PV,source,0.7241580897558143
2025-04-17T11:45:00.0,59.75,PV,source,0.7603438040381594
2025-04-17T12:00:00.0,60.0,PV,source,1.054343510234375
2025-04-17T12:15:00.0,60.25,PV,source,0.919549283599548
2025-04-17T12:30:00.0,60.5,PV,source,0.7828975346414743
2025-04-17T12:45:00.0,60.75,PV,source,0.6458728093098257
2025-04-17T13:00:00.0,61.0,PV,source,0.42399880314190264
2025-04-17T13:15:00.0,61.25,PV,source,0.42537706637180317
2025-04-17T13:30:00.0,61.5,PV,source,0.42460463390991193
2025-04-17T13:45:00.0,61.75,PV,source,0.4215928127529428
2025-04-17T14:00:00.0,62.0,PV,source,0.4126080508957095
2025-04-17T14:15:00.0,62.25,PV,source,0.4087095709777666
2025-04-17T14:30:00.0,62.5,PV,source,0.40200949201298813
2025-04-17T14:45:00.0,62.75,PV,source,0.3924951601861437
2025-04-17T15:00:00.0,63.0,PV,source,0.4596331618998486
2025-04-17T15:15:00.0,63.25,PV,source,0.3888075415341234
2025-04-17T15:30:00.0,63.5,PV,source,0.3224412943668583
2025-04-17T15:45:00.0,63.75,PV,source,0.2610875620419594
2025-04-17T16:00:00.0,64.0,PV,source,0.1479476717265854
2025-04-17T16:15:00.0,64.25,PV,source,0.1549338579806507
2025-04-17T16:30:00.0,64.5,PV,source,0.1556399887989338
2025-04-17T16:45:00.0,64.75,PV,source,0.15002565400839926
2025-04-17T17:00:00.0,65.0,PV,source,0.25749092520420835
2025-04-17T17:15:00.0,65.25,PV,source,0.14520757513393395
2025-04-17T17:30:00.0,65.5,PV,source,0.06395989177395811
2025-04-17T17:45:00.0,65.75,PV,source,0.013780242388727583
2025-04-17T18:00:00.0,66.0,PV,source,0.012074714887841387
2025-04-17T18:15:00.0,66.25,PV,source,0.01208074616741385
2025-04-17T18:30:00.0,66.5,PV,source,0.00023569919334891597
2025-04-17T18:45:00.0,66.75,PV,source,0.00023581677345580105
2025-04-17T19:00:00.0,67.0,PV,source,0.0
2025-04-17T19:15:00.0,67.25,PV,source,0.0
2025-04-17T19:30:00.0,67.5,PV,source,0.0
2025-04-17T19:45:00.0,67.75,PV,source,0.0
2025-04-17T20:00:00.0,68.0,PV,source,0.0
2025-04-17T20:15:00.0,68.25,PV,source,0.0
2025-04-17T20:30:00.0,68.5,PV,source,0.0
2025-04-17T20:45:00.0,68.75,PV,source,0.0
2025-04-17T21:00:00.0,69.0,PV,source,0.0
2025-04-17T21:15:00.0,69.25,PV,source,0.0
2025-04-17T21:30:00.0,69.5,PV,source,0.0
2025-04-17T21:45:00.0,69.75,PV,source,0.0
2025-04-17T22:00:00.0,70.0,PV,source,0.0
2025-04-17T22:15:00.0,70.25,PV,source,0.0
2025-04-17T22:30:00.0,70.5,PV,source,0.0
2025-04-17T22:45:00.0,70.75,PV,source,0.0
2025-04-17T23:00:00.0,71.0,PV,source,0.0
2025-04-17T23:15:00.0,71.25,PV,source,0.0
2025-04-17T23:30:00.0,71.5,PV,source,0.0
2025-04-17T23:45:00.0,71.75,PV,source,0.0
2025-04-15T00:00:00.0,0.0,import,source,0.0
2025-04-15T00:15:00.0,0.25,import,source,0.0
2025-04-15T00:30:00.0,0.5,import,source,0.0
2025-04-15T00:45:00.0,0.75,import,source,0.0
2025-04-15T01:00:00.0,1.0,import,source,0.0
2025-04-15T01:15:00.0,1.25,import,source,0.0
2025-04-15T01:30:00.0,1.5,import,source,0.0
2025-04-15T01:45:00.0,1.75,import,source,0.0
2025-04-15T02:00:00.0,2.0,import,source,0.0
2025-04-15T02:15:00.0,2.25,import,source,0.0
2025-04-15T02:30:00.0,2.5,import,source,0.0
2025-04-15T02:45:00.0,2.75,import,source,0.0
2025-04-15T03:00:00.0,3.0,import,source,0.1516283374465785
2025-04-15T03:15:00.0,3.25,import,source,3.215160738281116
2025-04-15T03:30:00.0,3.5,import,source,11.173440966888938
2025-04-15T03:45:00.0,3.75,import,source,11.135289235562519
2025-04-15T04:00:00.0,4.0,import,source,0.0
2025-04-15T04:15:00.0,4.25,import,source,0.0
2025-04-15T04:30:00.0,4.5,import,source,0.0
2025-04-15T04:45:00.0,4.75,import,source,0.0
2025-04-15T05:00:00.0,5.0,import,source,0.0
2025-04-15T05:15:00.0,5.25,import,source,0.0
2025-04-15T05:30:00.0,5.5,import,source,0.0
2025-04-15T05:45:00.0,5.75,import,source,0.0
2025-04-15T06:00:00.0,6.0,import,source,0.0
2025-04-15T06:15:00.0,6.25,import,source,0.0
2025-04-15T06:30:00.0,6.5,import,source,0.0
2025-04-15T06:45:00.0,6.75,import,source,0.0
2025-04-15T07:00:00.0,7.0,import,source,0.0
2025-04-15T07:15:00.0,7.25,import,source,0.0
2025-04-15T07:30:00.0,7.5,import,source,0.0
2025-04-15T07:45:00.0,7.75,import,source,0.0
2025-04-15T08:00:00.0,8.0,import,source,0.0
2025-04-15T08:15:00.0,8.25,import,source,0.0
2025-04-15T08:30:00.0,8.5,import,source,0.0
2025-04-15T08:45:00.0,8.75,import,source,0.0
2025-04-15T09:00:00.0,9.0,import,source,0.0
2025-04-15T09:15:00.0,9.25,import,source,0.0
2025-04-15T09:30:00.0,9.5,import,source,0.0
2025-04-15T09:45:00.0,9.75,import,source,0.0
2025-04-15T10:00:00.0,10.0,import,source,0.0
2025-04-15T10:15:00.0,10.25,import,source,0.0
2025-04-15T10:30:00.0,10.5,import,source,0.0
2025-04-15T10:45:00.0,10.75,import,source,0.0
2025-04-15T11:00:00.0,11.0,import,source,0.0
2025-04-15T11:15:00.0,11.25,import,source,0.0
2025-04-15T11:30:00.0,11.5,import,source,0.0
2025-04-15T11:45:00.0,11.75,import,source,0.0
2025-04-15T12:00:00.0,12.0,import,source,0.0
2025-04-15T12:15:00.0,12.25,import,source,0.0
2025-04-15T12:30:00.0,12.5,import,source,0.0
2025-04-15T12:45:00.0,12.75,import,source,0.0
2025-04-15T13:00:00.0,13.0,import,source,0.0
2025-04-15T13:15:00.0,13.25,import,source,0.0
2025-04-15T13:30:00.0,13.5,import,source,0.0
2025-04-15T13:45:00.0,13.75,import,source,0.0
2025-04-15T14:00:00.0,14.0,import,source,0.0
2025-04-15T14:15:00.0,14.25,import,source,0.0
2025-04-15T14:30:00.0,14.5,import,source,0.0
2025-04-15T14:45:00.0,14.75,import,source,0.0
2025-04-15T15:00:00.0,15.0,import,source,0.0
2025-04-15T15:15:00.0,15.25,import,source,0.0
2025-04-15T15:30:00.0,15.5,import,source,0.0
2025-04-15T15:45:00.0,15.75,import,source,0.0
2025-04-15T16:00:00.0,16.0,import,source,0.0
2025-04-15T16:15:00.0,16.25,import,source,0.0
2025-04-15T16:30:00.0,16.5,import,source,0.0
2025-04-15T16:45:00.0,16.75,import,source,0.0
2025-04-15T17:00:00.0,17.0,import,source,0.0
2025-04-15T17:15:00.0,17.25,import,source,0.0
2025-04-15T17:30:00.0,17.5,import,source,0.0
2025-04-15T17:45:00.0,17.75,import,source,0.0
2025-04-15T18:00:00.0,18.0,import,source,0.0
2025-04-15T18:15:00.0,18.25,import,source,0.0
2025-04-15T18:30:00.0,18.5,import,source,0.0
2025-04-15T18:45:00.0,18.75,import,source,0.0
2025-04-15T19:00:00.0,19.0,import,source,0.0
2025-04-15T19:15:00.0,19.25,import,source,0.0
2025-04-15T19:30:00.0,19.5,import,source,0.0
2025-04-15T19:45:00.0,19.75,import,source,0.0
2025-04-15T20:00:00.0,20.0,import,source,0.0
2025-04-15T20:15:00.0,20.25,import,source,0.0
2025-04-15T20:30:00.0,20.5,import,source,0.0
2025-04-15T20:45:00.0,20.75,import,source,0.0
2025-04-15T21:00:00.0,21.0,import,source,0.0
2025-04-15T21:15:00.0,21.25,import,source,0.0
2025-04-15T21:30:00.0,21.5,import,source,0.0
2025-04-15T21:45:00.0,21.75,import,source,0.0
2025-04-15T22:00:00.0,22.0,import,source,0.0
2025-04-15T22:15:00.0,22.25,import,source,0.0
2025-04-15T22:30:00.0,22.5,import,source,0.0
2025-04-15T22:45:00.0,22.75,import,source,0.0
2025-04-15T23:00:00.0,23.0,import,source,0.0
2025-04-15T23:15:00.0,23.25,import,source,0.0
2025-04-15T23:30:00.0,23.5,import,source,0.0
2025-04-15T23:45:00.0,23.75,import,source,0.0
2025-04-16T00:00:00.0,24.0,import,source,0.0
2025-04-16T00:15:00.0,24.25,import,source,0.0
2025-04-16T00:30:00.0,24.5,import,source,0.0
2025-04-16T00:45:00.0,24.75,import,source,0.0
2025-04-16T01:00:00.0,25.0,import,source,0.13104575389482598
2025-04-16T01:15:00.0,25.25,import,source,0.15812456017573756
2025-04-16T01:30:00.0,25.5,import,source,0.17296597871527228
2025-04-16T01:45:00.0,25.75,import,source,0.17178040821027968
2025-04-16T02:00:00.0,26.0,import,source,11.14362341634658
2025-04-16T02:15:00.0,26.25,import,source,9.45245330692304
2025-04-16T02:30:00.0,26.5,import,source,0.1343417731792687
2025-04-16T02:45:00.0,26.75,import,source,11.166945521449223
2025-04-16T03:00:00.0,27.0,import,source,0.0
2025-04-16T03:15:00.0,27.25,import,source,0.0
2025-04-16T03:30:00.0,27.5,import,source,0.0
2025-04-16T03:45:00.0,27.75,import,source,0.0
2025-04-16T04:00:00.0,28.0,import,source,0.0
2025-04-16T04:15:00.0,28.25,import,source,0.0
2025-04-16T04:30:00.0,28.5,import,source,0.0
2025-04-16T04:45:00.0,28.75,import,source,0.0
2025-04-16T05:00:00.0,29.0,import,source,0.0
2025-04-16T05:15:00.0,29.25,import,source,0.0
2025-04-16T05:30:00.0,29.5,import,source,0.0
2025-04-16T05:45:00.0,29.75,import,source,0.0
2025-04-16T06:00:00.0,30.0,import,source,0.0
2025-04-16T06:15:00.0,30.25,import,source,0.0
2025-04-16T06:30:00.0,30.5,import,source,0.0
2025-04-16T06:45:00.0,30.75,import,source,0.0
2025-04-16T07:00:00.0,31.0,import,source,0.0
2025-04-16T07:15:00.0,31.25,import,source,0.0
2025-04-16T07:30:00.0,31.5,import,source,0.0
2025-04-16T07:45:00.0,31.75,import,source,0.0
2025-04-16T08:00:00.0,32.0,import,source,0.0
2025-04-16T08:15:00.0,32.25,import,source,0.0
2025-04-16T08:30:00.0,32.5,import,source,0.0
2025-04-16T08:45:00.0,32.75,import,source,0.0
2025-04-16T09:00:00.0,33.0,import,source,0.0
2025-04-16T09:15:00.0,33.25,import,source,0.0
2025-04-16T09:30:00.0,33.5,import,source,0.0
2025-04-16T09:45:00.0,33.75,import,source,0.0
2025-04-16T10:00:00.0,34.0,import,source,0.0
2025-04-16T10:15:00.0,34.25,import,source,0.0
2025-04-16T10:30:00.0,34.5,import,source,0.0
2025-04-16T10:45:00.0,34.75,import,source,0.0
2025-04-16T11:00:00.0,35.0,import,source,4.607282895007229
2025-04-16T11:15:00.0,35.25,import,source,4.541109870784138
2025-04-16T11:30:00.0,35.5,import,source,4.475228666292597
2025-04-16T11:45:00.0,35.75,import,source,4.4189502614068275
2025-04-16T12:00:00.0,36.0,import,source,0.0
2025-04-16T12:15:00.0,36.25,import,source,0.0
2025-04-16T12:30:00.0,36.5,import,source,2.3551912114167775
2025-04-16T12:45:00.0,36.75,import,source,4.354474018028709
2025-04-16T13:00:00.0,37.0,import,source,0.0
2025-04-16T13:15:00.0,37.25,import,source,0.0
2025-04-16T13:30:00.0,37.5,import,source,0.0
2025-04-16T13:45:00.0,37.75,import,source,0.0
2025-04-16T14:00:00.0,38.0,import,source,0.0
2025-04-16T14:15:00.0,38.25,import,source,0.0
2025-04-16T14:30:00.0,38.5,import,source,0.0
2025-04-16T14:45:00.0,38.75,import,source,0.0
2025-04-16T15:00:00.0,39.0,import,source,0.0
2025-04-16T15:15:00.0,39.25,import,source,0.0
2025-04-16T15:30:00.0,39.5,import,source,0.0
2025-04-16T15:45:00.0,39.75,import,source,0.0
2025-04-16T16:00:00.0,40.0,import,source,0.0
2025-04-16T16:15:00.0,40.25,import,source,0.0
2025-04-16T16:30:00.0,40.5,import,source,0.0
2025-04-16T16:45:00.0,40.75,import,source,0.0
2025-04-16T17:00:00.0,41.0,import,source,0.0
2025-04-16T17:15:00.0,41.25,import,source,0.0
2025-04-16T17:30:00.0,41.5,import,source,0.0
2025-04-16T17:45:00.0,41.75,import,source,0.0
2025-04-16T18:00:00.0,42.0,import,source,0.0
2025-04-16T18:15:00.0,42.25,import,source,0.0
2025-04-16T18:30:00.0,42.5,import,source,0.0
2025-04-16T18:45:00.0,42.75,import,source,0.0
2025-04-16T19:00:00.0,43.0,import,source,0.0
2025-04-16T19:15:00.0,43.25,import,source,0.0
2025-04-16T19:30:00.0,43.5,import,source,0.0
2025-04-16T19:45:00.0,43.75,import,source,0.0
2025-04-16T20:00:00.0,44.0,import,source,0.0
2025-04-16T20:15:00.0,44.25,import,source,0.0
2025-04-16T20:30:00.0,44.5,import,source,0.0
2025-04-16T20:45:00.0,44.75,import,source,0.0
2025-04-16T21:00:00.0,45.0,import,source,0.0
2025-04-16T21:15:00.0,45.25,import,source,0.0
2025-04-16T21:30:00.0,45.5,import,source,0.0
2025-04-16T21:45:00.0,45.75,import,source,0.0
2025-04-16T22:00:00.0,46.0,import,source,0.0
2025-04-16T22:15:00.0,46.25,import,source,0.0
2025-04-16T22:30:00.0,46.5,import,source,0.199426724583583
2025-04-16T22:45:00.0,46.75,import,source,0.16938850526688012
2025-04-16T23:00:00.0,47.0,import,source,0.1569808543736043
2025-04-16T23:15:00.0,47.25,import,source,0.15161120744055726
2025-04-16T23:30:00.0,47.5,import,source,0.14193299360684436
2025-04-16T23:45:00.0,47.75,import,source,0.1337800436193242
2025-04-17T00:00:00.0,48.0,import,source,0.16923580872385266
2025-04-17T00:15:00.0,48.25,import,source,0.15661057960981453
2025-04-17T00:30:00.0,48.5,import,source,0.14123289502634503
2025-04-17T00:45:00.0,48.75,import,source,0.15704687879123594
2025-04-17T01:00:00.0,49.0,import,source,3.884979131178013
2025-04-17T01:15:00.0,49.25,import,source,11.172321950990826
2025-04-17T01:30:00.0,49.5,import,source,11.146577005594997
2025-04-17T01:45:00.0,49.75,import,source,11.174822671455097
2025-04-17T02:00:00.0,50.0,import,source,0.1744047314932952
2025-04-17T02:15:00.0,50.25,import,source,0.13984420630625735
2025-04-17T02:30:00.0,50.5,import,source,0.15827236604235703
2025-04-17T02:45:00.0,50.75,import,source,0.15186367761747047
2025-04-17T03:00:00.0,51.0,import,source,0.13389950640282045
2025-04-17T03:15:00.0,51.25,import,source,0.17079929878806013
2025-04-17T03:30:00.0,51.5,import,source,0.13212955375403698
2025-04-17T03:45:00.0,51.75,import,source,0.15931081646611675
2025-04-17T04:00:00.0,52.0,import,source,0.0
2025-04-17T04:15:00.0,52.25,import,source,0.0
2025-04-17T04:30:00.0,52.5,import,source,0.0
2025-04-17T04:45:00.0,52.75,import,source,0.0
2025-04-17T05:00:00.0,53.0,import,source,0.0
2025-04-17T05:15:00.0,53.25,import,source,0.0
2025-04-17T05:30:00.0,53.5,import,source,0.0
2025-04-17T05:45:00.0,53.75,import,source,0.0
2025-04-17T06:00:00.0,54.0,import,source,0.0
2025-04-17T06:15:00.0,54.25,import,source,0.0
2025-04-17T06:30:00.0,54.5,import,source,0.0
2025-04-17T06:45:00.0,54.75,import,source,0.0
2025-04-17T07:00:00.0,55.0,import,source,0.0
2025-04-17T07:15:00.0,55.25,import,source,0.0
2025-04-17T07:30:00.0,55.5,import,source,0.0
2025-04-17T07:45:00.0,55.75,import,source,0.0
2025-04-17T08:00:00.0,56.0,import,source,0.0
2025-04-17T08:15:00.0,56.25,import,source,0.0
2025-04-17T08:30:00.0,56.5,import,source,0.0
2025-04-17T08:45:00.0,56.75,import,source,0.0
2025-04-17T09:00:00.0,57.0,import,source,0.0
2025-04-17T09:15:00.0,57.25,import,source,0.0
2025-04-17T09:30:00.0,57.5,import,source,0.0
2025-04-17T09:45:00.0,57.75,import,source,0.0
2025-04-17T10:00:00.0,58.0,import,source,0.0
2025-04-17T10:15:00.0,58.25,import,source,0.0
2025-04-17T10:30:00.0,58.5,import,source,0.0
2025-04-17T10:45:00.0,58.75,import,source,0.0
2025-04-17T11:00:00.0,59.0,import,source,0.0
2025-04-17T11:15:00.0,59.25,import,source,0.0
2025-04-17T11:30:00.0,59.5,import,source,0.0
2025-04-17T11:45:00.0,59.75,import,source,0.0
2025-04-17T12:00:00.0,60.0,import,source,0.0
2025-04-17T12:15:00.0,60.25,import,source,0.0
2025-04-17T12:30:00.0,60.5,import,source,0.0
2025-04-17T12:45:00.0,60.75,import,source,0.0
2025-04-17T13:00:00.0,61.0,import,source,0.0
2025-04-17T13:15:00.0,61.25,import,source,0.0
2025-04-17T13:30:00.0,61.5,import,source,0.0
2025-04-17T13:45:00.0,61.75,import,source,0.0
2025-04-17T14:00:00.0,62.0,import,source,0.0
2025-04-17T14:15:00.0,62.25,import,source,0.0
2025-04-17T14:30:00.0,62.5,import,source,0.0
2025-04-17T14:45:00.0,62.75,import,source,0.0
2025-04-17T15:00:00.0,63.0,import,source,0.0
2025-04-17T15:15:00.0,63.25,import,source,0.0
2025-04-17T15:30:00.0,63.5,import,source,0.0
2025-04-17T15:45:00.0,63.75,import,source,0.0
2025-04-17T16:00:00.0,64.0,import,source,0.0
2025-04-17T16:15:00.0,64.25,import,source,0.0
2025-04-17T16:30:00.0,64.5,import,source,0.0
2025-04-17T16:45:00.0,64.75,import,source,0.0
2025-04-17T17:00:00.0,65.0,import,source,0.0
2025-04-17T17:15:00.0,65.25,import,source,0.0
2025-04-17T17:30:00.0,65.5,import,source,0.0
2025-04-17T17:45:00.0,65.75,import,source,0.0
2025-04-17T18:00:00.0,66.0,import,source,0.0
2025-04-17T18:15:00.0,66.25,import,source,0.0
2025-04-17T18:30:00.0,66.5,import,source,0.0
2025-04-17T18:45:00.0,66.75,import,source,0.0
2025-04-17T19:00:00.0,67.0,import,source,0.0
2025-04-17T19:15:00.0,67.25,import,source,0.0
2025-04-17T19:30:00.0,67.5,import,source,0.0
2025-04-17T19:45:00.0,67.75,import,source,0.0
2025-04-17T20:00:00.0,68.0,import,source,0.0
2025-04-17T20:15:00.0,68.25,import,source,0.7892460356843713
2025-04-17T20:30:00.0,68.5,import,source,0.8369497894433521
2025-04-17T20:45:00.0,68.75,import,source,0.3416062969002908
2025-04-17T21:00:00.0,69.0,import,source,0.503416906298994
2025-04-17T21:15:00.0,69.25,import,source,0.41073873072755446
2025-04-17T21:30:00.0,69.5,import,source,0.4432491280851383
2025-04-17T21:45:00.0,69.75,import,source,0.32033697891549945
2025-04-17T22:00:00.0,70.0,import,source,0.0
2025-04-17T22:15:00.0,70.25,import,source,0.0
2025-04-17T22:30:00.0,70.5,import,source,0.0
2025-04-17T22:45:00.0,70.75,import,source,0.0
2025-04-17T23:00:00.0,71.0,import,source,0.1961326630367586
2025-04-17T23:15:00.0,71.25,import,source,0.15680660810703323
2025-04-17T23:30:00.0,71.5,import,source,0.17984191085497733
2025-04-17T23:45:00.0,71.75,import,source,0.1341800558349078
2025-04-15T00:00:00.0,0.0,battery discharge,source,0.17317495481202225
2025-04-15T00:15:00.0,0.25,battery discharge,source,0.16336330567483381
2025-04-15T00:30:00.0,0.5,battery discharge,source,0.13764100544822183
2025-04-15T00:45:00.0,0.75,battery discharge,source,0.13386485897761438
2025-04-15T01:00:00.0,1.0,battery discharge,source,0.13390753847043993
2025-04-15T01:15:00.0,1.25,battery discharge,source,0.15886469053178429
2025-04-15T01:30:00.0,1.5,battery discharge,source,0.13554347043098727
2025-04-15T01:45:00.0,1.75,battery discharge,source,0.14142383831499883
2025-04-15T02:00:00.0,2.0,battery discharge,source,0.17075196585519414
2025-04-15T02:15:00.0,2.25,battery discharge,source,0.1642009985613635
2025-04-15T02:30:00.0,2.5,battery discharge,source,0.1328792131465802
2025-04-15T02:45:00.0,2.75,battery discharge,source,0.17530112055535316
2025-04-15T03:00:00.0,3.0,battery discharge,source,0.0
2025-04-15T03:15:00.0,3.25,battery discharge,source,0.0
2025-04-15T03:30:00.0,3.5,battery discharge,source,0.0
2025-04-15T03:45:00.0,3.75,battery discharge,source,0.0
2025-04-15T04:00:00.0,4.0,battery discharge,source,0.1376797120955819
2025-04-15T04:15:00.0,4.25,battery discharge,source,0.1501715779812279
2025-04-15T04:30:00.0,4.5,battery discharge,source,0.15012977030600602
2025-04-15T04:45:00.0,4.75,battery discharge,source,0.15878004270320137
2025-04-15T05:00:00.0,5.0,battery discharge,source,0.12697962481539582
2025-04-15T05:15:00.0,5.25,battery discharge,source,0.10060313169800489
2025-04-15T05:30:00.0,5.5,battery discharge,source,0.0134734593752803
2025-04-15T05:45:00.0,5.75,battery discharge,source,0.0
2025-04-15T06:00:00.0,6.0,battery discharge,source,0.0
2025-04-15T06:15:00.0,6.25,battery discharge,source,0.0
2025-04-15T06:30:00.0,6.5,battery discharge,source,0.0
2025-04-15T06:45:00.0,6.75,battery discharge,source,0.0
2025-04-15T07:00:00.0,7.0,battery discharge,source,0.0
2025-04-15T07:15:00.0,7.25,battery discharge,source,0.0
2025-04-15T07:30:00.0,7.5,battery discharge,source,0.0
2025-04-15T07:45:00.0,7.75,battery discharge,source,0.0
2025-04-15T08:00:00.0,8.0,battery discharge,source,0.0
2025-04-15T08:15:00.0,8.25,battery discharge,source,0.0
2025-04-15T08:30:00.0,8.5,battery discharge,source,0.0
2025-04-15T08:45:00.0,8.75,battery discharge,source,0.0
2025-04-15T09:00:00.0,9.0,battery discharge,source,0.0
2025-04-15T09:15:00.0,9.25,battery discharge,source,0.0
2025-04-15T09:30:00.0,9.5,battery discharge,source,0.0
2025-04-15T09:45:00.0,9.75,battery discharge,source,0.0
2025-04-15T10:00:00.0,10.0,battery discharge,source,0.0
2025-04-15T10:15:00.0,10.25,battery discharge,source,0.0
2025-04-15T10:30:00.0,10.5,battery discharge,source,0.0
2025-04-15T10:45:00.0,10.75,battery discharge,source,0.0
2025-04-15T11:00:00.0,11.0,battery discharge,source,0.0
2025-04-15T11:15:00.0,11.25,battery discharge,source,0.0
2025-04-15T11:30:00.0,11.5,battery discharge,source,0.0
2025-04-15T11:45:00.0,11.75,battery discharge,source,0.0
2025-04-15T12:00:00.0,12.0,battery discharge,source,0.0
2025-04-15T12:15:00.0,12.25,battery discharge,source,0.0
2025-04-15T12:30:00.0,12.5,battery discharge,source,0.0
2025-04-15T12:45:00.0,12.75,battery discharge,source,0.0
2025-04-15T13:00:00.0,13.0,battery discharge,source,0.0
2025-04-15T13:15:00.0,13.25,battery discharge,source,0.0
2025-04-15T13:30:00.0,13.5,battery discharge,source,0.0
2025-04-15T13:45:00.0,13.75,battery discharge,source,0.0
2025-04-15T14:00:00.0,14.0,battery discharge,source,0.0
2025-04-15T14:15:00.0,14.25,battery discharge,source,0.0
2025-04-15T14:30:00.0,14.5,battery discharge,source,0.0
2025-04-15T14:45:00.0,14.75,battery discharge,source,0.0
2025-04-15T15:00:00.0,15.0,battery discharge,source,0.0
2025-04-15T15:15:00.0,15.25,battery discharge,source,0.0
2025-04-15T15:30:00.0,15.5,battery discharge,source,0.0
2025-04-15T15:45:00.0,15.75,battery discharge,source,0.0
2025-04-15T16:00:00.0,16.0,battery discharge,source,0.1888523254550551
2025-04-15T16:15:00.0,16.25,battery discharge,source,0.17055870399159354
2025-04-15T16:30:00.0,16.5,battery discharge,source,0.23652294204235405
2025-04-15T16:45:00.0,16.75,battery discharge,source,0.38327574431971334
2025-04-15T17:00:00.0,17.0,battery discharge,source,0.29426114700324923
2025-04-15T17:15:00.0,17.25,battery discharge,source,0.5864196936486618
2025-04-15T17:30:00.0,17.5,battery discharge,source,0.672730649654931
2025-04-15T17:45:00.0,17.75,battery discharge,source,5.0
2025-04-15T18:00:00.0,18.0,battery discharge,source,5.0
2025-04-15T18:15:00.0,18.25,battery discharge,source,1.5682755571409412
2025-04-15T18:30:00.0,18.5,battery discharge,source,4.957715047342159
2025-04-15T18:45:00.0,18.75,battery discharge,source,1.250843461976052
2025-04-15T19:00:00.0,19.0,battery discharge,source,1.4254999170743385
2025-04-15T19:15:00.0,19.25,battery discharge,source,1.3481884975705352
2025-04-15T19:30:00.0,19.5,battery discharge,source,1.2275465262589393
2025-04-15T19:45:00.0,19.75,battery discharge,source,1.0199853634201173
2025-04-15T20:00:00.0,20.0,battery discharge,source,0.9251642030631609
2025-04-15T20:15:00.0,20.25,battery discharge,source,1.0291631012072695
2025-04-15T20:30:00.0,20.5,battery discharge,source,0.7981040805780856
2025-04-15T20:45:00.0,20.75,battery discharge,source,0.5991448443671795
2025-04-15T21:00:00.0,21.0,battery discharge,source,0.48815632828846534
2025-04-15T21:15:00.0,21.25,battery discharge,source,0.5242154268691207
2025-04-15T21:30:00.0,21.5,battery discharge,source,0.41384860134720297
2025-04-15T21:45:00.0,21.75,battery discharge,source,0.3086173900841334
2025-04-15T22:00:00.0,22.0,battery discharge,source,0.2782954623898606
2025-04-15T22:15:00.0,22.25,battery discharge,source,0.24085089949520966
2025-04-15T22:30:00.0,22.5,battery discharge,source,0.20649011033701087
2025-04-15T22:45:00.0,22.75,battery discharge,source,0.16386739226815222
2025-04-15T23:00:00.0,23.0,battery discharge,source,0.19945451806146577
2025-04-15T23:15:00.0,23.25,battery discharge,source,0.16535757617273775
2025-04-15T23:30:00.0,23.5,battery discharge,source,0.1792488829835948
2025-04-15T23:45:00.0,23.75,battery discharge,source,0.17765820621631093
2025-04-16T00:00:00.0,24.0,battery discharge,source,0.17239416016539919
2025-04-16T00:15:00.0,24.25,battery discharge,source,0.1390973419399591
2025-04-16T00:30:00.0,24.5,battery discharge,source,0.17502482765875063
2025-04-16T00:45:00.0,24.75,battery discharge,source,0.15235825676611084
2025-04-16T01:00:00.0,25.0,battery discharge,source,0.0
2025-04-16T01:15:00.0,25.25,battery discharge,source,0.0
2025-04-16T01:30:00.0,25.5,battery discharge,source,0.0
2025-04-16T01:45:00.0,25.75,battery discharge,source,0.0
2025-04-16T02:00:00.0,26.0,battery discharge,source,0.0
2025-04-16T02:15:00.0,26.25,battery discharge,source,0.0
2025-04-16T02:30:00.0,26.5,battery discharge,source,0.0
2025-04-16T02:45:00.0,26.75,battery discharge,source,0.0
2025-04-16T03:00:00.0,27.0,battery discharge,source,0.17581539900373125
2025-04-16T03:15:00.0,27.25,battery discharge,source,0.1507127074368195
2025-04-16T03:30:00.0,27.5,battery discharge,source,0.13779891314791973
2025-04-16T03:45:00.0,27.75,battery discharge,source,0.15972819552404097
2025-04-16T04:00:00.0,28.0,battery discharge,source,0.1338308461462284
2025-04-16T04:15:00.0,28.25,battery discharge,source,0.13576898263474957
2025-04-16T04:30:00.0,28.5,battery discharge,source,0.1611104690104479
2025-04-16T04:45:00.0,28.75,battery discharge,source,0.15158885187981017
2025-04-16T05:00:00.0,29.0,battery discharge,source,0.12590050256752444
2025-04-16T05:15:00.0,29.25,battery discharge,source,0.07250792187112967
2025-04-16T05:30:00.0,29.5,battery discharge,source,0.0075698395371276705
2025-04-16T05:45:00.0,29.75,battery discharge,source,0.04158019089518594
2025-04-16T06:00:00.0,30.0,battery discharge,source,0.20367001375945845
2025-04-16T06:15:00.0,30.25,battery discharge,source,0.23674098923945652
2025-04-16T06:30:00.0,30.5,battery discharge,source,0.2299655221889646
2025-04-16T06:45:00.0,30.75,battery discharge,source,0.1925053888450171
2025-04-16T07:00:00.0,31.0,battery discharge,source,0.1401365108988648
2025-04-16T07:15:00.0,31.25,battery discharge,source,0.21181410834156567
2025-04-16T07:30:00.0,31.5,battery discharge,source,0.07415937624709223
2025-04-16T07:45:00.0,31.75,battery discharge,source,0.05599138267093362
2025-04-16T08:00:00.0,32.0,battery discharge,source,0.0
2025-04-16T08:15:00.0,32.25,battery discharge,source,0.0
2025-04-16T08:30:00.0,32.5,battery discharge,source,0.0
2025-04-16T08:45:00.0,32.75,battery discharge,source,0.0
2025-04-16T09:00:00.0,33.0,battery discharge,source,0.0
2025-04-16T09:15:00.0,33.25,battery discharge,source,0.0
2025-04-16T09:30:00.0,33.5,battery discharge,source,0.0
2025-04-16T09:45:00.0,33.75,battery discharge,source,0.0
2025-04-16T10:00:00.0,34.0,battery discharge,source,0.0
2025-04-16T10:15:00.0,34.25,battery discharge,source,0.0
2025-04-16T10:30:00.0,34.5,battery discharge,source,0.0
2025-04-16T10:45:00.0,34.75,battery discharge,source,0.0
2025-04-16T11:00:00.0,35.0,battery discharge,source,0.0
2025-04-16T11:15:00.0,35.25,battery discharge,source,0.0
2025-04-16T11:30:00.0,35.5,battery discharge,source,0.0
2025-04-16T11:45:00.0,35.75,battery discharge,source,0.0
2025-04-16T12:00:00.0,36.0,battery discharge,source,0.0
2025-04-16T12:15:00.0,36.25,battery discharge,source,0.0
2025-04-16T12:30:00.0,36.5,battery discharge,source,0.0
2025-04-16T12:45:00.0,36.75,battery discharge,source,0.0
2025-04-16T13:00:00.0,37.0,battery discharge,source,0.0
2025-04-16T13:15:00.0,37.25,battery discharge,source,0.0
2025-04-16T13:30:00.0,37.5,battery discharge,source,0.0
2025-04-16T13:45:00.0,37.75,battery discharge,source,0.0
2025-04-16T14:00:00.0,38.0,battery discharge,source,0.0
2025-04-16T14:15:00.0,38.25,battery discharge,source,0.0
2025-04-16T14:30:00.0,38.5,battery discharge,source,0.0
2025-04-16T14:45:00.0,38.75,battery discharge,source,0.0
2025-04-16T15:00:00.0,39.0,battery discharge,source,0.0
2025-04-16T15:15:00.0,39.25,battery discharge,source,0.0
2025-04-16T15:30:00.0,39.5,battery discharge,source,0.0
2025-04-16T15:45:00.0,39.75,battery discharge,source,0.0
2025-04-16T16:00:00.0,40.0,battery discharge,source,0.017681418541917626
2025-04-16T16:15:00.0,40.25,battery discharge,source,0.048981206758519275
2025-04-16T16:30:00.0,40.5,battery discharge,source,0.1765173544024554
2025-04-16T16:45:00.0,40.75,battery discharge,source,0.2883505516826568
2025-04-16T17:00:00.0,41.0,battery discharge,source,0.3352074403691073
2025-04-16T17:15:00.0,41.25,battery discharge,source,0.6386762581256167
2025-04-16T17:30:00.0,41.5,battery discharge,source,5.0
2025-04-16T17:45:00.0,41.75,battery discharge,source,0.8679219189414675
2025-04-16T18:00:00.0,42.0,battery discharge,source,1.0386197762321694
2025-04-16T18:15:00.0,42.25,battery discharge,source,0.9881492990872351
2025-04-16T18:30:00.0,42.5,battery discharge,source,3.796078780931059
2025-04-16T18:45:00.0,42.75,battery discharge,source,1.0868632441972694
2025-04-16T19:00:00.0,43.0,battery discharge,source,1.162479376325879
2025-04-16T19:15:00.0,43.25,battery discharge,source,1.1298926274619845
2025-04-16T19:30:00.0,43.5,battery discharge,source,1.1661035935126605
2025-04-16T19:45:00.0,43.75,battery discharge,source,1.214169940033987
2025-04-16T20:00:00.0,44.0,battery discharge,source,1.018812189530751
2025-04-16T20:15:00.0,44.25,battery discharge,source,0.8609227410618628
2025-04-16T20:30:00.0,44.5,battery discharge,source,0.7189127119838067
2025-04-16T20:45:00.0,44.75,battery discharge,source,0.6485440827779999
2025-04-16T21:00:00.0,45.0,battery discharge,source,0.5317275172400667
2025-04-16T21:15:00.0,45.25,battery discharge,source,0.42971123835124286
2025-04-16T21:30:00.0,45.5,battery discharge,source,0.3748628049703698
2025-04-16T21:45:00.0,45.75,battery discharge,source,0.3068512188533632
2025-04-16T22:00:00.0,46.0,battery discharge,source,0.25082259901198645
2025-04-16T22:15:00.0,46.25,battery discharge,source,0.23747274007844463
2025-04-16T22:30:00.0,46.5,battery discharge,source,0.0
2025-04-16T22:45:00.0,46.75,battery discharge,source,0.0
2025-04-16T23:00:00.0,47.0,battery discharge,source,0.0
2025-04-16T23:15:00.0,47.25,battery discharge,source,0.0
2025-04-16T23:30:00.0,47.5,battery discharge,source,0.0
2025-04-16T23:45:00.0,47.75,battery discharge,source,0.0
2025-04-17T00:00:00.0,48.0,battery discharge,source,0.0
2025-04-17T00:15:00.0,48.25,battery discharge,source,0.0
2025-04-17T00:30:00.0,48.5,battery discharge,source,0.0
2025-04-17T00:45:00.0,48.75,battery discharge,source,0.0
2025-04-17T01:00:00.0,49.0,battery discharge,source,0.0
2025-04-17T01:15:00.0,49.25,battery discharge,source,0.0
2025-04-17T01:30:00.0,49.5,battery discharge,source,0.0
2025-04-17T01:45:00.0,49.75,battery discharge,source,0.0
2025-04-17T02:00:00.0,50.0,battery discharge,source,0.0
2025-04-17T02:15:00.0,50.25,battery discharge,source,0.0
2025-04-17T02:30:00.0,50.5,battery discharge,source,0.0
2025-04-17T02:45:00.0,50.75,battery discharge,source,0.0
2025-04-17T03:00:00.0,51.0,battery discharge,source,0.0
2025-04-17T03:15:00.0,51.25,battery discharge,source,0.0
2025-04-17T03:30:00.0,51.5,battery discharge,source,0.0
2025-04-17T03:45:00.0,51.75,battery discharge,source,0.0
2025-04-17T04:00:00.0,52.0,battery discharge,source,0.16207389098255262
2025-04-17T04:15:00.0,52.25,battery discharge,source,0.16776577745357568
2025-04-17T04:30:00.0,52.5,battery discharge,source,0.1537708667375595
2025-04-17T04:45:00.0,52.75,battery discharge,source,0.1409443431796496
2025-04-17T05:00:00.0,53.0,battery discharge,source,0.16315020372150763
2025-04-17T05:15:00.0,53.25,battery discharge,source,0.16804685355353316
2025-04-17T05:30:00.0,53.5,battery discharge,source,0.18575143047678763
2025-04-17T05:45:00.0,53.75,battery discharge,source,0.22208781394819588
2025-04-17T06:00:00.0,54.0,battery discharge,source,0.24327732059033358
2025-04-17T06:15:00.0,54.25,battery discharge,source,0.3196458090455686
2025-04-17T06:30:00.0,54.5,battery discharge,source,0.38364624051012886
2025-04-17T06:45:00.0,54.75,battery discharge,source,0.49251473222319236
2025-04-17T07:00:00.0,55.0,battery discharge,source,0.3180772404737792
2025-04-17T07:15:00.0,55.25,battery discharge,source,0.5185582636868062
2025-04-17T07:30:00.0,55.5,battery discharge,source,0.4261187615194906
2025-04-17T07:45:00.0,55.75,battery discharge,source,0.4549539637237428
2025-04-17T08:00:00.0,56.0,battery discharge,source,0.2735194196557631
2025-04-17T08:15:00.0,56.25,battery discharge,source,0.26085703433877006
2025-04-17T08:30:00.0,56.5,battery discharge,source,0.0
2025-04-17T08:45:00.0,56.75,battery discharge,source,0.0
2025-04-17T09:00:00.0,57.0,battery discharge,source,0.0
2025-04-17T09:15:00.0,57.25,battery discharge,source,0.0
2025-04-17T09:30:00.0,57.5,battery discharge,source,0.0
2025-04-17T09:45:00.0,57.75,battery discharge,source,0.0
2025-04-17T10:00:00.0,58.0,battery discharge,source,0.0
2025-04-17T10:15:00.0,58.25,battery discharge,source,0.0
2025-04-17T10:30:00.0,58.5,battery discharge,source,0.0
2025-04-17T10:45:00.0,58.75,battery discharge,source,0.0
2025-04-17T11:00:00.0,59.0,battery discharge,source,0.0
2025-04-17T11:15:00.0,59.25,battery discharge,source,0.0
2025-04-17T11:30:00.0,59.5,battery discharge,source,0.0
2025-04-17T11:45:00.0,59.75,battery discharge,source,0.0
2025-04-17T12:00:00.0,60.0,battery discharge,source,0.0
2025-04-17T12:15:00.0,60.25,battery discharge,source,0.0
2025-04-17T12:30:00.0,60.5,battery discharge,source,0.0
2025-04-17T12:45:00.0,60.75,battery discharge,source,0.0
2025-04-17T13:00:00.0,61.0,battery discharge,source,0.0
2025-04-17T13:15:00.0,61.25,battery discharge,source,0.0
2025-04-17T13:30:00.0,61.5,battery discharge,source,0.0
2025-04-17T13:45:00.0,61.75,battery discharge,source,0.0
2025-04-17T14:00:00.0,62.0,battery discharge,source,0.0
2025-04-17T14:15:00.0,62.25,battery discharge,source,0.0
2025-04-17T14:30:00.0,62.5,battery discharge,source,0.0
2025-04-17T14:45:00.0,62.75,battery discharge,source,0.0
2025-04-17T15:00:00.0,63.0,battery discharge,source,0.0
2025-04-17T15:15:00.0,63.25,battery discharge,source,0.0
2025-04-17T15:30:00.0,63.5,battery discharge,source,0.0
2025-04-17T15:45:00.0,63.75,battery discharge,source,0.0
2025-04-17T16:00:00.0,64.0,battery discharge,source,0.14384777736277837
2025-04-17T16:15:00.0,64.25,battery discharge,source,0.14855731558980875
2025-04-17T16:30:00.0,64.5,battery discharge,source,0.25769468573608256
2025-04-17T16:45:00.0,64.75,battery discharge,source,0.28533830105856295
2025-04-17T17:00:00.0,65.0,battery discharge,source,0.24123162619001348
2025-04-17T17:15:00.0,65.25,battery discharge,source,0.451518524677575
2025-04-17T17:30:00.0,65.5,battery discharge,source,0.6264611419127769
2025-04-17T17:45:00.0,65.75,battery discharge,source,0.9533112312008725
2025-04-17T18:00:00.0,66.0,battery discharge,source,0.864956684814104
2025-04-17T18:15:00.0,66.25,battery discharge,source,1.1944853159778444
2025-04-17T18:30:00.0,66.5,battery discharge,source,1.349287285731531
2025-04-17T18:45:00.0,66.75,battery discharge,source,1.0657775601322008
2025-04-17T19:00:00.0,67.0,battery discharge,source,1.2466825964955368
2025-04-17T19:15:00.0,67.25,battery discharge,source,1.222040941687238
2025-04-17T19:30:00.0,67.5,battery discharge,source,1.3304335936679086
2025-04-17T19:45:00.0,67.75,battery discharge,source,1.059255987030917
2025-04-17T20:00:00.0,68.0,battery discharge,source,1.151367084395585
2025-04-17T20:15:00.0,68.25,battery discharge,source,0.0
2025-04-17T20:30:00.0,68.5,battery discharge,source,0.0
2025-04-17T20:45:00.0,68.75,battery discharge,source,0.37076844937719083
2025-04-17T21:00:00.0,69.0,battery discharge,source,0.0
2025-04-17T21:15:00.0,69.25,battery discharge,source,0.0
2025-04-17T21:30:00.0,69.5,battery discharge,source,0.0
2025-04-17T21:45:00.0,69.75,battery discharge,source,0.0
2025-04-17T22:00:00.0,70.0,battery discharge,source,0.28773719961468047
2025-04-17T22:15:00.0,70.25,battery discharge,source,0.2157864460210097
2025-04-17T22:30:00.0,70.5,battery discharge,source,0.22142677717668457
2025-04-17T22:45:00.0,70.75,battery discharge,source,0.1599900977656823
2025-04-17T23:00:00.0,71.0,battery discharge,source,0.0
2025-04-17T23:15:00.0,71.25,battery discharge,source,0.0
2025-04-17T23:30:00.0,71.5,battery discharge,source,0.0
2025-04-17T23:45:00.0,71.75,battery discharge,source,0.0
2025-04-15T00:00:00.0,0.0,export,sink,0.0
2025-04-15T00:15:00.0,0.25,export,sink,0.0
2025-04-15T00:30:00.0,0.5,export,sink,0.0
2025-04-15T00:45:00.0,0.75,export,sink,0.0
2025-04-15T01:00:00.0,1.0,export,sink,0.0
2025-04-15T01:15:00.0,1.25,export,sink,0.0
2025-04-15T01:30:00.0,1.5,export,sink,0.0
2025-04-15T01:45:00.0,1.75,export,sink,0.0
2025-04-15T02:00:00.0,2.0,export,sink,0.0
2025-04-15T02:15:00.0,2.25,export,sink,0.0
2025-04-15T02:30:00.0,2.5,export,sink,0.0
2025-04-15T02:45:00.0,2.75,export,sink,0.0
2025-04-15T03:00:00.0,3.0,export,sink,0.0
2025-04-15T03:15:00.0,3.25,export,sink,0.0
2025-04-15T03:30:00.0,3.5,export,sink,0.0
2025-04-15T03:45:00.0,3.75,export,sink,0.0
2025-04-15T04:00:00.0,4.0,export,sink,0.0
2025-04-15T04:15:00.0,4.25,export,sink,0.0
2025-04-15T04:30:00.0,4.5,export,sink,0.0
2025-04-15T04:45:00.0,4.75,export,sink,0.0
2025-04-15T05:00:00.0,5.0,export,sink,0.0
2025-04-15T05:15:00.0,5.25,export,sink,0.0
2025-04-15T05:30:00.0,5.5,export,sink,0.0
2025-04-15T05:45:00.0,5.75,export,sink,0.0
2025-04-15T06:00:00.0,6.0,export,sink,0.0
2025-04-15T06:15:00.0,6.25,export,sink,0.0
2025-04-15T06:30:00.0,6.5,export,sink,0.0
2025-04-15T06:45:00.0,6.75,export,sink,0.0
2025-04-15T07:00:00.0,7.0,export,sink,1.0547118733938987e-14
2025-04-15T07:15:00.0,7.25,export,sink,-1.2545520178264269e-14
2025-04-15T07:30:00.0,7.5,export,sink,0.9365211795442626
2025-04-15T07:45:00.0,7.75,export,sink,1.0116197444883102
2025-04-15T08:00:00.0,8.0,export,sink,1.047864134051018
2025-04-15T08:15:00.0,8.25,export,sink,1.252516224427763
2025-04-15T08:30:00.0,8.5,export,sink,1.510633492926301
2025-04-15T08:45:00.0,8.75,export,sink,1.796287536123978
2025-04-15T09:00:00.0,9.0,export,sink,0.3084817414484877
2025-04-15T09:15:00.0,9.25,export,sink,0.0
2025-04-15T09:30:00.0,9.5,export,sink,0.0
2025-04-15T09:45:00.0,9.75,export,sink,2.6472591368794705
2025-04-15T10:00:00.0,10.0,export,sink,3.3248004141240064
2025-04-15T10:15:00.0,10.25,export,sink,2.52442646914938
2025-04-15T10:30:00.0,10.5,export,sink,0.0
2025-04-15T10:45:00.0,10.75,export,sink,0.0
2025-04-15T11:00:00.0,11.0,export,sink,0.0
2025-04-15T11:15:00.0,11.25,export,sink,3.0281299552771377
2025-04-15T11:30:00.0,11.5,export,sink,0.0
2025-04-15T11:45:00.0,11.75,export,sink,2.8321223966819047
2025-04-15T12:00:00.0,12.0,export,sink,0.0
2025-04-15T12:15:00.0,12.25,export,sink,0.0
2025-04-15T12:30:00.0,12.5,export,sink,0.0
2025-04-15T12:45:00.0,12.75,export,sink,0.0
2025-04-15T13:00:00.0,13.0,export,sink,0.0
2025-04-15T13:15:00.0,13.25,export,sink,0.6115458258375224
2025-04-15T13:30:00.0,13.5,export,sink,0.7564809980081644
2025-04-15T13:45:00.0,13.75,export,sink,0.0
2025-04-15T14:00:00.0,14.0,export,sink,0.0
2025-04-15T14:15:00.0,14.25,export,sink,0.0
2025-04-15T14:30:00.0,14.5,export,sink,0.0
2025-04-15T14:45:00.0,14.75,export,sink,0.0
2025-04-15T15:00:00.0,15.0,export,sink,0.6891408332412848
2025-04-15T15:15:00.0,15.25,export,sink,0.5955762286470834
2025-04-15T15:30:00.0,15.5,export,sink,0.401162718661748
2025-04-15T15:45:00.0,15.75,export,sink,0.1568009348320016
2025-04-15T16:00:00.0,16.0,export,sink,0.0
2025-04-15T16:15:00.0,16.25,export,sink,0.0
2025-04-15T16:30:00.0,16.5,export,sink,0.0
2025-04-15T16:45:00.0,16.75,export,sink,0.0
2025-04-15T17:00:00.0,17.0,export,sink,0.0
2025-04-15T17:15:00.0,17.25,export,sink,0.0
2025-04-15T17:30:00.0,17.5,export,sink,0.0
2025-04-15T17:45:00.0,17.75,export,sink,0.0
2025-04-15T18:00:00.0,18.0,export,sink,0.0
2025-04-15T18:15:00.0,18.25,export,sink,0.0
2025-04-15T18:30:00.0,18.5,export,sink,0.0
2025-04-15T18:45:00.0,18.75,export,sink,0.0
2025-04-15T19:00:00.0,19.0,export,sink,0.0
2025-04-15T19:15:00.0,19.25,export,sink,0.0
2025-04-15T19:30:00.0,19.5,export,sink,0.0
2025-04-15T19:45:00.0,19.75,export,sink,0.0
2025-04-15T20:00:00.0,20.0,export,sink,0.0
2025-04-15T20:15:00.0,20.25,export,sink,0.0
2025-04-15T20:30:00.0,20.5,export,sink,0.0
2025-04-15T20:45:00.0,20.75,export,sink,0.0
2025-04-15T21:00:00.0,21.0,export,sink,0.0
2025-04-15T21:15:00.0,21.25,export,sink,0.0
2025-04-15T21:30:00.0,21.5,export,sink,0.0
2025-04-15T21:45:00.0,21.75,export,sink,0.0
2025-04-15T22:00:00.0,22.0,export,sink,0.0
2025-04-15T22:15:00.0,22.25,export,sink,0.0
2025-04-15T22:30:00.0,22.5,export,sink,0.0
2025-04-15T22:45:00.0,22.75,export,sink,0.0
2025-04-15T23:00:00.0,23.0,export,sink,0.0
2025-04-15T23:15:00.0,23.25,export,sink,0.0
2025-04-15T23:30:00.0,23.5,export,sink,0.0
2025-04-15T23:45:00.0,23.75,export,sink,0.0
2025-04-16T00:00:00.0,24.0,export,sink,0.0
2025-04-16T00:15:00.0,24.25,export,sink,0.0
2025-04-16T00:30:00.0,24.5,export,sink,0.0
2025-04-16T00:45:00.0,24.75,export,sink,0.0
2025-04-16T01:00:00.0,25.0,export,sink,0.0
2025-04-16T01:15:00.0,25.25,export,sink,0.0
2025-04-16T01:30:00.0,25.5,export,sink,0.0
2025-04-16T01:45:00.0,25.75,export,sink,0.0
2025-04-16T02:00:00.0,26.0,export,sink,0.0
2025-04-16T02:15:00.0,26.25,export,sink,0.0
2025-04-16T02:30:00.0,26.5,export,sink,0.0
2025-04-16T02:45:00.0,26.75,export,sink,0.0
2025-04-16T03:00:00.0,27.0,export,sink,0.0
2025-04-16T03:15:00.0,27.25,export,sink,0.0
2025-04-16T03:30:00.0,27.5,export,sink,0.0
2025-04-16T03:45:00.0,27.75,export,sink,0.0
2025-04-16T04:00:00.0,28.0,export,sink,0.0
2025-04-16T04:15:00.0,28.25,export,sink,0.0
2025-04-16T04:30:00.0,28.5,export,sink,0.0
2025-04-16T04:45:00.0,28.75,export,sink,0.0
2025-04-16T05:00:00.0,29.0,export,sink,0.0
2025-04-16T05:15:00.0,29.25,export,sink,0.0
2025-04-16T05:30:00.0,29.5,export,sink,0.0
2025-04-16T05:45:00.0,29.75,export,sink,0.0
2025-04-16T06:00:00.0,30.0,export,sink,0.0
2025-04-16T06:15:00.0,30.25,export,sink,0.0
2025-04-16T06:30:00.0,30.5,export,sink,0.0
2025-04-16T06:45:00.0,30.75,export,sink,0.0
2025-04-16T07:00:00.0,31.0,export,sink,0.0
2025-04-16T07:15:00.0,31.25,export,sink,0.0
2025-04-16T07:30:00.0,31.5,export,sink,0.0
2025-04-16T07:45:00.0,31.75,export,sink,0.0
2025-04-16T08:00:00.0,32.0,export,sink,0.0
2025-04-16T08:15:00.0,32.25,export,sink,0.0
2025-04-16T08:30:00.0,32.5,export,sink,0.0
2025-04-16T08:45:00.0,32.75,export,sink,0.0
2025-04-16T09:00:00.0,33.0,export,sink,0.0
2025-04-16T09:15:00.0,33.25,export,sink,0.0
2025-04-16T09:30:00.0,33.5,export,sink,0.0
2025-04-16T09:45:00.0,33.75,export,sink,0.0
2025-04-16T10:00:00.0,34.0,export,sink,0.0
2025-04-16T10:15:00.0,34.25,export,sink,0.0
2025-04-16T10:30:00.0,34.5,export,sink,0.0
2025-04-16T10:45:00.0,34.75,export,sink,0.0
2025-04-16T11:00:00.0,35.0,export,sink,0.0
2025-04-16T11:15:00.0,35.25,export,sink,0.0
2025-04-16T11:30:00.0,35.5,export,sink,0.0
2025-04-16T11:45:00.0,35.75,export,sink,0.0
2025-04-16T12:00:00.0,36.0,export,sink,0.0
2025-04-16T12:15:00.0,36.25,export,sink,0.0
2025-04-16T12:30:00.0,36.5,export,sink,0.0
2025-04-16T12:45:00.0,36.75,export,sink,0.0
2025-04-16T13:00:00.0,37.0,export,sink,0.0
2025-04-16T13:15:00.0,37.25,export,sink,0.0
2025-04-16T13:30:00.0,37.5,export,sink,0.0
2025-04-16T13:45:00.0,37.75,export,sink,0.0
2025-04-16T14:00:00.0,38.0,export,sink,0.0
2025-04-16T14:15:00.0,38.25,export,sink,0.0
2025-04-16T14:30:00.0,38.5,export,sink,0.0
2025-04-16T14:45:00.0,38.75,export,sink,0.0
2025-04-16T15:00:00.0,39.0,export,sink,0.0
2025-04-16T15:15:00.0,39.25,export,sink,0.0
2025-04-16T15:30:00.0,39.5,export,sink,0.0
2025-04-16T15:45:00.0,39.75,export,sink,-0.0
2025-04-16T16:00:00.0,40.0,export,sink,0.0
2025-04-16T16:15:00.0,40.25,export,sink,0.0
2025-04-16T16:30:00.0,40.5,export,sink,0.0
2025-04-16T16:45:00.0,40.75,export,sink,0.0
2025-04-16T17:00:00.0,41.0,export,sink,0.0
2025-04-16T17:15:00.0,41.25,export,sink,0.0
2025-04-16T17:30:00.0,41.5,export,sink,0.0
2025-04-16T17:45:00.0,41.75,export,sink,0.0
2025-04-16T18:00:00.0,42.0,export,sink,0.0
2025-04-16T18:15:00.0,42.25,export,sink,0.0
2025-04-16T18:30:00.0,42.5,export,sink,0.0
2025-04-16T18:45:00.0,42.75,export,sink,0.0
2025-04-16T19:00:00.0,43.0,export,sink,0.0
2025-04-16T19:15:00.0,43.25,export,sink,0.0
2025-04-16T19:30:00.0,43.5,export,sink,0.0
2025-04-16T19:45:00.0,43.75,export,sink,0.0
2025-04-16T20:00:00.0,44.0,export,sink,0.0
2025-04-16T20:15:00.0,44.25,export,sink,0.0
2025-04-16T20:30:00.0,44.5,export,sink,0.0
2025-04-16T20:45:00.0,44.75,export,sink,0.0
2025-04-16T21:00:00.0,45.0,export,sink,0.0
2025-04-16T21:15:00.0,45.25,export,sink,0.0
2025-04-16T21:30:00.0,45.5,export,sink,0.0
2025-04-16T21:45:00.0,45.75,export,sink,0.0
2025-04-16T22:00:00.0,46.0,export,sink,0.0
2025-04-16T22:15:00.0,46.25,export,sink,0.0
2025-04-16T22:30:00.0,46.5,export,sink,0.0
2025-04-16T22:45:00.0,46.75,export,sink,0.0
2025-04-16T23:00:00.0,47.0,export,sink,0.0
2025-04-16T23:15:00.0,47.25,export,sink,0.0
2025-04-16T23:30:00.0,47.5,export,sink,0.0
2025-04-16T23:45:00.0,47.75,export,sink,0.0
2025-04-17T00:00:00.0,48.0,export,sink,0.0
2025-04-17T00:15:00.0,48.25,export,sink,0.0
2025-04-17T00:30:00.0,48.5,export,sink,0.0
2025-04-17T00:45:00.0,48.75,export,sink,0.0
2025-04-17T01:00:00.0,49.0,export,sink,0.0
2025-04-17T01:15:00.0,49.25,export,sink,0.0
2025-04-17T01:30:00.0,49.5,export,sink,0.0
2025-04-17T01:45:00.0,49.75,export,sink,0.0
2025-04-17T02:00:00.0,50.0,export,sink,0.0
2025-04-17T02:15:00.0,50.25,export,sink,0.0
2025-04-17T02:30:00.0,50.5,export,sink,0.0
2025-04-17T02:45:00.0,50.75,export,sink,0.0
2025-04-17T03:00:00.0,51.0,export,sink,0.0
2025-04-17T03:15:00.0,51.25,export,sink,0.0
2025-04-17T03:30:00.0,51.5,export,sink,0.0
2025-04-17T03:45:00.0,51.75,export,sink,0.0
2025-04-17T04:00:00.0,52.0,export,sink,0.0
2025-04-17T04:15:00.0,52.25,export,sink,0.0
2025-04-17T04:30:00.0,52.5,export,sink,0.0
2025-04-17T04:45:00.0,52.75,export,sink,0.0
2025-04-17T05:00:00.0,53.0,export,sink,0.0
2025-04-17T05:15:00.0,53.25,export,sink,0.0
2025-04-17T05:30:00.0,53.5,export,sink,0.0
2025-04-17T05:45:00.0,53.75,export,sink,0.0
2025-04-17T06:00:00.0,54.0,export,sink,0.0
2025-04-17T06:15:00.0,54.25,export,sink,0.0
2025-04-17T06:30:00.0,54.5,export,sink,0.0
2025-04-17T06:45:00.0,54.75,export,sink,0.0
2025-04-17T07:00:00.0,55.0,export,sink,0.0
2025-04-17T07:15:00.0,55.25,export,sink,0.0
2025-04-17T07:30:00.0,55.5,export,sink,0.0
2025-04-17T07:45:00.0,55.75,export,sink,0.0
2025-04-17T08:00:00.0,56.0,export,sink,0.0
2025-04-17T08:15:00.0,56.25,export,sink,0.0
2025-04-17T08:30:00.0,56.5,export,sink,0.0
2025-04-17T08:45:00.0,56.75,export,sink,0.0
2025-04-17T09:00:00.0,57.0,export,sink,0.0
2025-04-17T09:15:00.0,57.25,export,sink,0.0
2025-04-17T09:30:00.0,57.5,export,sink,0.0
2025-04-17T09:45:00.0,57.75,export,sink,0.0
2025-04-17T10:00:00.0,58.0,export,sink,0.0
2025-04-17T10:15:00.0,58.25,export,sink,0.0
2025-04-17T10:30:00.0,58.5,export,sink,0.0
2025-04-17T10:45:00.0,58.75,export,sink,0.0
2025-04-17T11:00:00.0,59.0,export,sink,0.0
2025-04-17T11:15:00.0,59.25,export,sink,0.0
2025-04-17T11:30:00.0,59.5,export,sink,0.0
2025-04-17T11:45:00.0,59.75,export,sink,0.0
2025-04-17T12:00:00.0,60.0,export,sink,0.0
2025-04-17T12:15:00.0,60.25,export,sink,0.0
2025-04-17T12:30:00.0,60.5,export,sink,0.0
2025-04-17T12:45:00.0,60.75,export,sink,0.0
2025-04-17T13:00:00.0,61.0,export,sink,0.0
2025-04-17T13:15:00.0,61.25,export,sink,0.0
2025-04-17T13:30:00.0,61.5,export,sink,0.0
2025-04-17T13:45:00.0,61.75,export,sink,0.0
2025-04-17T14:00:00.0,62.0,export,sink,0.0
2025-04-17T14:15:00.0,62.25,export,sink,0.0
2025-04-17T14:30:00.0,62.5,export,sink,0.0
2025-04-17T14:45:00.0,62.75,export,sink,0.0
2025-04-17T15:00:00.0,63.0,export,sink,0.0
2025-04-17T15:15:00.0,63.25,export,sink,0.0
2025-04-17T15:30:00.0,63.5,export,sink,0.0
2025-04-17T15:45:00.0,63.75,export,sink,0.0
2025-04-17T16:00:00.0,64.0,export,sink,0.0
2025-04-17T16:15:00.0,64.25,export,sink,0.0
2025-04-17T16:30:00.0,64.5,export,sink,0.0
2025-04-17T16:45:00.0,64.75,export,sink,0.0
2025-04-17T17:00:00.0,65.0,export,sink,0.0
2025-04-17T17:15:00.0,65.25,export,sink,0.0
2025-04-17T17:30:00.0,65.5,export,sink,0.0
2025-04-17T17:45:00.0,65.75,export,sink,0.0
2025-04-17T18:00:00.0,66.0,export,sink,0.0
2025-04-17T18:15:00.0,66.25,export,sink,0.0
2025-04-17T18:30:00.0,66.5,export,sink,0.0
2025-04-17T18:45:00.0,66.75,export,sink,0.0
2025-04-17T19:00:00.0,67.0,export,sink,0.0
2025-04-17T19:15:00.0,67.25,export,sink,0.0
2025-04-17T19:30:00.0,67.5,export,sink,0.0
2025-04-17T19:45:00.0,67.75,export,sink,0.0
2025-04-17T20:00:00.0,68.0,export,sink,0.0
2025-04-17T20:15:00.0,68.25,export,sink,0.0
2025-04-17T20:30:00.0,68.5,export,sink,0.0
2025-04-17T20:45:00.0,68.75,export,sink,0.0
2025-04-17T21:00:00.0,69.0,export,sink,0.0
2025-04-17T21:15:00.0,69.25,export,sink,0.0
2025-04-17T21:30:00.0,69.5,export,sink,0.0
2025-04-17T21:45:00.0,69.75,export,sink,0.0
2025-04-17T22:00:00.0,70.0,export,sink,0.0
2025-04-17T22:15:00.0,70.25,export,sink,0.0
2025-04-17T22:30:00.0,70.5,export,sink,0.0
2025-04-17T22:45:00.0,70.75,export,sink,0.0
2025-04-17T23:00:00.0,71.0,export,sink,0.0
2025-04-17T23:15:00.0,71.25,export,sink,0.0
2025-04-17T23:30:00.0,71.5,export,sink,0.0
2025-04-17T23:45:00.0,71.75,export,sink,0.0
2025-04-15T00:00:00.0,0.0,ev charge,sink,0.0
2025-04-15T00:15:00.0,0.25,ev charge,sink,0.0
2025-04-15T00:30:00.0,0.5,ev charge,sink,0.0
2025-04-15T00:45:00.0,0.75,ev charge,sink,0.0
2025-04-15T01:00:00.0,1.0,ev charge,sink,0.0
2025-04-15T01:15:00.0,1.25,ev charge,sink,0.0
2025-04-15T01:30:00.0,1.5,ev charge,sink,0.0
2025-04-15T01:45:00.0,1.75,ev charge,sink,0.0
2025-04-15T02:00:00.0,2.0,ev charge,sink,0.0
2025-04-15T02:15:00.0,2.25,ev charge,sink,0.0
2025-04-15T02:30:00.0,2.5,ev charge,sink,0.0
2025-04-15T02:45:00.0,2.75,ev charge,sink,0.0
2025-04-15T03:00:00.0,3.0,ev charge,sink,0.0
2025-04-15T03:15:00.0,3.25,ev charge,sink,3.0636439284619326
2025-04-15T03:30:00.0,3.5,ev charge,sink,11.000000000000005
2025-04-15T03:45:00.0,3.75,ev charge,sink,11.000000000000005
2025-04-15T04:00:00.0,4.0,ev charge,sink,0.0
2025-04-15T04:15:00.0,4.25,ev charge,sink,0.0
2025-04-15T04:30:00.0,4.5,ev charge,sink,0.0
2025-04-15T04:45:00.0,4.75,ev charge,sink,0.0
2025-04-15T05:00:00.0,5.0,ev charge,sink,0.0
2025-04-15T05:15:00.0,5.25,ev charge,sink,0.0
2025-04-15T05:30:00.0,5.5,ev charge,sink,0.0
2025-04-15T05:45:00.0,5.75,ev charge,sink,0.07081900410906017
2025-04-15T06:00:00.0,6.0,ev charge,sink,0.1271548248295492
2025-04-15T06:15:00.0,6.25,ev charge,sink,0.3078904965133876
2025-04-15T06:30:00.0,6.5,ev charge,sink,0.37839749183953875
2025-04-15T06:45:00.0,6.75,ev charge,sink,0.5678956113276561
2025-04-15T07:00:00.0,7.0,ev charge,sink,0.6589768809917327
2025-04-15T07:15:00.0,7.25,ev charge,sink,0.8462647459219667
2025-04-15T07:30:00.0,7.5,ev charge,sink,0.0
2025-04-15T07:45:00.0,7.75,ev charge,sink,0.0
2025-04-15T08:00:00.0,8.0,ev charge,sink,0.0
2025-04-15T08:15:00.0,8.25,ev charge,sink,0.0
2025-04-15T08:30:00.0,8.5,ev charge,sink,0.0
2025-04-15T08:45:00.0,8.75,ev charge,sink,0.0
2025-04-15T09:00:00.0,9.0,ev charge,sink,0.0
2025-04-15T09:15:00.0,9.25,ev charge,sink,0.0
2025-04-15T09:30:00.0,9.5,ev charge,sink,0.0
2025-04-15T09:45:00.0,9.75,ev charge,sink,0.0
2025-04-15T10:00:00.0,10.0,ev charge,sink,0.0
2025-04-15T10:15:00.0,10.25,ev charge,sink,0.0
2025-04-15T10:30:00.0,10.5,ev charge,sink,0.0
2025-04-15T10:45:00.0,10.75,ev charge,sink,0.0
2025-04-15T11:00:00.0,11.0,ev charge,sink,0.0
2025-04-15T11:15:00.0,11.25,ev charge,sink,0.0
2025-04-15T11:30:00.0,11.5,ev charge,sink,0.0
2025-04-15T11:45:00.0,11.75,ev charge,sink,0.0
2025-04-15T12:00:00.0,12.0,ev charge,sink,0.0
2025-04-15T12:15:00.0,12.25,ev charge,sink,0.0
2025-04-15T12:30:00.0,12.5,ev charge,sink,0.0
2025-04-15T12:45:00.0,12.75,ev charge,sink,0.0
2025-04-15T13:00:00.0,13.0,ev charge,sink,0.0
2025-04-15T13:15:00.0,13.25,ev charge,sink,0.0
2025-04-15T13:30:00.0,13.5,ev charge,sink,0.0
2025-04-15T13:45:00.0,13.75,ev charge,sink,0.0
2025-04-15T14:00:00.0,14.0,ev charge,sink,0.0
2025-04-15T14:15:00.0,14.25,ev charge,sink,0.0
2025-04-15T14:30:00.0,14.5,ev charge,sink,0.0
2025-04-15T14:45:00.0,14.75,ev charge,sink,0.0
2025-04-15T15:00:00.0,15.0,ev charge,sink,0.0
2025-04-15T15:15:00.0,15.25,ev charge,sink,0.0
2025-04-15T15:30:00.0,15.5,ev charge,sink,0.0
2025-04-15T15:45:00.0,15.75,ev charge,sink,0.0
2025-04-15T16:00:00.0,16.0,ev charge,sink,0.0
2025-04-15T16:15:00.0,16.25,ev charge,sink,0.0
2025-04-15T16:30:00.0,16.5,ev charge,sink,0.0
2025-04-15T16:45:00.0,16.75,ev charge,sink,0.0
2025-04-15T17:00:00.0,17.0,ev charge,sink,0.0
2025-04-15T17:15:00.0,17.25,ev charge,sink,0.0
2025-04-15T17:30:00.0,17.5,ev charge,sink,0.0
2025-04-15T17:45:00.0,17.75,ev charge,sink,3.992369688518177
2025-04-15T18:00:00.0,18.0,ev charge,sink,4.062624027397052
2025-04-15T18:15:00.0,18.25,ev charge,sink,0.36332404985379885
2025-04-15T18:30:00.0,18.5,ev charge,sink,3.749156538023949
2025-04-15T18:45:00.0,18.75,ev charge,sink,-0.0
2025-04-15T19:00:00.0,19.0,ev charge,sink,-0.0
2025-04-15T19:15:00.0,19.25,ev charge,sink,0.0
2025-04-15T19:30:00.0,19.5,ev charge,sink,0.0
2025-04-15T19:45:00.0,19.75,ev charge,sink,0.0
2025-04-15T20:00:00.0,20.0,ev charge,sink,0.0
2025-04-15T20:15:00.0,20.25,ev charge,sink,0.0
2025-04-15T20:30:00.0,20.5,ev charge,sink,0.0
2025-04-15T20:45:00.0,20.75,ev charge,sink,0.0
2025-04-15T21:00:00.0,21.0,ev charge,sink,0.0
2025-04-15T21:15:00.0,21.25,ev charge,sink,0.0
2025-04-15T21:30:00.0,21.5,ev charge,sink,0.0
2025-04-15T21:45:00.0,21.75,ev charge,sink,0.0
2025-04-15T22:00:00.0,22.0,ev charge,sink,0.0
2025-04-15T22:15:00.0,22.25,ev charge,sink,0.0
2025-04-15T22:30:00.0,22.5,ev charge,sink,0.0
2025-04-15T22:45:00.0,22.75,ev charge,sink,0.0
2025-04-15T23:00:00.0,23.0,ev charge,sink,0.0
2025-04-15T23:15:00.0,23.25,ev charge,sink,0.0
2025-04-15T23:30:00.0,23.5,ev charge,sink,0.0
2025-04-15T23:45:00.0,23.75,ev charge,sink,0.0
2025-04-16T00:00:00.0,24.0,ev charge,sink,0.0
2025-04-16T00:15:00.0,24.25,ev charge,sink,0.0
2025-04-16T00:30:00.0,24.5,ev charge,sink,0.0
2025-04-16T00:45:00.0,24.75,ev charge,sink,0.0
2025-04-16T01:00:00.0,25.0,ev charge,sink,0.0
2025-04-16T01:15:00.0,25.25,ev charge,sink,0.0
2025-04-16T01:30:00.0,25.5,ev charge,sink,0.0
2025-04-16T01:45:00.0,25.75,ev charge,sink,0.0
2025-04-16T02:00:00.0,26.0,ev charge,sink,11.0
2025-04-16T02:15:00.0,26.25,ev charge,sink,9.310786565772226
2025-04-16T02:30:00.0,26.5,ev charge,sink,-0.0
2025-04-16T02:45:00.0,26.75,ev charge,sink,11.0
2025-04-16T03:00:00.0,27.0,ev charge,sink,0.0
2025-04-16T03:15:00.0,27.25,ev charge,sink,0.0
2025-04-16T03:30:00.0,27.5,ev charge,sink,0.0
2025-04-16T03:45:00.0,27.75,ev charge,sink,0.0
2025-04-16T04:00:00.0,28.0,ev charge,sink,0.0
2025-04-16T04:15:00.0,28.25,ev charge,sink,0.0
2025-04-16T04:30:00.0,28.5,ev charge,sink,0.0
2025-04-16T04:45:00.0,28.75,ev charge,sink,0.0
2025-04-16T05:00:00.0,29.0,ev charge,sink,0.0
2025-04-16T05:15:00.0,29.25,ev charge,sink,0.0
2025-04-16T05:30:00.0,29.5,ev charge,sink,0.0
2025-04-16T05:45:00.0,29.75,ev charge,sink,0.0
2025-04-16T06:00:00.0,30.0,ev charge,sink,0.0
2025-04-16T06:15:00.0,30.25,ev charge,sink,0.0
2025-04-16T06:30:00.0,30.5,ev charge,sink,0.0
2025-04-16T06:45:00.0,30.75,ev charge,sink,0.0
2025-04-16T07:00:00.0,31.0,ev charge,sink,0.0
2025-04-16T07:15:00.0,31.25,ev charge,sink,0.0
2025-04-16T07:30:00.0,31.5,ev charge,sink,0.0
2025-04-16T07:45:00.0,31.75,ev charge,sink,0.0
2025-04-16T08:00:00.0,32.0,ev charge,sink,0.0
2025-04-16T08:15:00.0,32.25,ev charge,sink,0.0
2025-04-16T08:30:00.0,32.5,ev charge,sink,0.0
2025-04-16T08:45:00.0,32.75,ev charge,sink,0.0
2025-04-16T09:00:00.0,33.0,ev charge,sink,0.0
2025-04-16T09:15:00.0,33.25,ev charge,sink,0.0
2025-04-16T09:30:00.0,33.5,ev charge,sink,0.0
2025-04-16T09:45:00.0,33.75,ev charge,sink,0.0
2025-04-16T10:00:00.0,34.0,ev charge,sink,0.0
2025-04-16T10:15:00.0,34.25,ev charge,sink,0.0
2025-04-16T10:30:00.0,34.5,ev charge,sink,0.0
2025-04-16T10:45:00.0,34.75,ev charge,sink,0.0
2025-04-16T11:00:00.0,35.0,ev charge,sink,0.0
2025-04-16T11:15:00.0,35.25,ev charge,sink,0.0
2025-04-16T11:30:00.0,35.5,ev charge,sink,0.0
2025-04-16T11:45:00.0,35.75,ev charge,sink,0.0
2025-04-16T12:00:00.0,36.0,ev charge,sink,0.0
2025-04-16T12:15:00.0,36.25,ev charge,sink,0.0
2025-04-16T12:30:00.0,36.5,ev charge,sink,0.0
2025-04-16T12:45:00.0,36.75,ev charge,sink,0.0
2025-04-16T13:00:00.0,37.0,ev charge,sink,0.0
2025-04-16T13:15:00.0,37.25,ev charge,sink,0.0
2025-04-16T13:30:00.0,37.5,ev charge,sink,0.0
2025-04-16T13:45:00.0,37.75,ev charge,sink,0.0
2025-04-16T14:00:00.0,38.0,ev charge,sink,0.0
2025-04-16T14:15:00.0,38.25,ev charge,sink,0.0
2025-04-16T14:30:00.0,38.5,ev charge,sink,0.0
2025-04-16T14:45:00.0,38.75,ev charge,sink,0.0
2025-04-16T15:00:00.0,39.0,ev charge,sink,0.0
2025-04-16T15:15:00.0,39.25,ev charge,sink,0.0
2025-04-16T15:30:00.0,39.5,ev charge,sink,0.0
2025-04-16T15:45:00.0,39.75,ev charge,sink,0.0
2025-04-16T16:00:00.0,40.0,ev charge,sink,0.0
2025-04-16T16:15:00.0,40.25,ev charge,sink,0.0
2025-04-16T16:30:00.0,40.5,ev charge,sink,0.0
2025-04-16T16:45:00.0,40.75,ev charge,sink,0.0
2025-04-16T17:00:00.0,41.0,ev charge,sink,0.0
2025-04-16T17:15:00.0,41.25,ev charge,sink,0.0
2025-04-16T17:30:00.0,41.5,ev charge,sink,4.2109590377693475
2025-04-16T17:45:00.0,41.75,ev charge,sink,0.0
2025-04-16T18:00:00.0,42.0,ev charge,sink,0.0
2025-04-16T18:15:00.0,42.25,ev charge,sink,0.0
2025-04-16T18:30:00.0,42.5,ev charge,sink,2.5534742793056893
2025-04-16T18:45:00.0,42.75,ev charge,sink,0.0
2025-04-16T19:00:00.0,43.0,ev charge,sink,0.0
2025-04-16T19:15:00.0,43.25,ev charge,sink,0.0
2025-04-16T19:30:00.0,43.5,ev charge,sink,0.0
2025-04-16T19:45:00.0,43.75,ev charge,sink,0.0
2025-04-16T20:00:00.0,44.0,ev charge,sink,0.0
2025-04-16T20:15:00.0,44.25,ev charge,sink,0.0
2025-04-16T20:30:00.0,44.5,ev charge,sink,0.0
2025-04-16T20:45:00.0,44.75,ev charge,sink,0.0
2025-04-16T21:00:00.0,45.0,ev charge,sink,0.0
2025-04-16T21:15:00.0,45.25,ev charge,sink,0.0
2025-04-16T21:30:00.0,45.5,ev charge,sink,0.0
2025-04-16T21:45:00.0,45.75,ev charge,sink,0.0
2025-04-16T22:00:00.0,46.0,ev charge,sink,0.0
2025-04-16T22:15:00.0,46.25,ev charge,sink,0.0
2025-04-16T22:30:00.0,46.5,ev charge,sink,0.0
2025-04-16T22:45:00.0,46.75,ev charge,sink,0.0
2025-04-16T23:00:00.0,47.0,ev charge,sink,0.0
2025-04-16T23:15:00.0,47.25,ev charge,sink,0.0
2025-04-16T23:30:00.0,47.5,ev charge,sink,0.0
2025-04-16T23:45:00.0,47.75,ev charge,sink,0.0
2025-04-17T00:00:00.0,48.0,ev charge,sink,0.0
2025-04-17T00:15:00.0,48.25,ev charge,sink,0.0
2025-04-17T00:30:00.0,48.5,ev charge,sink,0.0
2025-04-17T00:45:00.0,48.75,ev charge,sink,0.0
2025-04-17T01:00:00.0,49.0,ev charge,sink,3.713827552490177
2025-04-17T01:15:00.0,49.25,ev charge,sink,11.000000000000005
2025-04-17T01:30:00.0,49.5,ev charge,sink,11.000000000000005
2025-04-17T01:45:00.0,49.75,ev charge,sink,11.000000000000005
2025-04-17T02:00:00.0,50.0,ev charge,sink,0.0
2025-04-17T02:15:00.0,50.25,ev charge,sink,0.0
2025-04-17T02:30:00.0,50.5,ev charge,sink,0.0
2025-04-17T02:45:00.0,50.75,ev charge,sink,0.0
2025-04-17T03:00:00.0,51.0,ev charge,sink,0.0
2025-04-17T03:15:00.0,51.25,ev charge,sink,0.0
2025-04-17T03:30:00.0,51.5,ev charge,sink,0.0
2025-04-17T03:45:00.0,51.75,ev charge,sink,0.0
2025-04-17T04:00:00.0,52.0,ev charge,sink,0.0
2025-04-17T04:15:00.0,52.25,ev charge,sink,0.0
2025-04-17T04:30:00.0,52.5,ev charge,sink,0.0
2025-04-17T04:45:00.0,52.75,ev charge,sink,0.0
2025-04-17T05:00:00.0,53.0,ev charge,sink,0.0
2025-04-17T05:15:00.0,53.25,ev charge,sink,0.0
2025-04-17T05:30:00.0,53.5,ev charge,sink,0.0
2025-04-17T05:45:00.0,53.75,ev charge,sink,0.0
2025-04-17T06:00:00.0,54.0,ev charge,sink,0.0
2025-04-17T06:15:00.0,54.25,ev charge,sink,0.0
2025-04-17T06:30:00.0,54.5,ev charge,sink,0.0
2025-04-17T06:45:00.0,54.75,ev charge,sink,0.0
2025-04-17T07:00:00.0,55.0,ev charge,sink,0.0
2025-04-17T07:15:00.0,55.25,ev charge,sink,0.0
2025-04-17T07:30:00.0,55.5,ev charge,sink,0.0
2025-04-17T07:45:00.0,55.75,ev charge,sink,0.0
2025-04-17T08:00:00.0,56.0,ev charge,sink,0.0
2025-04-17T08:15:00.0,56.25,ev charge,sink,0.0
2025-04-17T08:30:00.0,56.5,ev charge,sink,0.0
2025-04-17T08:45:00.0,56.75,ev charge,sink,0.0
2025-04-17T09:00:00.0,57.0,ev charge,sink,0.0
2025-04-17T09:15:00.0,57.25,ev charge,sink,0.0
2025-04-17T09:30:00.0,57.5,ev charge,sink,0.0
2025-04-17T09:45:00.0,57.75,ev charge,sink,0.0
2025-04-17T10:00:00.0,58.0,ev charge,sink,0.0
2025-04-17T10:15:00.0,58.25,ev charge,sink,0.0
2025-04-17T10:30:00.0,58.5,ev charge,sink,0.0
2025-04-17T10:45:00.0,58.75,ev charge,sink,0.0
2025-04-17T11:00:00.0,59.0,ev charge,sink,0.0
2025-04-17T11:15:00.0,59.25,ev charge,sink,0.0
2025-04-17T11:30:00.0,59.5,ev charge,sink,0.0
2025-04-17T11:45:00.0,59.75,ev charge,sink,0.0
2025-04-17T12:00:00.0,60.0,ev charge,sink,0.0
2025-04-17T12:15:00.0,60.25,ev charge,sink,0.0
2025-04-17T12:30:00.0,60.5,ev charge,sink,0.0
2025-04-17T12:45:00.0,60.75,ev charge,sink,0.0
2025-04-17T13:00:00.0,61.0,ev charge,sink,0.0
2025-04-17T13:15:00.0,61.25,ev charge,sink,0.0
2025-04-17T13:30:00.0,61.5,ev charge,sink,0.0
2025-04-17T13:45:00.0,61.75,ev charge,sink,0.0
2025-04-17T14:00:00.0,62.0,ev charge,sink,0.0
2025-04-17T14:15:00.0,62.25,ev charge,sink,0.0
2025-04-17T14:30:00.0,62.5,ev charge,sink,0.0
2025-04-17T14:45:00.0,62.75,ev charge,sink,0.0
2025-04-17T15:00:00.0,63.0,ev charge,sink,0.0
2025-04-17T15:15:00.0,63.25,ev charge,sink,0.0
2025-04-17T15:30:00.0,63.5,ev charge,sink,0.0
2025-04-17T15:45:00.0,63.75,ev charge,sink,0.0
2025-04-17T16:00:00.0,64.0,ev charge,sink,0.0
2025-04-17T16:15:00.0,64.25,ev charge,sink,0.0
2025-04-17T16:30:00.0,64.5,ev charge,sink,0.0
2025-04-17T16:45:00.0,64.75,ev charge,sink,0.0
2025-04-17T17:00:00.0,65.0,ev charge,sink,0.0
2025-04-17T17:15:00.0,65.25,ev charge,sink,0.0
2025-04-17T17:30:00.0,65.5,ev charge,sink,0.0
2025-04-17T17:45:00.0,65.75,ev charge,sink,0.0
2025-04-17T18:00:00.0,66.0,ev charge,sink,0.0
2025-04-17T18:15:00.0,66.25,ev charge,sink,0.0
2025-04-17T18:30:00.0,66.5,ev charge,sink,0.0
2025-04-17T18:45:00.0,66.75,ev charge,sink,0.0
2025-04-17T19:00:00.0,67.0,ev charge,sink,0.0
2025-04-17T19:15:00.0,67.25,ev charge,sink,0.0
2025-04-17T19:30:00.0,67.5,ev charge,sink,0.0
2025-04-17T19:45:00.0,67.75,ev charge,sink,0.0
2025-04-17T20:00:00.0,68.0,ev charge,sink,0.0
2025-04-17T20:15:00.0,68.25,ev charge,sink,0.0
2025-04-17T20:30:00.0,68.5,ev charge,sink,0.0
2025-04-17T20:45:00.0,68.75,ev charge,sink,0.0
2025-04-17T21:00:00.0,69.0,ev charge,sink,0.0
2025-04-17T21:15:00.0,69.25,ev charge,sink,0.0
2025-04-17T21:30:00.0,69.5,ev charge,sink,0.0
2025-04-17T21:45:00.0,69.75,ev charge,sink,0.0
2025-04-17T22:00:00.0,70.0,ev charge,sink,0.0
2025-04-17T22:15:00.0,70.25,ev charge,sink,0.0
2025-04-17T22:30:00.0,70.5,ev charge,sink,0.0
2025-04-17T22:45:00.0,70.75,ev charge,sink,0.0
2025-04-17T23:00:00.0,71.0,ev charge,sink,0.0
2025-04-17T23:15:00.0,71.25,ev charge,sink,0.0
2025-04-17T23:30:00.0,71.5,ev charge,sink,0.0
2025-04-17T23:45:00.0,71.75,ev charge,sink,0.0
2025-04-15T00:00:00.0,0.0,battery charge,sink,0.0
2025-04-15T00:15:00.0,0.25,battery charge,sink,0.0
2025-04-15T00:30:00.0,0.5,battery charge,sink,0.0
2025-04-15T00:45:00.0,0.75,battery charge,sink,0.0
2025-04-15T01:00:00.0,1.0,battery charge,sink,0.0
2025-04-15T01:15:00.0,1.25,battery charge,sink,0.0
2025-04-15T01:30:00.0,1.5,battery charge,sink,0.0
2025-04-15T01:45:00.0,1.75,battery charge,sink,0.0
2025-04-15T02:00:00.0,2.0,battery charge,sink,0.0
2025-04-15T02:15:00.0,2.25,battery charge,sink,0.0
2025-04-15T02:30:00.0,2.5,battery charge,sink,0.0
2025-04-15T02:45:00.0,2.75,battery charge,sink,0.0
2025-04-15T03:00:00.0,3.0,battery charge,sink,0.0
2025-04-15T03:15:00.0,3.25,battery charge,sink,0.0
2025-04-15T03:30:00.0,3.5,battery charge,sink,0.0
2025-04-15T03:45:00.0,3.75,battery charge,sink,0.0
2025-04-15T04:00:00.0,4.0,battery charge,sink,0.0
2025-04-15T04:15:00.0,4.25,battery charge,sink,0.0
2025-04-15T04:30:00.0,4.5,battery charge,sink,0.0
2025-04-15T04:45:00.0,4.75,battery charge,sink,0.0
2025-04-15T05:00:00.0,5.0,battery charge,sink,0.0
2025-04-15T05:15:00.0,5.25,battery charge,sink,0.0
2025-04-15T05:30:00.0,5.5,battery charge,sink,0.0
2025-04-15T05:45:00.0,5.75,battery charge,sink,0.0
2025-04-15T06:00:00.0,6.0,battery charge,sink,0.0
2025-04-15T06:15:00.0,6.25,battery charge,sink,0.0
2025-04-15T06:30:00.0,6.5,battery charge,sink,0.0
2025-04-15T06:45:00.0,6.75,battery charge,sink,0.0
2025-04-15T07:00:00.0,7.0,battery charge,sink,0.0
2025-04-15T07:15:00.0,7.25,battery charge,sink,0.0
2025-04-15T07:30:00.0,7.5,battery charge,sink,0.0
2025-04-15T07:45:00.0,7.75,battery charge,sink,0.0
2025-04-15T08:00:00.0,8.0,battery charge,sink,0.0
2025-04-15T08:15:00.0,8.25,battery charge,sink,0.0
2025-04-15T08:30:00.0,8.5,battery charge,sink,0.0
2025-04-15T08:45:00.0,8.75,battery charge,sink,0.0
2025-04-15T09:00:00.0,9.0,battery charge,sink,1.473049855475819
2025-04-15T09:15:00.0,9.25,battery charge,sink,2.1131797252800313
2025-04-15T09:30:00.0,9.5,battery charge,sink,2.4350578425096523
2025-04-15T09:45:00.0,9.75,battery charge,sink,0.0
2025-04-15T10:00:00.0,10.0,battery charge,sink,0.0
2025-04-15T10:15:00.0,10.25,battery charge,sink,0.801867737012263
2025-04-15T10:30:00.0,10.5,battery charge,sink,3.266521564725807
2025-04-15T10:45:00.0,10.75,battery charge,sink,3.2199794447919463
2025-04-15T11:00:00.0,11.0,battery charge,sink,3.101592158538573
2025-04-15T11:15:00.0,11.25,battery charge,sink,0.0
2025-04-15T11:30:00.0,11.5,battery charge,sink,2.941237777371145
2025-04-15T11:45:00.0,11.75,battery charge,sink,0.0
2025-04-15T12:00:00.0,12.0,battery charge,sink,2.6571441620121314
2025-04-15T12:15:00.0,12.25,battery charge,sink,2.5943485775969988
2025-04-15T12:30:00.0,12.5,battery charge,sink,2.483627880264075
2025-04-15T12:45:00.0,12.75,battery charge,sink,2.411046459620078
2025-04-15T13:00:00.0,13.0,battery charge,sink,2.754470233719212
2025-04-15T13:15:00.0,13.25,battery charge,sink,1.711129280842803
2025-04-15T13:30:00.0,13.5,battery charge,sink,1.0903035519030362
2025-04-15T13:45:00.0,13.75,battery charge,sink,1.441517996720376
2025-04-15T14:00:00.0,14.0,battery charge,sink,0.750549233633473
2025-04-15T14:15:00.0,14.25,battery charge,sink,0.7641799736068098
2025-04-15T14:30:00.0,14.5,battery charge,sink,0.7425567439581735
2025-04-15T14:45:00.0,14.75,battery charge,sink,0.7173730670729755
2025-04-15T15:00:00.0,15.0,battery charge,sink,0.3724657985126244
2025-04-15T15:15:00.0,15.25,battery charge,sink,0.1568009348320001
2025-04-15T15:30:00.0,15.5,battery charge,sink,-0.0
2025-04-15T15:45:00.0,15.75,battery charge,sink,-0.0
2025-04-15T16:00:00.0,16.0,battery charge,sink,0.0
2025-04-15T16:15:00.0,16.25,battery charge,sink,0.0
2025-04-15T16:30:00.0,16.5,battery charge,sink,0.0
2025-04-15T16:45:00.0,16.75,battery charge,sink,0.0
2025-04-15T17:00:00.0,17.0,battery charge,sink,0.0
2025-04-15T17:15:00.0,17.25,battery charge,sink,0.0
2025-04-15T17:30:00.0,17.5,battery charge,sink,0.0
2025-04-15T17:45:00.0,17.75,battery charge,sink,0.0
2025-04-15T18:00:00.0,18.0,battery charge,sink,0.0
2025-04-15T18:15:00.0,18.25,battery charge,sink,0.0
2025-04-15T18:30:00.0,18.5,battery charge,sink,0.0
2025-04-15T18:45:00.0,18.75,battery charge,sink,0.0
2025-04-15T19:00:00.0,19.0,battery charge,sink,0.0
2025-04-15T19:15:00.0,19.25,battery charge,sink,0.0
2025-04-15T19:30:00.0,19.5,battery charge,sink,0.0
2025-04-15T19:45:00.0,19.75,battery charge,sink,0.0
2025-04-15T20:00:00.0,20.0,battery charge,sink,0.0
2025-04-15T20:15:00.0,20.25,battery charge,sink,0.0
2025-04-15T20:30:00.0,20.5,battery charge,sink,0.0
2025-04-15T20:45:00.0,20.75,battery charge,sink,0.0
2025-04-15T21:00:00.0,21.0,battery charge,sink,0.0
2025-04-15T21:15:00.0,21.25,battery charge,sink,0.0
2025-04-15T21:30:00.0,21.5,battery charge,sink,0.0
2025-04-15T21:45:00.0,21.75,battery charge,sink,0.0
2025-04-15T22:00:00.0,22.0,battery charge,sink,0.0
2025-04-15T22:15:00.0,22.25,battery charge,sink,0.0
2025-04-15T22:30:00.0,22.5,battery charge,sink,0.0
2025-04-15T22:45:00.0,22.75,battery charge,sink,0.0
2025-04-15T23:00:00.0,23.0,battery charge,sink,0.0
2025-04-15T23:15:00.0,23.25,battery charge,sink,0.0
2025-04-15T23:30:00.0,23.5,battery charge,sink,0.0
2025-04-15T23:45:00.0,23.75,battery charge,sink,0.0
2025-04-16T00:00:00.0,24.0,battery charge,sink,0.0
2025-04-16T00:15:00.0,24.25,battery charge,sink,0.0
2025-04-16T00:30:00.0,24.5,battery charge,sink,0.0
2025-04-16T00:45:00.0,24.75,battery charge,sink,0.0
2025-04-16T01:00:00.0,25.0,battery charge,sink,0.0
2025-04-16T01:15:00.0,25.25,battery charge,sink,0.0
2025-04-16T01:30:00.0,25.5,battery charge,sink,0.0
2025-04-16T01:45:00.0,25.75,battery charge,sink,0.0
2025-04-16T02:00:00.0,26.0,battery charge,sink,0.0
2025-04-16T02:15:00.0,26.25,battery charge,sink,0.0
2025-04-16T02:30:00.0,26.5,battery charge,sink,0.0
2025-04-16T02:45:00.0,26.75,battery charge,sink,0.0
2025-04-16T03:00:00.0,27.0,battery charge,sink,0.0
2025-04-16T03:15:00.0,27.25,battery charge,sink,0.0
2025-04-16T03:30:00.0,27.5,battery charge,sink,0.0
2025-04-16T03:45:00.0,27.75,battery charge,sink,0.0
2025-04-16T04:00:00.0,28.0,battery charge,sink,0.0
2025-04-16T04:15:00.0,28.25,battery charge,sink,0.0
2025-04-16T04:30:00.0,28.5,battery charge,sink,0.0
2025-04-16T04:45:00.0,28.75,battery charge,sink,0.0
2025-04-16T05:00:00.0,29.0,battery charge,sink,0.0
2025-04-16T05:15:00.0,29.25,battery charge,sink,0.0
2025-04-16T05:30:00.0,29.5,battery charge,sink,0.0
2025-04-16T05:45:00.0,29.75,battery charge,sink,0.0
2025-04-16T06:00:00.0,30.0,battery charge,sink,0.0
2025-04-16T06:15:00.0,30.25,battery charge,sink,0.0
2025-04-16T06:30:00.0,30.5,battery charge,sink,0.0
2025-04-16T06:45:00.0,30.75,battery charge,sink,0.0
2025-04-16T07:00:00.0,31.0,battery charge,sink,0.0
2025-04-16T07:15:00.0,31.25,battery charge,sink,0.0
2025-04-16T07:30:00.0,31.5,battery charge,sink,0.0
2025-04-16T07:45:00.0,31.75,battery charge,sink,0.0
2025-04-16T08:00:00.0,32.0,battery charge,sink,0.14609043640439434
2025-04-16T08:15:00.0,32.25,battery charge,sink,0.20629823885635423
2025-04-16T08:30:00.0,32.5,battery charge,sink,0.30475827281471485
2025-04-16T08:45:00.0,32.75,battery charge,sink,0.29764262470998953
2025-04-16T09:00:00.0,33.0,battery charge,sink,0.2533214130252158
2025-04-16T09:15:00.0,33.25,battery charge,sink,0.32065813970364804
2025-04-16T09:30:00.0,33.5,battery charge,sink,0.43786374209115686
2025-04-16T09:45:00.0,33.75,battery charge,sink,0.4763073664022962
2025-04-16T10:00:00.0,34.0,battery charge,sink,0.6412768695579129
2025-04-16T10:15:00.0,34.25,battery charge,sink,0.6271190453699594
2025-04-16T10:30:00.0,34.5,battery charge,sink,0.5853193184472636
2025-04-16T10:45:00.0,34.75,battery charge,sink,0.5514731171364615
2025-04-16T11:00:00.0,35.0,battery charge,sink,5.0
2025-04-16T11:15:00.0,35.25,battery charge,sink,5.0
2025-04-16T11:30:00.0,35.5,battery charge,sink,5.0
2025-04-16T11:45:00.0,35.75,battery charge,sink,5.0
2025-04-16T12:00:00.0,36.0,battery charge,sink,0.8533714409413328
2025-04-16T12:15:00.0,36.25,battery charge,sink,0.8004993380031749
2025-04-16T12:30:00.0,36.5,battery charge,sink,3.086257452086181
2025-04-16T12:45:00.0,36.75,battery charge,sink,5.0
2025-04-16T13:00:00.0,37.0,battery charge,sink,0.47804625978319737
2025-04-16T13:15:00.0,37.25,battery charge,sink,0.4883209569040397
2025-04-16T13:30:00.0,37.5,battery charge,sink,0.5113291755488216
2025-04-16T13:45:00.0,37.75,battery charge,sink,0.5361809009432866
2025-04-16T14:00:00.0,38.0,battery charge,sink,0.7165626343868661
2025-04-16T14:15:00.0,38.25,battery charge,sink,0.5758868376849567
2025-04-16T14:30:00.0,38.5,battery charge,sink,0.4665625991809321
2025-04-16T14:45:00.0,38.75,battery charge,sink,0.35615181573586663
2025-04-16T15:00:00.0,39.0,battery charge,sink,0.21593012751799956
2025-04-16T15:15:00.0,39.25,battery charge,sink,0.1531573876138412
2025-04-16T15:30:00.0,39.5,battery charge,sink,0.11951651182738729
2025-04-16T15:45:00.0,39.75,battery charge,sink,0.09169720059573867
2025-04-16T16:00:00.0,40.0,battery charge,sink,0.0
2025-04-16T16:15:00.0,40.25,battery charge,sink,0.0
2025-04-16T16:30:00.0,40.5,battery charge,sink,0.0
2025-04-16T16:45:00.0,40.75,battery charge,sink,0.0
2025-04-16T17:00:00.0,41.0,battery charge,sink,0.0
2025-04-16T17:15:00.0,41.25,battery charge,sink,0.0
2025-04-16T17:30:00.0,41.5,battery charge,sink,0.0
2025-04-16T17:45:00.0,41.75,battery charge,sink,0.0
2025-04-16T18:00:00.0,42.0,battery charge,sink,0.0
2025-04-16T18:15:00.0,42.25,battery charge,sink,0.0
2025-04-16T18:30:00.0,42.5,battery charge,sink,0.0
2025-04-16T18:45:00.0,42.75,battery charge,sink,0.0
2025-04-16T19:00:00.0,43.0,battery charge,sink,0.0
2025-04-16T19:15:00.0,43.25,battery charge,sink,0.0
2025-04-16T19:30:00.0,43.5,battery charge,sink,0.0
2025-04-16T19:45:00.0,43.75,battery charge,sink,0.0
2025-04-16T20:00:00.0,44.0,battery charge,sink,0.0
2025-04-16T20:15:00.0,44.25,battery charge,sink,0.0
2025-04-16T20:30:00.0,44.5,battery charge,sink,0.0
2025-04-16T20:45:00.0,44.75,battery charge,sink,0.0
2025-04-16T21:00:00.0,45.0,battery charge,sink,0.0
2025-04-16T21:15:00.0,45.25,battery charge,sink,0.0
2025-04-16T21:30:00.0,45.5,battery charge,sink,0.0
2025-04-16T21:45:00.0,45.75,battery charge,sink,0.0
2025-04-16T22:00:00.0,46.0,battery charge,sink,0.0
2025-04-16T22:15:00.0,46.25,battery charge,sink,0.0
2025-04-16T22:30:00.0,46.5,battery charge,sink,0.0
2025-04-16T22:45:00.0,46.75,battery charge,sink,0.0
2025-04-16T23:00:00.0,47.0,battery charge,sink,0.0
2025-04-16T23:15:00.0,47.25,battery charge,sink,0.0
2025-04-16T23:30:00.0,47.5,battery charge,sink,0.0
2025-04-16T23:45:00.0,47.75,battery charge,sink,0.0
2025-04-17T00:00:00.0,48.0,battery charge,sink,0.0
2025-04-17T00:15:00.0,48.25,battery charge,sink,0.0
2025-04-17T00:30:00.0,48.5,battery charge,sink,0.0
2025-04-17T00:45:00.0,48.75,battery charge,sink,0.0
2025-04-17T01:00:00.0,49.0,battery charge,sink,0.0
2025-04-17T01:15:00.0,49.25,battery charge,sink,0.0
2025-04-17T01:30:00.0,49.5,battery charge,sink,0.0
2025-04-17T01:45:00.0,49.75,battery charge,sink,0.0
2025-04-17T02:00:00.0,50.0,battery charge,sink,0.0
2025-04-17T02:15:00.0,50.25,battery charge,sink,0.0
2025-04-17T02:30:00.0,50.5,battery charge,sink,0.0
2025-04-17T02:45:00.0,50.75,battery charge,sink,0.0
2025-04-17T03:00:00.0,51.0,battery charge,sink,0.0
2025-04-17T03:15:00.0,51.25,battery charge,sink,0.0
2025-04-17T03:30:00.0,51.5,battery charge,sink,0.0
2025-04-17T03:45:00.0,51.75,battery charge,sink,0.0
2025-04-17T04:00:00.0,52.0,battery charge,sink,0.0
2025-04-17T04:15:00.0,52.25,battery charge,sink,0.0
2025-04-17T04:30:00.0,52.5,battery charge,sink,0.0
2025-04-17T04:45:00.0,52.75,battery charge,sink,0.0
2025-04-17T05:00:00.0,53.0,battery charge,sink,0.0
2025-04-17T05:15:00.0,53.25,battery charge,sink,0.0
2025-04-17T05:30:00.0,53.5,battery charge,sink,0.0
2025-04-17T05:45:00.0,53.75,battery charge,sink,0.0
2025-04-17T06:00:00.0,54.0,battery charge,sink,0.0
2025-04-17T06:15:00.0,54.25,battery charge,sink,0.0
2025-04-17T06:30:00.0,54.5,battery charge,sink,0.0
2025-04-17T06:45:00.0,54.75,battery charge,sink,0.0
2025-04-17T07:00:00.0,55.0,battery charge,sink,0.0
2025-04-17T07:15:00.0,55.25,battery charge,sink,0.0
2025-04-17T07:30:00.0,55.5,battery charge,sink,0.0
2025-04-17T07:45:00.0,55.75,battery charge,sink,0.0
2025-04-17T08:00:00.0,56.0,battery charge,sink,0.0
2025-04-17T08:15:00.0,56.25,battery charge,sink,0.0
2025-04-17T08:30:00.0,56.5,battery charge,sink,0.063475880710686
2025-04-17T08:45:00.0,56.75,battery charge,sink,0.21580385226780952
2025-04-17T09:00:00.0,57.0,battery charge,sink,0.582873592543297
2025-04-17T09:15:00.0,57.25,battery charge,sink,0.6356354547507639
2025-04-17T09:30:00.0,57.5,battery charge,sink,0.6276893101319618
2025-04-17T09:45:00.0,57.75,battery charge,sink,0.5803602830219441
2025-04-17T10:00:00.0,58.0,battery charge,sink,0.4929974508240632
2025-04-17T10:15:00.0,58.25,battery charge,sink,0.5154908742548832
2025-04-17T10:30:00.0,58.5,battery charge,sink,0.5277242845446041
2025-04-17T10:45:00.0,58.75,battery charge,sink,0.5513644009546624
2025-04-17T11:00:00.0,59.0,battery charge,sink,0.487207326051891
2025-04-17T11:15:00.0,59.25,battery charge,sink,0.5196518210745521
2025-04-17T11:30:00.0,59.5,battery charge,sink,0.5906803104338383
2025-04-17T11:45:00.0,59.75,battery charge,sink,0.6106551069852433
2025-04-17T12:00:00.0,60.0,battery charge,sink,0.9001786012388353
2025-04-17T12:15:00.0,60.25,battery charge,sink,0.7586227686375752
2025-04-17T12:30:00.0,60.5,battery charge,sink,0.6109988182891659
2025-04-17T12:45:00.0,60.75,battery charge,sink,0.4950931074486449
2025-04-17T13:00:00.0,61.0,battery charge,sink,0.2610764894534345
2025-04-17T13:15:00.0,61.25,battery charge,sink,0.25536329854157813
2025-04-17T13:30:00.0,61.5,battery charge,sink,0.2891393247098317
2025-04-17T13:45:00.0,61.75,battery charge,sink,0.27493766523330515
2025-04-17T14:00:00.0,62.0,battery charge,sink,0.2752735586464822
2025-04-17T14:15:00.0,62.25,battery charge,sink,0.240036782582569
2025-04-17T14:30:00.0,62.5,battery charge,sink,0.23934592324909115
2025-04-17T14:45:00.0,62.75,battery charge,sink,0.22192636838701077
2025-04-17T15:00:00.0,63.0,battery charge,sink,0.27123288024850434
2025-04-17T15:15:00.0,63.25,battery charge,sink,0.20362573030920073
2025-04-17T15:30:00.0,63.5,battery charge,sink,0.12692707509235243
2025-04-17T15:45:00.0,63.75,battery charge,sink,0.013331219234604674
2025-04-17T16:00:00.0,64.0,battery charge,sink,0.0
2025-04-17T16:15:00.0,64.25,battery charge,sink,0.0
2025-04-17T16:30:00.0,64.5,battery charge,sink,0.0
2025-04-17T16:45:00.0,64.75,battery charge,sink,0.0
2025-04-17T17:00:00.0,65.0,battery charge,sink,0.0
2025-04-17T17:15:00.0,65.25,battery charge,sink,0.0
2025-04-17T17:30:00.0,65.5,battery charge,sink,0.0
2025-04-17T17:45:00.0,65.75,battery charge,sink,0.0
2025-04-17T18:00:00.0,66.0,battery charge,sink,0.0
2025-04-17T18:15:00.0,66.25,battery charge,sink,0.0
2025-04-17T18:30:00.0,66.5,battery charge,sink,0.0
2025-04-17T18:45:00.0,66.75,battery charge,sink,0.0
2025-04-17T19:00:00.0,67.0,battery charge,sink,0.0
2025-04-17T19:15:00.0,67.25,battery charge,sink,0.0
2025-04-17T19:30:00.0,67.5,battery charge,sink,0.0
2025-04-17T19:45:00.0,67.75,battery charge,sink,0.0
2025-04-17T20:00:00.0,68.0,battery charge,sink,0.0
2025-04-17T20:15:00.0,68.25,battery charge,sink,0.0
2025-04-17T20:30:00.0,68.5,battery charge,sink,0.0
2025-04-17T20:45:00.0,68.75,battery charge,sink,0.0
2025-04-17T21:00:00.0,69.0,battery charge,sink,0.0
2025-04-17T21:15:00.0,69.25,battery charge,sink,0.0
2025-04-17T21:30:00.0,69.5,battery charge,sink,0.0
2025-04-17T21:45:00.0,69.75,battery charge,sink,0.0
2025-04-17T22:00:00.0,70.0,battery charge,sink,0.0
2025-04-17T22:15:00.0,70.25,battery charge,sink,0.0
2025-04-17T22:30:00.0,70.5,battery charge,sink,0.0
2025-04-17T22:45:00.0,70.75,battery charge,sink,0.0
2025-04-17T23:00:00.0,71.0,battery charge,sink,0.0
2025-04-17T23:15:00.0,71.25,battery charge,sink,0.0
2025-04-17T23:30:00.0,71.5,battery charge,sink,0.0
2025-04-17T23:45:00.0,71.75,battery charge,sink,0.0
2025-04-15T00:00:00.0,0.0,load,sink,0.17317495481202225
2025-04-15T00:15:00.0,0.25,load,sink,0.16336330567483381
2025-04-15T00:30:00.0,0.5,load,sink,0.13764100544822183
2025-04-15T00:45:00.0,0.75,load,sink,0.13386485897761438
2025-04-15T01:00:00.0,1.0,load,sink,0.13390753847043993
2025-04-15T01:15:00.0,1.25,load,sink,0.15886469053178429
2025-04-15T01:30:00.0,1.5,load,sink,0.13554347043098727
2025-04-15T01:45:00.0,1.75,load,sink,0.14142383831499883
2025-04-15T02:00:00.0,2.0,load,sink,0.17075196585519414
2025-04-15T02:15:00.0,2.25,load,sink,0.1642009985613635
2025-04-15T02:30:00.0,2.5,load,sink,0.1328792131465802
2025-04-15T02:45:00.0,2.75,load,sink,0.17530112055535316
2025-04-15T03:00:00.0,3.0,load,sink,0.1516283374465785
2025-04-15T03:15:00.0,3.25,load,sink,0.15151680981918306
2025-04-15T03:30:00.0,3.5,load,sink,0.17344096688893318
2025-04-15T03:45:00.0,3.75,load,sink,0.13528923556251302
2025-04-15T04:00:00.0,4.0,load,sink,0.1377581644747071
2025-04-15T04:15:00.0,4.25,load,sink,0.15025004995703758
2025-04-15T04:30:00.0,4.5,load,sink,0.15020826187850017
2025-04-15T04:45:00.0,4.75,load,sink,0.1617795942744634
2025-04-15T05:00:00.0,5.0,load,sink,0.16237487572049192
2025-04-15T05:15:00.0,5.25,load,sink,0.18798022542871692
2025-04-15T05:30:00.0,5.5,load,sink,0.21157090534938738
2025-04-15T05:45:00.0,5.75,load,sink,0.29407617082821547
2025-04-15T06:00:00.0,6.0,load,sink,0.4072793374077939
2025-04-15T06:15:00.0,6.25,load,sink,0.42783324781304355
2025-04-15T06:30:00.0,6.5,load,sink,0.5595443159283601
2025-04-15T06:45:00.0,6.75,load,sink,0.569927799252568
2025-04-15T07:00:00.0,7.0,load,sink,0.7227756491559661
2025-04-15T07:15:00.0,7.25,load,sink,0.6958664655905202
2025-04-15T07:30:00.0,7.5,load,sink,0.7477076834047146
2025-04-15T07:45:00.0,7.75,load,sink,0.7961479353245714
2025-04-15T08:00:00.0,8.0,load,sink,0.7421685054404942
2025-04-15T08:15:00.0,8.25,load,sink,0.6929507198195487
2025-04-15T08:30:00.0,8.5,load,sink,0.584661158642994
2025-04-15T08:45:00.0,8.75,load,sink,0.4418365125248601
2025-04-15T09:00:00.0,9.0,load,sink,0.40025236367141964
2025-04-15T09:15:00.0,9.25,load,sink,0.30143382135103014
2025-04-15T09:30:00.0,9.5,load,sink,0.21237678878866445
2025-04-15T09:45:00.0,9.75,load,sink,0.23005922213992913
2025-04-15T10:00:00.0,10.0,load,sink,0.1825334268387926
2025-04-15T10:15:00.0,10.25,load,sink,0.15665707955456884
2025-04-15T10:30:00.0,10.5,load,sink,0.17286221444755903
2025-04-15T10:45:00.0,10.75,load,sink,0.15783356123590073
2025-04-15T11:00:00.0,11.0,load,sink,0.16289117172369377
2025-04-15T11:15:00.0,11.25,load,sink,0.1544173163374828
2025-04-15T11:30:00.0,11.5,load,sink,0.14586431565236416
2025-04-15T11:45:00.0,11.75,load,sink,0.14707098468026894
2025-04-15T12:00:00.0,12.0,load,sink,0.1378772040556438
2025-04-15T12:15:00.0,12.25,load,sink,0.133497577773247
2025-04-15T12:30:00.0,12.5,load,sink,0.16571277155369368
2025-04-15T12:45:00.0,12.75,load,sink,0.14925390630560975
2025-04-15T13:00:00.0,13.0,load,sink,0.1721309489697978
2025-04-15T13:15:00.0,13.25,load,sink,0.13832332056549668
2025-04-15T13:30:00.0,13.5,load,sink,0.16581173369930413
2025-04-15T13:45:00.0,13.75,load,sink,0.1486174005207861
2025-04-15T14:00:00.0,14.0,load,sink,0.17550034139160517
2025-04-15T14:15:00.0,14.25,load,sink,0.15318998894802674
2025-04-15T14:30:00.0,14.5,load,sink,0.15961098514997207
2025-04-15T14:45:00.0,14.75,load,sink,0.16272785100051781
2025-04-15T15:00:00.0,15.0,load,sink,0.1932717566847477
2025-04-15T15:15:00.0,15.25,load,sink,0.16363026190756144
2025-04-15T15:30:00.0,15.5,load,sink,0.2196879663107286
2025-04-15T15:45:00.0,15.75,load,sink,0.21263273470893437
2025-04-15T16:00:00.0,16.0,load,sink,0.3041477095353645
2025-04-15T16:15:00.0,16.25,load,sink,0.30080883697363203
2025-04-15T16:30:00.0,16.5,load,sink,0.37413029485358046
2025-04-15T16:45:00.0,16.75,load,sink,0.5205559425266355
2025-04-15T17:00:00.0,17.0,load,sink,0.5674353371661616
2025-04-15T17:15:00.0,17.25,load,sink,0.7386174822565952
2025-04-15T17:30:00.0,17.5,load,sink,0.738391867084088
2025-04-15T17:45:00.0,17.75,load,sink,1.0212043972522418
2025-04-15T18:00:00.0,18.0,load,sink,0.9572051001660287
2025-04-15T18:15:00.0,18.25,load,sink,1.2247973884045908
2025-04-15T18:30:00.0,18.5,load,sink,1.2089459180810762
2025-04-15T18:45:00.0,18.75,load,sink,1.2512311973503267
2025-04-15T19:00:00.0,19.0,load,sink,1.4254999170743399
2025-04-15T19:15:00.0,19.25,load,sink,1.3481884975705352
2025-04-15T19:30:00.0,19.5,load,sink,1.2275465262589393
2025-04-15T19:45:00.0,19.75,load,sink,1.0199853634201173
2025-04-15T20:00:00.0,20.0,load,sink,0.9251642030631609
2025-04-15T20:15:00.0,20.25,load,sink,1.0291631012072695
2025-04-15T20:30:00.0,20.5,load,sink,0.7981040805780856
2025-04-15T20:45:00.0,20.75,load,sink,0.5991448443671795
2025-04-15T21:00:00.0,21.0,load,sink,0.48815632828846534
2025-04-15T21:15:00.0,21.25,load,sink,0.5242154268691207
2025-04-15T21:30:00.0,21.5,load,sink,0.41384860134720297
2025-04-15T21:45:00.0,21.75,load,sink,0.3086173900841334
2025-04-15T22:00:00.0,22.0,load,sink,0.2782954623898606
2025-04-15T22:15:00.0,22.25,load,sink,0.24085089949520966
2025-04-15T22:30:00.0,22.5,load,sink,0.20649011033701087
2025-04-15T22:45:00.0,22.75,load,sink,0.16386739226815222
2025-04-15T23:00:00.0,23.0,load,sink,0.19945451806146577
2025-04-15T23:15:00.0,23.25,load,sink,0.16535757617273775
2025-04-15T23:30:00.0,23.5,load,sink,0.1792488829835948
2025-04-15T23:45:00.0,23.75,load,sink,0.17765820621631093
2025-04-16T00:00:00.0,24.0,load,sink,0.17239416016539919
2025-04-16T00:15:00.0,24.25,load,sink,0.1390973419399591
2025-04-16T00:30:00.0,24.5,load,sink,0.17502482765875063
2025-04-16T00:45:00.0,24.75,load,sink,0.15235825676611084
2025-04-16T01:00:00.0,25.0,load,sink,0.13104575389482598
2025-04-16T01:15:00.0,25.25,load,sink,0.15812456017573756
2025-04-16T01:30:00.0,25.5,load,sink,0.17296597871527228
2025-04-16T01:45:00.0,25.75,load,sink,0.17178040821027968
2025-04-16T02:00:00.0,26.0,load,sink,0.14362341634658002
2025-04-16T02:15:00.0,26.25,load,sink,0.14166674115081412
2025-04-16T02:30:00.0,26.5,load,sink,0.1343417731792687
2025-04-16T02:45:00.0,26.75,load,sink,0.1669455214492243
2025-04-16T03:00:00.0,27.0,load,sink,0.17581539900373125
2025-04-16T03:15:00.0,27.25,load,sink,0.1507127074368195
2025-04-16T03:30:00.0,27.5,load,sink,0.13779891314791973
2025-04-16T03:45:00.0,27.75,load,sink,0.15972819552404097
2025-04-16T04:00:00.0,28.0,load,sink,0.13390941610546048
2025-04-16T04:15:00.0,28.25,load,sink,0.13584759831957877
2025-04-16T04:30:00.0,28.5,load,sink,0.1611891304208742
2025-04-16T04:45:00.0,28.75,load,sink,0.15551846805951433
2025-04-16T05:00:00.0,29.0,load,sink,0.183620733112477
2025-04-16T05:15:00.0,29.25,load,sink,0.207541603076354
2025-04-16T05:30:00.0,29.5,load,sink,0.21337864641218263
2025-04-16T05:45:00.0,29.75,load,sink,0.2920257944798686
2025-04-16T06:00:00.0,30.0,load,sink,0.387325863036148
2025-04-16T06:15:00.0,30.25,load,sink,0.47849730887523473
2025-04-16T06:30:00.0,30.5,load,sink,0.535212707191639
2025-04-16T06:45:00.0,30.75,load,sink,0.5669677096689256
2025-04-16T07:00:00.0,31.0,load,sink,0.6489956253438312
2025-04-16T07:15:00.0,31.25,load,sink,0.7779444597470496
2025-04-16T07:30:00.0,31.5,load,sink,0.6949876383722631
2025-04-16T07:45:00.0,31.75,load,sink,0.7287073115717263
2025-04-16T08:00:00.0,32.0,load,sink,0.6850989684930069
2025-04-16T08:15:00.0,32.25,load,sink,0.6032872229507369
2025-04-16T08:30:00.0,32.5,load,sink,0.47047696144413403
2025-04-16T08:45:00.0,32.75,load,sink,0.4310026970960627
2025-04-16T09:00:00.0,33.0,load,sink,0.3106478532085576
2025-04-16T09:15:00.0,33.25,load,sink,0.2850152167651299
2025-04-16T09:30:00.0,33.5,load,sink,0.20867726632227046
2025-04-16T09:45:00.0,33.75,load,sink,0.20996790832507914
2025-04-16T10:00:00.0,34.0,load,sink,0.18612373207264324
2025-04-16T10:15:00.0,34.25,load,sink,0.17261487154436014
2025-04-16T10:30:00.0,34.5,load,sink,0.1822100739651235
2025-04-16T10:45:00.0,34.75,load,sink,0.17978882548073236
2025-04-16T11:00:00.0,35.0,load,sink,0.15685419944174617
2025-04-16T11:15:00.0,35.25,load,sink,0.15365534987791188
2025-04-16T11:30:00.0,35.5,load,sink,0.14941494391154506
2025-04-16T11:45:00.0,35.75,load,sink,0.15277801746720385
2025-04-16T12:00:00.0,36.0,load,sink,0.15878460585353063
2025-04-16T12:15:00.0,36.25,load,sink,0.14891073528102267
2025-04-16T12:30:00.0,36.5,load,sink,0.15367349970196179
2025-04-16T12:45:00.0,36.75,load,sink,0.17324153915759835
2025-04-16T13:00:00.0,37.0,load,sink,0.17309181967766826
2025-04-16T13:15:00.0,37.25,load,sink,0.17572949152502154
2025-04-16T13:30:00.0,37.5,load,sink,0.16596141610372597
2025-04-16T13:45:00.0,37.75,load,sink,0.15011340734860704
2025-04-16T14:00:00.0,38.0,load,sink,0.14127539590979266
2025-04-16T14:15:00.0,38.25,load,sink,0.16670278247882786
2025-04-16T14:30:00.0,38.5,load,sink,0.16710261617963032
2025-04-16T14:45:00.0,38.75,load,sink,0.17560514335577013
2025-04-16T15:00:00.0,39.0,load,sink,0.17269590577174265
2025-04-16T15:15:00.0,39.25,load,sink,0.2074674691495885
2025-04-16T15:30:00.0,39.5,load,sink,0.21208479774237962
2025-04-16T15:45:00.0,39.75,load,sink,0.2099955248457255
2025-04-16T16:00:00.0,40.0,load,sink,0.28434407221060126
2025-04-16T16:15:00.0,40.25,load,sink,0.2874323500803933
2025-04-16T16:30:00.0,40.5,load,sink,0.3856927901697241
2025-04-16T16:45:00.0,40.75,load,sink,0.4673441180351657
2025-04-16T17:00:00.0,41.0,load,sink,0.5506886600219184
2025-04-16T17:15:00.0,41.25,load,sink,0.7594550362552879
2025-04-16T17:30:00.0,41.5,load,sink,0.8417075382228812
2025-04-16T17:45:00.0,41.75,load,sink,0.8790486331832824
2025-04-16T18:00:00.0,42.0,load,sink,1.0506914754802246
2025-04-16T18:15:00.0,42.25,load,sink,1.000229040041387
2025-04-16T18:30:00.0,42.5,load,sink,1.2428402204154032
2025-04-16T18:45:00.0,42.75,load,sink,1.0870991197607787
2025-04-16T19:00:00.0,43.0,load,sink,1.162479376325879
2025-04-16T19:15:00.0,43.25,load,sink,1.1298926274619845
2025-04-16T19:30:00.0,43.5,load,sink,1.1661035935126605
2025-04-16T19:45:00.0,43.75,load,sink,1.214169940033987
2025-04-16T20:00:00.0,44.0,load,sink,1.018812189530751
2025-04-16T20:15:00.0,44.25,load,sink,0.8609227410618628
2025-04-16T20:30:00.0,44.5,load,sink,0.7189127119838067
2025-04-16T20:45:00.0,44.75,load,sink,0.6485440827779999
2025-04-16T21:00:00.0,45.0,load,sink,0.5317275172400667
2025-04-16T21:15:00.0,45.25,load,sink,0.42971123835124286
2025-04-16T21:30:00.0,45.5,load,sink,0.3748628049703698
2025-04-16T21:45:00.0,45.75,load,sink,0.3068512188533632
2025-04-16T22:00:00.0,46.0,load,sink,0.25082259901198645
2025-04-16T22:15:00.0,46.25,load,sink,0.23747274007844463
2025-04-16T22:30:00.0,46.5,load,sink,0.199426724583583
2025-04-16T22:45:00.0,46.75,load,sink,0.16938850526688012
2025-04-16T23:00:00.0,47.0,load,sink,0.1569808543736043
2025-04-16T23:15:00.0,47.25,load,sink,0.15161120744055726
2025-04-16T23:30:00.0,47.5,load,sink,0.14193299360684436
2025-04-16T23:45:00.0,47.75,load,sink,0.1337800436193242
2025-04-17T00:00:00.0,48.0,load,sink,0.16923580872385266
2025-04-17T00:15:00.0,48.25,load,sink,0.15661057960981453
2025-04-17T00:30:00.0,48.5,load,sink,0.14123289502634503
2025-04-17T00:45:00.0,48.75,load,sink,0.15704687879123594
2025-04-17T01:00:00.0,49.0,load,sink,0.17115157868783595
2025-04-17T01:15:00.0,49.25,load,sink,0.17232195099082062
2025-04-17T01:30:00.0,49.5,load,sink,0.14657700559499123
2025-04-17T01:45:00.0,49.75,load,sink,0.17482267145509098
2025-04-17T02:00:00.0,50.0,load,sink,0.1744047314932952
2025-04-17T02:15:00.0,50.25,load,sink,0.13984420630625735
2025-04-17T02:30:00.0,50.5,load,sink,0.15827236604235703
2025-04-17T02:45:00.0,50.75,load,sink,0.15186367761747047
2025-04-17T03:00:00.0,51.0,load,sink,0.13389950640282045
2025-04-17T03:15:00.0,51.25,load,sink,0.17079929878806013
2025-04-17T03:30:00.0,51.5,load,sink,0.13212955375403698
2025-04-17T03:45:00.0,51.75,load,sink,0.15931081646611675
2025-04-17T04:00:00.0,52.0,load,sink,0.16207389098255262
2025-04-17T04:15:00.0,52.25,load,sink,0.16776577745357568
2025-04-17T04:30:00.0,52.5,load,sink,0.1537708667375595
2025-04-17T04:45:00.0,52.75,load,sink,0.15714494062124212
2025-04-17T05:00:00.0,53.0,load,sink,0.18041842804267466
2025-04-17T05:15:00.0,53.25,load,sink,0.2084043037903686
2025-04-17T05:30:00.0,53.5,load,sink,0.2502693731012335
2025-04-17T05:45:00.0,53.75,load,sink,0.31000570402529576
2025-04-17T06:00:00.0,54.0,load,sink,0.33129591362594746
2025-04-17T06:15:00.0,54.25,load,sink,0.4403773142454094
2025-04-17T06:30:00.0,54.5,load,sink,0.5413130183512248
2025-04-17T06:45:00.0,54.75,load,sink,0.6910158291518815
2025-04-17T07:00:00.0,55.0,load,sink,0.6032729721595516
2025-04-17T07:15:00.0,55.25,load,sink,0.8407875592524239
2025-04-17T07:30:00.0,55.5,load,sink,0.7853635678965336
2025-04-17T07:45:00.0,55.75,load,sink,0.8509944896046537
2025-04-17T08:00:00.0,56.0,load,sink,0.6523152902203981
2025-04-17T08:15:00.0,56.25,load,sink,0.7088760134713623
2025-04-17T08:30:00.0,56.5,load,sink,0.45824935220503105
2025-04-17T08:45:00.0,56.75,load,sink,0.38536209375136354
2025-04-17T09:00:00.0,57.0,load,sink,0.3415084179234166
2025-04-17T09:15:00.0,57.25,load,sink,0.25644339325055804
2025-04-17T09:30:00.0,57.5,load,sink,0.22423988910624088
2025-04-17T09:45:00.0,57.75,load,sink,0.2243640652111972
2025-04-17T10:00:00.0,58.0,load,sink,0.18929176801007164
2025-04-17T10:15:00.0,58.25,load,sink,0.17665303118794734
2025-04-17T10:30:00.0,58.5,load,sink,0.17181358141180017
2025-04-17T10:45:00.0,58.75,load,sink,0.1531351196333659
2025-04-17T11:00:00.0,59.0,load,sink,0.1570183557712309
2025-04-17T11:15:00.0,59.25,load,sink,0.16566375886903315
2025-04-17T11:30:00.0,59.5,load,sink,0.133477779321976
2025-04-17T11:45:00.0,59.75,load,sink,0.1496886970529161
2025-04-17T12:00:00.0,60.0,load,sink,0.15416490899553967
2025-04-17T12:15:00.0,60.25,load,sink,0.16092651496197283
2025-04-17T12:30:00.0,60.5,load,sink,0.17189871635230836
2025-04-17T12:45:00.0,60.75,load,sink,0.1507797018611808
2025-04-17T13:00:00.0,61.0,load,sink,0.16292231368846816
2025-04-17T13:15:00.0,61.25,load,sink,0.17001376783022507
2025-04-17T13:30:00.0,61.5,load,sink,0.1354653092000802
2025-04-17T13:45:00.0,61.75,load,sink,0.14665514751963765
2025-04-17T14:00:00.0,62.0,load,sink,0.13733449224922736
2025-04-17T14:15:00.0,62.25,load,sink,0.16867278839519761
2025-04-17T14:30:00.0,62.5,load,sink,0.16266356876389698
2025-04-17T14:45:00.0,62.75,load,sink,0.17056879179913295
2025-04-17T15:00:00.0,63.0,load,sink,0.18840028165134423
2025-04-17T15:15:00.0,63.25,load,sink,0.18518181122492267
2025-04-17T15:30:00.0,63.5,load,sink,0.19551421927450588
2025-04-17T15:45:00.0,63.75,load,sink,0.2477563428073547
2025-04-17T16:00:00.0,64.0,load,sink,0.2917954490893638
2025-04-17T16:15:00.0,64.25,load,sink,0.30349117357045946
2025-04-17T16:30:00.0,64.5,load,sink,0.4133346745350163
2025-04-17T16:45:00.0,64.75,load,sink,0.4353639550669622
2025-04-17T17:00:00.0,65.0,load,sink,0.49872255139422184
2025-04-17T17:15:00.0,65.25,load,sink,0.5967260998115089
2025-04-17T17:30:00.0,65.5,load,sink,0.690421033686735
2025-04-17T17:45:00.0,65.75,load,sink,0.9670914735896
2025-04-17T18:00:00.0,66.0,load,sink,0.8770313997019454
2025-04-17T18:15:00.0,66.25,load,sink,1.2065660621452583
2025-04-17T18:30:00.0,66.5,load,sink,1.34952298492488
2025-04-17T18:45:00.0,66.75,load,sink,1.0660133769056566
2025-04-17T19:00:00.0,67.0,load,sink,1.2466825964955368
2025-04-17T19:15:00.0,67.25,load,sink,1.222040941687238
2025-04-17T19:30:00.0,67.5,load,sink,1.3304335936679086
2025-04-17T19:45:00.0,67.75,load,sink,1.059255987030917
2025-04-17T20:00:00.0,68.0,load,sink,1.151367084395585
2025-04-17T20:15:00.0,68.25,load,sink,0.7892460356843713
2025-04-17T20:30:00.0,68.5,load,sink,0.8369497894433521
2025-04-17T20:45:00.0,68.75,load,sink,0.7123747462774817
2025-04-17T21:00:00.0,69.0,load,sink,0.503416906298994
2025-04-17T21:15:00.0,69.25,load,sink,0.41073873072755446
2025-04-17T21:30:00.0,69.5,load,sink,0.4432491280851383
2025-04-17T21:45:00.0,69.75,load,sink,0.32033697891549945
2025-04-17T22:00:00.0,70.0,load,sink,0.28773719961468047
2025-04-17T22:15:00.0,70.25,load,sink,0.2157864460210097
2025-04-17T22:30:00.0,70.5,load,sink,0.22142677717668457
2025-04-17T22:45:00.0,70.75,load,sink,0.1599900977656823
2025-04-17T23:00:00.0,71.0,load,sink,0.1961326630367586
2025-04-17T23:15:00.0,71.25,load,sink,0.15680660810703323
2025-04-17T23:30:00.0,71.5,load,sink,0.17984191085497733
2025-04-17T23:45:00.0,71.75,load,sink,0.1341800558349078
