scenario,pv_kwp,battery_kwh,capex_per_kwh,annual_savings,cycles_per_year,capex,npv,irr,payback_years,lifetime_years
base,0.0,2.5,100.0,93.2490135632072,276.87753156588894,650.0,568.9086646630078,0.09705409668239547,7.4341074752119,15.0
base,0.0,2.5,150.0,93.2490135632072,276.87753156588894,775.0,443.9086646630078,0.06648062309825939,8.998199241937595,15.0
base,0.0,2.5,200.0,93.2490135632072,276.87753156588894,900.0,318.90866466300787,0.04279754700276493,10.618325526551207,15.0
base,0.0,2.5,250.0,93.2490135632072,276.87753156588894,1025.0,193.90866466300793,0.02366713557009683,12.290435469348774,15.0
base,0.0,2.5,300.0,93.2490135632072,276.87753156588894,1150.0,68.90866466300793,0.007735574931421015,14.019461776492717,15.0
base,0.0,2.5,350.0,93.2490135632072,276.87753156588894,1275.0,-56.09133533699213,-0.005842539771510985,Inf,15.0
base,0.0,2.5,400.0,93.2490135632072,276.87753156588894,1400.0,-181.09133533699222,-0.017626326805879042,Inf,15.0
base,0.0,5.0,100.0,155.2167416940349,237.79786074648064,900.0,1128.9226032764045,0.13285268391537547,6.102120467373126,15.0
base,0.0,5.0,150.0,155.2167416940349,237.79786074648064,1150.0,878.9226032764045,0.08608654730850498,7.93911678024506,15.0
base,0.0,5.0,200.0,155.2167416940349,237.79786074648064,1400.0,628.9226032764043,0.0532833235708676,9.848018705967746,15.0
base,0.0,5.0,250.0,155.2167416940349,237.79786074648064,1650.0,378.92260327640446,0.02847021217880178,11.832818806514075,15.0
base,0.0,5.0,300.0,155.2167416940349,237.79786074648064,1900.0,128.9226032764043,0.008741886373818434,13.899930953367353,15.0
base,0.0,5.0,350.0,155.2167416940349,237.79786074648064,2150.0,-121.07739672359561,-0.007505675997357511,Inf,15.0
base,0.0,5.0,400.0,155.2167416940349,237.79786074648064,2400.0,-371.07739672359537,-0.021240587271561313,Inf,15.0
base,0.0,10.0,100.0,232.66173351250882,186.24479975152607,1400.0,1641.248288612554,0.1252941204493072,6.3493156459801,15.0
base,0.0,10.0,150.0,232.66173351250882,186.24479975152607,1900.0,1141.2482886125538,0.06939407249159213,8.828095921904778,15.0
base,0.0,10.0,200.0,232.66173351250882,186.24479975152607,2400.0,641.2482886125538,0.03285496314581558,11.439563778398727,15.0
base,0.0,10.0,250.0,232.66173351250882,186.24479975152607,2900.0,141.24828861255315,0.006306195332659799,14.194448751215235,15.0
base,0.0,10.0,300.0,232.66173351250882,186.24479975152607,3400.0,-358.7517113874471,-0.014271784446191357,Inf,15.0
base,0.0,10.0,350.0,232.66173351250882,186.24479975152607,3900.0,-858.7517113874469,-0.030929261508437146,Inf,15.0
base,0.0,10.0,400.0,232.66173351250882,186.24479975152607,4400.0,-1358.7517113874474,-0.044838569860184016,Inf,15.0
base,0.0,15.0,100.0,281.01329958943484,154.79587753199834,1900.0,1773.2779540120946,0.10269352442671327,7.192970354904172,15.0
base,0.0,15.0,150.0,281.01329958943484,154.79587753199834,2650.0,1023.2779540120943,0.04634868146233877,10.347336246536983,15.0
base,0.0,15.0,200.0,281.01329958943484,154.79587753199834,3400.0,273.2779540120939,0.010322133441582023,13.715442041482547,15.0
base,0.0,15.0,250.0,281.01329958943484,154.79587753199834,4150.0,-476.7220459879064,-0.015582514222991846,Inf,15.0
base,0.0,15.0,300.0,281.01329958943484,154.79587753199834,4900.0,-1226.7220459879052,-0.0355491125492964,Inf,15.0
base,0.0,15.0,350.0,281.01329958943484,154.79587753199834,5650.0,-1976.7220459879056,-0.051659454700013395,Inf,15.0
base,0.0,15.0,400.0,281.01329958943484,154.79587753199834,6400.0,-2726.722045987906,-0.06508563650213098,Inf,15.0
base,0.0,20.0,100.0,325.22031744935146,137.489587258602,2400.0,1851.1319714365275,0.0867887044067265,7.905271620892853,15.0
base,0.0,20.0,150.0,325.22031744935146,137.489587258602,3400.0,851.1319714365274,0.030894296051054593,11.61321306777866,15.0
base,0.0,20.0,200.0,325.22031744935146,137.489587258602,4400.0,-148.86802856347262,-0.004480256538624359,Inf,15.0
base,0.0,20.0,250.0,325.22031744935146,137.489587258602,5400.0,-1148.8680285634725,-0.029806305296273254,Inf,15.0
base,0.0,20.0,300.0,325.22031744935146,137.489587258602,6400.0,-2148.8680285634728,-0.049286771767349156,Inf,15.0
base,0.0,20.0,350.0,325.22031744935146,137.489587258602,7400.0,-3148.8680285634737,-0.06498879394506096,Inf,15.0
base,0.0,20.0,400.0,325.22031744935146,137.489587258602,8400.0,-4148.868028563473,-0.07806821392080712,Inf,15.0
base,0.0,30.0,100.0,379.1966622784407,107.733639717798,3400.0,1556.6861846660233,0.05421982000739939,9.784064178152832,15.0
base,0.0,30.0,150.0,379.1966622784407,107.733639717798,4900.0,56.686184666023564,0.0015127171205232932,14.801642940499894,15.0
base,0.0,30.0,200.0,379.1966622784407,107.733639717798,6400.0,-1443.3138153339771,-0.03173702198444039,Inf,15.0
base,0.0,30.0,250.0,379.1966622784407,107.733639717798,7900.0,-2943.313815333976,-0.05555016010843906,Inf,15.0
base,0.0,30.0,300.0,379.1966622784407,107.733639717798,9400.0,-4443.313815333978,-0.07389013738167755,Inf,15.0
base,0.0,30.0,350.0,379.1966622784407,107.733639717798,10900.0,-5943.313815333977,-0.08869467364770331,Inf,15.0
base,0.0,30.0,400.0,379.1966622784407,107.733639717798,12400.0,-7443.313815333979,-0.10104448247726217,Inf,15.0
base,3.0,5.0,100.0,293.34272361724277,286.4435771648341,900.0,2934.4425733848516,0.3013035468654789,3.135661588360784,15.0
base,3.0,5.0,150.0,293.34272361724277,286.4435771648341,1150.0,2684.442573384852,0.2262410668157236,4.041997380505286,15.0
base,3.0,5.0,200.0,293.34272361724277,286.4435771648341,1400.0,2434.4425733848516,0.17591631520176854,4.9659727320709965,15.0
base,3.0,5.0,250.0,293.34272361724277,286.4435771648341,1650.0,2184.4425733848516,0.13919115476260224,5.9081102894252115,15.0
base,3.0,5.0,300.0,293.34272361724277,286.4435771648341,1900.0,1934.4425733848516,0.11082149672055036,6.868308449815095,15.0
base,3.0,5.0,350.0,293.34272361724277,286.4435771648341,2150.0,1684.442573384852,0.08800126619771498,7.847328480021216,15.0
base,3.0,5.0,400.0,293.34272361724277,286.4435771648341,2400.0,1434.442573384852,0.0690843872535151,8.845955196820583,15.0
base,3.0,7.5,100.0,372.0242946574226,258.09293210849563,1150.0,3712.9322595000326,0.2987645130257124,3.160218073421183,15.0
base,3.0,7.5,150.0,372.0242946574226,258.09293210849563,1525.0,3337.932259500032,0.21414061003484214,4.235917352664991,15.0
base,3.0,7.5,200.0,372.0242946574226,258.09293210849563,1900.0,2962.932259500032,0.1602436487026762,5.335464325075177,15.0
base,3.0,7.5,250.0,372.0242946574226,258.09293210849563,2275.0,2587.932259500032,0.12206241343118102,6.4598008376534315,15.0
base,3.0,7.5,300.0,372.0242946574226,258.09293210849563,2650.0,2212.9322595000326,0.09311306204045983,7.60989724773589,15.0
base,3.0,7.5,350.0,372.0242946574226,258.09293210849563,3025.0,1837.9322595000324,0.07011445810497202,8.786753194407448,15.0
base,3.0,7.5,400.0,372.0242946574226,258.09293210849563,3400.0,1462.9322595000324,0.05121452320265342,9.991398389528017,15.0
base,3.0,15.0,100.0,483.09183977311596,186.93234941287122,1900.0,4414.756658828423,0.22535132086749854,4.055734332738437,15.0
base,3.0,15.0,150.0,483.09183977311596,186.93234941287122,2650.0,3664.756658828422,0.1445241868686548,5.753981154285496,15.0
base,3.0,15.0,200.0,483.09183977311596,186.93234941287122,3400.0,2914.756658828422,0.09529606304628027,7.511764581149367,15.0
base,3.0,15.0,250.0,483.09183977311596,186.93234941287122,4150.0,2164.7566588284226,0.061074183673704235,9.333298856701871,15.0
base,3.0,15.0,300.0,483.09183977311596,186.93234941287122,4900.0,1414.756658828422,0.0353421263459074,11.224253038833853,15.0
base,3.0,15.0,350.0,483.09183977311596,186.93234941287122,5650.0,664.7566588284219,0.0149702810442775,13.190655302206217,15.0
base,3.0,15.0,400.0,483.09183977311596,186.93234941287122,6400.0,-85.24334117157798,-0.0017535876631681034,Inf,15.0
base,3.0,25.0,100.0,546.7665267453665,135.66732374346893,2900.0,4247.083186524845,0.15183058523625612,5.553089408735989,15.0
base,3.0,25.0,150.0,546.7665267453665,135.66732374346893,4150.0,2997.083186524845,0.08185541674326995,8.150721240017388,15.0
base,3.0,25.0,200.0,546.7665267453665,135.66732374346893,5400.0,1747.0831865248454,0.03931915278224545,10.89329251499848,15.0
base,3.0,25.0,250.0,546.7665267453665,135.66732374346893,6650.0,497.0831865248464,0.009613285802445772,13.797807579319642,15.0
base,3.0,25.0,300.0,546.7665267453665,135.66732374346893,7900.0,-752.9168134751546,-0.012850694310546147,Inf,15.0
base,3.0,25.0,350.0,546.7665267453665,135.66732374346893,9150.0,-2002.9168134751546,-0.030733364066098036,Inf,15.0
base,3.0,25.0,400.0,546.7665267453665,135.66732374346893,10400.0,-3252.9168134751544,-0.04548736949434363,Inf,15.0
base,3.0,30.0,100.0,573.1782427814883,121.00138921174722,3400.0,4092.3251177247503,0.1281892337700537,6.252817214807333,15.0
base,3.0,30.0,150.0,573.1782427814883,121.00138921174722,4900.0,2592.3251177247494,0.06186300250685059,9.283313803052945,15.0
base,3.0,30.0,200.0,573.1782427814883,121.00138921174722,6400.0,1092.3251177247507,0.021443608912750517,12.511837329115426,15.0
base,3.0,30.0,250.0,573.1782427814883,121.00138921174722,7900.0,-407.67488227524814,-0.006868428854433317,Inf,15.0
base,3.0,30.0,300.0,573.1782427814883,121.00138921174722,9400.0,-1907.6748822752495,-0.028335318041576782,Inf,15.0
base,3.0,30.0,350.0,573.1782427814883,121.00138921174722,10900.0,-3407.674882275249,-0.04546287579946684,Inf,15.0
base,3.0,30.0,400.0,573.1782427814883,121.00138921174722,12400.0,-4907.674882275248,-0.05962097458259612,Inf,15.0
base,6.0,2.5,100.0,186.95778280070886,337.0309836308869,650.0,1793.827046250749,0.26107974400462797,3.5698313785330598,15.0
base,6.0,2.5,150.0,186.95778280070886,337.0309836308869,775.0,1668.827046250749,0.2111724884922978,4.285925823953692,15.0
base,6.0,2.5,200.0,186.95778280070886,337.0309836308869,900.0,1543.827046250749,0.1738776910390924,5.011019613094727,15.0
base,6.0,2.5,250.0,186.95778280070886,337.0309836308869,1025.0,1418.827046250749,0.14464069383757297,5.750686344604055,15.0
base,6.0,2.5,300.0,186.95778280070886,337.0309836308869,1150.0,1293.8270462507492,0.12089753177946017,6.50036028174835,15.0
base,6.0,2.5,350.0,186.95778280070886,337.0309836308869,1275.0,1168.827046250749,0.10108992051997798,7.260328829261464,15.0
base,6.0,2.5,400.0,186.95778280070886,337.0309836308869,1400.0,1043.8270462507487,0.08421288660134446,8.031116434406623,15.0
base,6.0,7.5,100.0,434.27666800300983,290.8934310263857,1150.0,4526.666950809543,0.3546953501636016,2.6956283590224177,15.0
base,6.0,7.5,150.0,434.27666800300983,290.8934310263857,1525.0,4151.666950809543,0.2580508828462666,3.606875435763625,15.0
base,6.0,7.5,200.0,434.27666800300983,290.8934310263857,1900.0,3776.6669508095424,0.19722224563717417,4.535034876170644,15.0
base,6.0,7.5,250.0,434.27666800300983,290.8934310263857,2275.0,3401.6669508095424,0.15456381698050103,5.480833945783879,15.0
base,6.0,7.5,300.0,434.27666800300983,290.8934310263857,2650.0,3026.6669508095424,0.12248968153980164,6.445022550568264,15.0
base,6.0,7.5,350.0,434.27666800300983,290.8934310263857,3025.0,2651.6669508095433,0.09718498824222019,7.428373858111116,15.0
base,6.0,7.5,400.0,434.27666800300983,290.8934310263857,3400.0,2276.666950809543,0.07651043184171434,8.431684934745444,15.0
base,6.0,12.5,100.0,590.1196164293519,256.8707488663431,1650.0,6063.775043483774,0.3341506187750657,2.8496910667237576,15.0
base,6.0,12.5,150.0,590.1196164293519,256.8707488663431,2275.0,5438.775043483774,0.23090141960298743,3.9719064880172614,15.0
base,6.0,12.5,200.0,590.1196164293519,256.8707488663431,2900.0,4813.775043483774,0.16905473079575242,5.122021489547377,15.0
base,6.0,12.5,250.0,590.1196164293519,256.8707488663431,3525.0,4188.775043483774,0.12677412637951754,6.299696968424446,15.0
base,6.0,12.5,300.0,590.1196164293519,256.8707488663431,4150.0,3563.7750434837753,0.09543915766072751,7.505398342945165,15.0
base,6.0,12.5,350.0,590.1196164293519,256.8707488663431,4775.0,2938.775043483776,0.07093160799327161,8.740195526601495,15.0
base,6.0,12.5,400.0,590.1196164293519,256.8707488663431,5400.0,2313.7750434837753,0.05101772017283844,10.005296357378482,15.0
base,6.0,25.0,100.0,795.5667879801745,189.9869852777112,2900.0,7499.286964358534,0.2469373145574308,3.748837569997869,15.0
base,6.0,25.0,150.0,795.5667879801745,189.9869852777112,4150.0,6249.286964358534,0.15550570225956448,5.456286256604633,15.0
base,6.0,25.0,200.0,795.5667879801745,189.9869852777112,5400.0,4999.286964358534,0.10196764200481417,7.223343650206128,15.0
base,6.0,25.0,250.0,795.5667879801745,189.9869852777112,6650.0,3749.286964358534,0.06553690574085061,9.055422800708232,15.0
base,6.0,25.0,300.0,795.5667879801745,189.9869852777112,7900.0,2499.286964358534,0.038504280027600486,10.959116169064593,15.0
base,6.0,25.0,350.0,795.5667879801745,189.9869852777112,9150.0,1249.2869643585339,0.017293024396407987,12.939282198168252,15.0
base,6.0,25.0,400.0,795.5667879801745,189.9869852777112,10400.0,-0.7130356414648986,-8.993606337012967e-6,Inf,15.0
base,9.0,2.5,100.0,187.97049237373767,344.0644505387042,650.0,1807.0647248725747,0.26273018279038285,3.5499298324343163,15.0
base,9.0,2.5,150.0,187.97049237373767,344.0644505387042,775.0,1682.0647248725747,0.21260216739547103,4.26171279691048,15.0
base,9.0,2.5,200.0,187.97049237373767,344.0644505387042,900.0,1557.0647248725747,0.17515287800434626,4.982680866847168,15.0
base,9.0,2.5,250.0,187.97049237373767,344.0644505387042,1025.0,1432.0647248725747,0.14580202984992857,5.718009119167199,15.0
base,9.0,2.5,300.0,187.97049237373767,344.0644505387042,1150.0,1307.0647248725745,0.12197156682885174,6.4629498195757416,15.0
base,9.0,2.5,350.0,187.97049237373767,344.0644505387042,1275.0,1182.0647248725747,0.10209488275048667,7.218005546856783,15.0
base,9.0,2.5,400.0,187.97049237373767,344.0644505387042,1400.0,1057.0647248725745,0.08516180149659472,7.984021481901585,15.0
base,9.0,5.0,100.0,334.14989039566115,319.3494298593407,900.0,3467.8552848538807,0.34817379895249345,2.7428176286981247,15.0
base,9.0,5.0,150.0,334.14989039566115,319.3494298593407,1150.0,3217.8552848538807,0.26419062164858587,3.5324835813308266,15.0
base,9.0,5.0,200.0,334.14989039566115,319.3494298593407,1400.0,2967.8552848538798,0.20836972187552416,4.33407974876124,15.0
base,9.0,5.0,250.0,334.14989039566115,319.3494298593407,1650.0,2717.8552848538807,0.16794291354921137,5.148180681217413,15.0
base,9.0,5.0,300.0,334.14989039566115,319.3494298593407,1900.0,2467.8552848538807,0.13691659313060872,5.975871822882541,15.0
base,9.0,5.0,350.0,334.14989039566115,319.3494298593407,2150.0,2217.85528485388,0.11209727569145225,6.819962208722112,15.0
base,9.0,5.0,400.0,334.14989039566115,319.3494298593407,2400.0,1967.8552848538807,0.09162037107563258,7.678107149326111,15.0
base,9.0,10.0,100.0,545.8814141062176,292.1805552136904,1400.0,5735.513396949216,0.36727580921452496,2.6087667463971176,15.0
base,9.0,10.0,150.0,545.8814141062176,292.1805552136904,1900.0,5235.513396949215,0.26073915547949794,3.5739630536562785,15.0
base,9.0,10.0,200.0,545.8814141062176,292.1805552136904,2400.0,4735.513396949215,0.19598512851640854,4.558309911254883,15.0
base,9.0,10.0,250.0,545.8814141062176,292.1805552136904,2900.0,4235.513396949214,0.1514749753679029,5.562603469807674,15.0
base,9.0,10.0,300.0,545.8814141062176,292.1805552136904,3400.0,3735.513396949215,0.11842801664849723,6.587664399800249,15.0
base,9.0,10.0,350.0,545.8814141062176,292.1805552136904,3900.0,3235.513396949215,0.09257590032851391,7.634338560808843,15.0
base,9.0,10.0,400.0,545.8814141062176,292.1805552136904,4400.0,2735.5133969492153,0.07158015912468152,8.703497687822871,15.0
base,9.0,12.5,100.0,632.5599322515806,280.48770734531035,1650.0,6618.535535954661,0.360576040700589,2.654361193061642,15.0
base,9.0,12.5,150.0,632.5599322515806,280.48770734531035,2275.0,5993.535535954659,0.25090056838670993,3.697091730700432,15.0
base,9.0,12.5,200.0,632.5599322515806,280.48770734531035,2900.0,5368.53553595466,0.18559057473550628,4.762118491369435,15.0
base,9.0,12.5,250.0,632.5599322515806,280.48770734531035,3525.0,4743.53553595466,0.14116383831697807,5.8503337280129735,15.0
base,9.0,12.5,300.0,632.5599322515806,280.48770734531035,4150.0,4118.535535954659,0.1083712702455835,6.962656825839227,15.0
base,9.0,12.5,350.0,632.5599322515806,280.48770734531035,4775.0,3493.53553595466,0.08280810571528881,8.102076569533008,15.0
base,9.0,12.5,400.0,632.5599322515806,280.48770734531035,5400.0,2868.5355359546593,0.06209284260473448,9.268820653936473,15.0
base,9.0,20.0,100.0,832.0754342116572,248.70521063079224,2400.0,8476.511371633436,0.3228459444761029,2.9416429315303914,15.0
base,9.0,20.0,150.0,832.0754342116572,248.70521063079224,3400.0,7476.511371633436,0.21498970628210365,4.221794282819274,15.0
base,9.0,20.0,200.0,832.0754342116572,248.70521063079224,4400.0,6476.511371633436,0.1524917806612495,5.535469412095374,15.0
base,9.0,20.0,250.0,832.0754342116572,248.70521063079224,5400.0,5476.511371633436,0.11044492779196496,6.882679888471116,15.0
base,9.0,20.0,300.0,832.0754342116572,248.70521063079224,6400.0,4476.5113716334345,0.07955278911335366,8.270065161314601,15.0
base,9.0,20.0,350.0,832.0754342116572,248.70521063079224,7400.0,3476.511371633435,0.0555141800971213,9.696628608596303,15.0
base,9.0,20.0,400.0,832.0754342116572,248.70521063079224,8400.0,2476.5113716334354,0.036042461015978466,11.164607127487432,15.0
base,12.0,5.0,100.0,336.2289616935568,324.4834045673266,900.0,3495.0319586075325,0.35054584324247107,2.72547626293299,15.0
base,12.0,5.0,150.0,336.2289616935568,324.4834045673266,1150.0,3245.0319586075325,0.2661026163047835,3.509872957033882,15.0
base,12.0,5.0,200.0,336.2289616935568,324.4834045673266,1400.0,2995.0319586075325,0.20999805879306904,4.305992016715347,15.0
base,12.0,5.0,250.0,336.2289616935568,324.4834045673266,1650.0,2745.0319586075325,0.1693803315645232,5.1144017031738835,15.0
base,12.0,5.0,300.0,336.2289616935568,324.4834045673266,1900.0,2495.0319586075325,0.13821717043066195,5.936974817862719,15.0
base,12.0,5.0,350.0,336.2289616935568,324.4834045673266,2150.0,2245.031958607533,0.11329504760271214,6.775048910766893,15.0
base,12.0,5.0,400.0,336.2289616935568,324.4834045673266,2400.0,1995.031958607533,0.09273805120776948,7.626948195793826,15.0
base,12.0,7.5,100.0,454.4586701066065,313.14279152336894,1150.0,4790.476896827324,0.3726594490981642,2.5731811062364005,15.0
base,12.0,7.5,150.0,454.4586701066065,313.14279152336894,1525.0,4415.476896827324,0.2720482119808729,3.4411859410886683,15.0
base,12.0,7.5,200.0,454.4586701066065,313.14279152336894,1900.0,4040.476896827324,0.20892948157034424,4.324389148581204,15.0
base,12.0,7.5,250.0,454.4586701066065,313.14279152336894,2275.0,3665.476896827324,0.1647939168161906,5.223466045533625,15.0
base,12.0,7.5,300.0,454.4586701066065,313.14279152336894,2650.0,3290.476896827324,0.13169135279449276,6.139113182699604,15.0
base,12.0,7.5,350.0,454.4586701066065,313.14279152336894,3025.0,2915.476896827324,0.10562979319797698,7.072048930193252,15.0
base,12.0,7.5,400.0,454.4586701066065,313.14279152336894,3400.0,2540.476896827324,0.08437443836763572,8.02301407796665,15.0
base,12.0,10.0,100.0,557.424387359951,303.1016846037938,1400.0,5886.397889742398,0.37570227467303985,2.553468762141166,15.0
base,12.0,10.0,150.0,557.424387359951,303.1016846037938,1900.0,5386.397889742398,0.26716813495889247,3.4973842124855,15.0
base,12.0,10.0,200.0,557.424387359951,303.1016846037938,2400.0,4886.397889742397,0.20130652504677976,4.4596046379950165,15.0
base,12.0,10.0,250.0,557.424387359951,303.1016846037938,2900.0,4386.397889742397,0.1560995529274441,5.440900539342705,15.0
base,12.0,10.0,300.0,557.424387359951,303.1016846037938,3400.0,3886.3978897423967,0.12257533690010852,6.442066242312249,15.0
base,12.0,10.0,350.0,557.424387359951,303.1016846037938,3900.0,3386.3978897423967,0.09637593304989588,7.463920549343297,15.0
base,12.0,10.0,400.0,557.424387359951,303.1016846037938,4400.0,2886.3978897423963,0.07511583807502856,8.507307407747412,15.0
base,12.0,15.0,100.0,726.8159469355913,282.59723994342926,1900.0,7600.607260950106,0.3597207610169606,2.6602893292717753,15.0
base,12.0,15.0,150.0,726.8159469355913,282.59723994342926,2650.0,6850.607260950104,0.24686980446228854,3.749730107284125,15.0
base,12.0,15.0,200.0,726.8159469355913,282.59723994342926,3400.0,6100.607260950104,0.18070044402141539,4.8633711797221055,15.0
base,12.0,15.0,250.0,726.8159469355913,282.59723994342926,4150.0,5350.607260950104,0.13604515810917625,6.002207206362996,15.0
base,12.0,15.0,300.0,726.8159469355913,282.59723994342926,4900.0,4600.607260950105,0.10323363587356647,7.170494885485574,15.0
base,12.0,15.0,350.0,726.8159469355913,282.59723994342926,5650.0,3850.6072609501057,0.07772766658475964,8.366475186577185,15.0
base,12.0,15.0,400.0,726.8159469355913,282.59723994342926,6400.0,3100.6072609501057,0.0570967986949068,9.591208330076748,15.0
base,12.0,20.0,100.0,868.6042197016028,265.7803182976403,2400.0,8953.999030128936,0.3385495486974673,2.8153410884260732,15.0
base,12.0,20.0,150.0,868.6042197016028,265.7803182976403,3400.0,7953.999030128935,0.22666443262351885,4.03548898183588,15.0
base,12.0,20.0,200.0,868.6042197016028,265.7803182976403,4400.0,6953.999030128935,0.16209423134608408,5.2894480062349505,15.0
base,12.0,20.0,250.0,868.6042197016028,265.7803182976403,5400.0,5953.999030128936,0.11879480915089397,6.574582580575409,15.0
base,12.0,20.0,300.0,868.6042197016028,265.7803182976403,6400.0,4953.999030128936,0.08706402442629092,7.892059404095014,15.0
base,12.0,20.0,350.0,868.6042197016028,265.7803182976403,7400.0,3953.999030128936,0.062423270445375684,9.24804062449619,15.0
base,12.0,20.0,400.0,868.6042197016028,265.7803182976403,8400.0,2953.999030128935,0.04249688016064447,10.641715003354545,15.0
base,12.0,30.0,100.0,1094.2908561056684,236.20976094397454,3400.0,10904.072023931702,0.297044962734085,3.177046775840321,15.0
base,12.0,30.0,150.0,1094.2908561056684,236.20976094397454,4900.0,9404.072023931702,0.19139942749205932,4.6463728630138466,15.0
base,12.0,30.0,200.0,1094.2908561056684,236.20976094397454,6400.0,7904.072023931702,0.13107833665639412,6.158781667998473,15.0
base,12.0,30.0,250.0,1094.2908561056684,236.20976094397454,7900.0,6404.072023931701,0.09070063588233204,7.720591510422549,15.0
base,12.0,30.0,300.0,1094.2908561056684,236.20976094397454,9400.0,4904.072023931702,0.06108287874112045,9.33274580790075,15.0
base,12.0,30.0,350.0,1094.2908561056684,236.20976094397454,10900.0,3404.072023931702,0.03804121596902911,10.99676435561842,15.0
base,12.0,30.0,400.0,1094.2908561056684,236.20976094397454,12400.0,1904.072023931703,0.0193700591508786,12.723032419645888,15.0
east-west,0.0,2.5,100.0,93.2490135632072,276.87753156588894,650.0,568.9086646630078,0.09705409668239547,7.4341074752119,15.0
east-west,0.0,2.5,150.0,93.2490135632072,276.87753156588894,775.0,443.9086646630078,0.06648062309825939,8.998199241937595,15.0
east-west,0.0,2.5,200.0,93.2490135632072,276.87753156588894,900.0,318.90866466300787,0.04279754700276493,10.618325526551207,15.0
east-west,0.0,2.5,250.0,93.2490135632072,276.87753156588894,1025.0,193.90866466300793,0.02366713557009683,12.290435469348774,15.0
east-west,0.0,2.5,300.0,93.2490135632072,276.87753156588894,1150.0,68.90866466300793,0.007735574931421015,14.019461776492717,15.0
east-west,0.0,2.5,350.0,93.2490135632072,276.87753156588894,1275.0,-56.09133533699213,-0.005842539771510985,Inf,15.0
east-west,0.0,2.5,400.0,93.2490135632072,276.87753156588894,1400.0,-181.09133533699222,-0.017626326805879042,Inf,15.0
east-west,0.0,5.0,100.0,155.2167416940349,237.79786074648064,900.0,1128.9226032764045,0.13285268391537547,6.102120467373126,15.0
east-west,0.0,5.0,150.0,155.2167416940349,237.79786074648064,1150.0,878.9226032764045,0.08608654730850498,7.93911678024506,15.0
east-west,0.0,5.0,200.0,155.2167416940349,237.79786074648064,1400.0,628.9226032764043,0.0532833235708676,9.848018705967746,15.0
east-west,0.0,5.0,250.0,155.2167416940349,237.79786074648064,1650.0,378.92260327640446,0.02847021217880178,11.832818806514075,15.0
east-west,0.0,5.0,300.0,155.2167416940349,237.79786074648064,1900.0,128.9226032764043,0.008741886373818434,13.899930953367353,15.0
east-west,0.0,5.0,350.0,155.2167416940349,237.79786074648064,2150.0,-121.07739672359561,-0.007505675997357511,Inf,15.0
east-west,0.0,5.0,400.0,155.2167416940349,237.79786074648064,2400.0,-371.07739672359537,-0.021240587271561313,Inf,15.0
east-west,0.0,10.0,100.0,232.66173351250882,186.24479975152607,1400.0,1641.248288612554,0.1252941204493072,6.3493156459801,15.0
east-west,0.0,10.0,150.0,232.66173351250882,186.24479975152607,1900.0,1141.2482886125538,0.06939407249159213,8.828095921904778,15.0
east-west,0.0,10.0,200.0,232.66173351250882,186.24479975152607,2400.0,641.2482886125538,0.03285496314581558,11.439563778398727,15.0
east-west,0.0,10.0,250.0,232.66173351250882,186.24479975152607,2900.0,141.24828861255315,0.006306195332659799,14.194448751215235,15.0
east-west,0.0,10.0,300.0,232.66173351250882,186.24479975152607,3400.0,-358.7517113874471,-0.014271784446191357,Inf,15.0
east-west,0.0,10.0,350.0,232.66173351250882,186.24479975152607,3900.0,-858.7517113874469,-0.030929261508437146,Inf,15.0
east-west,0.0,10.0,400.0,232.66173351250882,186.24479975152607,4400.0,-1358.7517113874474,-0.044838569860184016,Inf,15.0
east-west,0.0,15.0,100.0,281.01329958943484,154.79587753199834,1900.0,1773.2779540120946,0.10269352442671327,7.192970354904172,15.0
east-west,0.0,15.0,150.0,281.01329958943484,154.79587753199834,2650.0,1023.2779540120943,0.04634868146233877,10.347336246536983,15.0
east-west,0.0,15.0,200.0,281.01329958943484,154.79587753199834,3400.0,273.2779540120939,0.010322133441582023,13.715442041482547,15.0
east-west,0.0,15.0,250.0,281.01329958943484,154.79587753199834,4150.0,-476.7220459879064,-0.015582514222991846,Inf,15.0
east-west,0.0,15.0,300.0,281.01329958943484,154.79587753199834,4900.0,-1226.7220459879052,-0.0355491125492964,Inf,15.0
east-west,0.0,15.0,350.0,281.01329958943484,154.79587753199834,5650.0,-1976.7220459879056,-0.051659454700013395,Inf,15.0
east-west,0.0,15.0,400.0,281.01329958943484,154.79587753199834,6400.0,-2726.722045987906,-0.06508563650213098,Inf,15.0
east-west,0.0,20.0,100.0,325.22031744935146,137.489587258602,2400.0,1851.1319714365275,0.0867887044067265,7.905271620892853,15.0
east-west,0.0,20.0,150.0,325.22031744935146,137.489587258602,3400.0,851.1319714365274,0.030894296051054593,11.61321306777866,15.0
east-west,0.0,20.0,200.0,325.22031744935146,137.489587258602,4400.0,-148.86802856347262,-0.004480256538624359,Inf,15.0
east-west,0.0,20.0,250.0,325.22031744935146,137.489587258602,5400.0,-1148.8680285634725,-0.029806305296273254,Inf,15.0
east-west,0.0,20.0,300.0,325.22031744935146,137.489587258602,6400.0,-2148.8680285634728,-0.049286771767349156,Inf,15.0
east-west,0.0,20.0,350.0,325.22031744935146,137.489587258602,7400.0,-3148.8680285634737,-0.06498879394506096,Inf,15.0
east-west,0.0,20.0,400.0,325.22031744935146,137.489587258602,8400.0,-4148.868028563473,-0.07806821392080712,Inf,15.0
east-west,0.0,30.0,100.0,379.1966622784407,107.733639717798,3400.0,1556.6861846660233,0.05421982000739939,9.784064178152832,15.0
east-west,0.0,30.0,150.0,379.1966622784407,107.733639717798,4900.0,56.686184666023564,0.0015127171205232932,14.801642940499894,15.0
east-west,0.0,30.0,200.0,379.1966622784407,107.733639717798,6400.0,-1443.3138153339771,-0.03173702198444039,Inf,15.0
east-west,0.0,30.0,250.0,379.1966622784407,107.733639717798,7900.0,-2943.313815333976,-0.05555016010843906,Inf,15.0
east-west,0.0,30.0,300.0,379.1966622784407,107.733639717798,9400.0,-4443.313815333978,-0.07389013738167755,Inf,15.0
east-west,0.0,30.0,350.0,379.1966622784407,107.733639717798,10900.0,-5943.313815333977,-0.08869467364770331,Inf,15.0
east-west,0.0,30.0,400.0,379.1966622784407,107.733639717798,12400.0,-7443.313815333979,-0.10104448247726217,Inf,15.0
east-west,3.0,5.0,100.0,258.56871091883966,263.74168544268247,900.0,2479.8925061666696,0.26073126964816307,3.574058817412468,15.0
east-west,3.0,5.0,150.0,258.56871091883966,263.74168544268247,1150.0,2229.8925061666696,0.19308853314061702,4.6136037449150775,15.0
east-west,3.0,5.0,200.0,258.56871091883966,263.74168544268247,1400.0,1979.8925061666698,0.14733436067958783,5.675348315931991,15.0
east-west,3.0,5.0,250.0,258.56871091883966,263.74168544268247,1650.0,1729.8925061666694,0.11369422957028741,6.760182168171205,15.0
east-west,3.0,5.0,300.0,258.56871091883966,263.74168544268247,1900.0,1479.8925061666694,0.08754573203555527,7.869022005084935,15.0
east-west,3.0,5.0,350.0,258.56871091883966,263.74168544268247,2150.0,1229.8925061666698,0.06640272212423035,9.002869724557016,15.0
east-west,3.0,5.0,400.0,258.56871091883966,263.74168544268247,2400.0,979.8925061666697,0.04879926946587483,10.165843060548942,15.0
east-west,3.0,7.5,100.0,314.85379828989153,229.82867765882332,1150.0,2965.6255511214667,0.2463524865379031,3.7565819612527966,15.0
east-west,3.0,7.5,150.0,314.85379828989153,229.82867765882332,1525.0,2590.6255511214663,0.17243700434298026,5.043762368394198,15.0
east-west,3.0,7.5,200.0,314.85379828989153,229.82867765882332,1900.0,2215.6255511214663,0.12471895842487804,6.36876301111652,15.0
east-west,3.0,7.5,250.0,314.85379828989153,229.82867765882332,2275.0,1840.6255511214658,0.09054456866901536,7.727835415862328,15.0
east-west,3.0,7.5,300.0,314.85379828989153,229.82867765882332,2650.0,1465.6255511214658,0.06440587922198227,9.12472949618531,15.0
east-west,3.0,7.5,350.0,314.85379828989153,229.82867765882332,3025.0,1090.6255511214658,0.043492347275253515,10.564544747947725,15.0
east-west,3.0,7.5,400.0,314.85379828989153,229.82867765882332,3400.0,715.6255511214663,0.026204968969965367,12.043963622504473,15.0
east-west,3.0,10.0,100.0,348.02858198678814,200.48073754327714,1400.0,3149.2712246926812,0.21919993107917207,4.152939056573297,15.0
east-west,3.0,10.0,150.0,348.02858198678814,200.48073754327714,1900.0,2649.2712246926812,0.1455519310207819,5.725021010085827,15.0
east-west,3.0,10.0,200.0,348.02858198678814,200.48073754327714,2400.0,2149.2712246926812,0.09903180432785913,7.348177760961552,15.0
east-west,3.0,10.0,250.0,348.02858198678814,200.48073754327714,2900.0,1649.2712246926815,0.06605320534305512,9.024032522077867,15.0
east-west,3.0,10.0,300.0,348.02858198678814,200.48073754327714,3400.0,1149.2712246926812,0.04095952066827574,10.762420321725658,15.0
east-west,3.0,10.0,350.0,348.02858198678814,200.48073754327714,3900.0,649.2712246926815,0.020936890626003846,12.563021475431604,15.0
east-west,3.0,10.0,400.0,348.02858198678814,200.48073754327714,4400.0,149.27122469268193,0.004409563102147958,14.430890121232466,15.0
east-west,3.0,15.0,100.0,393.9048402904939,163.73228435692275,1900.0,3248.944793473133,0.1734097323497894,5.0216167692200155,15.0
east-west,3.0,15.0,150.0,393.9048402904939,163.73228435692275,2650.0,2498.9447934731324,0.10362890905583522,7.154113460818061,15.0
east-west,3.0,15.0,200.0,393.9048402904939,163.73228435692275,3400.0,1748.944793473133,0.0603034273211369,9.382507095994418,15.0
east-west,3.0,15.0,250.0,393.9048402904939,163.73228435692275,4150.0,998.9447934731334,0.029768915452538007,11.71448061386683,15.0
east-west,3.0,15.0,300.0,393.9048402904939,163.73228435692275,4900.0,248.9447934731324,0.0065743263083822435,14.161415809479681,15.0
east-west,3.0,15.0,350.0,393.9048402904939,163.73228435692275,5650.0,-501.05520652686783,-0.011933614444211343,Inf,15.0
east-west,3.0,15.0,400.0,393.9048402904939,163.73228435692275,6400.0,-1251.055206526869,-0.027222838478370252,Inf,15.0
east-west,3.0,30.0,100.0,480.03269003544824,107.95834761275941,3400.0,2874.768845775395,0.09414146603415466,7.563429601770414,15.0
east-west,3.0,30.0,150.0,480.03269003544824,107.95834761275941,4900.0,1374.7688457753943,0.034402193259271546,11.304978301587404,15.0
east-west,3.0,30.0,200.0,480.03269003544824,107.95834761275941,6400.0,-125.23115422460569,-0.00258069853798622,Inf,15.0
east-west,3.0,30.0,250.0,480.03269003544824,107.95834761275941,7900.0,-1625.231154224605,-0.02875130005244534,Inf,15.0
east-west,3.0,30.0,300.0,480.03269003544824,107.95834761275941,9400.0,-3125.231154224605,-0.048737932453349286,Inf,15.0
east-west,3.0,30.0,350.0,480.03269003544824,107.95834761275941,10900.0,-4625.231154224606,-0.06477066345886048,Inf,15.0
east-west,3.0,30.0,400.0,480.03269003544824,107.95834761275941,12400.0,-6125.231154224604,-0.0780796729391516,Inf,15.0
east-west,6.0,2.5,100.0,179.71569083319105,330.2046618114937,650.0,1699.1617161611146,0.24923457950513686,3.7186885010374056,15.0
east-west,6.0,2.5,150.0,179.71569083319105,330.2046618114937,775.0,1574.161716161114,0.2008992051352379,4.467031428256467,15.0
east-west,6.0,2.5,200.0,179.71569083319105,330.2046618114937,900.0,1449.1617161611146,0.16470458215249434,5.225627965790577,15.0
east-west,6.0,2.5,250.0,179.71569083319105,330.2046618114937,1025.0,1324.1617161611146,0.1362786188777454,5.995101412952105,15.0
east-west,6.0,2.5,300.0,179.71569083319105,330.2046618114937,1150.0,1199.1617161611146,0.11315763075316676,6.780178428687382,15.0
east-west,6.0,2.5,350.0,179.71569083319105,330.2046618114937,1275.0,1074.1617161611146,0.09384252168452115,7.576893281211123,15.0
east-west,6.0,2.5,400.0,179.71569083319105,330.2046618114937,1400.0,949.1617161611146,0.0773653108674898,8.385810498215763,15.0
east-west,6.0,7.5,100.0,384.42730435423096,266.3227806736503,1150.0,3875.0587572467502,0.3099841318413519,3.054253384322422,15.0
east-west,6.0,7.5,150.0,384.42730435423096,266.3227806736503,1525.0,3500.0587572467502,0.22299325405045684,4.092531238312187,15.0
east-west,6.0,7.5,200.0,384.42730435423096,266.3227806736503,1900.0,3125.0587572467502,0.1677317554041428,5.153173513920725,15.0
east-west,6.0,7.5,250.0,384.42730435423096,266.3227806736503,2275.0,2750.0587572467502,0.12866808153506315,6.23707710222036,15.0
east-west,6.0,7.5,300.0,384.42730435423096,266.3227806736503,2650.0,2375.0587572467502,0.09910174634834443,7.345166187454375,15.0
east-west,6.0,7.5,350.0,384.42730435423096,266.3227806736503,3025.0,2000.05875724675,0.0756469312221304,8.478392987495019,15.0
east-west,6.0,7.5,400.0,384.42730435423096,266.3227806736503,3400.0,1625.05875724675,0.05639526069534548,9.637738513156872,15.0
east-west,6.0,12.5,100.0,502.9827740264165,225.0980993632592,1650.0,4924.761898381504,0.27923802041692847,3.3612763757111916,15.0
east-west,6.0,12.5,150.0,502.9827740264165,225.0980993632592,2275.0,4299.761898381504,0.18890889083369522,4.695411819554646,15.0
east-west,6.0,12.5,200.0,502.9827740264165,225.0980993632592,2900.0,3674.7618983815037,0.134023966762088,6.065162889841727,15.0
east-west,6.0,12.5,250.0,502.9827740264165,225.0980993632592,3525.0,3049.7618983815037,0.09606997265338346,7.4774297478658385,15.0
east-west,6.0,12.5,300.0,502.9827740264165,225.0980993632592,4150.0,2424.761898381503,0.0676848329880118,8.92732134108217,15.0
east-west,6.0,12.5,350.0,502.9827740264165,225.0980993632592,4775.0,1799.7618983815032,0.04532202735775167,10.424695578219124,15.0
east-west,6.0,12.5,400.0,502.9827740264165,225.0980993632592,5400.0,1174.7618983815041,0.027042443892098846,11.964770127201593,15.0
east-west,6.0,15.0,100.0,543.822854613895,208.0063992611674,1900.0,5208.604844182429,0.25959039687686297,3.5879616030276136,15.0
east-west,6.0,15.0,150.0,543.822854613895,208.0063992611674,2650.0,4458.60484418243,0.17102132675914156,5.076278982987054,15.0
east-west,6.0,15.0,200.0,543.822854613895,208.0063992611674,3400.0,3708.6048441824296,0.11768524623362392,6.614279623598501,15.0
east-west,6.0,15.0,250.0,543.822854613895,208.0063992611674,4150.0,2958.6048441824296,0.08091780438624306,8.19901261301202,15.0
east-west,6.0,15.0,300.0,543.822854613895,208.0063992611674,4900.0,2208.60484418243,0.053447069167094644,9.836793984091432,15.0
east-west,6.0,15.0,350.0,543.822854613895,208.0063992611674,5650.0,1458.6048441824291,0.03180647399411519,11.531988792730061,15.0
east-west,6.0,15.0,400.0,543.822854613895,208.0063992611674,6400.0,708.6048441824289,0.01411167231451367,13.285632245788351,15.0
east-west,6.0,25.0,100.0,627.4437642924722,152.1989988411719,2900.0,5301.659316926332,0.18361241080995905,4.802647128689966,15.0
east-west,6.0,25.0,150.0,627.4437642924722,152.1989988411719,4150.0,4051.6593169263338,0.1068296550937668,7.023516448377048,15.0
east-west,6.0,25.0,200.0,627.4437642924722,152.1989988411719,5400.0,2801.659316926333,0.060775741838255556,9.352309293689455,15.0
east-west,6.0,25.0,250.0,627.4437642924722,152.1989988411719,6650.0,1551.6593169263335,0.028903247049330158,11.793183540660873,15.0
east-west,6.0,25.0,300.0,627.4437642924722,152.1989988411719,7900.0,301.6593169263341,0.004957608634746804,14.362064344985264,15.0
east-west,6.0,25.0,350.0,627.4437642924722,152.1989988411719,9150.0,-948.3406830736674,-0.014010598039685986,Inf,15.0
east-west,6.0,25.0,400.0,627.4437642924722,152.1989988411719,10400.0,-2198.3406830736662,-0.02959953770472913,Inf,15.0
east-west,9.0,2.5,100.0,183.32518559868043,338.989328916157,650.0,1746.3433889380449,0.2551478352817229,3.6430272677823115,15.0
east-west,9.0,2.5,150.0,183.32518559868043,338.989328916157,775.0,1621.3433889380449,0.20603053323494797,4.374978907420206,15.0
east-west,9.0,2.5,200.0,183.32518559868043,338.989328916157,900.0,1496.3433889380449,0.16928859640335298,5.116546637610676,15.0
east-west,9.0,2.5,250.0,183.32518559868043,338.989328916157,1025.0,1371.3433889380449,0.14045909802008733,5.8708699003027744,15.0
east-west,9.0,2.5,300.0,183.32518559868043,338.989328916157,1150.0,1246.3433889380449,0.11702848178958439,6.637952207137625,15.0
east-west,9.0,2.5,350.0,183.32518559868043,338.989328916157,1275.0,1121.3433889380449,0.09746822356252546,7.415989614417921,15.0
east-west,9.0,2.5,400.0,183.32518559868043,338.989328916157,1400.0,996.3433889380449,0.08079195224349628,8.205526277719178,15.0
east-west,9.0,5.0,100.0,318.0141209116957,309.6409818152567,900.0,3256.935850068882,0.32971649335005626,2.8851135039715947,15.0
east-west,9.0,5.0,150.0,318.0141209116957,309.6409818152567,1150.0,3006.9358500688813,0.24928614023158835,3.7180167520388654,15.0
east-west,9.0,5.0,200.0,318.0141209116957,309.6409818152567,1400.0,2756.935850068881,0.19565496693212703,4.5645557372184316,15.0
east-west,9.0,5.0,250.0,318.0141209116957,309.6409818152567,1650.0,2506.935850068881,0.1567022796419245,5.425356614857622,15.0
east-west,9.0,5.0,300.0,318.0141209116957,309.6409818152567,1900.0,2256.935850068881,0.1267330653138105,6.3010654184740815,15.0
east-west,9.0,5.0,350.0,318.0141209116957,309.6409818152567,2150.0,2006.9358500688809,0.10270843148564032,7.19234861032026,15.0
east-west,9.0,5.0,400.0,318.0141209116957,309.6409818152567,2400.0,1756.9358500688809,0.0828510528610763,8.099893646140805,15.0
east-west,9.0,10.0,100.0,494.52466950688137,268.589166754841,1400.0,5064.201405658452,0.32959562614350024,2.8860905204923113,15.0
east-west,9.0,10.0,150.0,494.52466950688137,268.589166754841,1900.0,4564.201405658452,0.231853689403897,3.9580120119513724,15.0
east-west,9.0,10.0,200.0,494.52466950688137,268.589166754841,2400.0,4064.2014056584517,0.17197167023183277,5.054412939052157,15.0
east-west,9.0,10.0,250.0,494.52466950688137,268.589166754841,2900.0,3564.2014056584517,0.13052924350337886,6.176482971997224,15.0
east-west,9.0,10.0,300.0,494.52466950688137,268.589166754841,3400.0,3064.201405658452,0.09958666355279083,7.324337449044567,15.0
east-west,9.0,10.0,350.0,494.52466950688137,268.589166754841,3900.0,2564.201405658452,0.07526856249579673,8.498977955154235,15.0
east-west,9.0,10.0,400.0,494.52466950688137,268.589166754841,4400.0,2064.2014056584517,0.05544258403447026,9.701436217261282,15.0
east-west,9.0,12.5,100.0,559.8633218751982,251.01666889150619,1650.0,5668.278531687904,0.31519847294024195,3.00716950011495,15.0
east-west,9.0,12.5,150.0,559.8633218751982,251.01666889150619,2275.0,5043.278531687905,0.21647940923671732,4.197209505404089,15.0
east-west,9.0,12.5,200.0,559.8633218751982,251.01666889150619,2900.0,4418.278531687905,0.15707314744835682,5.415827915948631,15.0
east-west,9.0,12.5,250.0,559.8633218751982,251.01666889150619,3525.0,3793.2785316879053,0.11630692105202112,6.664112046912981,15.0
east-west,9.0,12.5,300.0,559.8633218751982,251.01666889150619,4150.0,3168.2785316879053,0.0860025160421184,7.943181690962946,15.0
east-west,9.0,12.5,350.0,559.8633218751982,251.01666889150619,4775.0,2543.2785316879053,0.06224286978305024,9.259377541855851,15.0
east-west,9.0,12.5,400.0,559.8633218751982,251.01666889150619,5400.0,1918.2785316879051,0.04289789390795415,10.610535035820291,15.0
east-west,9.0,20.0,100.0,704.1077050330387,212.195704225145,2400.0,6803.775458053626,0.26716491669712006,3.4974218137212394,15.0
east-west,9.0,20.0,150.0,704.1077050330387,212.195704225145,3400.0,5803.775458053626,0.1731511817852583,5.027487513282338,15.0
east-west,9.0,20.0,200.0,704.1077050330387,212.195704225145,4400.0,4803.775458053627,0.11777924730554838,6.610902134518223,15.0
east-west,9.0,20.0,250.0,704.1077050330387,212.195704225145,5400.0,3803.7754580536266,0.0800550149530738,8.243819189255092,15.0
east-west,9.0,20.0,300.0,704.1077050330387,212.195704225145,6400.0,2803.7754580536257,0.05206900672723772,9.931824499361404,15.0
east-west,9.0,20.0,350.0,704.1077050330387,212.195704225145,7400.0,1803.7754580536257,0.03012533861664502,11.682280373710421,15.0
east-west,9.0,20.0,400.0,704.1077050330387,212.195704225145,8400.0,803.7754580536258,0.01224129452746206,13.495580465897234,15.0
east-west,9.0,25.0,100.0,768.2155147701613,190.78956755191706,2900.0,7141.763569404311,0.23683308593623442,3.886729103046479,15.0
east-west,9.0,25.0,150.0,768.2155147701613,190.78956755191706,4150.0,5891.763569404311,0.14782669888801472,5.661750166093399,15.0
east-west,9.0,25.0,200.0,768.2155147701613,190.78956755191706,5400.0,4641.763569404311,0.09552196638563024,7.5017178997004,15.0
east-west,9.0,25.0,250.0,768.2155147701613,190.78956755191706,6650.0,3391.763569404312,0.05983844519362714,9.412370669485304,15.0
east-west,9.0,25.0,300.0,768.2155147701613,190.78956755191706,7900.0,2141.7635694043115,0.03330943890414142,11.399809640270945,15.0
east-west,9.0,25.0,350.0,768.2155147701613,190.78956755191706,9150.0,891.7635694043103,0.012462596290901844,13.470518938497538,15.0
east-west,9.0,25.0,400.0,768.2155147701613,190.78956755191706,10400.0,-358.2364305956895,-0.00456211454221906,Inf,15.0
east-west,12.0,5.0,100.0,323.42416760876495,317.3017374821394,900.0,3327.6535182061352,0.3359147854560069,2.8358219513434473,15.0
east-west,12.0,5.0,150.0,323.42416760876495,317.3017374821394,1150.0,3077.6535182061352,0.2542967816706915,3.6537477208343647,15.0
east-west,12.0,5.0,200.0,323.42416760876495,317.3017374821394,1400.0,2827.6535182061352,0.19993377608047913,4.484718431374331,15.0
east-west,12.0,5.0,250.0,323.42416760876495,317.3017374821394,1650.0,2577.6535182061352,0.16048835022198316,5.329342362202545,15.0
east-west,12.0,5.0,300.0,323.42416760876495,317.3017374821394,1900.0,2327.6535182061352,0.13016567694292908,6.188247187153954,15.0
east-west,12.0,5.0,350.0,323.42416760876495,317.3017374821394,2150.0,2077.6535182061352,0.1058752258156789,7.062080512931284,15.0
east-west,12.0,5.0,400.0,323.42416760876495,317.3017374821394,2400.0,1827.653518206135,0.08581053420722234,7.952480222644247,15.0
east-west,12.0,10.0,100.0,514.137052059742,284.04109000418487,1400.0,5320.565544161251,0.34402538920558523,2.7736457206543923,15.0
east-west,12.0,10.0,150.0,514.137052059742,284.04109000418487,1900.0,4820.565544161251,0.24294343486569675,3.802293994683117,15.0
east-west,12.0,10.0,200.0,514.137052059742,284.04109000418487,2400.0,4320.565544161251,0.18121183463894558,4.852614024286252,15.0
east-west,12.0,10.0,250.0,514.137052059742,284.04109000418487,2900.0,3820.5655441612507,0.13860418492642448,5.925478439106557,15.0
east-west,12.0,10.0,300.0,514.137052059742,284.04109000418487,3400.0,3320.5655441612516,0.10686160297202144,7.022231081822412,15.0
east-west,12.0,10.0,350.0,514.137052059742,284.04109000418487,3900.0,2820.5655441612516,0.08195977268459498,8.14537206314751,15.0
east-west,12.0,10.0,400.0,514.137052059742,284.04109000418487,4400.0,2320.5655441612516,0.06168825134664695,9.294354604276041,15.0
east-west,12.0,15.0,100.0,652.4230637232184,256.25388436985475,1900.0,6628.177350199789,0.31941365079396744,2.97065886567628,15.0
east-west,12.0,15.0,150.0,652.4230637232184,256.25388436985475,2650.0,5878.1773501997895,0.21659236235759172,4.195355406319175,15.0
east-west,12.0,15.0,200.0,652.4230637232184,256.25388436985475,3400.0,5128.1773501997895,0.15572163654740045,5.450683599926043,15.0
east-west,12.0,15.0,250.0,652.4230637232184,256.25388436985475,4150.0,4378.1773501997895,0.11431462670349213,6.737176644664586,15.0
east-west,12.0,15.0,300.0,652.4230637232184,256.25388436985475,4900.0,3628.17735019979,0.08369554865190645,8.057143094731519,15.0
east-west,12.0,15.0,350.0,652.4230637232184,256.25388436985475,5650.0,2878.1773501997905,0.05977138904840325,9.416688424567688,15.0
east-west,12.0,15.0,400.0,652.4230637232184,256.25388436985475,6400.0,2128.1773501997905,0.040338525656219655,10.811709930675919,15.0
east-west,12.0,20.0,100.0,762.313997690189,234.19260180975812,2400.0,7564.621624105778,0.2926402812467631,3.2208996401231547,15.0
east-west,12.0,20.0,150.0,762.313997690189,234.19260180975812,3400.0,6564.621624105778,0.19238508227969298,4.627203328393609,15.0
east-west,12.0,20.0,200.0,762.313997690189,234.19260180975812,4400.0,5564.621624105778,0.13379789306579593,6.0722688713124615,15.0
east-west,12.0,20.0,250.0,762.313997690189,234.19260180975812,5400.0,4564.621624105778,0.09411984673191616,7.5644020769655596,15.0
east-west,12.0,20.0,300.0,762.313997690189,234.19260180975812,6400.0,3564.6216241057796,0.06481774064552148,9.099405009328631,15.0
east-west,12.0,20.0,350.0,762.313997690189,234.19260180975812,7400.0,2564.6216241057796,0.04192360829564671,10.686507179143975,15.0
east-west,12.0,20.0,400.0,762.313997690189,234.19260180975812,8400.0,1564.6216241057807,0.02331805431866536,12.324853018080857,15.0
east-west,12.0,30.0,100.0,923.2818333575432,198.76639122285886,3400.0,8668.719910292957,0.24396559095178866,3.788485097472762,15.0
east-west,12.0,30.0,150.0,923.2818333575432,198.76639122285886,4900.0,7168.719910292956,0.15169624529366443,5.55668047491275,15.0
east-west,12.0,30.0,200.0,923.2818333575432,198.76639122285886,6400.0,5668.719910292957,0.09807813543765569,7.389426667481288,15.0
east-west,12.0,30.0,250.0,923.2818333575432,198.76639122285886,7900.0,4168.719910292957,0.06171851839645593,9.292441000983066,15.0
east-west,12.0,30.0,300.0,923.2818333575432,198.76639122285886,9400.0,2668.7199102929562,0.03478738649883802,11.271802538377937,15.0
east-west,12.0,30.0,350.0,923.2818333575432,198.76639122285886,10900.0,1168.7199102929549,0.013677684075003586,13.333972190381415,15.0
east-west,12.0,30.0,400.0,923.2818333575432,198.76639122285886,12400.0,-331.2800897070432,-0.003530626403533914,Inf,15.0
east-west+small-connection,0.0,2.5,100.0,92.43998428810278,274.6100970204259,650.0,558.3334021941735,0.09546204429547281,7.504380873312084,15.0
east-west+small-connection,0.0,2.5,150.0,92.43998428810278,274.6100970204259,775.0,433.33340219417346,0.06504612757741135,9.085404800310592,15.0
east-west+small-connection,0.0,2.5,200.0,92.43998428810278,274.6100970204259,900.0,308.33340219417346,0.04147541377784359,10.721706800657572,15.0
east-west+small-connection,0.0,2.5,250.0,92.43998428810278,274.6100970204259,1025.0,183.33340219417346,0.022429509403812012,12.413029997044438,15.0
east-west+small-connection,0.0,2.5,300.0,92.43998428810278,274.6100970204259,1150.0,58.33340219417346,0.006564064743044983,14.162678227818907,15.0
east-west+small-connection,0.0,2.5,350.0,92.43998428810278,274.6100970204259,1275.0,-66.66659780582668,-0.006960728503124812,Inf,15.0
east-west+small-connection,0.0,2.5,400.0,92.43998428810278,274.6100970204259,1400.0,-191.66659780582657,-0.018700467837181857,Inf,15.0
east-west+small-connection,0.0,7.5,100.0,197.3874132847095,208.2828785343688,1150.0,1430.158429076206,0.131868096916894,6.13346062675892,15.0
east-west+small-connection,0.0,7.5,150.0,197.3874132847095,208.2828785343688,1525.0,1055.1584290762062,0.07878552673357941,8.310397071739065,15.0
east-west+small-connection,0.0,7.5,200.0,197.3874132847095,208.2828785343688,1900.0,680.1584290762064,0.043205468979021985,10.586705062149449,15.0
east-west+small-connection,0.0,7.5,250.0,197.3874132847095,208.2828785343688,2275.0,305.1584290762063,0.016999031154026567,12.970278518327865,15.0
east-west+small-connection,0.0,7.5,300.0,197.3874132847095,208.2828785343688,2650.0,-69.8415709237942,-0.0034825872517132545,Inf,15.0
east-west+small-connection,0.0,7.5,350.0,197.3874132847095,208.2828785343688,3025.0,-444.84157092379485,-0.020152485147821773,Inf,15.0
east-west+small-connection,0.0,7.5,400.0,197.3874132847095,208.2828785343688,3400.0,-819.8415709237947,-0.034124744130446125,Inf,15.0
east-west+small-connection,0.0,10.0,100.0,226.6280600153243,184.60787816106753,1400.0,1562.378854776874,0.12004873004009362,6.530164077315871,15.0
east-west+small-connection,0.0,10.0,150.0,226.6280600153243,184.60787816106753,1900.0,1062.3788547768743,0.0650468534619835,9.085360351777512,15.0
east-west+small-connection,0.0,10.0,200.0,226.6280600153243,184.60787816106753,2400.0,562.3788547768739,0.029019833885754395,11.782542813052457,15.0
east-west+small-connection,0.0,10.0,250.0,226.6280600153243,184.60787816106753,2900.0,62.37885477687419,0.002805114233775557,14.634776548526077,15.0
east-west+small-connection,0.0,10.0,300.0,226.6280600153243,184.60787816106753,3400.0,-437.62114522312584,-0.017535730569494548,Inf,15.0
east-west+small-connection,0.0,10.0,350.0,226.6280600153243,184.60787816106753,3900.0,-937.6211452231263,-0.034014868851090285,Inf,15.0
east-west+small-connection,0.0,10.0,400.0,226.6280600153243,184.60787816106753,4400.0,-1437.6211452231264,-0.047784339730187114,Inf,15.0
east-west+small-connection,0.0,12.5,100.0,249.2756072203872,166.43437999730241,1650.0,1608.4172842118824,0.10668543809870693,7.029323185223924,15.0
east-west+small-connection,0.0,12.5,150.0,249.2756072203872,166.43437999730241,2275.0,983.4172842118824,0.05143307128866349,9.976113718721713,15.0
east-west+small-connection,0.0,12.5,200.0,249.2756072203872,166.43437999730241,2900.0,358.4172842118825,0.01570284675015723,13.110307534396172,15.0
east-west+small-connection,0.0,12.5,250.0,249.2756072203872,166.43437999730241,3525.0,-266.582715788117,-0.010136964890014099,Inf,15.0
east-west+small-connection,0.0,12.5,300.0,249.2756072203872,166.43437999730241,4150.0,-891.582715788117,-0.030120515852011684,Inf,15.0
east-west+small-connection,0.0,12.5,350.0,249.2756072203872,166.43437999730241,4775.0,-1516.582715788117,-0.046278986161238204,Inf,15.0
east-west+small-connection,0.0,12.5,400.0,249.2756072203872,166.43437999730241,5400.0,-2141.582715788117,-0.059764707226421805,Inf,15.0
east-west+small-connection,0.0,20.0,100.0,306.8954204301724,135.08124960704623,2400.0,1611.5972578538003,0.07670384071789152,8.42127439251477,15.0
east-west+small-connection,0.0,20.0,150.0,306.8954204301724,135.08124960704623,3400.0,611.5972578538001,0.02255207239466353,12.400818156827503,15.0
east-west+small-connection,0.0,20.0,200.0,306.8954204301724,135.08124960704623,4400.0,-388.4027421462001,-0.011877112237900804,Inf,15.0
east-west+small-connection,0.0,20.0,250.0,306.8954204301724,135.08124960704623,5400.0,-1388.4027421461994,-0.03660008622622746,Inf,15.0
east-west+small-connection,0.0,20.0,300.0,306.8954204301724,135.08124960704623,6400.0,-2388.4027421461988,-0.05565703999508066,Inf,15.0
east-west+small-connection,0.0,20.0,350.0,306.8954204301724,135.08124960704623,7400.0,-3388.4027421461997,-0.0710422090958455,Inf,15.0
east-west+small-connection,0.0,20.0,400.0,306.8954204301724,135.08124960704623,8400.0,-4388.4027421462,-0.08387372983547896,Inf,15.0
east-west+small-connection,0.0,25.0,100.0,321.9660070321596,114.49059090773648,2900.0,1308.5931068046837,0.053501804495643845,9.833045902216375,15.0
east-west+small-connection,0.0,25.0,150.0,321.9660070321596,114.49059090773648,4150.0,58.59310680468374,0.0018449088496924467,14.758525405687816,15.0
east-west+small-connection,0.0,25.0,200.0,321.9660070321596,114.49059090773648,5400.0,-1191.4068931953177,-0.03099560077833223,Inf,15.0
east-west+small-connection,0.0,25.0,250.0,321.9660070321596,114.49059090773648,6650.0,-2441.4068931953175,-0.054609612641571416,Inf,15.0
east-west+small-connection,0.0,25.0,300.0,321.9660070321596,114.49059090773648,7900.0,-3691.406893195318,-0.07283990372164573,Inf,15.0
east-west+small-connection,0.0,25.0,350.0,321.9660070321596,114.49059090773648,9150.0,-4941.406893195317,-0.08757926215114598,Inf,15.0
east-west+small-connection,0.0,25.0,400.0,321.9660070321596,114.49059090773648,10400.0,-6191.406893195317,-0.099888463869133,Inf,15.0
efficient,0.0,7.5,100.0,227.4127934723606,241.2376833788021,1150.0,1822.6365333697327,0.16248527342809665,5.2798069562141325,15.0
efficient,0.0,7.5,150.0,227.4127934723606,241.2376833788021,1525.0,1447.6365333697324,0.10423317663298348,7.129179353160109,15.0
efficient,0.0,7.5,200.0,227.4127934723606,241.2376833788021,1900.0,1072.6365333697324,0.06561505202817666,9.050661706856626,15.0
efficient,0.0,7.5,250.0,227.4127934723606,241.2376833788021,2275.0,697.6365333697327,0.03739685563351368,11.050456699817236,15.0
efficient,0.0,7.5,300.0,227.4127934723606,241.2376833788021,2650.0,322.6365333697328,0.015475680118919345,13.13515592532197,15.0
efficient,0.0,7.5,350.0,227.4127934723606,241.2376833788021,3025.0,-52.36346663026751,-0.002281568551961241,Inf,15.0
efficient,0.0,7.5,400.0,227.4127934723606,241.2376833788021,3400.0,-427.3634666302674,-0.017108410876763333,Inf,15.0
efficient,0.0,12.5,100.0,292.1777252982081,191.2533908956354,1650.0,2169.2142455867597,0.13835346799627807,5.932921984821561,15.0
efficient,0.0,12.5,150.0,292.1777252982081,191.2533908956354,2275.0,1544.21424558676,0.07744726846300176,8.381431559951455,15.0
efficient,0.0,12.5,200.0,292.1777252982081,191.2533908956354,2900.0,919.2142455867605,0.038573134305722706,10.953533234081352,15.0
efficient,0.0,12.5,250.0,292.1777252982081,191.2533908956354,3525.0,294.21424558676034,0.010710482976456267,13.670584102299538,15.0
efficient,0.0,12.5,300.0,292.1777252982081,191.2533908956354,4150.0,-330.7857544132394,-0.010697011683053627,Inf,15.0
efficient,0.0,12.5,350.0,292.1777252982081,191.2533908956354,4775.0,-955.7857544132396,-0.027920462407897785,Inf,15.0
efficient,0.0,12.5,400.0,292.1777252982081,191.2533908956354,5400.0,-1580.7857544132394,-0.04223806502258759,Inf,15.0
efficient,0.0,15.0,100.0,318.7138767782541,176.10628594683442,1900.0,2266.0827402750556,0.12717812753232233,6.2862574214879885,15.0
efficient,0.0,15.0,150.0,318.7138767782541,176.10628594683442,2650.0,1516.0827402750558,0.06640940401729603,9.00246582890538,15.0
efficient,0.0,15.0,200.0,318.7138767782541,176.10628594683442,3400.0,766.0827402750559,0.027959970938066417,11.87974970617496,15.0
efficient,0.0,15.0,250.0,318.7138767782541,176.10628594683442,4150.0,16.082740275055073,0.0005078068851838126,14.93304330390586,15.0
efficient,0.0,15.0,300.0,318.7138767782541,176.10628594683442,4900.0,-733.917259724945,-0.020543863847500517,Inf,15.0
efficient,0.0,15.0,350.0,318.7138767782541,176.10628594683442,5650.0,-1483.9172597249437,-0.03746394293441317,Inf,15.0
efficient,0.0,15.0,400.0,318.7138767782541,176.10628594683442,6400.0,-2233.917259724944,-0.051521826459503824,Inf,15.0
efficient,0.0,25.0,100.0,400.36132616804457,135.9849052471304,2900.0,2333.3410383094006,0.09010199978725716,7.748432699147914,15.0
efficient,0.0,25.0,150.0,400.36132616804457,135.9849052471304,4150.0,1083.341038309401,0.03214208557464639,11.502295929550739,15.0
efficient,0.0,25.0,200.0,400.36132616804457,135.9849052471304,5400.0,-166.65896169059909,-0.004083406179968333,Inf,15.0
efficient,0.0,25.0,250.0,400.36132616804457,135.9849052471304,6650.0,-1416.6589616906,-0.029848166367046416,Inf,15.0
efficient,0.0,25.0,300.0,400.36132616804457,135.9849052471304,7900.0,-2666.6589616906003,-0.049586361855740856,Inf,15.0
efficient,0.0,25.0,350.0,400.36132616804457,135.9849052471304,9150.0,-3916.6589616906,-0.06545323516953866,Inf,15.0
efficient,0.0,25.0,400.0,400.36132616804457,135.9849052471304,10400.0,-5166.6589616906,-0.07864456446943144,Inf,15.0
efficient,0.0,30.0,100.0,430.93551473071807,123.00637848752231,3400.0,2232.992915900818,0.07519416697546596,8.503033940612193,15.0
efficient,0.0,30.0,150.0,430.93551473071807,123.00637848752231,4900.0,732.9929159008184,0.01888776165154378,12.772822761205587,15.0
efficient,0.0,30.0,200.0,430.93551473071807,123.00637848752231,6400.0,-767.0070840991812,-0.016282206377179358,Inf,15.0
efficient,0.0,30.0,250.0,430.93551473071807,123.00637848752231,7900.0,-2267.0070840991807,-0.04131242297041246,Inf,15.0
efficient,0.0,30.0,300.0,430.93551473071807,123.00637848752231,9400.0,-3767.007084099179,-0.06050492903355367,Inf,15.0
efficient,0.0,30.0,350.0,430.93551473071807,123.00637848752231,10900.0,-5267.007084099181,-0.07594679135529792,Inf,15.0
efficient,0.0,30.0,400.0,430.93551473071807,123.00637848752231,12400.0,-6767.007084099181,-0.08879527748827903,Inf,15.0
efficient,3.0,2.5,100.0,185.0502694220811,355.90593841828843,650.0,1768.8928995362212,0.2579671709149669,3.6079089683751264,15.0
efficient,3.0,2.5,150.0,185.0502694220811,355.90593841828843,775.0,1643.8928995362212,0.2084751028265418,4.332252561987604,15.0
efficient,3.0,2.5,200.0,185.0502694220811,355.90593841828843,900.0,1518.8928995362212,0.17147087273278877,5.065916340192187,15.0
efficient,3.0,2.5,250.0,185.0502694220811,355.90593841828843,1025.0,1393.8928995362212,0.14244802996894573,5.813207617131717,15.0
efficient,3.0,2.5,300.0,185.0502694220811,355.90593841828843,1150.0,1268.8928995362212,0.1188691063463738,6.571937647011477,15.0
efficient,3.0,2.5,350.0,185.0502694220811,355.90593841828843,1275.0,1143.8928995362214,0.09919146264187695,7.341305884017886,15.0
efficient,3.0,2.5,400.0,185.0502694220811,355.90593841828843,1400.0,1018.8928995362214,0.08241990537720761,8.12184702797124,15.0
efficient,3.0,10.0,100.0,452.09506036958203,247.82918173679508,1400.0,4509.580866100006,0.298165770798796,3.16605949194918,15.0
efficient,3.0,10.0,150.0,452.09506036958203,247.82918173679508,1900.0,4009.580866100005,0.2075643999246039,4.348086560266008,15.0
efficient,3.0,10.0,200.0,452.09506036958203,247.82918173679508,2400.0,3509.580866100005,0.15163575048825345,5.558298798596622,15.0
efficient,3.0,10.0,250.0,452.09506036958203,247.82918173679508,2900.0,3009.580866100005,0.11268755914626008,6.797770809020587,15.0
efficient,3.0,10.0,300.0,452.09506036958203,247.82918173679508,3400.0,2509.580866100005,0.08346088914952013,8.068989097956344,15.0
efficient,3.0,10.0,350.0,452.09506036958203,247.82918173679508,3900.0,2009.5808661000053,0.0603974659243391,9.376483703998716,15.0
efficient,3.0,10.0,400.0,452.09506036958203,247.82918173679508,4400.0,1509.5808661000049,0.04153109652220845,10.717325033195689,15.0
efficient,3.0,12.5,100.0,491.34423834350434,222.44450657532659,1650.0,4772.628257007643,0.2718149380440762,3.4438355004510304,15.0
efficient,3.0,12.5,150.0,491.34423834350434,222.44450657532659,2275.0,4147.628257007643,0.1831808298241525,4.811566432283857,15.0
efficient,3.0,12.5,200.0,491.34423834350434,222.44450657532659,2900.0,3522.6282570076432,0.12921015429884608,6.2193332570031705,15.0
efficient,3.0,12.5,250.0,491.34423834350434,222.44450657532659,3525.0,2897.6282570076432,0.09182612301125453,7.668650910513301,15.0
efficient,3.0,12.5,300.0,491.34423834350434,222.44450657532659,4150.0,2272.6282570076432,0.06383097133986491,9.16024629151427,15.0
efficient,3.0,12.5,350.0,491.34423834350434,222.44450657532659,4775.0,1647.6282570076432,0.04175270630162964,10.699910503093214,15.0
efficient,3.0,12.5,400.0,491.34423834350434,222.44450657532659,5400.0,1022.6282570076429,0.023690644049411506,12.288122183941672,15.0
efficient,3.0,20.0,100.0,559.554927923411,170.46534026326663,2400.0,4914.247346310183,0.2022859854543912,4.441831338628561,15.0
efficient,3.0,20.0,150.0,559.554927923411,170.46534026326663,3400.0,3914.247346310183,0.1233376276874798,6.41584920694246,15.0
efficient,3.0,20.0,200.0,559.554927923411,170.46534026326663,4400.0,2914.247346310183,0.07576506992141382,8.471980535480014,15.0
efficient,3.0,20.0,250.0,559.554927923411,170.46534026326663,5400.0,1914.247346310183,0.04281408516672337,10.617041036637204,15.0
efficient,3.0,20.0,300.0,559.554927923411,170.46534026326663,6400.0,914.247346310182,0.01806578648928673,12.858268880067078,15.0
efficient,3.0,20.0,350.0,559.554927923411,170.46534026326663,7400.0,-85.75265368981752,-0.0015249434585488174,Inf,15.0
efficient,3.0,20.0,400.0,559.554927923411,170.46534026326663,8400.0,-1085.7526536898172,-0.01761289693488783,Inf,15.0
efficient,3.0,25.0,100.0,590.828274975767,148.04514522629236,2900.0,4823.038305469141,0.1693333235311138,5.11550065282166,15.0
efficient,3.0,25.0,150.0,590.828274975767,148.04514522629236,4150.0,3573.0383054691406,0.09565790320044007,7.495682034937105,15.0
efficient,3.0,25.0,200.0,590.828274975767,148.04514522629236,5400.0,2323.038305469141,0.05120555619152521,9.992026220728967,15.0
efficient,3.0,25.0,250.0,590.828274975767,148.04514522629236,6650.0,1073.0383054691408,0.020317240935772474,12.625986006564128,15.0
efficient,3.0,25.0,300.0,590.828274975767,148.04514522629236,7900.0,-176.96169453085935,-0.002956666221787201,Inf,15.0
efficient,3.0,25.0,350.0,590.828274975767,148.04514522629236,9150.0,-1426.9616945308592,-0.02143352858696891,Inf,15.0
efficient,3.0,25.0,400.0,590.828274975767,148.04514522629236,10400.0,-2676.961694530859,-0.03664507446414991,Inf,15.0
efficient,6.0,5.0,100.0,343.5671735180534,326.6560881206043,900.0,3590.953723720345,0.35890789025031145,2.66594654558434,15.0
efficient,6.0,5.0,150.0,343.5671735180534,326.6560881206043,1150.0,3340.953723720345,0.2728369000255315,3.4322548448445986,15.0
efficient,6.0,5.0,200.0,343.5671735180534,326.6560881206043,1400.0,3090.953723720345,0.2157284511622719,4.209572001573379,15.0
efficient,6.0,5.0,250.0,343.5671735180534,326.6560881206043,1650.0,2840.953723720345,0.174435091697137,4.998475794121658,15.0
efficient,6.0,5.0,300.0,343.5671735180534,326.6560881206043,1900.0,2590.953723720346,0.1427877846247747,5.803448557826467,15.0
efficient,6.0,5.0,350.0,343.5671735180534,326.6560881206043,2150.0,2340.953723720346,0.11750204423511823,6.620869824258867,15.0
efficient,6.0,5.0,400.0,343.5671735180534,326.6560881206043,2400.0,2090.953723720346,0.09666186067495228,7.45132892307467,15.0
efficient,6.0,10.0,100.0,544.2144675935622,286.9739374370053,1400.0,5713.723830816934,0.36605777852077603,2.6169462916257533,15.0
efficient,6.0,10.0,150.0,544.2144675935622,286.9739374370053,1900.0,5213.723830816934,0.25980898568016747,3.585290412209054,15.0
efficient,6.0,10.0,200.0,544.2144675935622,286.9739374370053,2400.0,4713.723830816934,0.1952145353516209,4.572910158583916,15.0
efficient,6.0,10.0,250.0,544.2144675935622,286.9739374370053,2900.0,4213.723830816935,0.15080479075023273,5.580605475442962,15.0
efficient,6.0,10.0,300.0,544.2144675935622,286.9739374370053,3400.0,3713.7238308169353,0.11782662282600306,6.609200930116919,15.0
efficient,6.0,10.0,350.0,544.2144675935622,286.9739374370053,3900.0,3213.7238308169353,0.09202458108807997,7.659546384408788,15.0
efficient,6.0,10.0,400.0,544.2144675935622,286.9739374370053,4400.0,2713.7238308169353,0.07106696990884466,8.732517683594654,15.0
efficient,6.0,15.0,100.0,685.4563188296136,255.8528812950098,1900.0,7059.973026450199,0.3373633739460229,2.824527403019521,15.0
efficient,6.0,15.0,150.0,685.4563188296136,255.8528812950098,2650.0,6309.973026450199,0.23011308997147356,3.9834738749702296,15.0
efficient,6.0,15.0,200.0,685.4563188296136,255.8528812950098,3400.0,5559.973026450198,0.16690299345546455,5.172846126956167,15.0
efficient,6.0,15.0,250.0,685.4563188296136,255.8528812950098,4150.0,4809.973026450198,0.12406080347005106,6.391130572388181,15.0
efficient,6.0,15.0,300.0,685.4563188296136,255.8528812950098,4900.0,4059.973026450198,0.09247205288983586,7.639077254190615,15.0
efficient,6.0,15.0,350.0,685.4563188296136,255.8528812950098,5650.0,3309.973026450198,0.06784755038165767,8.917805961917352,15.0
efficient,6.0,15.0,400.0,685.4563188296136,255.8528812950098,6400.0,2559.973026450198,0.04788373715784068,10.23313248642933,15.0
efficient,6.0,20.0,100.0,779.6994914648849,228.99059680117094,2400.0,7791.876886029352,0.3001978059664089,3.1463133683860547,15.0
efficient,6.0,20.0,150.0,779.6994914648849,228.99059680117094,3400.0,6791.876886029352,0.19806023514755905,4.519383037617189,15.0
efficient,6.0,20.0,200.0,779.6994914648849,228.99059680117094,4400.0,5791.876886029352,0.13850424523603577,5.9284437581670515,15.0
efficient,6.0,20.0,250.0,779.6994914648849,228.99059680117094,5400.0,4791.876886029353,0.0982386804182703,7.382458338352038,15.0
efficient,6.0,20.0,300.0,779.6994914648849,228.99059680117094,6400.0,3791.8768860293526,0.06854167603508297,8.87737913001762,15.0
efficient,6.0,20.0,350.0,779.6994914648849,228.99059680117094,7400.0,2791.8768860293526,0.0453629334606,10.421598097394044,15.0
efficient,6.0,20.0,400.0,779.6994914648849,228.99059680117094,8400.0,1791.8768860293526,0.026541724117183724,12.011746389269186,15.0
efficient,6.0,30.0,100.0,888.8440379612495,182.5319176938064,3400.0,8218.564722624606,0.2330915954998635,3.940077060670623,15.0
efficient,6.0,30.0,150.0,888.8440379612495,182.5319176938064,4900.0,6718.564722624604,0.14346203094843574,5.78415941128409,15.0
efficient,6.0,30.0,200.0,888.8440379612495,182.5319176938064,6400.0,5218.564722624605,0.09117160148117527,7.698792916403204,15.0
efficient,6.0,30.0,250.0,888.8440379612495,182.5319176938064,7900.0,3718.5647226246047,0.05561207170222441,9.690060704765854,15.0
efficient,6.0,30.0,300.0,888.8440379612495,182.5319176938064,9400.0,2218.5647226246047,0.029218640447221507,11.76442760698835,15.0
efficient,6.0,30.0,350.0,888.8440379612495,182.5319176938064,10900.0,718.5647226246022,0.008497365171816625,13.928761290651419,15.0
efficient,6.0,30.0,400.0,888.8440379612495,182.5319176938064,12400.0,-781.4352773753963,-0.008415657568696899,Inf,15.0
efficient,9.0,7.5,100.0,470.09748685656524,318.0160618757524,1150.0,4994.900391652614,0.3865370103869189,2.485528010924934,15.0
efficient,9.0,7.5,150.0,470.09748685656524,318.0160618757524,1525.0,4619.900391652614,0.28283105443310885,3.3225781590567363,15.0
efficient,9.0,7.5,200.0,470.09748685656524,318.0160618757524,1900.0,4244.900391652614,0.2179241416119066,4.173599730139806,15.0
efficient,9.0,7.5,250.0,470.09748685656524,318.0160618757524,2275.0,3869.900391652614,0.17263547840049104,5.039230853828909,15.0
efficient,9.0,7.5,300.0,470.09748685656524,318.0160618757524,2650.0,3494.9003916526144,0.13873072424114063,5.921727289147809,15.0
efficient,9.0,7.5,350.0,470.09748685656524,318.0160618757524,3025.0,3119.900391652614,0.11207938747787008,6.820636453537461,15.0
efficient,9.0,7.5,400.0,470.09748685656524,318.0160618757524,3400.0,2744.9003916526144,0.09037193220058945,7.735860224683063,15.0
efficient,9.0,10.0,100.0,571.8131921032948,304.8109763464413,1400.0,6074.481796538019,0.3861879797294341,2.4876635236055744,15.0
efficient,9.0,10.0,150.0,571.8131921032948,304.8109763464413,1900.0,5574.481796538019,0.27515398833218335,3.4062545089741127,15.0
efficient,9.0,10.0,200.0,571.8131921032948,304.8109763464413,2400.0,5074.481796538019,0.20790551446235433,4.342144225305796,15.0
efficient,9.0,10.0,250.0,571.8131921032948,304.8109763464413,2900.0,4574.481796538019,0.16182620622608165,5.296072649547321,15.0
efficient,9.0,10.0,300.0,571.8131921032948,304.8109763464413,3400.0,4074.481796538018,0.12770484115888847,6.268802756983501,15.0
efficient,9.0,10.0,350.0,571.8131921032948,304.8109763464413,3900.0,3574.481796538018,0.10107119095682714,7.2611211517496255,15.0
efficient,9.0,10.0,400.0,571.8131921032948,304.8109763464413,4400.0,3074.481796538018,0.07948077154411802,8.27383871350038,15.0
efficient,9.0,15.0,100.0,742.3056331855358,282.35345530078337,1900.0,7803.081389753312,0.3680652637223647,2.603490829239937,15.0
efficient,9.0,15.0,150.0,742.3056331855358,282.35345530078337,2650.0,7053.081389753312,0.2531018731876429,3.6688944332323676,15.0
efficient,9.0,15.0,200.0,742.3056331855358,282.35345530078337,3400.0,6303.081389753313,0.185815783468223,4.757540878691695,15.0
efficient,9.0,15.0,250.0,742.3056331855358,282.35345530078337,4150.0,5553.081389753313,0.14047683542387737,5.870351612873131,15.0
efficient,9.0,15.0,300.0,742.3056331855358,282.35345530078337,4900.0,4803.081389753313,0.10720481500767899,7.00844491085734,15.0
efficient,9.0,15.0,350.0,742.3056331855358,282.35345530078337,5650.0,4053.0813897533126,0.08136732631608364,8.175808306808438,15.0
efficient,9.0,15.0,400.0,742.3056331855358,282.35345530078337,6400.0,3303.0813897533117,0.06048590424344405,9.370824000923783,15.0
efficient,9.0,25.0,100.0,979.8521161360931,243.20869565849694,2900.0,9908.180899812933,0.31371482771051884,3.0204318431401873,15.0
efficient,9.0,25.0,150.0,979.8521161360931,243.20869565849694,4150.0,8658.180899812935,0.20554706921773572,4.383513885990704,15.0
efficient,9.0,25.0,200.0,979.8521161360931,243.20869565849694,5400.0,7408.180899812933,0.14352961041128476,5.782231750730522,15.0
efficient,9.0,25.0,250.0,979.8521161360931,243.20869565849694,6650.0,6158.180899812934,0.10199166298522692,7.222335448496288,15.0
efficient,9.0,25.0,300.0,979.8521161360931,243.20869565849694,7900.0,4908.180899812934,0.07153677787348721,8.705945416813092,15.0
efficient,9.0,25.0,350.0,979.8521161360931,243.20869565849694,9150.0,3658.180899812935,0.047862223491112216,10.234721043588738,15.0
efficient,9.0,25.0,400.0,979.8521161360931,243.20869565849694,10400.0,2408.1808998129336,0.028694420404481433,11.81227503390611,15.0
efficient,9.0,30.0,100.0,1069.1510932852439,226.3577153909908,3400.0,10575.456486260437,0.2893212796177157,3.2546697021769653,15.0
efficient,9.0,30.0,150.0,1069.1510932852439,226.3577153909908,4900.0,9075.456486260437,0.1856689678704151,4.760524225273618,15.0
efficient,9.0,30.0,200.0,1069.1510932852439,226.3577153909908,6400.0,7575.456486260437,0.12634489560397066,6.314024959157457,15.0
efficient,9.0,30.0,250.0,1069.1510932852439,226.3577153909908,7900.0,6075.456486260437,0.08656293213292279,7.916130732386194,15.0
efficient,9.0,30.0,300.0,1069.1510932852439,226.3577153909908,9400.0,4575.456486260437,0.057342204763093554,9.575006243486433,15.0
efficient,9.0,30.0,350.0,1069.1510932852439,226.3577153909908,10900.0,3075.4564862604375,0.0345851960195929,11.289200420906273,15.0
efficient,9.0,30.0,400.0,1069.1510932852439,226.3577153909908,12400.0,1575.456486260438,0.016129002822880614,13.06385511506635,15.0
efficient,12.0,2.5,100.0,197.73367647173552,371.0113522733319,650.0,1934.6846238614598,0.2785735242610552,3.368521894032116,15.0
efficient,12.0,2.5,150.0,197.73367647173552,371.0113522733319,775.0,1809.6846238614598,0.22630557380018212,4.041004551601681,15.0
efficient,12.0,2.5,200.0,197.73367647173552,371.0113522733319,900.0,1684.6846238614596,0.18735884990878265,4.726374517456303,15.0
efficient,12.0,2.5,250.0,197.73367647173552,371.0113522733319,1025.0,1559.6846238614596,0.15690489599853208,5.420147431949926,15.0
efficient,12.0,2.5,300.0,197.73367647173552,371.0113522733319,1150.0,1434.6846238614594,0.13222900694656334,6.121943408127396,15.0
efficient,12.0,2.5,350.0,197.73367647173552,371.0113522733319,1275.0,1309.6846238614598,0.11168380621402543,6.835573110183437,15.0
efficient,12.0,2.5,400.0,197.73367647173552,371.0113522733319,1400.0,1184.6846238614598,0.09420859900361385,7.560411032897427,15.0
efficient,12.0,7.5,100.0,475.7539082126541,325.4216392237851,1150.0,5068.838557199513,0.3915482425760046,2.455243738224996,15.0
efficient,12.0,7.5,150.0,475.7539082126541,325.4216392237851,1525.0,4693.838557199514,0.2867186848930442,3.2815989967963946,15.0
efficient,12.0,7.5,200.0,475.7539082126541,325.4216392237851,1900.0,4318.838557199514,0.22116215652345994,4.121501765406016,15.0
efficient,12.0,7.5,250.0,475.7539082126541,325.4216392237851,2275.0,3943.838557199514,0.17545462571140652,4.976065778978976,15.0
efficient,12.0,7.5,300.0,475.7539082126541,325.4216392237851,2650.0,3568.838557199514,0.14125859109707783,5.8475814209713635,15.0
efficient,12.0,7.5,350.0,475.7539082126541,325.4216392237851,3025.0,3193.838557199514,0.11439321901692545,6.734270935157119,15.0
efficient,12.0,7.5,400.0,475.7539082126541,325.4216392237851,3400.0,2818.838557199514,0.09252178913003258,7.636807176110568,15.0
efficient,12.0,12.5,100.0,676.3566808463236,304.41497358622604,1650.0,7191.026700271526,0.3876914193590847,2.4784893966367667,15.0
efficient,12.0,12.5,150.0,676.3566808463236,304.41497358622604,2275.0,6566.026700271525,0.2713038696565353,3.4496530560766905,15.0
efficient,12.0,12.5,200.0,676.3566808463236,304.41497358622604,2900.0,5941.026700271526,0.20237261802102002,4.440265090872081,15.0
efficient,12.0,12.5,250.0,676.3566808463236,304.41497358622604,3525.0,5316.026700271525,0.1557043674755834,5.451131322399612,15.0
efficient,12.0,12.5,300.0,676.3566808463236,304.41497358622604,4150.0,4691.026700271525,0.1213923748005481,6.483082362589712,15.0
efficient,12.0,12.5,350.0,676.3566808463236,304.41497358622604,4775.0,4066.0267002715254,0.09473120151656522,7.53697429016683,15.0
efficient,12.0,12.5,400.0,676.3566808463236,304.41497358622604,5400.0,3441.0267002715254,0.07318416355745624,8.613689344166257,15.0
efficient,12.0,15.0,100.0,760.8557384947387,295.21768893107276,1900.0,8045.5599236036705,0.37804042505946406,2.538513366000517,15.0
efficient,12.0,15.0,150.0,760.8557384947387,295.21768893107276,2650.0,7295.5599236036705,0.26053708022598576,3.5764184517154707,15.0
efficient,12.0,15.0,200.0,760.8557384947387,295.21768893107276,3400.0,6545.5599236036705,0.19190769759856036,4.636471053063104,15.0
efficient,12.0,15.0,250.0,760.8557384947387,295.21768893107276,4150.0,5795.5599236036705,0.14574669353491224,5.719559363065612,15.0
efficient,12.0,15.0,300.0,760.8557384947387,295.21768893107276,4900.0,5045.559923603671,0.11192132603919383,6.826598603233543,15.0
efficient,12.0,15.0,350.0,760.8557384947387,295.21768893107276,5650.0,4295.5599236036705,0.08568577094443405,7.958531756843122,15.0
efficient,12.0,15.0,400.0,760.8557384947387,295.21768893107276,6400.0,3545.5599236036705,0.06450372078663116,9.11870440906741,15.0
efficient,12.0,25.0,100.0,1040.628090939046,264.0954449185558,2900.0,10702.616781329747,0.33537600529438816,2.84004426207548,15.0
efficient,12.0,25.0,150.0,1040.628090939046,264.0954449185558,4150.0,9452.616781329749,0.22154988707337112,4.115338047461535,15.0
efficient,12.0,25.0,200.0,1040.628090939046,264.0954449185558,5400.0,8202.616781329749,0.1566711138733171,5.426158594089874,15.0
efficient,12.0,25.0,250.0,1040.628090939046,264.0954449185558,6650.0,6952.616781329749,0.11341859290688315,6.7704423125308395,15.0
efficient,12.0,25.0,300.0,1040.628090939046,264.0954449185558,7900.0,5702.616781329748,0.08182122290278668,8.152475093785934,15.0
efficient,12.0,25.0,350.0,1040.628090939046,264.0954449185558,9150.0,4452.616781329748,0.05732866224454419,9.575899335749966,15.0
efficient,12.0,25.0,400.0,1040.628090939046,264.0954449185558,10400.0,3202.6167813297493,0.037544234803331675,11.03812995040757,15.0
high-mileage,0.0,2.5,100.0,93.24899988494599,276.87753156588894,650.0,568.9084858670027,0.09705406981490335,7.434108653016621,15.0
high-mileage,0.0,2.5,150.0,93.24899988494599,276.87753156588894,775.0,443.9084858670027,0.06648059888952952,8.998200674902522,15.0
high-mileage,0.0,2.5,200.0,93.24899988494599,276.87753156588894,900.0,318.9084858670026,0.04279752469814862,10.618327259254565,15.0
high-mileage,0.0,2.5,250.0,93.24899988494599,276.87753156588894,1025.0,193.90848586700258,0.023667114692316256,12.290437524072434,15.0
high-mileage,0.0,2.5,300.0,93.24899988494599,276.87753156588894,1150.0,68.90848586700265,0.007735555170620445,14.019464176846439,15.0
high-mileage,0.0,2.5,350.0,93.24899988494599,276.87753156588894,1275.0,-56.09151413299713,-0.005842558631480925,Inf,15.0
high-mileage,0.0,2.5,400.0,93.24899988494599,276.87753156588894,1400.0,-181.0915141329972,-0.01762634492119565,Inf,15.0
high-mileage,0.0,10.0,100.0,233.11078879407955,186.35178018440712,1400.0,1647.1181348736966,0.12568266967184394,6.336230334748581,15.0
high-mileage,0.0,10.0,150.0,233.11078879407955,186.35178018440712,1900.0,1147.1181348736964,0.06971566623828945,8.809605046570182,15.0
high-mileage,0.0,10.0,200.0,233.11078879407955,186.35178018440712,2400.0,647.1181348736969,0.033138418356253335,11.41474748676058,15.0
high-mileage,0.0,10.0,250.0,233.11078879407955,186.35178018440712,2900.0,147.1181348736967,0.006564791803319796,14.162588777483949,15.0
high-mileage,0.0,10.0,300.0,233.11078879407955,186.35178018440712,3400.0,-352.88186512630307,-0.014030823001982128,Inf,15.0
high-mileage,0.0,10.0,350.0,233.11078879407955,186.35178018440712,3900.0,-852.881865126303,-0.030701555169704367,Inf,15.0
high-mileage,0.0,10.0,400.0,233.11078879407955,186.35178018440712,4400.0,-1352.881865126303,-0.044621252045809065,Inf,15.0
high-mileage,0.0,12.5,100.0,259.2134259501113,168.1911665143307,1650.0,1738.3199276248363,0.1141771170221636,6.742265311336536,15.0
high-mileage,0.0,12.5,150.0,259.2134259501113,168.1911665143307,2275.0,1113.3199276248363,0.05762397467435443,9.556450878430395,15.0
high-mileage,0.0,12.5,200.0,259.2134259501113,168.1911665143307,2900.0,488.3199276248363,0.02116722498691383,12.539721255761625,15.0
high-mileage,0.0,12.5,250.0,259.2134259501113,168.1911665143307,3525.0,-136.68007237516386,-0.005141764892312096,Inf,15.0
high-mileage,0.0,12.5,300.0,259.2134259501113,168.1911665143307,4150.0,-761.6800723751643,-0.02545658121099171,Inf,15.0
high-mileage,0.0,12.5,350.0,259.2134259501113,168.1911665143307,4775.0,-1386.6800723751658,-0.041863427643227515,Inf,15.0
high-mileage,0.0,12.5,400.0,259.2134259501113,168.1911665143307,5400.0,-2011.6800723751653,-0.05554357119177672,Inf,15.0
high-mileage,0.0,20.0,100.0,328.4599135619435,138.47913484922773,2400.0,1893.4784973755973,0.08854756450184248,7.821430024803568,15.0
high-mileage,0.0,20.0,150.0,328.4599135619435,138.47913484922773,3400.0,893.4784973755974,0.032344459036206044,11.484440632203889,15.0
high-mileage,0.0,20.0,200.0,328.4599135619435,138.47913484922773,4400.0,-106.52150262440259,-0.003197096684439258,Inf,15.0
high-mileage,0.0,20.0,250.0,328.4599135619435,138.47913484922773,5400.0,-1106.5215026244023,-0.028629455258807245,Inf,15.0
high-mileage,0.0,20.0,300.0,328.4599135619435,138.47913484922773,6400.0,-2106.5215026244023,-0.04818445386942477,Inf,15.0
high-mileage,0.0,20.0,350.0,328.4599135619435,138.47913484922773,7400.0,-3106.5215026244023,-0.06394216215165593,Inf,15.0
high-mileage,0.0,20.0,400.0,328.4599135619435,138.47913484922773,8400.0,-4106.521502624403,-0.07706510066327868,Inf,15.0
high-mileage,0.0,25.0,100.0,370.9259458918939,128.17824394571483,2900.0,1948.5751443310087,0.07674715571930271,8.418945452382186,15.0
high-mileage,0.0,25.0,150.0,370.9259458918939,128.17824394571483,4150.0,698.5751443310085,0.021160603943020474,12.540390239141573,15.0
high-mileage,0.0,25.0,200.0,370.9259458918939,128.17824394571483,5400.0,-551.4248556689913,-0.013797562257169087,Inf,15.0
high-mileage,0.0,25.0,250.0,370.9259458918939,128.17824394571483,6650.0,-1801.4248556689913,-0.038760549044461676,Inf,15.0
high-mileage,0.0,25.0,300.0,370.9259458918939,128.17824394571483,7900.0,-3051.424855668992,-0.05793849962953236,Inf,15.0
high-mileage,0.0,25.0,350.0,370.9259458918939,128.17824394571483,9150.0,-4301.424855668994,-0.07338759133914938,Inf,15.0
high-mileage,0.0,25.0,400.0,370.9259458918939,128.17824394571483,10400.0,-5551.424855668994,-0.0862527978959273,Inf,15.0
high-mileage,3.0,5.0,100.0,292.9242282559587,285.94998840384153,900.0,2928.9721924928904,0.3008192593204011,3.1403187822237872,15.0
high-mileage,3.0,5.0,150.0,292.9242282559587,285.94998840384153,1150.0,2678.9721924928904,0.22584712279217906,4.048069685428703,15.0
high-mileage,3.0,5.0,200.0,292.9242282559587,285.94998840384153,1400.0,2428.9721924928904,0.17557801007362728,4.973365103282113,15.0
high-mileage,3.0,5.0,250.0,292.9242282559587,285.94998840384153,1650.0,2178.9721924928904,0.13889035723569576,5.917000531770942,15.0
high-mileage,3.0,5.0,300.0,292.9242282559587,285.94998840384153,1900.0,1928.9721924928908,0.11054765939885663,6.8787546220209626,15.0
high-mileage,3.0,5.0,350.0,292.9242282559587,285.94998840384153,2150.0,1678.9721924928908,0.08774775126265003,7.859390386703607,15.0
high-mileage,3.0,5.0,400.0,292.9242282559587,285.94998840384153,2400.0,1428.9721924928908,0.06884675945486257,8.859694435566544,15.0
high-mileage,3.0,10.0,100.0,425.464686010625,230.97337910319501,1400.0,4161.480732822457,0.2782557975853342,3.371996215693274,15.0
high-mileage,3.0,10.0,150.0,425.464686010625,230.97337910319501,1900.0,3661.480732822457,0.1920720992506175,4.633275900727946,15.0
high-mileage,3.0,10.0,200.0,425.464686010625,230.97337910319501,2400.0,3161.480732822457,0.13859031660392468,5.925889785228551,15.0
high-mileage,3.0,10.0,250.0,425.464686010625,230.97337910319501,2900.0,2661.480732822457,0.10118921282799867,7.256130607059998,15.0
high-mileage,3.0,10.0,300.0,425.464686010625,230.97337910319501,3400.0,2161.480732822457,0.0730296676613795,8.62228098497681,15.0
high-mileage,3.0,10.0,350.0,425.464686010625,230.97337910319501,3900.0,1661.480732822457,0.050748593591234736,10.024585975544362,15.0
high-mileage,3.0,10.0,400.0,425.464686010625,230.97337910319501,4400.0,1161.4807328224572,0.03248207618063128,11.4723199483727,15.0
high-mileage,3.0,15.0,100.0,487.24509231823845,187.80188221560533,1900.0,4469.046085819004,0.2277168446730184,4.019388011305089,15.0
high-mileage,3.0,15.0,150.0,487.24509231823845,187.80188221560533,2650.0,3719.0460858190045,0.1463658206218735,5.702253038389485,15.0
high-mileage,3.0,15.0,200.0,487.24509231823845,187.80188221560533,3400.0,2969.0460858190045,0.0968591366377233,7.442659886546318,15.0
high-mileage,3.0,15.0,250.0,487.24509231823845,187.80188221560533,4150.0,2219.046085819004,0.06246417864506036,9.245472558038738,15.0
high-mileage,3.0,15.0,300.0,487.24509231823845,187.80188221560533,4900.0,1469.0460858190036,0.0366136001310428,11.1162787350926,15.0
high-mileage,3.0,15.0,350.0,487.24509231823845,187.80188221560533,5650.0,719.0460858190038,0.016155067816568426,13.06102079274628,15.0
high-mileage,3.0,15.0,400.0,487.24509231823845,187.80188221560533,6400.0,-30.95391418099615,-0.0006352746822097383,Inf,15.0
high-mileage,3.0,20.0,100.0,534.6258353947128,163.64479094917493,2400.0,4588.385594809516,0.1907711484769311,4.658662023599684,15.0
high-mileage,3.0,20.0,150.0,534.6258353947128,163.64479094917493,3400.0,3588.385594809516,0.11435478219328044,6.735691776402153,15.0
high-mileage,3.0,20.0,200.0,534.6258353947128,163.64479094917493,4400.0,2588.385594809516,0.06810190293490331,8.902961286644556,15.0
high-mileage,3.0,20.0,250.0,534.6258353947128,163.64479094917493,5400.0,1588.3855948095165,0.035964740881823845,11.17120537942325,15.0
high-mileage,3.0,20.0,300.0,534.6258353947128,163.64479094917493,6400.0,588.3855948095161,0.01177230159745131,13.548889705881475,15.0
high-mileage,3.0,20.0,350.0,534.6258353947128,163.64479094917493,7400.0,-411.61440519048404,-0.007412019638393073,Inf,15.0
high-mileage,3.0,20.0,400.0,534.6258353947128,163.64479094917493,8400.0,-1411.6144051904844,-0.02318811468711037,Inf,15.0
high-mileage,3.0,30.0,100.0,616.2017774899123,137.29087800894953,3400.0,4654.709182034244,0.1432723768705022,5.789574693098095,15.0
high-mileage,3.0,30.0,150.0,616.2017774899123,137.29087800894953,4900.0,3154.709182034245,0.0738634327340315,8.576061518997221,15.0
high-mileage,3.0,30.0,200.0,616.2017774899123,137.29087800894953,6400.0,1654.7091820342453,0.031851636864333205,11.527987085040783,15.0
high-mileage,3.0,30.0,250.0,616.2017774899123,137.29087800894953,7900.0,154.70918203424503,0.0025552010282137317,14.666859001162287,15.0
high-mileage,3.0,30.0,300.0,616.2017774899123,137.29087800894953,9400.0,-1345.2908179657538,-0.01958781583331052,Inf,15.0
high-mileage,3.0,30.0,350.0,616.2017774899123,137.29087800894953,10900.0,-2845.2908179657547,-0.03721284995620698,Inf,15.0
high-mileage,3.0,30.0,400.0,616.2017774899123,137.29087800894953,12400.0,-4345.290817965756,-0.05175508891601998,Inf,15.0
high-mileage,6.0,7.5,100.0,419.1188626252688,286.54748441358714,1150.0,4328.5310177180845,0.3411563051621851,2.795347450159102,15.0
high-mileage,6.0,7.5,150.0,419.1188626252688,286.54748441358714,1525.0,3953.5310177180845,0.24746983987342663,3.7418103195111345,15.0
high-mileage,6.0,7.5,200.0,419.1188626252688,286.54748441358714,1900.0,3578.5310177180845,0.18834774390468734,4.706581399503042,15.0
high-mileage,6.0,7.5,250.0,419.1188626252688,286.54748441358714,2275.0,3203.5310177180845,0.14679051865696457,5.690430261885494,15.0
high-mileage,6.0,7.5,300.0,419.1188626252688,286.54748441358714,2650.0,2828.5310177180845,0.11548377688429462,6.694150264257107,15.0
high-mileage,6.0,7.5,350.0,419.1188626252688,286.54748441358714,3025.0,2453.5310177180845,0.09074446054772459,7.71855920039404,15.0
high-mileage,6.0,7.5,400.0,419.1188626252688,286.54748441358714,3400.0,2078.5310177180845,0.07050424836100883,8.764499967217004,15.0
high-mileage,6.0,15.0,100.0,634.5033527850658,238.14976217910367,1900.0,6393.939044654979,0.3096357959504258,3.0574463259013527,15.0
high-mileage,6.0,15.0,150.0,634.5033527850658,238.14976217910367,2650.0,5643.939044654979,0.20919974067283983,4.319723605054171,15.0
high-mileage,6.0,15.0,200.0,634.5033527850658,238.14976217910367,3400.0,4893.939044654979,0.14958890655970203,5.613506809667663,15.0
high-mileage,6.0,15.0,250.0,634.5033527850658,238.14976217910367,4150.0,4143.939044654979,0.1089556845858203,6.939972659198717,15.0
high-mileage,6.0,15.0,300.0,634.5033527850658,238.14976217910367,4900.0,3393.9390446549787,0.07886014734537121,8.30646202088609,15.0
high-mileage,6.0,15.0,350.0,634.5033527850658,238.14976217910367,5650.0,2643.9390446549796,0.055314648166154765,9.710035349343476,15.0
high-mileage,6.0,15.0,400.0,634.5033527850658,238.14976217910367,6400.0,1893.9390446549787,0.0361692391548251,11.153855179205864,15.0
high-mileage,6.0,25.0,100.0,819.638233819602,195.72839399629638,2900.0,7813.937948679738,0.2557804156731413,3.6350949849992484,15.0
high-mileage,6.0,25.0,150.0,819.638233819602,195.72839399629638,4150.0,6563.937948679738,0.16220130656335408,5.286805247346897,15.0
high-mileage,6.0,25.0,200.0,819.638233819602,195.72839399629638,5400.0,5313.937948679739,0.10757249714091748,6.9938466690161745,15.0
high-mileage,6.0,25.0,250.0,819.638233819602,195.72839399629638,6650.0,4063.9379486797375,0.07048200803288233,8.765767477756723,15.0
high-mileage,6.0,25.0,300.0,819.638233819602,195.72839399629638,7900.0,2813.9379486797375,0.04300540332964737,10.602197177165069,15.0
high-mileage,6.0,25.0,350.0,819.638233819602,195.72839399629638,9150.0,1563.9379486797375,0.021473333464801042,12.508843301943491,15.0
high-mileage,6.0,25.0,400.0,819.638233819602,195.72839399629638,10400.0,313.93794867973736,0.00392748092413507,14.491774387797587,15.0
high-mileage,6.0,30.0,100.0,864.488768996304,176.76119292663034,3400.0,7900.2037315836915,0.22535407142450592,4.055691742923072,15.0
high-mileage,6.0,30.0,150.0,864.488768996304,176.76119292663034,4900.0,6400.2037315836915,0.13758002510814885,5.955979410374708,15.0
high-mileage,6.0,30.0,200.0,864.488768996304,176.76119292663034,6400.0,4900.203731583693,0.08622420895596229,7.932464259589281,15.0
high-mileage,6.0,30.0,250.0,864.488768996304,176.76119292663034,7900.0,3400.203731583693,0.051228900293926294,9.990391883696836,15.0
high-mileage,6.0,30.0,300.0,864.488768996304,176.76119292663034,9400.0,1900.203731583692,0.02521527746626953,12.139304584053576,15.0
high-mileage,6.0,30.0,350.0,864.488768996304,176.76119292663034,10900.0,400.20373158369193,0.004768763665609953,14.385733659062408,15.0
high-mileage,6.0,30.0,400.0,864.488768996304,176.76119292663034,12400.0,-1099.796268416308,-0.011935121878066522,Inf,15.0
high-mileage,9.0,2.5,100.0,188.7470103132689,340.69858874473056,650.0,1817.2150139597547,0.2639947528082438,3.5348145292494175,15.0
high-mileage,9.0,2.5,150.0,188.7470103132689,340.69858874473056,775.0,1692.2150139597543,0.2136973085141562,4.243322906850359,15.0
high-mileage,9.0,2.5,200.0,188.7470103132689,340.69858874473056,900.0,1567.2150139597543,0.17612945208565628,4.961324865487028,15.0
high-mileage,9.0,2.5,250.0,188.7470103132689,340.69858874473056,1025.0,1442.2150139597543,0.14669123328071693,5.693190636860914,15.0
high-mileage,9.0,2.5,300.0,188.7470103132689,340.69858874473056,1150.0,1317.2150139597543,0.12279378044353728,6.434536425198213,15.0
high-mileage,9.0,2.5,350.0,188.7470103132689,340.69858874473056,1275.0,1192.2150139597543,0.10286409909748723,7.185860846030387,15.0
high-mileage,9.0,2.5,400.0,188.7470103132689,340.69858874473056,1400.0,1067.2150139597543,0.0858880189987507,7.9487253398177,15.0
high-mileage,9.0,7.5,100.0,446.75096810299345,301.64627102752564,1150.0,4689.7253242600045,0.36580658390176257,2.618639146499901,15.0
high-mileage,9.0,7.5,150.0,446.75096810299345,301.64627102752564,1525.0,4314.7253242600045,0.2667139868727099,3.502697486254452,15.0
high-mileage,9.0,7.5,200.0,446.75096810299345,301.64627102752564,1900.0,3939.725324260004,0.20447223776035334,4.402590510785949,15.0
high-mileage,9.0,7.5,250.0,446.75096810299345,301.64627102752564,2275.0,3564.7253242600045,0.16090227019843495,5.319012822663481,15.0
high-mileage,9.0,7.5,300.0,446.75096810299345,301.64627102752564,2650.0,3189.7253242600045,0.12819337630653982,6.252680780544018,15.0
high-mileage,9.0,7.5,350.0,446.75096810299345,301.64627102752564,3025.0,2814.7253242600045,0.1024214304296833,7.204333097878794,15.0
high-mileage,9.0,7.5,400.0,446.75096810299345,301.64627102752564,3400.0,2439.7253242600045,0.0813882325302927,8.174731456995437,15.0
high-mileage,9.0,12.5,100.0,627.2087171561279,274.57799702116705,1650.0,6548.586887737578,0.3572530229611993,2.6775335620767193,15.0
high-mileage,9.0,12.5,150.0,627.2087171561279,274.57799702116705,2275.0,5923.586887737577,0.24839221916204673,3.729693548578788,15.0
high-mileage,9.0,12.5,200.0,627.2087171561279,274.57799702116705,2900.0,5298.586887737577,0.18352143470166987,4.804524982442425,15.0
high-mileage,9.0,12.5,250.0,627.2087171561279,274.57799702116705,3525.0,4673.586887737578,0.13936671141031973,5.902931504590135,15.0
high-mileage,9.0,12.5,300.0,627.2087171561279,274.57799702116705,4150.0,4048.586887737578,0.10675872091641958,7.0263716293319955,15.0
high-mileage,9.0,12.5,350.0,627.2087171561279,274.57799702116705,4775.0,3423.586887737578,0.08132909888058518,8.177777882760118,15.0
high-mileage,9.0,12.5,400.0,627.2087171561279,274.57799702116705,5400.0,2798.5868877375774,0.06071511785923002,9.356177656057723,15.0
high-mileage,9.0,25.0,100.0,962.2002191466136,227.90784172850704,2900.0,9677.443336314409,0.307396243492783,3.078119801469811,15.0
high-mileage,9.0,25.0,150.0,962.2002191466136,227.90784172850704,4150.0,8427.443336314407,0.20085974083117544,4.467752108041351,15.0
high-mileage,9.0,25.0,200.0,962.2002191466136,227.90784172850704,5400.0,7177.443336314407,0.13966734640789008,5.894079894097498,15.0
high-mileage,9.0,25.0,250.0,962.2002191466136,227.90784172850704,6650.0,5927.443336314407,0.09862446994524157,7.3657537297275635,15.0
high-mileage,9.0,25.0,300.0,962.2002191466136,227.90784172850704,7900.0,4677.443336314407,0.06849999691585416,8.879799095150837,15.0
high-mileage,9.0,25.0,350.0,962.2002191466136,227.90784172850704,9150.0,3427.4433363144085,0.045062381184831905,10.44438594544798,15.0
high-mileage,9.0,25.0,400.0,962.2002191466136,227.90784172850704,10400.0,2177.4433363144067,0.026073440319856277,12.0565776564378,15.0
high-mileage,12.0,5.0,100.0,332.85663032179764,321.154894559509,900.0,3450.9503777727305,0.3466976277683078,2.7537138946000743,15.0
high-mileage,12.0,5.0,150.0,332.85663032179764,321.154894559509,1150.0,3200.9503777727305,0.2630003625760535,3.5466907307494684,15.0
high-mileage,12.0,5.0,200.0,332.85663032179764,321.154894559509,1400.0,2950.9503777727305,0.20735573627075143,4.351728381579429,15.0
high-mileage,12.0,5.0,250.0,332.85663032179764,321.154894559509,1650.0,2700.9503777727305,0.1670475743248766,5.169405348965236,15.0
high-mileage,12.0,5.0,300.0,332.85663032179764,321.154894559509,1900.0,2450.9503777727305,0.13610630085856884,6.000318723857177,15.0
high-mileage,12.0,5.0,350.0,332.85663032179764,321.154894559509,2150.0,2200.95037777273,0.11135088448844835,6.8481830099947265,15.0
high-mileage,12.0,5.0,400.0,332.85663032179764,321.154894559509,2400.0,1950.9503777727302,0.09092376879642411,7.710252342992118,15.0
high-mileage,12.0,10.0,100.0,554.6593728731973,299.354333287794,1400.0,5850.254878818872,0.37368502460737985,2.5665052610866335,15.0
high-mileage,12.0,10.0,150.0,554.6593728731973,299.354333287794,1900.0,5350.254878818872,0.2656300196321445,3.5154376731242674,15.0
high-mileage,12.0,10.0,200.0,554.6593728731973,299.354333287794,2400.0,4850.254878818872,0.2000341289572634,4.482874404661526,15.0
high-mileage,12.0,10.0,250.0,554.6593728731973,299.354333287794,2900.0,4350.254878818872,0.15499431630111532,5.469592003344779,15.0
high-mileage,12.0,10.0,300.0,554.6593728731973,299.354333287794,3400.0,3850.254878818873,0.12158456753351282,6.476391005720782,15.0
high-mileage,12.0,10.0,350.0,554.6593728731973,299.354333287794,3900.0,3350.254878818873,0.09546843963693954,7.5040965929487236,15.0
high-mileage,12.0,10.0,400.0,554.6593728731973,299.354333287794,4400.0,2850.2548788188733,0.07427171926682316,8.553559263284795,15.0
high-mileage,12.0,12.5,100.0,648.1587095563198,289.04428957684723,1650.0,6822.435653375284,0.3702495492914203,2.588997089366446,15.0
high-mileage,12.0,12.5,150.0,648.1587095563198,289.04428957684723,2275.0,6197.435653375283,0.25819241396295856,3.605129247146585,15.0
high-mileage,12.0,12.5,200.0,648.1587095563198,289.04428957684723,2900.0,5572.435653375283,0.19159804854488804,4.642499203499438,15.0
high-mileage,12.0,12.5,250.0,648.1587095563198,289.04428957684723,3525.0,4947.435653375283,0.14637607578144296,5.701967088413488,15.0
high-mileage,12.0,12.5,300.0,648.1587095563198,289.04428957684723,4150.0,4322.435653375284,0.11304414171928096,6.784419293826529,15.0
high-mileage,12.0,12.5,350.0,648.1587095563198,289.04428957684723,4775.0,3697.4356533752843,0.08709094716706992,7.890769187303737,15.0
high-mileage,12.0,12.5,400.0,648.1587095563198,289.04428957684723,5400.0,3072.4356533752834,0.06608002781488828,9.022405963170954,15.0
high-mileage,12.0,20.0,100.0,900.9250448781007,264.24018201969693,2400.0,9376.48214658558,0.3523908607016914,2.7121289121272123,15.0
high-mileage,12.0,20.0,150.0,900.9250448781007,264.24018201969693,3400.0,8376.48214658558,0.23691481823912897,3.885577926937204,15.0
high-mileage,12.0,20.0,200.0,900.9250448781007,264.24018201969693,4400.0,7376.48214658558,0.17049728696904928,5.08840260506858,15.0
high-mileage,12.0,20.0,250.0,900.9250448781007,264.24018201969693,5400.0,6376.482146585578,0.12608248039483383,6.322809582825318,15.0
high-mileage,12.0,20.0,300.0,900.9250448781007,264.24018201969693,6400.0,5376.48214658558,0.09360597831664841,7.5875720296428995,15.0
high-mileage,12.0,20.0,350.0,900.9250448781007,264.24018201969693,7400.0,4376.482146585579,0.06843058635357913,8.883831315363146,15.0
high-mileage,12.0,20.0,400.0,900.9250448781007,264.24018201969693,8400.0,3376.4821465855794,0.04810105494629021,10.217104850518139,15.0
lossy,0.0,2.5,100.0,70.42535881328149,198.4003355573828,650.0,270.56823755377945,0.04967684885186367,10.101912926597985,15.0
lossy,0.0,2.5,150.0,70.42535881328149,198.4003355573828,775.0,145.5682375537796,0.023505601907877406,12.306346162952545,15.0
lossy,0.0,2.5,200.0,70.42535881328149,198.4003355573828,900.0,20.568237553779618,0.002979264838561393,14.612472120895053,15.0
lossy,0.0,2.5,250.0,70.42535881328149,198.4003355573828,1025.0,-104.43176244622026,-0.013765366186332869,Inf,15.0
lossy,0.0,2.5,300.0,70.42535881328149,198.4003355573828,1150.0,-229.43176244622035,-0.027822280465458156,Inf,15.0
lossy,0.0,2.5,350.0,70.42535881328149,198.4003355573828,1275.0,-354.4317624462205,-0.039882717720754565,Inf,15.0
lossy,0.0,2.5,400.0,70.42535881328149,198.4003355573828,1400.0,-479.4317624462207,-0.0504084877328342,Inf,15.0
lossy,0.0,7.5,100.0,154.98878806303765,163.5045979329197,1150.0,875.9428971610616,0.08582726831308712,7.951669070697992,15.0
lossy,0.0,7.5,150.0,154.98878806303765,163.5045979329197,1525.0,500.94289716106175,0.039880969471953395,10.848225214768833,15.0
lossy,0.0,7.5,200.0,154.98878806303765,163.5045979329197,1900.0,125.9428971610616,0.008543278120031292,13.923342078510238,15.0
lossy,0.0,7.5,250.0,154.98878806303765,163.5045979329197,2275.0,-249.05710283893836,-0.014825563028579777,Inf,15.0
lossy,0.0,7.5,300.0,154.98878806303765,163.5045979329197,2650.0,-624.0571028389379,-0.033259276369768775,Inf,15.0
lossy,0.0,7.5,350.0,154.98878806303765,163.5045979329197,3025.0,-999.0571028389381,-0.0483710298203477,Inf,15.0
lossy,0.0,7.5,400.0,154.98878806303765,163.5045979329197,3400.0,-1374.0571028389381,-0.061111005723020126,Inf,15.0
lossy,0.0,12.5,100.0,198.12744832401245,130.47326301786205,1650.0,939.8318302961468,0.06614572182548947,9.018423921837142,15.0
lossy,0.0,12.5,150.0,198.12744832401245,130.47326301786205,2275.0,314.83183029614656,0.017519995275963488,12.915418408351657,15.0
lossy,0.0,12.5,200.0,198.12744832401245,130.47326301786205,2900.0,-310.168169703854,-0.01447287956099677,Inf,15.0
lossy,0.0,12.5,250.0,198.12744832401245,130.47326301786205,3525.0,-935.1681697038541,-0.0378803136905555,Inf,15.0
lossy,0.0,12.5,300.0,198.12744832401245,130.47326301786205,4150.0,-1560.1681697038537,-0.05613565225597658,Inf,15.0
lossy,0.0,12.5,350.0,198.12744832401245,130.47326301786205,4775.0,-2185.1681697038543,-0.07099161292316873,Inf,15.0
lossy,0.0,12.5,400.0,198.12744832401245,130.47326301786205,5400.0,-2810.1681697038534,-0.08345330400432119,Inf,15.0
lossy,0.0,15.0,100.0,214.57915319229187,119.23648499820028,1900.0,904.8810286325103,0.05621130460539911,9.649992182299702,15.0
lossy,0.0,15.0,150.0,214.57915319229187,119.23648499820028,2650.0,154.88102863250995,0.007548047189219406,14.04226438531395,15.0
lossy,0.0,15.0,200.0,214.57915319229187,119.23648499820028,3400.0,-595.1189713674906,-0.024208159349902926,Inf,15.0
lossy,0.0,15.0,250.0,214.57915319229187,119.23648499820028,4150.0,-1345.1189713674908,-0.04735286967711211,Inf,15.0
lossy,0.0,15.0,300.0,214.57915319229187,119.23648499820028,4900.0,-2095.1189713674917,-0.06536587306160248,Inf,15.0
lossy,0.0,15.0,350.0,214.57915319229187,119.23648499820028,5650.0,-2845.1189713674908,-0.08000697546408994,Inf,15.0
lossy,0.0,15.0,400.0,214.57915319229187,119.23648499820028,6400.0,-3595.1189713674903,-0.09227946413266584,Inf,15.0
lossy,0.0,20.0,100.0,246.43433978353096,104.67634572474847,2400.0,821.2775294297961,0.041431020078608716,10.725201974311373,15.0
lossy,0.0,20.0,150.0,246.43433978353096,104.67634572474847,3400.0,-178.7224705702033,-0.006998288679258791,Inf,15.0
lossy,0.0,20.0,200.0,246.43433978353096,104.67634572474847,4400.0,-1178.7224705702038,-0.03828814232589142,Inf,15.0
lossy,0.0,20.0,250.0,246.43433978353096,104.67634572474847,5400.0,-2178.722470570205,-0.060991488557342044,Inf,15.0
lossy,0.0,20.0,300.0,246.43433978353096,104.67634572474847,6400.0,-3178.722470570204,-0.07862076750566763,Inf,15.0
lossy,0.0,20.0,350.0,246.43433978353096,104.67634572474847,7400.0,-4178.722470570204,-0.09293210615679162,Inf,15.0
lossy,0.0,20.0,400.0,246.43433978353096,104.67634572474847,8400.0,-5178.722470570204,-0.10491975324955621,Inf,15.0
lossy,0.0,25.0,100.0,271.2105590413032,92.67432117715582,2900.0,645.1409911104771,0.027623050378479033,11.910875485346105,15.0
lossy,0.0,25.0,150.0,271.2105590413032,92.67432117715582,4150.0,-604.8590088895227,-0.0199651117650098,Inf,15.0
lossy,0.0,25.0,200.0,271.2105590413032,92.67432117715582,5400.0,-1854.8590088895226,-0.05058368984310284,Inf,15.0
lossy,0.0,25.0,250.0,271.2105590413032,92.67432117715582,6650.0,-3104.8590088895226,-0.07276843593115392,Inf,15.0
lossy,0.0,25.0,300.0,271.2105590413032,92.67432117715582,7900.0,-4354.859008889522,-0.08998709138385483,Inf,15.0
lossy,0.0,25.0,350.0,271.2105590413032,92.67432117715582,9150.0,-5604.85900888952,-0.1039642240386866,Inf,15.0
lossy,0.0,25.0,400.0,271.2105590413032,92.67432117715582,10400.0,-6854.859008889521,-0.11567331624971747,Inf,15.0
lossy,3.0,2.5,100.0,154.54390720365814,282.8929213827673,650.0,1370.1276170468882,0.2073613601326223,4.351630159856103,15.0
lossy,3.0,2.5,150.0,154.54390720365814,282.8929213827673,775.0,1245.1276170468882,0.16439209222885887,5.2332017715472565,15.0
lossy,3.0,2.5,200.0,154.54390720365814,282.8929213827673,900.0,1120.1276170468884,0.13195708348264357,6.130617776318743,15.0
lossy,3.0,2.5,250.0,154.54390720365814,282.8929213827673,1025.0,995.1276170468884,0.10630751580141798,7.044574208702081,15.0
lossy,3.0,2.5,300.0,154.54390720365814,282.8929213827673,1150.0,870.1276170468884,0.08532081347275827,7.976273135446261,15.0
lossy,3.0,2.5,350.0,154.54390720365814,282.8929213827673,1275.0,745.1276170468885,0.06769883245383419,8.926502104275961,15.0
lossy,3.0,2.5,400.0,154.54390720365814,282.8929213827673,1400.0,620.1276170468884,0.05259909682785968,9.895117647786988,15.0
lossy,3.0,10.0,100.0,372.37814649126153,201.43564175434258,1400.0,3467.5576496225863,0.23799601252061617,3.870405954960334,15.0
lossy,3.0,10.0,150.0,372.37814649126153,201.43564175434258,1900.0,2967.5576496225863,0.1604582267681371,5.330095377228354,15.0
lossy,3.0,10.0,200.0,372.37814649126153,201.43564175434258,2400.0,2467.5576496225867,0.11177354935880765,6.8321800924996055,15.0
lossy,3.0,10.0,250.0,372.37814649126153,201.43564175434258,2900.0,1967.5576496225867,0.07741589587817538,8.383107383053481,15.0
lossy,3.0,10.0,300.0,372.37814649126153,201.43564175434258,3400.0,1467.5576496225863,0.05136340867310417,9.980982168218093,15.0
lossy,3.0,10.0,350.0,372.37814649126153,201.43564175434258,3900.0,967.5576496225865,0.030632585312084126,11.636658265958465,15.0
lossy,3.0,10.0,400.0,372.37814649126153,201.43564175434258,4400.0,467.55764962258655,0.013558571925774403,13.347278931478865,15.0
lossy,3.0,12.5,100.0,397.51563698296354,177.51727837227656,1650.0,3546.143484447001,0.21082510594755147,4.291844540147793,15.0
lossy,3.0,12.5,150.0,397.51563698296354,177.51727837227656,2275.0,2921.143484447001,0.13556343524638803,6.017118562828521,15.0
lossy,3.0,12.5,200.0,397.51563698296354,177.51727837227656,2900.0,2296.143484447001,0.0888284584733878,7.808163260347761,15.0
lossy,3.0,12.5,250.0,397.51563698296354,177.51727837227656,3525.0,1671.1434844470004,0.05597708858842787,9.665625533847601,15.0
lossy,3.0,12.5,300.0,397.51563698296354,177.51727837227656,4150.0,1046.1434844470004,0.03109846486680618,11.594966618390979,15.0
lossy,3.0,12.5,350.0,397.51563698296354,177.51727837227656,4775.0,421.1434844470003,0.011304291359021425,13.602356380946404,15.0
lossy,3.0,12.5,400.0,397.51563698296354,177.51727837227656,5400.0,-203.85651555299938,-0.0050046067329612325,Inf,15.0
lossy,3.0,20.0,100.0,445.0334910531219,133.4326402464045,2400.0,3417.2752459433123,0.1481995640733384,5.651486721721899,15.0
lossy,3.0,20.0,150.0,445.0334910531219,133.4326402464045,3400.0,2417.2752459433127,0.08071999298274073,8.20925402203929,15.0
lossy,3.0,20.0,200.0,445.0334910531219,133.4326402464045,4400.0,1417.2752459433127,0.0391572324000594,10.90632889983366,15.0
lossy,3.0,20.0,250.0,445.0334910531219,133.4326402464045,5400.0,417.2752459433127,0.009931491430195876,13.760755113938764,15.0
lossy,3.0,20.0,300.0,445.0334910531219,133.4326402464045,6400.0,-582.7247540566866,-0.012261097922444208,Inf,15.0
lossy,3.0,20.0,350.0,445.0334910531219,133.4326402464045,7400.0,-1582.7247540566864,-0.02997622044002049,Inf,15.0
lossy,3.0,20.0,400.0,445.0334910531219,133.4326402464045,8400.0,-2582.724754056687,-0.04462028849765992,Inf,15.0
lossy,3.0,25.0,100.0,465.09893983255006,112.80911902747155,2900.0,3179.561659954742,0.11821414860749194,6.5953107460954605,15.0
lossy,3.0,25.0,150.0,465.09893983255006,112.80911902747155,4150.0,1929.561659954742,0.054990054567881475,9.731900907822174,15.0
lossy,3.0,25.0,200.0,465.09893983255006,112.80911902747155,5400.0,679.5616599547417,0.015980305170461916,13.080039662525083,15.0
lossy,3.0,25.0,250.0,465.09893983255006,112.80911902747155,6650.0,-570.4383400452579,-0.01153299140220048,Inf,15.0
lossy,3.0,25.0,300.0,465.09893983255006,112.80911902747155,7900.0,-1820.4383400452589,-0.03248593414602631,Inf,15.0
lossy,3.0,25.0,350.0,465.09893983255006,112.80911902747155,9150.0,-3070.438340045257,-0.04925442069773346,Inf,15.0
lossy,3.0,25.0,400.0,465.09893983255006,112.80911902747155,10400.0,-4320.438340045258,-0.06314681586089185,Inf,15.0
lossy,6.0,5.0,100.0,298.29277590026635,282.5359507433689,900.0,2999.147403900003,0.3070254839634436,3.0815667269203035,15.0
lossy,6.0,5.0,150.0,298.29277590026635,282.5359507433689,1150.0,2749.1474039000027,0.2308925558094324,3.9720362210545663,15.0
lossy,6.0,5.0,200.0,298.29277590026635,282.5359507433689,1400.0,2499.1474039000027,0.17990854920213667,4.880107872641663,15.0
lossy,6.0,5.0,250.0,298.29277590026635,282.5359507433689,1650.0,2249.1474039000027,0.14273903706868163,5.804847156729584,15.0
lossy,6.0,5.0,300.0,298.29277590026635,282.5359507433689,1900.0,1999.1474039000027,0.11405005414743524,6.746972672374346,15.0
lossy,6.0,5.0,350.0,298.29277590026635,282.5359507433689,2150.0,1749.1474039000027,0.09098917871802989,7.707225407251285,15.0
lossy,6.0,5.0,400.0,298.29277590026635,282.5359507433689,2400.0,1499.147403900003,0.07188422094942887,8.686369352184686,15.0
lossy,6.0,10.0,100.0,467.96518989211796,249.03349020787437,1400.0,4717.027976210517,0.3099594599770762,3.0544793347055115,15.0
lossy,6.0,10.0,150.0,467.96518989211796,249.03349020787437,1900.0,4217.027976210517,0.21670145931116397,4.193565934345477,15.0
lossy,6.0,10.0,200.0,467.96518989211796,249.03349020787437,2400.0,3717.027976210517,0.1593019187050731,5.359131504177032,15.0
lossy,6.0,10.0,250.0,467.96518989211796,249.03349020787437,2900.0,3217.027976210517,0.11942504465644896,6.552198889880787,15.0
lossy,6.0,10.0,300.0,467.96518989211796,249.03349020787437,3400.0,2717.0279762105174,0.08955888546898386,7.773821657631516,15.0
lossy,6.0,10.0,350.0,467.96518989211796,249.03349020787437,3900.0,2217.027976210518,0.06602741538054824,9.02559685917112,15.0
lossy,6.0,10.0,400.0,467.96518989211796,249.03349020787437,4400.0,1717.0279762105179,0.046802743698487984,10.313373668140372,15.0
lossy,6.0,15.0,100.0,581.325282066583,216.97379323093077,1900.0,5698.819507279022,0.2804171702637427,3.3484877580606405,15.0
lossy,6.0,15.0,150.0,581.325282066583,216.97379323093077,2650.0,4948.819507279022,0.18698300370998822,4.733934021392578,15.0
lossy,6.0,15.0,200.0,581.325282066583,216.97379323093077,3400.0,4198.819507279022,0.1310724277372287,6.158971733577008,15.0
lossy,6.0,15.0,250.0,581.325282066583,216.97379323093077,4150.0,3448.8195072790227,0.0927161183902347,7.627947203612164,15.0
lossy,6.0,15.0,300.0,581.325282066583,216.97379323093077,4900.0,2698.819507279022,0.06416453963943634,9.139615280944625,15.0
lossy,6.0,15.0,350.0,581.325282066583,216.97379323093077,5650.0,1948.8195072790234,0.041738147449661034,10.701053374897226,15.0
lossy,6.0,15.0,400.0,581.325282066583,216.97379323093077,6400.0,1198.8195072790224,0.02344398631080162,12.312422262252486,15.0
lossy,6.0,20.0,100.0,658.9608247079275,190.58867418612263,2400.0,6213.635986245908,0.24718683417372395,3.7455419819790268,15.0
lossy,6.0,20.0,150.0,658.9608247079275,190.58867418612263,3400.0,5213.635986245908,0.15794693972114598,5.393484568362026,15.0
lossy,6.0,20.0,200.0,658.9608247079275,190.58867418612263,4400.0,4213.635986245908,0.10503893459404871,7.096134256120411,15.0
lossy,6.0,20.0,250.0,658.9608247079275,190.58867418612263,5400.0,3213.6359862459076,0.06881679657813658,8.861429029139707,15.0
lossy,6.0,20.0,300.0,658.9608247079275,190.58867418612263,6400.0,2213.635986245908,0.04184592385019009,10.692596878207013,15.0
lossy,6.0,20.0,350.0,658.9608247079275,190.58867418612263,7400.0,1213.6359862459085,0.020637573503348335,12.593384592243863,15.0
lossy,6.0,20.0,400.0,658.9608247079275,190.58867418612263,8400.0,213.635986245908,0.003313215098440255,14.569820457131783,15.0
lossy,6.0,30.0,100.0,725.9552553496794,143.19236592138313,3400.0,6089.356692267581,0.18041541650794662,4.869384133571323,15.0
lossy,6.0,30.0,150.0,725.9552553496794,143.19236592138313,4900.0,4589.356692267581,0.10301206885423878,7.179702069148658,15.0
lossy,6.0,30.0,200.0,725.9552553496794,143.19236592138313,6400.0,3089.35669226758,0.05690753968555323,9.603729893252751,15.0
lossy,6.0,30.0,250.0,725.9552553496794,143.19236592138313,7900.0,1589.3566922675798,0.025100392035898783,12.150435912408057,15.0
lossy,6.0,30.0,300.0,725.9552553496794,143.19236592138313,9400.0,89.35669226757989,0.0012437098927306936,14.836675186550565,15.0
lossy,6.0,30.0,350.0,725.9552553496794,143.19236592138313,10900.0,-1410.64330773242,-0.017635669147276246,Inf,15.0
lossy,6.0,30.0,400.0,725.9552553496794,143.19236592138313,12400.0,-2910.64330773242,-0.03314227502412741,Inf,15.0
lossy,9.0,7.5,100.0,409.0937339916813,282.2700214399505,1150.0,4197.487098979383,0.33217664039972994,2.865359953814095,15.0
lossy,9.0,7.5,150.0,409.0937339916813,282.2700214399505,1525.0,3822.4870989793826,0.24043598925536566,3.836547735725744,15.0
lossy,9.0,7.5,200.0,409.0937339916813,282.2700214399505,1900.0,3447.4870989793826,0.18243606521640454,4.827023748655105,15.0
lossy,9.0,7.5,250.0,409.0937339916813,282.2700214399505,2275.0,3072.487098979383,0.14160325950286276,5.837587267428428,15.0
lossy,9.0,7.5,300.0,409.0937339916813,282.2700214399505,2650.0,2697.487098979383,0.11080171743108841,6.86906215691859,15.0
lossy,9.0,7.5,350.0,409.0937339916813,282.2700214399505,3025.0,2322.4870989793826,0.0864349231008554,7.922297542827995,15.0
lossy,9.0,7.5,400.0,409.0937339916813,282.2700214399505,3400.0,1947.4870989793828,0.066481142436487,8.998168499608791,15.0
lossy,9.0,12.5,100.0,574.2979726576351,257.2808500783363,1650.0,5856.961717040539,0.3242532917180437,2.9298969194060294,15.0
lossy,9.0,12.5,150.0,574.2979726576351,257.2808500783363,2275.0,5231.961717040541,0.22337854582696298,4.086479816475509,15.0
lossy,9.0,12.5,200.0,574.2979726576351,257.2808500783363,2900.0,4606.961717040541,0.16281102735931424,5.2717973719285,15.0
lossy,9.0,12.5,250.0,574.2979726576351,257.2808500783363,3525.0,3981.961717040541,0.12132394076678557,6.485467547380623,15.0
lossy,9.0,12.5,300.0,574.2979726576351,257.2808500783363,4150.0,3356.9617170405404,0.09052874573146588,7.7285704091394445,15.0
lossy,9.0,12.5,350.0,574.2979726576351,257.2808500783363,4775.0,2731.961717040541,0.06641275025886383,9.002263570592065,15.0
lossy,9.0,12.5,400.0,574.2979726576351,257.2808500783363,5400.0,2106.9617170405404,0.04679658400856619,10.31383337008155,15.0
lossy,9.0,15.0,100.0,644.4216705031498,246.28190658050698,1900.0,6523.586779719315,0.3150514902614668,3.008478668009781,15.0
lossy,9.0,15.0,150.0,644.4216705031498,246.28190658050698,2650.0,5773.586779719315,0.21329678925039494,4.250032792265415,15.0
lossy,9.0,15.0,200.0,644.4216705031498,246.28190658050698,3400.0,5023.586779719315,0.1529894243510159,5.5222673936176925,15.0
lossy,9.0,15.0,250.0,644.4216705031498,246.28190658050698,4150.0,4273.586779719314,0.11192833289847492,6.826334130805146,15.0
lossy,9.0,15.0,300.0,644.4216705031498,246.28190658050698,4900.0,3523.5867797193137,0.08154323433709801,8.16675397024241,15.0
lossy,9.0,15.0,350.0,644.4216705031498,246.28190658050698,5650.0,2773.5867797193127,0.05778825647095909,9.545655822867678,15.0
lossy,9.0,15.0,400.0,644.4216705031498,246.28190658050698,6400.0,2023.5867797193127,0.038483790733673626,10.960778261743272,15.0
lossy,9.0,25.0,100.0,830.9833059415992,202.57195491061574,2900.0,7962.235567950054,0.2599333755430381,3.5837719271414814,15.0
lossy,9.0,25.0,150.0,830.9833059415992,202.57195491061574,4150.0,6712.235567950055,0.165337944573597,5.210331834648979,15.0
lossy,9.0,25.0,200.0,830.9833059415992,202.57195491061574,5400.0,5462.235567950055,0.11019331585160609,6.892308329068116,15.0
lossy,9.0,25.0,250.0,830.9833059415992,202.57195491061574,6650.0,4212.235567950055,0.07279115936263444,8.635569034080747,15.0
lossy,9.0,25.0,300.0,830.9833059415992,202.57195491061574,7900.0,2962.235567950055,0.04510503483319152,10.441147785927678,15.0
lossy,9.0,25.0,350.0,830.9833059415992,202.57195491061574,9150.0,1712.2355679500554,0.02342170783824537,12.314620176317812,15.0
lossy,9.0,25.0,400.0,830.9833059415992,202.57195491061574,10400.0,462.2355679500538,0.005760985667665412,14.261915641953182,15.0
lossy,9.0,30.0,100.0,893.9303554280319,184.5798309874667,3400.0,8285.050749603168,0.23470240189730582,3.9169524246960266,15.0
lossy,9.0,30.0,150.0,893.9303554280319,184.5798309874667,4900.0,6785.05074960317,0.14468413610223815,5.749458576988477,15.0
lossy,9.0,30.0,200.0,893.9303554280319,184.5798309874667,6400.0,5285.05074960317,0.09219807061374917,7.651600560435043,15.0
lossy,9.0,30.0,250.0,893.9303554280319,184.5798309874667,7900.0,3785.0507496031696,0.056520543839858356,9.629405702268771,15.0
lossy,9.0,30.0,300.0,893.9303554280319,184.5798309874667,9400.0,2285.05074960317,0.03004774843480499,11.689279986077157,15.0
lossy,9.0,30.0,350.0,893.9303554280319,184.5798309874667,10900.0,785.0507496031693,0.009269101132400353,13.838029030607727,15.0
lossy,9.0,30.0,400.0,893.9303554280319,184.5798309874667,12400.0,-714.9492503968308,-0.007687563386927875,Inf,15.0
lossy,12.0,2.5,100.0,169.15179360138416,313.64630275423923,650.0,1561.075259517464,0.23180774222411848,3.9586804614438105,15.0
lossy,12.0,2.5,150.0,169.15179360138416,313.64630275423923,775.0,1436.075259517464,0.18574320199650618,4.759015367526427,15.0
lossy,12.0,2.5,200.0,169.15179360138416,313.64630275423923,900.0,1311.0752595174638,0.15113864247660774,5.571626050508106,15.0
lossy,12.0,2.5,250.0,169.15179360138416,313.64630275423923,1025.0,1186.0752595174638,0.12388585787099139,6.39709672164667,15.0
lossy,12.0,2.5,300.0,169.15179360138416,313.64630275423923,1150.0,1061.075259517464,0.10166580523046825,7.236030324780682,15.0
lossy,12.0,2.5,350.0,169.15179360138416,313.64630275423923,1275.0,936.075259517464,0.08306466118798875,8.089049057604608,15.0
lossy,12.0,2.5,400.0,169.15179360138416,313.64630275423923,1400.0,811.0752595174638,0.067167713655549,8.957659008290156,15.0
lossy,12.0,5.0,100.0,305.4504116835127,300.3791689901873,900.0,3092.7087611875754,0.3152795695965551,3.0064476180347963,15.0
lossy,12.0,5.0,150.0,305.4504116835127,300.3791689901873,1150.0,2842.708761187576,0.23759288282836216,3.8760506930341965,15.0
lossy,12.0,5.0,200.0,305.4504116835127,300.3791689901873,1400.0,2592.708761187576,0.1856519030947401,4.760871191871016,15.0
lossy,12.0,5.0,250.0,305.4504116835127,300.3791689901873,1650.0,2342.7087611875754,0.14783757834444933,5.661450273878589,15.0
lossy,12.0,5.0,300.0,305.4504116835127,300.3791689901873,1900.0,2092.708761187576,0.11868543837729581,6.5784791180039734,15.0
lossy,12.0,5.0,350.0,305.4504116835127,300.3791689901873,2150.0,1842.7087611875756,0.09527571423195463,7.512670551238234,15.0
lossy,12.0,5.0,400.0,305.4504116835127,300.3791689901873,2400.0,1592.7087611875759,0.0758982582644955,8.46475964433878,15.0
lossy,12.0,7.5,100.0,413.55053792780313,290.6126334008171,1150.0,4255.744411597074,0.3361712902929047,2.8338158785452023,15.0
lossy,12.0,7.5,150.0,413.55053792780313,290.6126334008171,1525.0,3880.744411597074,0.24356666420289905,3.7938638716751125,15.0
lossy,12.0,7.5,200.0,413.55053792780313,290.6126334008171,1900.0,3505.744411597074,0.18506851066189023,4.772758548456912,15.0
lossy,12.0,7.5,250.0,413.55053792780313,290.6126334008171,2275.0,3130.744411597074,0.14391403887657128,5.771285801020861,15.0
lossy,12.0,7.5,300.0,413.55053792780313,290.6126334008171,2650.0,2755.744411597074,0.11288813257767966,6.790255749212803,15.0
lossy,12.0,7.5,350.0,413.55053792780313,290.6126334008171,3025.0,2380.744411597074,0.08835586520041594,7.830503402161842,15.0
lossy,12.0,7.5,400.0,413.55053792780313,290.6126334008171,3400.0,2005.744411597074,0.06827482769411855,8.892889336760106,15.0
lossy,12.0,12.5,100.0,588.107784002596,268.88243684392495,1650.0,6037.477285651082,0.33289361496483705,2.8596503163406766,15.0
lossy,12.0,12.5,150.0,588.107784002596,268.88243684392495,2275.0,5412.477285651081,0.22994700585516964,3.9859184192964765,15.0
lossy,12.0,12.5,200.0,588.107784002596,268.88243684392495,2900.0,4787.477285651081,0.16826333720188347,5.1406193268540505,15.0
lossy,12.0,12.5,250.0,588.107784002596,268.88243684392495,3525.0,4162.477285651081,0.1260838314190039,6.322764307096516,15.0
lossy,12.0,12.5,300.0,588.107784002596,268.88243684392495,4150.0,3537.4772856510804,0.09481760593003337,7.53310986573836,15.0
lossy,12.0,12.5,350.0,588.107784002596,268.88243684392495,4775.0,2912.4772856510804,0.0703599025852764,8.772731184663337,15.0
lossy,12.0,12.5,400.0,588.107784002596,268.88243684392495,5400.0,2287.47728565108,0.05048390107664823,10.04360774018668,15.0
lossy,12.0,20.0,100.0,788.3073604987235,241.05767445541224,2400.0,7904.395032320718,0.3039318830789738,3.110602054191045,15.0
lossy,12.0,20.0,150.0,788.3073604987235,241.05767445541224,3400.0,6904.395032320717,0.20085933395809089,4.467759539206035,15.0
lossy,12.0,20.0,200.0,788.3073604987235,241.05767445541224,4400.0,5904.395032320716,0.14082224094900422,5.860273472149922,15.0
lossy,12.0,20.0,250.0,788.3073604987235,241.05767445541224,5400.0,4904.395032320717,0.10026509850335624,7.295345122151282,15.0
lossy,12.0,20.0,300.0,788.3073604987235,241.05767445541224,6400.0,3904.395032320716,0.07037224744919365,8.77202678994112,15.0
lossy,12.0,20.0,350.0,788.3073604987235,241.05767445541224,7400.0,2904.395032320716,0.047052448117810515,10.294761734198033,15.0
lossy,12.0,20.0,400.0,788.3073604987235,241.05767445541224,8400.0,1904.3950323207164,0.028124421425826197,11.864596755079155,15.0
lossy,12.0,25.0,100.0,892.3541295137658,224.2728298798954,2900.0,8764.447041843161,0.2822516010814615,3.3287648782481587,15.0
lossy,12.0,25.0,150.0,892.3541295137658,224.2728298798954,4150.0,7514.44704184316,0.18211304330582373,4.8337538915143075,15.0
lossy,12.0,25.0,200.0,892.3541295137658,224.2728298798954,5400.0,6264.44704184316,0.12415862364778141,6.387798397266322,15.0
lossy,12.0,25.0,250.0,892.3541295137658,224.2728298798954,6650.0,5014.447041843159,0.08506213952129364,7.988883532748731,15.0
lossy,12.0,25.0,300.0,892.3541295137658,224.2728298798954,7900.0,3764.44704184316,0.056239262110704485,9.64812846573408,15.0
lossy,12.0,25.0,350.0,892.3541295137658,224.2728298798954,9150.0,2514.44704184316,0.033736766904879915,11.362598839310857,15.0
lossy,12.0,25.0,400.0,892.3541295137658,224.2728298798954,10400.0,1264.4470418431597,0.015454934329713642,13.137428187909496,15.0
low-mileage,0.0,2.5,100.0,93.24902724146762,276.87753156588894,650.0,568.9088434590027,0.09705412355488527,7.434106297407592,15.0
low-mileage,0.0,2.5,150.0,93.24902724146762,276.87753156588894,775.0,443.90884345900264,0.0664806473069893,8.998197808973169,15.0
low-mileage,0.0,2.5,200.0,93.24902724146762,276.87753156588894,900.0,318.9088434590026,0.04279756931237893,10.618323793848461,15.0
low-mileage,0.0,2.5,250.0,93.24902724146762,276.87753156588894,1025.0,193.90884345900253,0.023667156447877404,12.290433414625841,15.0
low-mileage,0.0,2.5,300.0,93.24902724146762,276.87753156588894,1150.0,68.90884345900244,0.007735594692221584,14.019459376139842,15.0
low-mileage,0.0,2.5,350.0,93.24902724146762,276.87753156588894,1275.0,-56.091156540997545,-0.005842520912790462,Inf,15.0
low-mileage,0.0,2.5,400.0,93.24902724146762,276.87753156588894,1400.0,-181.09115654099753,-0.017626308690562434,Inf,15.0
low-mileage,0.0,5.0,100.0,155.2167416940348,237.79786074648064,900.0,1128.922603276403,0.13285268391537547,6.102120467373131,15.0
low-mileage,0.0,5.0,150.0,155.2167416940348,237.79786074648064,1150.0,878.9226032764032,0.08608654730850498,7.939116780245066,15.0
low-mileage,0.0,5.0,200.0,155.2167416940348,237.79786074648064,1400.0,628.9226032764029,0.0532833235708676,9.848018705967753,15.0
low-mileage,0.0,5.0,250.0,155.2167416940348,237.79786074648064,1650.0,378.92260327640287,0.02847021217880178,11.832818806514084,15.0
low-mileage,0.0,5.0,300.0,155.2167416940348,237.79786074648064,1900.0,128.92260327640275,0.008741886373818434,13.899930953367365,15.0
low-mileage,0.0,5.0,350.0,155.2167416940348,237.79786074648064,2150.0,-121.07739672359735,-0.007505675997357511,Inf,15.0
low-mileage,0.0,5.0,400.0,155.2167416940348,237.79786074648064,2400.0,-371.0773967235976,-0.021240587271561313,Inf,15.0
low-mileage,0.0,10.0,100.0,231.4378499120162,185.76833020441015,1400.0,1625.2502392158358,0.1242338715394248,6.38523697128038,15.0
low-mileage,0.0,10.0,150.0,231.4378499120162,185.76833020441015,1900.0,1125.2502392158356,0.06851623090141964,8.878856407171728,15.0
low-mileage,0.0,10.0,200.0,231.4378499120162,185.76833020441015,2400.0,625.2502392158354,0.03208104765020374,11.50768856877691,15.0
low-mileage,0.0,10.0,250.0,231.4378499120162,185.76833020441015,2900.0,125.25023921583508,0.005600032870967711,14.281909604091487,15.0
low-mileage,0.0,10.0,300.0,231.4378499120162,185.76833020441015,3400.0,-374.7497607841648,-0.014929874048942277,Inf,15.0
low-mileage,0.0,10.0,350.0,231.4378499120162,185.76833020441015,3900.0,-874.7497607841643,-0.031551212675053134,Inf,15.0
low-mileage,0.0,10.0,400.0,231.4378499120162,185.76833020441015,4400.0,-1374.7497607841642,-0.045432194510158924,Inf,15.0
low-mileage,0.0,12.5,100.0,255.85004914468618,167.18573008940382,1650.0,1694.3553968056406,0.11165327744636891,6.836727938127021,15.0
low-mileage,0.0,12.5,150.0,255.85004914468618,167.18573008940382,2275.0,1069.3553968056403,0.055540937047894604,9.69483276524752,15.0
low-mileage,0.0,12.5,200.0,255.85004914468618,167.18573008940382,2900.0,444.35539680564034,0.019330158176353453,12.727141982552718,15.0
low-mileage,0.0,12.5,250.0,255.85004914468618,167.18573008940382,3525.0,-180.64460319435935,-0.006820109964091953,Inf,15.0
low-mileage,0.0,12.5,300.0,255.85004914468618,167.18573008940382,4150.0,-805.6446031943591,-0.02702293038314798,Inf,15.0
low-mileage,0.0,12.5,350.0,255.85004914468618,167.18573008940382,4775.0,-1430.6446031943583,-0.04334584817340903,Inf,15.0
low-mileage,0.0,12.5,400.0,255.85004914468618,167.18573008940382,5400.0,-2055.6446031943588,-0.05696032335348211,Inf,15.0
low-mileage,0.0,20.0,100.0,303.55635467295156,126.03007009761068,2400.0,1567.9505099919875,0.07483992965313854,8.522385268115595,15.0
low-mileage,0.0,20.0,150.0,303.55635467295156,126.03007009761068,3400.0,567.9505099919876,0.02100511115728517,12.55611450519795,15.0
low-mileage,0.0,20.0,200.0,303.55635467295156,126.03007009761068,4400.0,-432.0494900080122,-0.01325163758784987,Inf,15.0
low-mileage,0.0,20.0,250.0,303.55635467295156,126.03007009761068,5400.0,-1432.0494900080118,-0.037864369981417435,Inf,15.0
low-mileage,0.0,20.0,300.0,303.55635467295156,126.03007009761068,6400.0,-2432.0494900080116,-0.056843773400512186,Inf,15.0
low-mileage,0.0,20.0,350.0,303.55635467295156,126.03007009761068,7400.0,-3432.0494900080116,-0.072170842407596,Inf,15.0
low-mileage,0.0,20.0,400.0,303.55635467295156,126.03007009761068,8400.0,-4432.049490008012,-0.08495685445425558,Inf,15.0
low-mileage,0.0,30.0,100.0,355.8109817329307,99.09186071223206,3400.0,1250.9992121529924,0.04432081562748745,10.500904821549558,15.0
low-mileage,0.0,30.0,150.0,355.8109817329307,99.09186071223206,4900.0,-249.00078784700753,-0.00676201315794293,Inf,15.0
low-mileage,0.0,30.0,200.0,355.8109817329307,99.09186071223206,6400.0,-1749.000787847008,-0.03913788572156738,Inf,15.0
low-mileage,0.0,30.0,250.0,355.8109817329307,99.09186071223206,7900.0,-3249.0007878470083,-0.0623937312950057,Inf,15.0
low-mileage,0.0,30.0,300.0,355.8109817329307,99.09186071223206,9400.0,-4749.000787847006,-0.08034149057725731,Inf,15.0
low-mileage,0.0,30.0,350.0,355.8109817329307,99.09186071223206,10900.0,-6249.000787847004,-0.09485170429077106,Inf,15.0
low-mileage,0.0,30.0,400.0,355.8109817329307,99.09186071223206,12400.0,-7749.000787847005,-0.10697049939803313,Inf,15.0
low-mileage,3.0,5.0,100.0,302.2104058851699,286.82150339559195,900.0,3050.356880022833,0.31154602759237593,3.0400105537292457,15.0
low-mileage,3.0,5.0,150.0,302.2104058851699,286.82150339559195,1150.0,2800.356880022833,0.23456352881694323,3.9189366664215477,15.0
low-mileage,3.0,5.0,200.0,302.2104058851699,286.82150339559195,1400.0,2550.356880022833,0.18305627676100805,4.814145692973317,15.0
low-mileage,3.0,5.0,250.0,302.2104058851699,286.82150339559195,1650.0,2300.356880022833,0.1455341710862308,5.7255194625220245,15.0
low-mileage,3.0,5.0,300.0,302.2104058851699,286.82150339559195,1900.0,2050.356880022833,0.11659189479052423,6.653761405216422,15.0
low-mileage,3.0,5.0,350.0,302.2104058851699,286.82150339559195,2150.0,1800.3568800228331,0.09334021240926851,7.5995969301355295,15.0
low-mileage,3.0,5.0,400.0,302.2104058851699,286.82150339559195,2400.0,1550.3568800228334,0.07408618714870495,8.56377402941401,15.0
low-mileage,3.0,10.0,100.0,431.8356915554928,230.85835413320365,1400.0,4244.759617654752,0.2830339383151726,3.3204168807199914,15.0
low-mileage,3.0,10.0,150.0,431.8356915554928,230.85835413320365,1900.0,3744.759617654752,0.19579807097406038,4.561846792528794,15.0
low-mileage,3.0,10.0,200.0,431.8356915554928,230.85835413320365,2400.0,3244.759617654752,0.14173335150991073,5.833822191416539,15.0
low-mileage,3.0,10.0,250.0,431.8356915554928,230.85835413320365,2900.0,2744.759617654752,0.10396339657997139,7.1402951816926015,15.0
low-mileage,3.0,10.0,300.0,431.8356915554928,230.85835413320365,3400.0,2244.759617654752,0.07554921300068539,8.483702362088298,15.0
low-mileage,3.0,10.0,350.0,431.8356915554928,230.85835413320365,3900.0,1744.7596176547522,0.05308129737701614,9.861892386506105,15.0
low-mileage,3.0,10.0,400.0,431.8356915554928,230.85835413320365,4400.0,1244.7596176547524,0.0346714109640788,11.28177748585163,15.0
low-mileage,3.0,15.0,100.0,477.0435465024222,178.4569257915228,1900.0,4335.69612196736,0.22189932274355667,4.109796619609694,15.0
low-mileage,3.0,15.0,150.0,477.0435465024222,178.4569257915228,2650.0,3585.6961219673603,0.14183362933913257,5.830922647415911,15.0
low-mileage,3.0,15.0,200.0,477.0435465024222,178.4569257915228,3400.0,2835.6961219673603,0.09301055480536427,7.614552364794315,15.0
low-mileage,3.0,15.0,250.0,477.0435465024222,178.4569257915228,4150.0,2085.6961219673603,0.05904047912200548,9.463933550005683,15.0
low-mileage,3.0,15.0,300.0,477.0435465024222,178.4569257915228,4900.0,1335.6961219673603,0.033480937796841165,11.384856300825259,15.0
low-mileage,3.0,15.0,350.0,477.0435465024222,178.4569257915228,5650.0,585.696121967361,0.013235326892815863,13.383476412086335,15.0
low-mileage,3.0,15.0,400.0,477.0435465024222,178.4569257915228,6400.0,-164.30387803263994,-0.003391704893529718,Inf,15.0
low-mileage,3.0,20.0,100.0,504.3035356802204,146.250146035718,2400.0,4192.026293598779,0.17659041116230464,4.951297597949733,15.0
low-mileage,3.0,20.0,150.0,504.3035356802204,146.250146035718,3400.0,3192.026293598779,0.1032270580839116,7.170767968405169,15.0
low-mileage,3.0,20.0,200.0,504.3035356802204,146.250146035718,4400.0,2192.0262935987785,0.05857026087524042,9.494504756468794,15.0
low-mileage,3.0,20.0,250.0,504.3035356802204,146.250146035718,5400.0,1192.0262935987782,0.027420333784785894,11.92965564620107,15.0
low-mileage,3.0,20.0,300.0,504.3035356802204,146.250146035718,6400.0,192.02629359877858,0.0039039604007398932,14.494753135824986,15.0
low-mileage,3.0,20.0,350.0,504.3035356802204,146.250146035718,7400.0,-807.9737064012211,-0.014784963214079652,Inf,15.0
low-mileage,3.0,20.0,400.0,504.3035356802204,146.250146035718,8400.0,-1807.9737064012206,-0.03018018818843933,Inf,15.0
low-mileage,3.0,30.0,100.0,555.7551458582218,112.84061485247442,3400.0,3864.578324557467,0.12197740812699742,6.462747272994705,15.0
low-mileage,3.0,30.0,150.0,555.7551458582218,112.84061485247442,4900.0,2364.5783245574676,0.05689192656595021,9.604763900725747,15.0
low-mileage,3.0,30.0,200.0,555.7551458582218,112.84061485247442,6400.0,864.5783245574665,0.01711610098590991,12.95792398178261,15.0
low-mileage,3.0,30.0,250.0,555.7551458582218,112.84061485247442,7900.0,-635.421675442534,-0.0107967480296694,Inf,15.0
low-mileage,3.0,30.0,300.0,555.7551458582218,112.84061485247442,9400.0,-2135.421675442534,-0.03198871177105878,Inf,15.0
low-mileage,3.0,30.0,350.0,555.7551458582218,112.84061485247442,10900.0,-3635.421675442534,-0.04891353702203893,Inf,15.0
low-mileage,3.0,30.0,400.0,555.7551458582218,112.84061485247442,12400.0,-5135.421675442534,-0.06291479934996394,Inf,15.0
low-mileage,6.0,7.5,100.0,436.54534296826375,293.3802025727752,1150.0,4556.322037408155,0.35671810083351363,2.681299153524536,15.0
low-mileage,6.0,7.5,150.0,436.54534296826375,293.3802025727752,1525.0,4181.322037408155,0.2596293056907779,3.587485871979889,15.0
low-mileage,6.0,7.5,200.0,436.54534296826375,293.3802025727752,1900.0,3806.3220374081543,0.19854424657118208,4.510384376880515,15.0
low-mileage,6.0,7.5,250.0,436.54534296826375,293.3802025727752,2275.0,3431.3220374081548,0.15572039237910973,5.450715854545941,15.0
low-mileage,6.0,7.5,300.0,436.54534296826375,293.3802025727752,2650.0,3056.3220374081543,0.12353103181649197,6.409223967127789,15.0
low-mileage,6.0,7.5,350.0,436.54534296826375,293.3802025727752,3025.0,2681.3220374081543,0.09814149377123152,7.386675469621538,15.0
low-mileage,6.0,7.5,400.0,436.54534296826375,293.3802025727752,3400.0,2306.3220374081543,0.07740179355461235,8.383860842701402,15.0
low-mileage,6.0,12.5,100.0,584.1294445340995,259.6472165791156,1650.0,5985.474242789568,0.330406656731825,2.8795464003056073,15.0
low-mileage,6.0,12.5,150.0,584.1294445340995,259.6472165791156,2275.0,5360.47424278957,0.22805784701799892,4.014194637980778,15.0
low-mileage,6.0,12.5,200.0,584.1294445340995,259.6472165791156,2900.0,4735.474242789569,0.16669623393766186,5.177773143341499,15.0
low-mileage,6.0,12.5,250.0,584.1294445340995,259.6472165791156,3525.0,4110.47424278957,0.12471647838943223,6.36884706681441,15.0
low-mileage,6.0,12.5,300.0,584.1294445340995,259.6472165791156,4150.0,3485.4742427895694,0.09358609825722392,7.588470541039926,15.0
low-mileage,6.0,12.5,350.0,584.1294445340995,259.6472165791156,4775.0,2860.474242789569,0.06922691481944578,8.837729272827827,15.0
low-mileage,6.0,12.5,400.0,584.1294445340995,259.6472165791156,5400.0,2235.474242789569,0.04942580713229455,10.120144278428434,15.0
low-mileage,6.0,15.0,100.0,637.5949279343102,244.03934463019303,1900.0,6434.350707930287,0.31132491992420225,3.042019506097908,15.0
low-mileage,6.0,15.0,150.0,637.5949279343102,244.03934463019303,2650.0,5684.350707930287,0.21047825346104213,4.29776814185378,15.0
low-mileage,6.0,15.0,200.0,637.5949279343102,244.03934463019303,3400.0,4934.350707930286,0.15065052209336727,5.5847626529940655,15.0
low-mileage,6.0,15.0,250.0,637.5949279343102,244.03934463019303,4150.0,4184.350707930285,0.10988404088315745,6.904171863821937,15.0
low-mileage,6.0,15.0,300.0,637.5949279343102,244.03934463019303,4900.0,3434.3507079302863,0.07969830212006905,8.262448257206747,15.0
low-mileage,6.0,15.0,350.0,637.5949279343102,244.03934463019303,5650.0,2684.3507079302863,0.05608753506374449,9.6582490593001,15.0
low-mileage,6.0,15.0,400.0,637.5949279343102,244.03934463019303,6400.0,1934.3507079302863,0.03689255912464655,11.092775861908573,15.0
low-mileage,6.0,25.0,100.0,777.0438378836564,190.24933486174567,2900.0,7257.163391089177,0.24010136949653993,3.841160113769567,15.0
low-mileage,6.0,25.0,150.0,777.0438378836564,190.24933486174567,4150.0,6007.163391089177,0.15031392452154127,5.5938505461436705,15.0
low-mileage,6.0,25.0,200.0,777.0438378836564,190.24933486174567,5400.0,4757.163391089177,0.09761180143949495,7.409723613251346,15.0
low-mileage,6.0,25.0,250.0,777.0438378836564,190.24933486174567,6650.0,3507.163391089177,0.06168737254888691,9.294410173687604,15.0
low-mileage,6.0,25.0,300.0,777.0438378836564,190.24933486174567,7900.0,2257.163391089176,0.03499590210442527,11.25389801873452,15.0
low-mileage,6.0,25.0,350.0,777.0438378836564,190.24933486174567,9150.0,1007.1633910891769,0.014031442553064377,13.294551733765028,15.0
low-mileage,6.0,25.0,400.0,777.0438378836564,190.24933486174567,10400.0,-242.8366089108231,-0.0030828109283340256,Inf,15.0
low-mileage,6.0,30.0,100.0,812.3658597377373,167.71663697896017,3400.0,7218.876784573729,0.208646893387521,4.329276718235478,15.0
low-mileage,6.0,30.0,150.0,812.3658597377373,167.71663697896017,4900.0,5718.876784573729,0.12481164848712915,6.365622710635066,15.0
low-mileage,6.0,30.0,200.0,812.3658597377373,167.71663697896017,6400.0,4218.876784573728,0.0754442003457114,8.489413451080484,15.0
low-mileage,6.0,30.0,250.0,812.3658597377373,167.71663697896017,7900.0,2718.8767845737284,0.04165226796181936,10.707798333151837,15.0
low-mileage,6.0,30.0,300.0,812.3658597377373,167.71663697896017,9400.0,1218.8767845737298,0.01645053450206655,13.028946592810113,15.0
low-mileage,6.0,30.0,350.0,812.3658597377373,167.71663697896017,10900.0,-281.1232154262701,-0.0034074929292024175,Inf,15.0
low-mileage,6.0,30.0,400.0,812.3658597377373,167.71663697896017,12400.0,-1781.1232154262689,-0.01966269125397877,Inf,15.0
low-mileage,9.0,2.5,100.0,190.76118563313457,344.47244191452467,650.0,1843.5433970248523,0.26727113384885337,3.496181184870596,15.0
low-mileage,9.0,2.5,150.0,190.76118563313457,344.47244191452467,775.0,1718.5433970248525,0.2165335869948376,4.1963200153376645,15.0
low-mileage,9.0,2.5,200.0,190.76118563313457,344.47244191452467,900.0,1593.5433970248523,0.17865775381664198,4.906740862440027,15.0
low-mileage,9.0,2.5,250.0,190.76118563313457,344.47244191452467,1025.0,1468.5433970248523,0.14899261355757515,5.629756846471826,15.0
low-mileage,9.0,2.5,300.0,190.76118563313457,344.47244191452467,1150.0,1343.5433970248525,0.12492119687741474,6.361914365519317,15.0
low-mileage,9.0,2.5,350.0,190.76118563313457,344.47244191452467,1275.0,1218.5433970248525,0.1048539096023432,7.103701905399869,15.0
low-mileage,9.0,2.5,400.0,190.76118563313457,344.47244191452467,1400.0,1093.5433970248525,0.08776620181069342,7.85851160108615,15.0
low-mileage,9.0,12.5,100.0,618.5477759809659,281.7745322923124,1650.0,6435.375006569678,0.3518695736188554,2.715887640005666,15.0
low-mileage,9.0,12.5,150.0,618.5477759809659,281.7745322923124,2275.0,5810.375006569678,0.2443246844071449,3.7836549136303366,15.0
low-mileage,9.0,12.5,200.0,618.5477759809659,281.7745322923124,2900.0,5185.375006569678,0.18016322910861154,4.874714692534146,15.0
low-mileage,9.0,12.5,250.0,618.5477759809659,281.7745322923124,3525.0,4560.375006569679,0.13644789647485817,5.989989466614524,15.0
low-mileage,9.0,12.5,300.0,618.5477759809659,281.7745322923124,4150.0,3935.375006569679,0.10413815681470051,7.133091507397344,15.0
low-mileage,9.0,12.5,350.0,618.5477759809659,281.7745322923124,4775.0,3310.375006569678,0.07892439795043454,8.303075993840041,15.0
low-mileage,9.0,12.5,400.0,618.5477759809659,281.7745322923124,5400.0,2685.375006569678,0.05847419116947146,9.500767847281484,15.0
low-mileage,9.0,20.0,100.0,801.9529211649892,247.47966191948754,2400.0,8082.763590815139,0.309841303018793,3.0555618617208666,15.0
low-mileage,9.0,20.0,150.0,801.9529211649892,247.47966191948754,3400.0,7082.763590815139,0.2052826071452443,4.388194635124996,15.0
low-mileage,9.0,20.0,200.0,801.9529211649892,247.47966191948754,4400.0,6082.763590815138,0.14448091082410763,5.755205771682762,15.0
low-mileage,9.0,20.0,250.0,801.9529211649892,247.47966191948754,5400.0,5082.763590815138,0.10346060687462791,7.161081561863273,15.0
low-mileage,9.0,20.0,300.0,801.9529211649892,247.47966191948754,6400.0,4082.7635908151383,0.07325683868369816,8.609652113855848,15.0
low-mileage,9.0,20.0,350.0,801.9529211649892,247.47966191948754,7400.0,3082.7635908151387,0.049713227868498897,10.099274729592036,15.0
low-mileage,9.0,20.0,400.0,801.9529211649892,247.47966191948754,8400.0,2082.7635908151387,0.030615802209029486,11.638163931211205,15.0
low-mileage,9.0,25.0,100.0,899.9304381067114,228.82366663119186,2900.0,8863.481099547618,0.2849911758940084,3.299695800885138,15.0
low-mileage,9.0,25.0,150.0,899.9304381067114,228.82366663119186,4150.0,7613.481099547616,0.18416312187852096,4.791306083260777,15.0
low-mileage,9.0,25.0,200.0,899.9304381067114,228.82366663119186,5400.0,6363.481099547616,0.12585954126677673,6.3302876802033845,15.0
low-mileage,9.0,25.0,250.0,899.9304381067114,228.82366663119186,6650.0,5113.481099547616,0.08655287913861251,7.9166147745347235,15.0
low-mileage,9.0,25.0,300.0,899.9304381067114,228.82366663119186,7900.0,3863.4810995476164,0.057589241964423596,9.558735388618551,15.0
low-mileage,9.0,25.0,350.0,899.9304381067114,228.82366663119186,9150.0,2613.4810995476178,0.0349854786110344,11.254792142785792,15.0
low-mileage,9.0,25.0,400.0,899.9304381067114,228.82366663119186,10400.0,1363.4810995476182,0.01662697461786984,13.009841362308517,15.0
low-mileage,12.0,5.0,100.0,339.84633128224243,325.3255785721648,900.0,3542.316567489198,0.354669864198322,2.6958098159620194,15.0
low-mileage,12.0,5.0,150.0,339.84633128224243,325.3255785721648,1150.0,3292.316567489198,0.26942500193844354,3.4711922155184443,15.0
low-mileage,12.0,5.0,200.0,339.84633128224243,325.3255785721648,1400.0,3042.316567489198,0.2128261003758507,4.257941406137164,15.0
low-mileage,12.0,5.0,250.0,339.84633128224243,325.3255785721648,1650.0,2792.316567489198,0.1718756647436679,5.056614890160762,15.0
low-mileage,12.0,5.0,300.0,339.84633128224243,325.3255785721648,1900.0,2542.316567489198,0.1404740695452528,5.8704324271203365,15.0
low-mileage,12.0,5.0,350.0,339.84633128224243,325.3255785721648,2150.0,2292.316567489198,0.11537284978897555,6.6982142490611345,15.0
low-mileage,12.0,5.0,400.0,339.84633128224243,325.3255785721648,2400.0,2042.3165674891982,0.0946763538528125,7.539428884880764,15.0
low-mileage,12.0,10.0,100.0,549.1974668914102,304.80479100540896,1400.0,5778.859329714621,0.3696979586485848,2.592642831917801,15.0
low-mileage,12.0,10.0,150.0,549.1974668914102,304.80479100540896,1900.0,5278.859329714621,0.26258820963947516,3.5516340175697616,15.0
low-mileage,12.0,10.0,200.0,549.1974668914102,304.80479100540896,2400.0,4778.859329714621,0.1975164570576725,4.529529198791057,15.0
low-mileage,12.0,10.0,250.0,549.1974668914102,304.80479100540896,2900.0,4278.859329714621,0.15280639565683024,5.527117047126938,15.0
low-mileage,12.0,10.0,300.0,549.1974668914102,304.80479100540896,3400.0,3778.859329714621,0.11962249339003839,6.545210551413724,15.0
low-mileage,12.0,10.0,350.0,549.1974668914102,304.80479100540896,3900.0,3278.8593297146203,0.09367070553045659,7.584647681845025,15.0
low-mileage,12.0,10.0,400.0,549.1974668914102,304.80479100540896,4400.0,2778.8593297146203,0.07259907817711503,8.646292071014708,15.0
low-mileage,12.0,20.0,100.0,834.6827744664569,263.8901002091114,2400.0,8510.593336759486,0.3239691482855005,2.932261423625482,15.0
low-mileage,12.0,20.0,150.0,834.6827744664569,263.8901002091114,3400.0,7510.593336759485,0.21582641221879265,4.207955809753931,15.0
low-mileage,12.0,20.0,200.0,834.6827744664569,263.8901002091114,4400.0,6510.593336759486,0.15318112571523212,5.517195318011488,15.0
low-mileage,12.0,20.0,250.0,834.6827744664569,263.8901002091114,5400.0,5510.593336759486,0.11104514819260823,6.8597948912417595,15.0
low-mileage,12.0,20.0,300.0,834.6827744664569,263.8901002091114,6400.0,4510.593336759487,0.08009329171248505,8.241823845530307,15.0
low-mileage,12.0,20.0,350.0,834.6827744664569,263.8901002091114,7400.0,3510.593336759488,0.05601177309454948,9.663308178621207,15.0
low-mileage,12.0,20.0,400.0,834.6827744664569,263.8901002091114,8400.0,2510.593336759488,0.03650763072678579,11.125224379900448,15.0
low-mileage,12.0,30.0,100.0,1058.2128776196478,234.39261872642243,3400.0,10432.477109414693,0.28595332487202196,3.2895945920465315,15.0
low-mileage,12.0,30.0,150.0,1058.2128776196478,234.39261872642243,4900.0,8932.477109414693,0.18316547109049783,4.811884357434745,15.0
low-mileage,12.0,30.0,200.0,1058.2128776196478,234.39261872642243,6400.0,7432.477109414693,0.12427394333442629,6.38387358639424,15.0
low-mileage,12.0,30.0,250.0,1058.2128776196478,234.39261872642243,7900.0,5932.477109414693,0.08475061775662959,8.00419358286534,15.0
low-mileage,12.0,30.0,300.0,1058.2128776196478,234.39261872642243,9400.0,4432.477109414693,0.05570238959756261,9.68400650193957,15.0
low-mileage,12.0,30.0,350.0,1058.2128776196478,234.39261872642243,10900.0,2932.477109414693,0.033069142005560014,11.420805915197127,15.0
low-mileage,12.0,30.0,400.0,1058.2128776196478,234.39261872642243,12400.0,1432.477109414695,0.01470646856031459,13.219744684130326,15.0
slow-charger,0.0,2.5,100.0,93.24902724146796,276.87753156588894,650.0,568.9088434590069,0.09705412355488527,7.434106297407563,15.0
slow-charger,0.0,2.5,150.0,93.24902724146796,276.87753156588894,775.0,443.90884345900696,0.0664806473069893,8.998197808973135,15.0
slow-charger,0.0,2.5,200.0,93.24902724146796,276.87753156588894,900.0,318.908843459007,0.04279756931237893,10.618323793848418,15.0
slow-charger,0.0,2.5,250.0,93.24902724146796,276.87753156588894,1025.0,193.90884345900696,0.023667156447877404,12.29043341462579,15.0
slow-charger,0.0,2.5,300.0,93.24902724146796,276.87753156588894,1150.0,68.90884345900696,0.007735594692221584,14.019459376139782,15.0
slow-charger,0.0,2.5,350.0,93.24902724146796,276.87753156588894,1275.0,-56.09115654099301,-0.005842520912790462,Inf,15.0
slow-charger,0.0,2.5,400.0,93.24902724146796,276.87753156588894,1400.0,-181.09115654099304,-0.017626308690562434,Inf,15.0
slow-charger,0.0,7.5,100.0,200.56113453318562,210.09376127239508,1150.0,1471.643868773329,0.1351685198425593,6.0293862228097215,15.0
slow-charger,0.0,7.5,150.0,200.56113453318562,210.09376127239508,1525.0,1096.6438687733291,0.0815443858010462,8.166694750222188,15.0
slow-charger,0.0,7.5,200.0,200.56113453318562,210.09376127239508,1900.0,721.6438687733291,0.04564486854371688,10.40028382312878,15.0
slow-charger,0.0,7.5,250.0,200.56113453318562,210.09376127239508,2275.0,346.6438687733288,0.019226174604800632,12.73785983380386,15.0
slow-charger,0.0,7.5,300.0,200.56113453318562,210.09376127239508,2650.0,-28.356131226671295,-0.0014077706536659755,Inf,15.0
slow-charger,0.0,7.5,350.0,200.56113453318562,210.09376127239508,3025.0,-403.3561312266714,-0.01819301421245148,Inf,15.0
slow-charger,0.0,7.5,400.0,200.56113453318562,210.09376127239508,3400.0,-778.3561312266713,-0.032256122796009146,Inf,15.0
slow-charger,0.0,10.0,100.0,233.46789604512583,186.729545589304,1400.0,1651.7860783283395,0.1259914823099006,6.325860288180971,15.0
slow-charger,0.0,10.0,150.0,233.46789604512583,186.729545589304,1900.0,1151.7860783283395,0.06997122221441934,8.794951116304176,15.0
slow-charger,0.0,10.0,200.0,233.46789604512583,186.729545589304,2400.0,651.786078328339,0.033363642280647754,11.395080694326705,15.0
slow-charger,0.0,10.0,250.0,233.46789604512583,186.729545589304,2900.0,151.78607832833916,0.0067702472119867164,14.137339900679217,15.0
slow-charger,0.0,10.0,300.0,233.46789604512583,186.729545589304,3400.0,-348.2139216716611,-0.013839390414514752,Inf,15.0
slow-charger,0.0,10.0,350.0,233.46789604512583,186.729545589304,3900.0,-848.2139216716607,-0.03052066190139391,Inf,15.0
slow-charger,0.0,10.0,400.0,233.46789604512583,186.729545589304,4400.0,-1348.2139216716607,-0.044448618352028915,Inf,15.0
slow-charger,0.0,12.5,100.0,260.2425543960719,168.72637859752177,1650.0,1751.772226280868,0.11494705501321043,6.713849421033451,15.0
slow-charger,0.0,12.5,150.0,260.2425543960719,168.72637859752177,2275.0,1126.7722262808675,0.058258917917022424,9.514823362349874,15.0
slow-charger,0.0,12.5,200.0,260.2425543960719,168.72637859752177,2900.0,501.77222628086736,0.021726886503064917,12.483342061216971,15.0
slow-charger,0.0,12.5,250.0,260.2425543960719,168.72637859752177,3525.0,-123.22777371913267,-0.004630657083123478,Inf,15.0
slow-charger,0.0,12.5,300.0,260.2425543960719,168.72637859752177,4150.0,-748.2277737191328,-0.024979719298364726,Inf,15.0
slow-charger,0.0,12.5,350.0,260.2425543960719,168.72637859752177,4775.0,-1373.2277737191325,-0.04141222047449452,Inf,15.0
slow-charger,0.0,12.5,400.0,260.2425543960719,168.72637859752177,5400.0,-1998.227773719132,-0.05511243127625966,Inf,15.0
slow-charger,0.0,20.0,100.0,331.323299476551,138.72442726347094,2400.0,1930.9073748320152,0.09009648521450793,7.748689866099864,15.0
slow-charger,0.0,20.0,150.0,331.323299476551,138.72442726347094,3400.0,930.9073748320151,0.033620362792765326,11.372718911276772,15.0
slow-charger,0.0,20.0,200.0,331.323299476551,138.72442726347094,4400.0,-69.09262516798526,-0.0020687811335085918,Inf,15.0
slow-charger,0.0,20.0,250.0,331.323299476551,138.72442726347094,5400.0,-1069.0926251679844,-0.02759503543009549,Inf,15.0
slow-charger,0.0,20.0,300.0,331.323299476551,138.72442726347094,6400.0,-2069.092625167985,-0.04721583243084643,Inf,15.0
slow-charger,0.0,20.0,350.0,331.323299476551,138.72442726347094,7400.0,-3069.092625167984,-0.06302268301477601,Inf,15.0
slow-charger,0.0,20.0,400.0,331.323299476551,138.72442726347094,8400.0,-4069.092625167983,-0.0761840140906484,Inf,15.0
slow-charger,0.0,25.0,100.0,361.8635879267298,121.38219963854618,2900.0,1830.116125581937,0.07254903650535874,8.64908884318656,15.0
slow-charger,0.0,25.0,150.0,361.8635879267298,121.38219963854618,4150.0,580.1161255819372,0.0176912301912426,12.897452790194997,15.0
slow-charger,0.0,25.0,200.0,361.8635879267298,121.38219963854618,5400.0,-669.8838744180633,-0.016876117876114788,Inf,15.0
slow-charger,0.0,25.0,250.0,361.8635879267298,121.38219963854618,6650.0,-1919.8838744180625,-0.041591046145353,Inf,15.0
slow-charger,0.0,25.0,300.0,361.8635879267298,121.38219963854618,7900.0,-3169.8838744180625,-0.06059522291803864,Inf,15.0
slow-charger,0.0,25.0,350.0,361.8635879267298,121.38219963854618,9150.0,-4419.883874418065,-0.07591446340991702,Inf,15.0
slow-charger,0.0,25.0,400.0,361.8635879267298,121.38219963854618,10400.0,-5669.883874418065,-0.08867813489261384,Inf,15.0
slow-charger,3.0,2.5,100.0,172.5150832152317,321.38413189881874,650.0,1605.0386506080415,0.2373767059622059,3.8790836416097703,15.0
slow-charger,3.0,2.5,150.0,172.5150832152317,321.38413189881874,775.0,1480.0386506080415,0.19059208009281509,4.662174652657695,15.0
slow-charger,3.0,2.5,200.0,172.5150832152317,321.38413189881874,900.0,1355.0386506080415,0.15548319537615496,5.45687075968275,15.0
slow-charger,3.0,2.5,250.0,172.5150832152317,321.38413189881874,1025.0,1230.0386506080417,0.12785816536293393,6.263735981175026,15.0
slow-charger,3.0,2.5,300.0,172.5150832152317,321.38413189881874,1150.0,1105.0386506080417,0.10535211751194304,7.083352523344753,15.0
slow-charger,3.0,2.5,350.0,172.5150832152317,321.38413189881874,1275.0,980.0386506080417,0.08652422135400223,7.91799486181703,15.0
slow-charger,3.0,2.5,400.0,172.5150832152317,321.38413189881874,1400.0,855.0386506080418,0.07044289658392695,8.767997143152353,15.0
slow-charger,3.0,5.0,100.0,292.3846030803835,285.8531891700417,900.0,2921.9184577986025,0.30019467331478145,3.1463436385097183,15.0
slow-charger,3.0,5.0,150.0,292.3846030803835,285.8531891700417,1150.0,2671.9184577986025,0.22533899326648216,4.055925223669996,15.0
slow-charger,3.0,5.0,200.0,292.3846030803835,285.8531891700417,1400.0,2421.918457798602,0.1751416012516187,4.982928367228036,15.0
slow-charger,3.0,5.0,250.0,292.3846030803835,285.8531891700417,1650.0,2171.918457798602,0.13850229856478785,5.928501541618443,15.0
slow-charger,3.0,5.0,300.0,292.3846030803835,285.8531891700417,1900.0,1921.918457798602,0.1101943559092933,6.892268486405783,15.0
slow-charger,3.0,5.0,350.0,292.3846030803835,285.8531891700417,2150.0,1671.918457798602,0.08742064712750555,7.874994472862235,15.0
slow-charger,3.0,5.0,400.0,292.3846030803835,285.8531891700417,2400.0,1421.918457798602,0.06854013772310277,8.877468430241771,15.0
slow-charger,3.0,10.0,100.0,424.9423820635668,230.91293440031887,1400.0,4154.653413343894,0.2778636347775637,3.3762933561501454,15.0
slow-charger,3.0,10.0,150.0,424.9423820635668,230.91293440031887,1900.0,3654.6534133438936,0.19176606090601794,4.639226751214867,15.0
slow-charger,3.0,10.0,200.0,424.9423820635668,230.91293440031887,2400.0,3154.6534133438936,0.1383319997006151,5.933560054384625,15.0
slow-charger,3.0,10.0,250.0,424.9423820635668,230.91293440031887,2900.0,2654.6534133438936,0.10096109971988304,7.265781004703608,15.0
slow-charger,3.0,10.0,300.0,424.9423820635668,230.91293440031887,3400.0,2154.653413343894,0.0728224122581809,8.63382614753426,15.0
slow-charger,3.0,10.0,350.0,424.9423820635668,230.91293440031887,3900.0,1654.653413343894,0.050556647089264786,10.038375001554986,15.0
slow-charger,3.0,10.0,400.0,424.9423820635668,230.91293440031887,4400.0,1154.653413343894,0.03230187984786988,11.488194284962642,15.0
slow-charger,3.0,20.0,100.0,524.5140917117131,158.64936755538946,2400.0,4456.209483566204,0.1860647680935755,4.752488604123322,15.0
slow-charger,3.0,20.0,150.0,524.5140917117131,158.64936755538946,3400.0,3456.2094835662033,0.11066976801748632,6.874093472648669,15.0
slow-charger,3.0,20.0,200.0,524.5140917117131,158.64936755538946,4400.0,2456.2094835662033,0.06495022265555399,9.091280097141627,15.0
slow-charger,3.0,20.0,250.0,524.5140917117131,158.64936755538946,5400.0,1456.2094835662033,0.03314257316952414,11.41438427244423,15.0
slow-charger,3.0,20.0,300.0,524.5140917117131,158.64936755538946,6400.0,456.20948356620323,0.009175565718381278,13.84898552153974,15.0
slow-charger,3.0,20.0,350.0,524.5140917117131,158.64936755538946,7400.0,-543.7905164337968,-0.009843704379329719,Inf,15.0
slow-charger,3.0,20.0,400.0,524.5140917117131,158.64936755538946,8400.0,-1543.7905164337967,-0.025492995671126603,Inf,15.0
slow-charger,3.0,30.0,100.0,579.0752733554009,122.05078211723337,3400.0,4169.408417458023,0.13027748567531142,6.184625576459367,15.0
slow-charger,3.0,30.0,150.0,579.0752733554009,122.05078211723337,4900.0,2669.408417458023,0.06353033246409999,9.178897079708557,15.0
slow-charger,3.0,30.0,200.0,579.0752733554009,122.05078211723337,6400.0,1169.408417458022,0.022892967762883472,12.366934879446292,15.0
slow-charger,3.0,30.0,250.0,579.0752733554009,122.05078211723337,7900.0,-330.59158254197763,-0.0055540918394442525,Inf,15.0
slow-charger,3.0,30.0,300.0,579.0752733554009,122.05078211723337,9400.0,-1830.5915825419786,-0.02711387267811608,Inf,15.0
slow-charger,3.0,30.0,350.0,579.0752733554009,122.05078211723337,10900.0,-3330.5915825419784,-0.044309869789323435,Inf,15.0
slow-charger,3.0,30.0,400.0,579.0752733554009,122.05078211723337,12400.0,-4830.591582541978,-0.05852087552374603,Inf,15.0
slow-charger,6.0,5.0,100.0,329.94749765304226,308.7059632748865,900.0,3412.9235195669153,0.34337512043630336,2.7785367555297755,15.0
slow-charger,6.0,5.0,150.0,329.94749765304226,308.7059632748865,1150.0,3162.9235195669153,0.26032027781104705,3.5790561389911426,15.0
slow-charger,6.0,5.0,200.0,329.94749765304226,308.7059632748865,1400.0,2912.9235195669153,0.205071685626267,4.391933857656043,15.0
slow-charger,6.0,5.0,250.0,329.94749765304226,308.7059632748865,1650.0,2662.9235195669157,0.1650300979970507,5.217757415675449,15.0
slow-charger,6.0,5.0,300.0,329.94749765304226,308.7059632748865,1900.0,2412.9235195669157,0.1342799291515166,6.057133149799915,15.0
slow-charger,6.0,5.0,350.0,329.94749765304226,308.7059632748865,2150.0,2162.9235195669157,0.10966812205187576,6.91247301829835,15.0
slow-charger,6.0,5.0,400.0,329.94749765304226,308.7059632748865,2400.0,1912.9235195669157,0.08935291755453359,7.783482537547739,15.0
slow-charger,6.0,7.5,100.0,436.33301464703777,290.60329076114783,1150.0,4553.546578230559,0.3565288272128372,2.6826339227371445,15.0
slow-charger,6.0,7.5,150.0,436.33301464703777,290.60329076114783,1525.0,4178.546578230559,0.25948163464746354,3.5892920148807126,15.0
slow-charger,6.0,7.5,200.0,436.33301464703777,290.60329076114783,1900.0,3803.5465782305596,0.19842058536284402,4.512680577289726,15.0
slow-charger,6.0,7.5,250.0,436.33301464703777,290.60329076114783,2275.0,3428.5465782305596,0.15561222026124025,5.453521362564713,15.0
slow-charger,6.0,7.5,300.0,436.33301464703777,290.60329076114783,2650.0,3053.5465782305596,0.123433647858809,6.412558614470127,15.0
slow-charger,6.0,7.5,350.0,436.33301464703777,290.60329076114783,3025.0,2678.5465782305596,0.09805205305190831,7.390559685336045,15.0
slow-charger,6.0,7.5,400.0,436.33301464703777,290.60329076114783,3400.0,2303.5465782305596,0.07731845125373521,8.388315669292504,15.0
slow-charger,6.0,10.0,100.0,522.0043049983931,273.2167007909028,1400.0,5423.402693934609,0.34979895318420395,2.730914430055721,15.0
slow-charger,6.0,10.0,150.0,522.0043049983931,273.2167007909028,1900.0,4923.402693934609,0.24737060911175368,3.7431180091601757,15.0
slow-charger,6.0,10.0,200.0,522.0043049983931,273.2167007909028,2400.0,4423.402693934608,0.1848932269508599,4.776339929090195,15.0
slow-charger,6.0,10.0,250.0,522.0043049983931,273.2167007909028,2900.0,3923.402693934608,0.14181597354734884,5.831432998601215,15.0
slow-charger,6.0,10.0,300.0,522.0043049983931,273.2167007909028,3400.0,3423.4026939346077,0.10975122924532964,6.909276080974787,15.0
slow-charger,6.0,10.0,350.0,522.0043049983931,273.2167007909028,3900.0,2923.4026939346077,0.08461453002988768,8.010994696203717,15.0
slow-charger,6.0,10.0,400.0,522.0043049983931,273.2167007909028,4400.0,2423.4026939346077,0.0641638901861574,9.139655385397784,15.0
slow-charger,6.0,15.0,100.0,656.6466514433982,242.69567402584164,1900.0,6683.3861665869135,0.32171387768277315,2.9511549446918384,15.0
slow-charger,6.0,15.0,150.0,656.6466514433982,242.69567402584164,2650.0,5933.3861665869135,0.2183285896829033,4.167030919477744,15.0
slow-charger,6.0,15.0,200.0,656.6466514433982,242.69567402584164,3400.0,5183.3861665869135,0.15715997023892891,5.413601098862944,15.0
slow-charger,6.0,15.0,250.0,656.6466514433982,242.69567402584164,4150.0,4433.3861665869135,0.11557009640978146,6.690990456365709,15.0
slow-charger,6.0,15.0,300.0,656.6466514433982,242.69567402584164,4900.0,3683.386166586912,0.08482737159125965,8.000361451875756,15.0
slow-charger,6.0,15.0,350.0,656.6466514433982,242.69567402584164,5650.0,2933.386166586913,0.06081383847152262,9.34987953615972,15.0
slow-charger,6.0,15.0,400.0,656.6466514433982,242.69567402584164,6400.0,2183.3861665869135,0.04131316841382436,10.734488170551122,15.0
slow-charger,6.0,30.0,100.0,839.6713352609638,168.4935328928105,3400.0,7575.801533010283,0.217425762489513,4.181718511929761,15.0
slow-charger,6.0,30.0,150.0,839.6713352609638,168.4935328928105,4900.0,6075.801533010283,0.13153261451966042,6.144196830824565,15.0
slow-charger,6.0,30.0,200.0,839.6713352609638,168.4935328928105,6400.0,4575.801533010283,0.08112550479102591,8.188279223252962,15.0
slow-charger,6.0,30.0,250.0,839.6713352609638,168.4935328928105,7900.0,3075.8015330102817,0.0467038307775976,10.320759013623936,15.0
slow-charger,6.0,30.0,300.0,839.6713352609638,168.4935328928105,9400.0,1575.8015330102812,0.021076906168567805,12.54885100339532,15.0
slow-charger,6.0,30.0,350.0,839.6713352609638,168.4935328928105,10900.0,75.80153301028315,0.0009104855264822635,14.88021467880872,15.0
slow-charger,6.0,30.0,400.0,839.6713352609638,168.4935328928105,12400.0,-1424.1984669897165,-0.015579975878909719,Inf,15.0
slow-charger,9.0,2.5,100.0,197.3319097321264,343.4879867859939,650.0,1929.4329118982976,0.27792385054975044,3.3756329017509206,15.0
slow-charger,9.0,2.5,150.0,197.3319097321264,343.4879867859939,775.0,1804.4329118982976,0.22574437096220207,4.049656091604935,15.0
slow-charger,9.0,2.5,200.0,197.3319097321264,343.4879867859939,900.0,1679.4329118982978,0.18685955280124744,4.736421467137502,15.0
slow-charger,9.0,2.5,250.0,197.3319097321264,343.4879867859939,1025.0,1554.4329118982978,0.15645118943430353,5.43182330884701,15.0
slow-charger,9.0,2.5,300.0,197.3319097321264,343.4879867859939,1150.0,1429.4329118982976,0.13181022658781094,6.135310514580006,15.0
slow-charger,9.0,2.5,350.0,197.3319097321264,343.4879867859939,1275.0,1304.4329118982976,0.11129263036928472,6.850393162989593,15.0
slow-charger,9.0,2.5,400.0,197.3319097321264,343.4879867859939,1400.0,1179.4329118982976,0.09383979755021293,7.577016134080795,15.0
slow-charger,9.0,7.5,100.0,460.7222391124589,305.0132494904619,1150.0,4872.351420119444,0.3782217551456688,2.5373604130452243,15.0
slow-charger,9.0,7.5,150.0,460.7222391124589,305.0132494904619,1525.0,4497.351420119445,0.27637316005723733,3.392715171686234,15.0
slow-charger,9.0,7.5,200.0,460.7222391124589,305.0132494904619,1900.0,4122.351420119445,0.21253963907236761,4.262766892398786,15.0
slow-charger,9.0,7.5,250.0,460.7222391124589,305.0132494904619,2275.0,3747.351420119445,0.16794312459845967,5.148175694934805,15.0
slow-charger,9.0,7.5,300.0,460.7222391124589,305.0132494904619,2650.0,3372.351420119445,0.13451982543160165,6.049622521525856,15.0
slow-charger,9.0,7.5,350.0,460.7222391124589,305.0132494904619,3025.0,2997.3514201194453,0.10822240007488515,6.968453517608032,15.0
slow-charger,9.0,7.5,400.0,460.7222391124589,305.0132494904619,3400.0,2622.3514201194453,0.08678619155405834,7.905392360908377,15.0
slow-charger,9.0,12.5,100.0,646.697107751113,280.64501906187746,1650.0,6803.330259799768,0.36934393983328384,2.5949878033266205,15.0
slow-charger,9.0,12.5,150.0,646.697107751113,280.64501906187746,2275.0,6178.330259799768,0.25751039560935846,3.6135577408134973,15.0
slow-charger,9.0,12.5,200.0,646.697107751113,280.64501906187746,2900.0,5553.330259799768,0.1910366315066266,4.653462482994413,15.0
slow-charger,9.0,12.5,250.0,646.697107751113,280.64501906187746,3525.0,4928.330259799768,0.14588931861732016,5.715565103972878,15.0
slow-charger,9.0,12.5,300.0,646.697107751113,280.64501906187746,4150.0,4303.330259799768,0.1126080070021657,6.800755019567292,15.0
slow-charger,9.0,12.5,350.0,646.697107751113,280.64501906187746,4775.0,3678.3302597997686,0.0866914063428066,7.90994870301855,15.0
slow-charger,9.0,12.5,400.0,646.697107751113,280.64501906187746,5400.0,3053.330259799769,0.0657082169418657,9.044990223407195,15.0
slow-charger,9.0,15.0,100.0,723.2657081347947,269.7247727816772,1900.0,7554.200155174337,0.35780614350180706,2.673650259423354,15.0
slow-charger,9.0,15.0,150.0,723.2657081347947,269.7247727816772,2650.0,6804.200155174337,0.24543824171736772,3.76874539455678,15.0
slow-charger,9.0,15.0,200.0,723.2657081347947,269.7247727816772,3400.0,6054.200155174337,0.17952419432696604,4.8882660494668215,15.0
slow-charger,9.0,15.0,250.0,723.2657081347947,269.7247727816772,4150.0,5304.200155174337,0.1350252481986512,6.033846507830697,15.0
slow-charger,9.0,15.0,300.0,723.2657081347947,269.7247727816772,4900.0,4554.200155174338,0.10231907416992779,7.2086145258081045,15.0
slow-charger,9.0,15.0,350.0,723.2657081347947,269.7247727816772,5650.0,3804.2001551743383,0.07688897934107208,8.411326491829643,15.0
slow-charger,9.0,15.0,400.0,723.2657081347947,269.7247727816772,6400.0,3054.200155174338,0.056315479712159736,9.643050185524775,15.0
slow-charger,9.0,25.0,100.0,944.4351892376563,229.12241080585278,2900.0,9445.226950782911,0.3010233412347338,3.1383546887561593,15.0
slow-charger,9.0,25.0,150.0,944.4351892376563,229.12241080585278,4150.0,8195.226950782911,0.1961228173555821,4.555709455767722,15.0
slow-charger,9.0,25.0,200.0,944.4351892376563,229.12241080585278,5400.0,6945.226950782911,0.13575803477764337,6.01108790188248,15.0
slow-charger,9.0,25.0,250.0,944.4351892376563,229.12241080585278,6650.0,5695.226950782912,0.09521209773356469,7.515503941988611,15.0
slow-charger,9.0,25.0,300.0,944.4351892376563,229.12241080585278,7900.0,4445.226950782911,0.06541953972497759,9.06258003087064,15.0
slow-charger,9.0,25.0,350.0,944.4351892376563,229.12241080585278,9150.0,3195.2269507829114,0.04222011574475341,10.66330757306449,15.0
slow-charger,9.0,25.0,400.0,944.4351892376563,229.12241080585278,10400.0,1945.2269507829114,0.023411103632733105,12.315666529609008,15.0
slow-charger,12.0,2.5,100.0,199.29795093113387,346.0379754818781,650.0,1955.132107642929,0.28110125298379895,3.341108386341992,15.0
slow-charger,12.0,2.5,150.0,199.29795093113387,346.0379754818781,775.0,1830.132107642929,0.2284885132359158,4.0076521678342605,15.0
slow-charger,12.0,2.5,200.0,199.29795093113387,346.0379754818781,900.0,1705.132107642929,0.18930052988529494,4.687642716952203,15.0
slow-charger,12.0,2.5,250.0,199.29795093113387,346.0379754818781,1025.0,1580.132107642929,0.15866890963572128,5.375135985785863,15.0
slow-charger,12.0,2.5,300.0,199.29795093113387,346.0379754818781,1150.0,1455.1321076429288,0.1338569242994322,6.070412135764357,15.0
slow-charger,12.0,2.5,350.0,199.29795093113387,346.0379754818781,1275.0,1330.132107642929,0.11320416784581758,6.778440612563546,15.0
slow-charger,12.0,2.5,400.0,199.29795093113387,346.0379754818781,1400.0,1205.132107642929,0.09564179186340191,7.496397029961977,15.0
slow-charger,12.0,5.0,100.0,350.54459822648175,324.30646711487884,900.0,3682.159443857773,0.3668448665453069,2.611655203734828,15.0
slow-charger,12.0,5.0,150.0,350.54459822648175,324.30646711487884,1150.0,3432.159443857773,0.27922052220303606,3.3614668140884327,15.0
slow-charger,12.0,5.0,200.0,350.54459822648175,324.30646711487884,1400.0,3182.159443857773,0.2211536883507278,4.121636559640254,15.0
slow-charger,12.0,5.0,250.0,350.54459822648175,324.30646711487884,1650.0,2932.159443857773,0.179215371061357,4.8948375947004745,15.0
slow-charger,12.0,5.0,300.0,350.54459822648175,324.30646711487884,1900.0,2682.159443857773,0.14710604829299423,5.6816720711843836,15.0
slow-charger,12.0,5.0,350.0,350.54459822648175,324.30646711487884,2150.0,2432.159443857773,0.1214734635730314,6.480257876739813,15.0
slow-charger,12.0,5.0,400.0,350.54459822648175,324.30646711487884,2400.0,2182.159443857773,0.10036328639927428,7.291163439426958,15.0
slow-charger,12.0,10.0,100.0,576.7819582363134,303.1184099274645,1400.0,6139.431245983027,0.3898045395234384,2.4657021953880145,15.0
slow-charger,12.0,10.0,150.0,576.7819582363134,303.1184099274645,1900.0,5639.431245983027,0.2779048214010685,3.3758415908885704,15.0
slow-charger,12.0,10.0,200.0,576.7819582363134,303.1184099274645,2400.0,5139.431245983028,0.2101758567811043,4.302943901242798,15.0
slow-charger,12.0,10.0,250.0,576.7819582363134,303.1184099274645,2900.0,4639.431245983028,0.16379435803016573,5.247738916646516,15.0
slow-charger,12.0,10.0,300.0,576.7819582363134,303.1184099274645,3400.0,4139.431245983027,0.12946620844056034,6.210979149713008,15.0
slow-charger,12.0,10.0,350.0,576.7819582363134,303.1184099274645,3900.0,3639.431245983027,0.10268225441522243,7.193440458966036,15.0
slow-charger,12.0,10.0,400.0,576.7819582363134,303.1184099274645,4400.0,3139.4312459830276,0.08097755651177573,8.195922688317806,15.0
slow-charger,12.0,12.5,100.0,667.7075820252734,292.2719131450045,1650.0,7077.969616966739,0.38234726168991984,2.5113927801875913,15.0
slow-charger,12.0,12.5,150.0,667.7075820252734,292.2719131450045,2275.0,6452.969616966739,0.26729130301931026,3.495945695271573,15.0
slow-charger,12.0,12.5,200.0,667.7075820252734,292.2719131450045,2900.0,5827.969616966739,0.19907888037684296,4.500479781908259,15.0
slow-charger,12.0,12.5,250.0,667.7075820252734,292.2719131450045,3525.0,5202.969616966739,0.15285543349528552,5.525817031724921,15.0
slow-charger,12.0,12.5,300.0,667.7075820252734,292.2719131450045,4150.0,4577.969616966738,0.1188447463669035,6.572804665006859,15.0
slow-charger,12.0,12.5,350.0,667.7075820252734,292.2719131450045,4775.0,3952.969616966738,0.09240113588636853,7.6423158180846755,15.0
slow-charger,12.0,12.5,400.0,667.7075820252734,292.2719131450045,5400.0,3327.969616966738,0.07101877450008026,8.73525024827062,15.0
slow-charger,12.0,20.0,100.0,891.6632779440711,266.6345258510831,2400.0,9255.416544552956,0.34842924364792893,2.7409402481237155,15.0
slow-charger,12.0,20.0,150.0,891.6632779440711,266.6345258510831,3400.0,8255.416544552954,0.23398464280867526,3.927226967068204,15.0
slow-charger,12.0,20.0,200.0,891.6632779440711,266.6345258510831,4400.0,7255.416544552955,0.16809778505355266,5.144523760646036,15.0
slow-charger,12.0,20.0,250.0,891.6632779440711,266.6345258510831,5400.0,6255.416544552955,0.12400328451676382,6.393091178400051,15.0
slow-charger,12.0,20.0,300.0,891.6632779440711,266.6345258510831,6400.0,5255.416544552955,0.09174083315141777,7.672568668282034,15.0
slow-charger,12.0,20.0,350.0,891.6632779440711,266.6345258510831,7400.0,4255.416544552955,0.06671883141759416,8.984114339267737,15.0
slow-charger,12.0,20.0,400.0,891.6632779440711,266.6345258510831,8400.0,3255.4165445529543,0.046504911485486036,10.335633363524906,15.0
slow-charger,12.0,25.0,100.0,1013.1248653086988,250.83237745101636,2900.0,10343.107133495369,0.3255905680657451,2.9188160963618164,15.0
slow-charger,12.0,25.0,150.0,1013.1248653086988,250.83237745101636,4150.0,9093.107133495369,0.21433294104843179,4.232711236897078,15.0
slow-charger,12.0,25.0,200.0,1013.1248653086988,250.83237745101636,5400.0,7843.1071334953685,0.1507529456061888,5.582002022403603,15.0
slow-charger,12.0,25.0,250.0,1013.1248653086988,250.83237745101636,6650.0,6593.1071334953685,0.10827826692229277,6.9662773084277205,15.0
slow-charger,12.0,25.0,300.0,1013.1248653086988,250.83237745101636,7900.0,5343.1071334953685,0.0771988648409194,8.394713833218653,15.0
slow-charger,12.0,25.0,350.0,1013.1248653086988,250.83237745101636,9150.0,4093.107133495368,0.05307692635221281,9.86219286013764,15.0
slow-charger,12.0,25.0,400.0,1013.1248653086988,250.83237745101636,10400.0,2843.1071334953685,0.03357171410970545,11.376951963734417,15.0
small-connection,0.0,2.5,100.0,92.43998428810278,274.6100970204259,650.0,558.3334021941735,0.09546204429547281,7.504380873312084,15.0
small-connection,0.0,2.5,150.0,92.43998428810278,274.6100970204259,775.0,433.33340219417346,0.06504612757741135,9.085404800310592,15.0
small-connection,0.0,2.5,200.0,92.43998428810278,274.6100970204259,900.0,308.33340219417346,0.04147541377784359,10.721706800657572,15.0
small-connection,0.0,2.5,250.0,92.43998428810278,274.6100970204259,1025.0,183.33340219417346,0.022429509403812012,12.413029997044438,15.0
small-connection,0.0,2.5,300.0,92.43998428810278,274.6100970204259,1150.0,58.33340219417346,0.006564064743044983,14.162678227818907,15.0
small-connection,0.0,2.5,350.0,92.43998428810278,274.6100970204259,1275.0,-66.66659780582668,-0.006960728503124812,Inf,15.0
small-connection,0.0,2.5,400.0,92.43998428810278,274.6100970204259,1400.0,-191.66659780582657,-0.018700467837181857,Inf,15.0
small-connection,0.0,7.5,100.0,197.3874132847095,208.2828785343688,1150.0,1430.158429076206,0.131868096916894,6.13346062675892,15.0
small-connection,0.0,7.5,150.0,197.3874132847095,208.2828785343688,1525.0,1055.1584290762062,0.07878552673357941,8.310397071739065,15.0
small-connection,0.0,7.5,200.0,197.3874132847095,208.2828785343688,1900.0,680.1584290762064,0.043205468979021985,10.586705062149449,15.0
small-connection,0.0,7.5,250.0,197.3874132847095,208.2828785343688,2275.0,305.1584290762063,0.016999031154026567,12.970278518327865,15.0
small-connection,0.0,7.5,300.0,197.3874132847095,208.2828785343688,2650.0,-69.8415709237942,-0.0034825872517132545,Inf,15.0
small-connection,0.0,7.5,350.0,197.3874132847095,208.2828785343688,3025.0,-444.84157092379485,-0.020152485147821773,Inf,15.0
small-connection,0.0,7.5,400.0,197.3874132847095,208.2828785343688,3400.0,-819.8415709237947,-0.034124744130446125,Inf,15.0
small-connection,0.0,12.5,100.0,249.2756072203872,166.43437999730241,1650.0,1608.4172842118824,0.10668543809870693,7.029323185223924,15.0
small-connection,0.0,12.5,150.0,249.2756072203872,166.43437999730241,2275.0,983.4172842118824,0.05143307128866349,9.976113718721713,15.0
small-connection,0.0,12.5,200.0,249.2756072203872,166.43437999730241,2900.0,358.4172842118825,0.01570284675015723,13.110307534396172,15.0
small-connection,0.0,12.5,250.0,249.2756072203872,166.43437999730241,3525.0,-266.582715788117,-0.010136964890014099,Inf,15.0
small-connection,0.0,12.5,300.0,249.2756072203872,166.43437999730241,4150.0,-891.582715788117,-0.030120515852011684,Inf,15.0
small-connection,0.0,12.5,350.0,249.2756072203872,166.43437999730241,4775.0,-1516.582715788117,-0.046278986161238204,Inf,15.0
small-connection,0.0,12.5,400.0,249.2756072203872,166.43437999730241,5400.0,-2141.582715788117,-0.059764707226421805,Inf,15.0
small-connection,0.0,20.0,100.0,306.8954204301724,135.08124960704623,2400.0,1611.5972578538003,0.07670384071789152,8.42127439251477,15.0
small-connection,0.0,20.0,150.0,306.8954204301724,135.08124960704623,3400.0,611.5972578538001,0.02255207239466353,12.400818156827503,15.0
small-connection,0.0,20.0,200.0,306.8954204301724,135.08124960704623,4400.0,-388.4027421462001,-0.011877112237900804,Inf,15.0
small-connection,0.0,20.0,250.0,306.8954204301724,135.08124960704623,5400.0,-1388.4027421461994,-0.03660008622622746,Inf,15.0
small-connection,0.0,20.0,300.0,306.8954204301724,135.08124960704623,6400.0,-2388.4027421461988,-0.05565703999508066,Inf,15.0
small-connection,0.0,20.0,350.0,306.8954204301724,135.08124960704623,7400.0,-3388.4027421461997,-0.0710422090958455,Inf,15.0
small-connection,0.0,20.0,400.0,306.8954204301724,135.08124960704623,8400.0,-4388.4027421462,-0.08387372983547896,Inf,15.0
small-connection,0.0,25.0,100.0,321.9660070321596,114.49059090773648,2900.0,1308.5931068046837,0.053501804495643845,9.833045902216375,15.0
small-connection,0.0,25.0,150.0,321.9660070321596,114.49059090773648,4150.0,58.59310680468374,0.0018449088496924467,14.758525405687816,15.0
small-connection,0.0,25.0,200.0,321.9660070321596,114.49059090773648,5400.0,-1191.4068931953177,-0.03099560077833223,Inf,15.0
small-connection,0.0,25.0,250.0,321.9660070321596,114.49059090773648,6650.0,-2441.4068931953175,-0.054609612641571416,Inf,15.0
small-connection,0.0,25.0,300.0,321.9660070321596,114.49059090773648,7900.0,-3691.406893195318,-0.07283990372164573,Inf,15.0
small-connection,0.0,25.0,350.0,321.9660070321596,114.49059090773648,9150.0,-4941.406893195317,-0.08757926215114598,Inf,15.0
small-connection,0.0,25.0,400.0,321.9660070321596,114.49059090773648,10400.0,-6191.406893195317,-0.099888463869133,Inf,15.0
small-connection,3.0,2.5,100.0,172.4036451570919,319.7699280462404,650.0,1603.5819830310945,0.23719250792364607,3.881671229734329,15.0
small-connection,3.0,2.5,150.0,172.4036451570919,319.7699280462404,775.0,1478.5819830310945,0.19043178481657824,4.665322817173447,15.0
small-connection,3.0,2.5,200.0,172.4036451570919,319.7699280462404,900.0,1353.5819830310945,0.1553396389473255,5.46060130354605,15.0
small-connection,3.0,2.5,250.0,172.4036451570919,319.7699280462404,1025.0,1228.5819830310948,0.1277269616884109,6.268071363782601,15.0
small-connection,3.0,2.5,300.0,172.4036451570919,319.7699280462404,1150.0,1103.5819830310948,0.10523040238762627,7.088315878246408,15.0
small-connection,3.0,2.5,350.0,172.4036451570919,319.7699280462404,1275.0,978.5819830310945,0.08641002757070501,7.923497711816691,15.0
small-connection,3.0,2.5,400.0,172.4036451570919,319.7699280462404,1400.0,853.5819830310945,0.07033481721912714,8.77416280141528,15.0
small-connection,3.0,5.0,100.0,292.3778065958983,284.53984679815596,900.0,2921.8296172467108,0.30018680585739266,3.1464196623334777,15.0
small-connection,3.0,5.0,150.0,292.3778065958983,284.53984679815596,1150.0,2671.8296172467108,0.22533259229638586,4.056024347703243,15.0
small-connection,3.0,5.0,200.0,292.3778065958983,284.53984679815596,1400.0,2421.8296172467108,0.1751361034335695,4.983049039964161,15.0
small-connection,3.0,5.0,250.0,292.3778065958983,284.53984679815596,1650.0,2171.8296172467108,0.1384974096082896,5.928646665535796,15.0
small-connection,3.0,5.0,300.0,292.3778065958983,284.53984679815596,1900.0,1921.829617246711,0.1101899046265407,6.892439009252393,15.0
small-connection,3.0,5.0,350.0,292.3778065958983,284.53984679815596,2150.0,1671.8296172467108,0.08741652578490283,7.87519137088598,15.0
small-connection,3.0,5.0,400.0,292.3778065958983,284.53984679815596,2400.0,1421.8296172467108,0.06853627433041418,8.8776927089589,15.0
small-connection,3.0,10.0,100.0,421.09102094217246,228.8375044024101,1400.0,4104.3101736437575,0.2749697740586816,3.4083086890187455,15.0
small-connection,3.0,10.0,150.0,421.09102094217246,228.8375044024101,1900.0,3604.310173643758,0.18950663346096458,4.68356285358392,15.0
small-connection,3.0,10.0,200.0,421.09102094217246,228.8375044024101,2400.0,3104.310173643758,0.1364241392510314,5.9907064806390435,15.0
small-connection,3.0,10.0,250.0,421.09102094217246,228.8375044024101,2900.0,2604.3101736437575,0.09927579210818971,7.337680142275545,15.0
small-connection,3.0,10.0,300.0,421.09102094217246,228.8375044024101,3400.0,2104.3101736437575,0.07129082219241692,8.719842005290976,15.0
small-connection,3.0,10.0,350.0,421.09102094217246,228.8375044024101,3900.0,1604.3101736437575,0.04913790225772567,10.141108496560497,15.0
small-connection,3.0,10.0,400.0,421.09102094217246,228.8375044024101,4400.0,1104.3101736437575,0.030969763186881157,11.606464137925553,15.0
small-connection,3.0,12.5,100.0,453.7420477398001,204.5465845574264,1650.0,4281.1095354063955,0.2476440204505092,3.7395168755035875,15.0
small-connection,3.0,12.5,150.0,453.7420477398001,204.5465845574264,2275.0,3656.1095354063955,0.16443286214135916,5.232212619266949,15.0
small-connection,3.0,12.5,200.0,453.7420477398001,204.5465845574264,2900.0,3031.109535406395,0.11339057149008107,6.771486714277605,15.0
small-connection,3.0,12.5,250.0,453.7420477398001,204.5465845574264,3525.0,2406.1095354063955,0.07783586603740385,8.360714222727303,15.0
small-connection,3.0,12.5,300.0,453.7420477398001,204.5465845574264,4150.0,1781.1095354063955,0.051095056337308556,9.999767491369456,15.0
small-connection,3.0,12.5,350.0,453.7420477398001,204.5465845574264,4775.0,1156.1095354063955,0.02993379283999667,11.699570396217593,15.0
small-connection,3.0,12.5,400.0,453.7420477398001,204.5465845574264,5400.0,531.1095354063957,0.012574005296872543,13.457924876423855,15.0
small-connection,3.0,20.0,100.0,510.68276507189466,156.67798149225126,2400.0,4275.412676813589,0.17959100738785527,4.886846259005799,15.0
small-connection,3.0,20.0,150.0,510.68276507189466,156.67798149225126,3400.0,3275.412676813589,0.1055877941526864,7.073756876615284,15.0
small-connection,3.0,20.0,200.0,510.68276507189466,156.67798149225126,4400.0,2275.4126768135893,0.06059600898722517,9.363784467166697,15.0
small-connection,3.0,20.0,250.0,510.68276507189466,156.67798149225126,5400.0,1275.4126768135907,0.02923859686234942,11.762611241826155,15.0
small-connection,3.0,20.0,300.0,510.68276507189466,156.67798149225126,6400.0,275.4126768135903,0.0055799694793915375,14.284404393662674,15.0
small-connection,3.0,20.0,350.0,510.68276507189466,156.67798149225126,7400.0,-724.5873231864108,-0.013213296637696943,Inf,15.0
small-connection,3.0,20.0,400.0,510.68276507189466,156.67798149225126,8400.0,-1724.5873231864111,-0.028688810042443218,Inf,15.0
small-connection,6.0,5.0,100.0,328.6003877139874,307.6387765158991,900.0,3395.3147115567954,0.34183567158036576,2.7901801735025,15.0
small-connection,6.0,5.0,150.0,328.6003877139874,307.6387765158991,1150.0,3145.3147115567954,0.2590779680901414,3.594237466279842,15.0
small-connection,6.0,5.0,200.0,328.6003877139874,307.6387765158991,1400.0,2895.3147115567954,0.20401253566727964,4.410792649319023,15.0
small-connection,6.0,5.0,250.0,328.6003877139874,307.6387765158991,1650.0,2645.3147115567954,0.16409424026817526,5.240437449380929,15.0
small-connection,6.0,5.0,300.0,328.6003877139874,307.6387765158991,1900.0,2395.3147115567954,0.13343246874520664,6.083782540053724,15.0
small-connection,6.0,5.0,350.0,328.6003877139874,307.6387765158991,2150.0,2145.314711556796,0.10888709928622797,6.942628907269766,15.0
small-connection,6.0,5.0,400.0,328.6003877139874,307.6387765158991,2400.0,1895.3147115567958,0.08862367614012773,7.81783191274062,15.0
small-connection,6.0,7.5,100.0,434.43529368368985,289.81599984887754,1150.0,4528.740433511726,0.35483681035331294,2.6946215952245782,15.0
small-connection,6.0,7.5,150.0,434.43529368368985,289.81599984887754,1525.0,4153.740433511725,0.25816128897536605,3.605513133375244,15.0
small-connection,6.0,7.5,200.0,434.43529368368985,289.81599984887754,1900.0,3778.7404335117258,0.197314731171516,4.53330294272272,15.0
small-connection,6.0,7.5,250.0,434.43529368368985,289.81599984887754,2275.0,3403.7404335117258,0.154644741099637,5.478717861683972,15.0
small-connection,6.0,7.5,300.0,434.43529368368985,289.81599984887754,2650.0,3028.7404335117258,0.12256255225436452,6.442507357536304,15.0
small-connection,6.0,7.5,350.0,434.43529368368985,289.81599984887754,3025.0,2653.7404335117258,0.09725192853262904,7.425444147321098,15.0
small-connection,6.0,7.5,400.0,434.43529368368985,289.81599984887754,3400.0,2278.7404335117258,0.07657281844267,8.428324834665814,15.0
small-connection,6.0,10.0,100.0,519.1041889680378,272.3107091355778,1400.0,5385.493697122194,0.34767156386770237,2.746515796584736,15.0
small-connection,6.0,10.0,150.0,519.1041889680378,272.3107091355778,1900.0,4885.493697122196,0.2457399702658471,3.7647234001260124,15.0
small-connection,6.0,10.0,200.0,519.1041889680378,272.3107091355778,2400.0,4385.493697122196,0.18353776045638814,4.80418790885282,15.0
small-connection,6.0,10.0,250.0,519.1041889680378,272.3107091355778,2900.0,3885.4936971221955,0.14063376345145112,5.865769368206492,15.0
small-connection,6.0,10.0,300.0,519.1041889680378,272.3107091355778,3400.0,3385.4936971221955,0.10868786234012187,6.950354074168998,15.0
small-connection,6.0,10.0,350.0,519.1041889680378,272.3107091355778,3900.0,2885.4936971221955,0.08363779157197648,8.060056414806695,15.0
small-connection,6.0,10.0,400.0,519.1041889680378,272.3107091355778,4400.0,2385.4936971221955,0.06325320761413018,9.196136694098229,15.0
small-connection,6.0,15.0,100.0,648.3430899998687,241.85864025893562,1900.0,6574.845790615866,0.3171900950817098,2.989740897850955,15.0
small-connection,6.0,15.0,150.0,648.3430899998687,241.85864025893562,2650.0,5824.845790615866,0.21491297767229295,4.223067206919193,15.0
small-connection,6.0,15.0,200.0,648.3430899998687,241.85864025893562,3400.0,5074.845790615865,0.15432967539138068,5.486963970368885,15.0
small-connection,6.0,15.0,250.0,648.3430899998687,241.85864025893562,4150.0,4324.845790615865,0.11309913523763263,6.782363780720347,15.0
small-connection,6.0,15.0,300.0,648.3430899998687,241.85864025893562,4900.0,3574.8457906158646,0.0825994081216117,8.112696495341009,15.0
small-connection,6.0,15.0,350.0,648.3430899998687,241.85864025893562,5650.0,2824.8457906158646,0.05876153707051453,9.482052171640499,15.0
small-connection,6.0,15.0,400.0,648.3430899998687,241.85864025893562,6400.0,2074.845790615864,0.03939415412116881,10.887261308907089,15.0
small-connection,6.0,20.0,100.0,731.8021935045988,214.49100820074818,2400.0,7165.78520669845,0.2793215805563931,3.3603672318957805,15.0
small-connection,6.0,20.0,150.0,731.8021935045988,214.49100820074818,3400.0,6165.785206698451,0.18235003513054712,4.828814643030908,15.0
small-connection,6.0,20.0,200.0,731.8021935045988,214.49100820074818,4400.0,5165.785206698451,0.12545372084653755,6.343935635284618,15.0
small-connection,6.0,20.0,250.0,731.8021935045988,214.49100820074818,5400.0,4165.785206698451,0.08680235947038163,7.9046155568935825,15.0
small-connection,6.0,20.0,300.0,731.8021935045988,214.49100820074818,6400.0,3165.7852066984506,0.058191262850619915,9.519246717170146,15.0
small-connection,6.0,20.0,350.0,731.8021935045988,214.49100820074818,7400.0,2165.7852066984506,0.03579578373584092,11.185567482562316,15.0
small-connection,6.0,20.0,400.0,731.8021935045988,214.49100820074818,8400.0,1165.7852066984497,0.01756850316363165,12.910325739419322,15.0
small-connection,6.0,30.0,100.0,800.5294176538721,164.28958473868872,3400.0,7064.156200800198,0.20482195401116762,4.396368114807364,15.0
small-connection,6.0,30.0,150.0,800.5294176538721,164.28958473868872,4900.0,5564.156200800199,0.12187498906710284,6.466300076439216,15.0
small-connection,6.0,30.0,200.0,800.5294176538721,164.28958473868872,6400.0,4064.1562008001993,0.07295689187762258,8.626332409411315,15.0
small-connection,6.0,30.0,250.0,800.5294176538721,164.28958473868872,7900.0,2564.1562008001993,0.03943751676477571,10.88377640394486,15.0
small-connection,6.0,30.0,300.0,800.5294176538721,164.28958473868872,9400.0,1064.1562008001997,0.01442003480400723,13.25142152729589,15.0
small-connection,6.0,30.0,350.0,800.5294176538721,164.28958473868872,10900.0,-435.84379919979995,-0.0053042138963726015,Inf,15.0
small-connection,6.0,30.0,400.0,800.5294176538721,164.28958473868872,12400.0,-1935.8437991997998,-0.021457264953474376,Inf,15.0
small-connection,9.0,2.5,100.0,186.6462969788978,341.82335897865744,650.0,1789.7554453552839,0.2605718249709388,3.575996057793962,15.0
small-connection,9.0,2.5,150.0,186.6462969788978,341.82335897865744,775.0,1664.7554453552839,0.21073242349988047,4.293426022426532,15.0
small-connection,9.0,2.5,200.0,186.6462969788978,341.82335897865744,900.0,1539.755445355284,0.1734851123849147,5.0199072742212,15.0
small-connection,9.0,2.5,250.0,186.6462969788978,341.82335897865744,1025.0,1414.755445355284,0.14428311144125922,5.760808403109205,15.0
small-connection,9.0,2.5,300.0,186.6462969788978,341.82335897865744,1150.0,1289.755445355284,0.12056678634448409,6.511948502037968,15.0
small-connection,9.0,2.5,350.0,186.6462969788978,341.82335897865744,1275.0,1164.755445355284,0.10078041016673517,7.2734388389058875,15.0
small-connection,9.0,2.5,400.0,186.6462969788978,341.82335897865744,1400.0,1039.7554453552839,0.08392060821594208,8.04580552084295,15.0
small-connection,9.0,7.5,100.0,447.98303492692435,304.27274311483905,1150.0,4705.830341029059,0.3669026285448217,2.611267697206419,15.0
small-connection,9.0,7.5,150.0,447.98303492692435,304.27274311483905,1525.0,4330.830341029058,0.26756758006146797,3.4927228099700156,15.0
small-connection,9.0,7.5,200.0,447.98303492692435,304.27274311483905,1900.0,3955.8303410290587,0.20518584169712079,4.389909423505634,15.0
small-connection,9.0,7.5,250.0,447.98303492692435,304.27274311483905,2275.0,3580.8303410290587,0.16152558524323685,5.30351901301648,15.0
small-connection,9.0,7.5,300.0,447.98303492692435,304.27274311483905,2650.0,3205.830341029058,0.1287538387167183,6.234264725121478,15.0
small-connection,9.0,7.5,350.0,447.98303492692435,304.27274311483905,3025.0,2830.8303410290587,0.10293564512499409,7.18288197440818,15.0
small-connection,9.0,7.5,400.0,447.98303492692435,304.27274311483905,3400.0,2455.830341029058,0.08186696463539644,8.150129055308783,15.0
small-connection,9.0,12.5,100.0,631.2717257776806,280.06890632340094,1650.0,6601.696687232175,0.3597763018105342,2.6599036107612792,15.0
small-connection,9.0,12.5,150.0,631.2717257776806,280.06890632340094,2275.0,5976.6966872321755,0.2502970580645295,3.704889504520268,15.0
small-connection,9.0,12.5,200.0,631.2717257776806,280.06890632340094,2900.0,5351.6966872321755,0.18509286166054145,4.7722613682824315,15.0
small-connection,9.0,12.5,250.0,631.2717257776806,280.06890632340094,3525.0,4726.696687232175,0.1407316445714354,5.86291417879352,15.0
small-connection,9.0,12.5,300.0,631.2717257776806,280.06890632340094,4150.0,4101.696687232176,0.10798353126147384,6.977770118859713,15.0
small-connection,9.0,12.5,350.0,631.2717257776806,280.06890632340094,4775.0,3476.6966872321755,0.08245252659199759,8.120182974538157,15.0
small-connection,9.0,12.5,400.0,631.2717257776806,280.06890632340094,5400.0,2851.696687232176,0.061761651875810286,9.289714892002035,15.0
small-connection,9.0,15.0,100.0,706.0250818947532,269.0941390402334,1900.0,7328.838535729875,0.3484968049654753,2.7404441102032844,15.0
small-connection,9.0,15.0,150.0,706.0250818947532,269.0941390402334,2650.0,6578.838535729875,0.23846864371468424,3.863806460382137,15.0
small-connection,9.0,15.0,200.0,706.0250818947532,269.0941390402334,3400.0,5828.838535729875,0.17379100612183485,5.012979872486915,15.0
small-connection,9.0,15.0,250.0,706.0250818947532,269.0941390402334,4150.0,5078.838535729875,0.13004938779635597,6.192017440321136,15.0
small-connection,9.0,15.0,300.0,706.0250818947532,269.0941390402334,4900.0,4328.838535729875,0.09785376339105364,7.399181914350802,15.0
small-connection,9.0,15.0,350.0,706.0250818947532,269.0941390402334,5650.0,3578.8385357298744,0.07279155865174963,8.63554676364685,15.0
small-connection,9.0,15.0,400.0,706.0250818947532,269.0941390402334,6400.0,2828.8385357298744,0.05249635040224171,9.902217557681201,15.0
small-connection,9.0,25.0,100.0,911.4031785422668,228.04381725760365,2900.0,9013.447540906795,0.289133751259551,3.25659677455849,15.0
small-connection,9.0,25.0,150.0,911.4031785422668,228.04381725760365,4150.0,7763.447540906797,0.18725948017555646,4.728371192600822,15.0
small-connection,9.0,25.0,200.0,911.4031785422668,228.04381725760365,5400.0,6513.447540906796,0.12842620945604033,6.245019892794585,15.0
small-connection,9.0,25.0,250.0,911.4031785422668,228.04381725760365,6650.0,5263.447540906797,0.08880084223733313,7.809466099880807,15.0
small-connection,9.0,25.0,300.0,911.4031785422668,228.04381725760365,7900.0,4013.4475409067973,0.0596238630700554,9.426197484649038,15.0
small-connection,9.0,25.0,350.0,911.4031785422668,228.04381725760365,9150.0,2763.4475409067973,0.036866679843408516,11.094953438801557,15.0
small-connection,9.0,25.0,400.0,911.4031785422668,228.04381725760365,10400.0,1513.447540906797,0.01839206500660135,12.824262297810641,15.0
small-connection,9.0,30.0,100.0,972.4737244405051,208.90064578713034,3400.0,9311.73392171237,0.2593773418998444,3.5905685792399993,15.0
small-connection,9.0,30.0,150.0,972.4737244405051,208.90064578713034,4900.0,7811.733921712371,0.16330509850224184,5.259686900133695,15.0
small-connection,9.0,30.0,200.0,972.4737244405051,208.90064578713034,6400.0,6311.733921712371,0.10777774934605866,6.985811628803475,15.0
small-connection,9.0,30.0,250.0,972.4737244405051,208.90064578713034,7900.0,4811.733921712372,0.07027027878243579,8.777847551106595,15.0
small-connection,9.0,30.0,300.0,972.4737244405051,208.90064578713034,9400.0,3311.733921712371,0.04256942885855632,10.636064830514176,15.0
small-connection,9.0,30.0,350.0,972.4737244405051,208.90064578713034,10900.0,1811.7339217123701,0.020904775107667257,12.566274724124295,15.0
small-connection,9.0,30.0,400.0,972.4737244405051,208.90064578713034,12400.0,311.73392171237106,0.003275298847448143,14.574655200135886,15.0
small-connection,12.0,2.5,100.0,186.916438815402,344.35852523035294,650.0,1793.2866164917996,0.2610123348362503,3.5706484431807928,15.0
small-connection,12.0,2.5,150.0,186.916438815402,344.35852523035294,775.0,1668.2866164917996,0.21111408695551281,4.286919897897166,15.0
small-connection,12.0,2.5,200.0,186.916438815402,344.35852523035294,900.0,1543.2866164917996,0.17382559329764252,5.012197580901345,15.0
small-connection,12.0,2.5,250.0,186.916438815402,344.35852523035294,1025.0,1418.2866164917996,0.14459324178837046,5.752027919050481,15.0
small-connection,12.0,2.5,300.0,186.916438815402,344.35852523035294,1150.0,1293.2866164917998,0.12085364224176817,6.501896180815936,15.0
small-connection,12.0,2.5,350.0,186.916438815402,344.35852523035294,1275.0,1168.2866164917998,0.10104884982000606,7.262066425810863,15.0
small-connection,12.0,2.5,400.0,186.916438815402,344.35852523035294,1400.0,1043.2866164917996,0.08417410331149308,8.033063321296705,15.0
small-connection,12.0,5.0,100.0,335.68460541368177,323.1896716865901,900.0,3487.9163810711166,0.3499249060431885,2.7299959363140807,15.0
small-connection,12.0,5.0,150.0,335.68460541368177,323.1896716865901,1150.0,3237.9163810711157,0.26560218118203904,3.515765955206506,15.0
small-connection,12.0,5.0,200.0,335.68460541368177,323.1896716865901,1400.0,2987.916381071116,0.20957192573728656,4.313312511339724,15.0
small-connection,12.0,5.0,250.0,335.68460541368177,323.1896716865901,1650.0,2737.916381071116,0.16900420765751267,5.123205505018069,15.0
small-connection,12.0,5.0,300.0,335.68460541368177,323.1896716865901,1900.0,2487.916381071116,0.13787688907253365,5.947112529077235,15.0
small-connection,12.0,5.0,350.0,335.68460541368177,323.1896716865901,2150.0,2237.916381071116,0.11298169258931008,6.7867546460575525,15.0
small-connection,12.0,5.0,400.0,335.68460541368177,323.1896716865901,2400.0,1987.9163810711161,0.09244567233914605,7.640281733856277,15.0
small-connection,12.0,10.0,100.0,556.9684277038436,302.5815768674145,1400.0,5880.437792639714,0.3753696758908699,2.555609609774053,15.0
small-connection,12.0,10.0,150.0,556.9684277038436,302.5815768674145,1900.0,5380.437792639715,0.2669145751209817,3.500348943172443,15.0
small-connection,12.0,10.0,200.0,556.9684277038436,302.5815768674145,2400.0,4880.437792639715,0.20109680074420105,4.4634259879674465,15.0
small-connection,12.0,10.0,250.0,556.9684277038436,302.5815768674145,2900.0,4380.437792639715,0.15591740426481915,5.4456122378631315,15.0
small-connection,12.0,10.0,300.0,556.9684277038436,302.5815768674145,3400.0,3880.437792639715,0.12241207053328132,6.447703038571732,15.0
small-connection,12.0,10.0,350.0,556.9684277038436,302.5815768674145,3900.0,3380.4377926397146,0.09622640291643615,7.470518240043173,15.0
small-connection,12.0,10.0,400.0,556.9684277038436,302.5815768674145,4400.0,2880.4377926397146,0.07497676085157759,8.514902865382016,15.0
small-connection,12.0,12.5,100.0,646.0886561441695,291.8464892897787,1650.0,6795.376857319763,0.3689668955572415,2.597489673679357,15.0
small-connection,12.0,12.5,150.0,646.0886561441695,291.8464892897787,2275.0,6170.376857319763,0.2572264043734617,3.6170776882794686,15.0
small-connection,12.0,12.5,200.0,646.0886561441695,291.8464892897787,2900.0,5545.376857319763,0.19080282998669074,4.658041019729698,15.0
small-connection,12.0,12.5,250.0,646.0886561441695,291.8464892897787,3525.0,4920.376857319763,0.1456865884124635,5.721243971668824,15.0
small-connection,12.0,12.5,300.0,646.0886561441695,291.8464892897787,4150.0,4295.376857319763,0.11242634533032736,6.807577222762597,15.0
small-connection,12.0,12.5,350.0,646.0886561441695,291.8464892897787,4775.0,3670.3768573197635,0.08652497542107927,7.917958543258918,15.0
small-connection,12.0,12.5,400.0,646.0886561441695,291.8464892897787,5400.0,3045.376857319763,0.06555332807935538,9.054421969188947,15.0
small-connection,12.0,20.0,100.0,863.7950387206815,265.5456014764079,2400.0,8891.135605159792,0.33648593727734344,2.8313586931121093,15.0
small-connection,12.0,20.0,150.0,863.7950387206815,265.5456014764079,3400.0,7891.135605159792,0.2251330678178874,4.05911622739872,15.0
small-connection,12.0,20.0,200.0,863.7950387206815,265.5456014764079,4400.0,6891.13560515979,0.16083664116258542,5.320648450555627,15.0
small-connection,12.0,20.0,250.0,863.7950387206815,265.5456014764079,5400.0,5891.13560515979,0.11770261120079789,6.613655493221897,15.0
small-connection,12.0,20.0,300.0,863.7950387206815,265.5456014764079,6400.0,4891.135605159792,0.08608248712180673,7.939313115534453,15.0
small-connection,12.0,20.0,350.0,863.7950387206815,265.5456014764079,7400.0,3891.1356051597913,0.06152113213159731,9.304930570197827,15.0
small-connection,12.0,20.0,400.0,863.7950387206815,265.5456014764079,8400.0,2891.1356051597913,0.04165465606287676,10.70761069335644,15.0
small-connection,12.0,25.0,100.0,972.621251281893,249.27108950917471,2900.0,9813.662325438767,0.3111281056889788,3.043809755493514,15.0
small-connection,12.0,25.0,150.0,972.621251281893,249.27108950917471,4150.0,8563.662325438767,0.2036292489373454,4.417651231615723,15.0
small-connection,12.0,25.0,200.0,972.621251281893,249.27108950917471,5400.0,7313.662325438768,0.1419500943469602,5.827557953429096,15.0
small-connection,12.0,25.0,250.0,972.621251281893,249.27108950917471,6650.0,6063.662325438767,0.10061510317240044,7.280455376910669,15.0
small-connection,12.0,25.0,300.0,972.621251281893,249.27108950917471,7900.0,4813.662325438766,0.0702956416437751,8.776399219862595,15.0
small-connection,12.0,25.0,350.0,972.621251281893,249.27108950917471,9150.0,3563.662325438766,0.0467181788495676,10.319687262556437,15.0
small-connection,12.0,25.0,400.0,972.621251281893,249.27108950917471,10400.0,2313.662325438766,0.02762365479210069,11.910819550161719,15.0
