scenario,pv_kwp,battery_kwh,capex_per_kwh,discount_rate,annual_savings,cycles_per_year,capex,npv,irr,payback_years,lifetime_years
base,0.0,2.5,100.0,0.0,93.2490135632072,276.87753156588894,650.0,568.9086646630078,0.09705409668239547,7.4341074752119,15.0
base,0.0,2.5,100.0,0.01,93.2490135632072,276.87753156588894,650.0,480.90504885663785,0.09705409668239547,7.4341074752119,15.0
base,0.0,2.5,100.0,0.02,93.2490135632072,276.87753156588894,650.0,401.9241193987515,0.09705409668239547,7.4341074752119,15.0
base,0.0,2.5,100.0,0.03,93.2490135632072,276.87753156588894,650.0,330.86883817381397,0.09705409668239547,7.4341074752119,15.0
base,0.0,2.5,100.0,0.04,93.2490135632072,276.87753156588894,650.0,266.7913448211605,0.09705409668239547,7.4341074752119,15.0
base,0.0,2.5,150.0,0.0,93.2490135632072,276.87753156588894,775.0,443.9086646630078,0.06648062309825939,8.998199241937595,15.0
base,0.0,2.5,150.0,0.01,93.2490135632072,276.87753156588894,775.0,355.9050488566379,0.06648062309825939,8.998199241937595,15.0
base,0.0,2.5,150.0,0.02,93.2490135632072,276.87753156588894,775.0,276.92411939875154,0.06648062309825939,8.998199241937595,15.0
base,0.0,2.5,150.0,0.03,93.2490135632072,276.87753156588894,775.0,205.868838173814,0.06648062309825939,8.998199241937595,15.0
base,0.0,2.5,150.0,0.04,93.2490135632072,276.87753156588894,775.0,141.79134482116052,0.06648062309825939,8.998199241937595,15.0
base,0.0,2.5,200.0,0.0,93.2490135632072,276.87753156588894,900.0,318.90866466300787,0.04279754700276493,10.618325526551207,15.0
base,0.0,2.5,200.0,0.01,93.2490135632072,276.87753156588894,900.0,230.905048856638,0.04279754700276493,10.618325526551207,15.0
base,0.0,2.5,200.0,0.02,93.2490135632072,276.87753156588894,900.0,151.9241193987515,0.04279754700276493,10.618325526551207,15.0
base,0.0,2.5,200.0,0.03,93.2490135632072,276.87753156588894,900.0,80.86883817381403,0.04279754700276493,10.618325526551207,15.0
base,0.0,2.5,200.0,0.04,93.2490135632072,276.87753156588894,900.0,16.791344821160422,0.04279754700276493,10.618325526551207,15.0
base,0.0,2.5,250.0,0.0,93.2490135632072,276.87753156588894,1025.0,193.90866466300793,0.02366713557009683,12.290435469348774,15.0
base,0.0,2.5,250.0,0.01,93.2490135632072,276.87753156588894,1025.0,105.90504885663799,0.02366713557009683,12.290435469348774,15.0
base,0.0,2.5,250.0,0.02,93.2490135632072,276.87753156588894,1025.0,26.92411939875158,0.02366713557009683,12.290435469348774,15.0
base,0.0,2.5,250.0,0.03,93.2490135632072,276.87753156588894,1025.0,-44.13116182618597,0.02366713557009683,12.290435469348774,15.0
base,0.0,2.5,250.0,0.04,93.2490135632072,276.87753156588894,1025.0,-108.20865517883944,0.02366713557009683,12.290435469348774,15.0
base,0.0,2.5,300.0,0.0,93.2490135632072,276.87753156588894,1150.0,68.90866466300793,0.007735574931421015,14.019461776492717,15.0
base,0.0,2.5,300.0,0.01,93.2490135632072,276.87753156588894,1150.0,-19.09495114336213,0.007735574931421015,14.019461776492717,15.0
base,0.0,2.5,300.0,0.02,93.2490135632072,276.87753156588894,1150.0,-98.07588060124843,0.007735574931421015,14.019461776492717,15.0
base,0.0,2.5,300.0,0.03,93.2490135632072,276.87753156588894,1150.0,-169.1311618261859,0.007735574931421015,14.019461776492717,15.0
base,0.0,2.5,300.0,0.04,93.2490135632072,276.87753156588894,1150.0,-233.20865517883936,0.007735574931421015,14.019461776492717,15.0
base,0.0,2.5,350.0,0.0,93.2490135632072,276.87753156588894,1275.0,-56.09133533699213,-0.005842539771510985,Inf,15.0
base,0.0,2.5,350.0,0.01,93.2490135632072,276.87753156588894,1275.0,-144.09495114336232,-0.005842539771510985,Inf,15.0
base,0.0,2.5,350.0,0.02,93.2490135632072,276.87753156588894,1275.0,-223.07588060124854,-0.005842539771510985,Inf,15.0
base,0.0,2.5,350.0,0.03,93.2490135632072,276.87753156588894,1275.0,-294.13116182618603,-0.005842539771510985,Inf,15.0
base,0.0,2.5,350.0,0.04,93.2490135632072,276.87753156588894,1275.0,-358.20865517883936,-0.005842539771510985,Inf,15.0
base,0.0,2.5,400.0,0.0,93.2490135632072,276.87753156588894,1400.0,-181.09133533699222,-0.017626326805879042,Inf,15.0
base,0.0,2.5,400.0,0.01,93.2490135632072,276.87753156588894,1400.0,-269.0949511433623,-0.017626326805879042,Inf,15.0
base,0.0,2.5,400.0,0.02,93.2490135632072,276.87753156588894,1400.0,-348.0758806012485,-0.017626326805879042,Inf,15.0
base,0.0,2.5,400.0,0.03,93.2490135632072,276.87753156588894,1400.0,-419.13116182618614,-0.017626326805879042,Inf,15.0
base,0.0,2.5,400.0,0.04,93.2490135632072,276.87753156588894,1400.0,-483.2086551788394,-0.017626326805879042,Inf,15.0
base,0.0,5.0,100.0,0.0,155.2167416940349,237.79786074648064,900.0,1128.9226032764045,0.13285268391537547,6.102120467373126,15.0
base,0.0,5.0,100.0,0.01,155.2167416940349,237.79786074648064,900.0,982.4370375765649,0.13285268391537547,6.102120467373126,15.0
base,0.0,5.0,100.0,0.02,155.2167416940349,237.79786074648064,900.0,850.9700969841062,0.13285268391537547,6.102120467373126,15.0
base,0.0,5.0,100.0,0.03,155.2167416940349,237.79786074648064,900.0,732.6957173370512,0.13285268391537547,6.102120467373126,15.0
base,0.0,5.0,100.0,0.04,155.2167416940349,237.79786074648064,900.0,626.0361468593605,0.13285268391537547,6.102120467373126,15.0
base,0.0,5.0,150.0,0.0,155.2167416940349,237.79786074648064,1150.0,878.9226032764045,0.08608654730850498,7.93911678024506,15.0
base,0.0,5.0,150.0,0.01,155.2167416940349,237.79786074648064,1150.0,732.4370375765649,0.08608654730850498,7.93911678024506,15.0
base,0.0,5.0,150.0,0.02,155.2167416940349,237.79786074648064,1150.0,600.9700969841064,0.08608654730850498,7.93911678024506,15.0
base,0.0,5.0,150.0,0.03,155.2167416940349,237.79786074648064,1150.0,482.69571733705135,0.08608654730850498,7.93911678024506,15.0
base,0.0,5.0,150.0,0.04,155.2167416940349,237.79786074648064,1150.0,376.03614685936054,0.08608654730850498,7.93911678024506,15.0
base,0.0,5.0,200.0,0.0,155.2167416940349,237.79786074648064,1400.0,628.9226032764043,0.0532833235708676,9.848018705967746,15.0
base,0.0,5.0,200.0,0.01,155.2167416940349,237.79786074648064,1400.0,482.4370375765647,0.0532833235708676,9.848018705967746,15.0
base,0.0,5.0,200.0,0.02,155.2167416940349,237.79786074648064,1400.0,350.9700969841066,0.0532833235708676,9.848018705967746,15.0
base,0.0,5.0,200.0,0.03,155.2167416940349,237.79786074648064,1400.0,232.69571733705118,0.0532833235708676,9.848018705967746,15.0
base,0.0,5.0,200.0,0.04,155.2167416940349,237.79786074648064,1400.0,126.03614685936047,0.0532833235708676,9.848018705967746,15.0
base,0.0,5.0,250.0,0.0,155.2167416940349,237.79786074648064,1650.0,378.92260327640446,0.02847021217880178,11.832818806514075,15.0
base,0.0,5.0,250.0,0.01,155.2167416940349,237.79786074648064,1650.0,232.43703757656476,0.02847021217880178,11.832818806514075,15.0
base,0.0,5.0,250.0,0.02,155.2167416940349,237.79786074648064,1650.0,100.97009698410638,0.02847021217880178,11.832818806514075,15.0
base,0.0,5.0,250.0,0.03,155.2167416940349,237.79786074648064,1650.0,-17.304282662948793,0.02847021217880178,11.832818806514075,15.0
base,0.0,5.0,250.0,0.04,155.2167416940349,237.79786074648064,1650.0,-123.96385314063977,0.02847021217880178,11.832818806514075,15.0
base,0.0,5.0,300.0,0.0,155.2167416940349,237.79786074648064,1900.0,128.9226032764043,0.008741886373818434,13.899930953367353,15.0
base,0.0,5.0,300.0,0.01,155.2167416940349,237.79786074648064,1900.0,-17.56296242343531,0.008741886373818434,13.899930953367353,15.0
base,0.0,5.0,300.0,0.02,155.2167416940349,237.79786074648064,1900.0,-149.0299030158935,0.008741886373818434,13.899930953367353,15.0
base,0.0,5.0,300.0,0.03,155.2167416940349,237.79786074648064,1900.0,-267.3042826629486,0.008741886373818434,13.899930953367353,15.0
base,0.0,5.0,300.0,0.04,155.2167416940349,237.79786074648064,1900.0,-373.9638531406398,0.008741886373818434,13.899930953367353,15.0
base,0.0,5.0,350.0,0.0,155.2167416940349,237.79786074648064,2150.0,-121.07739672359561,-0.007505675997357511,Inf,15.0
base,0.0,5.0,350.0,0.01,155.2167416940349,237.79786074648064,2150.0,-267.5629624234353,-0.007505675997357511,Inf,15.0
base,0.0,5.0,350.0,0.02,155.2167416940349,237.79786074648064,2150.0,-399.0299030158935,-0.007505675997357511,Inf,15.0
base,0.0,5.0,350.0,0.03,155.2167416940349,237.79786074648064,2150.0,-517.304282662949,-0.007505675997357511,Inf,15.0
base,0.0,5.0,350.0,0.04,155.2167416940349,237.79786074648064,2150.0,-623.9638531406398,-0.007505675997357511,Inf,15.0
base,0.0,5.0,400.0,0.0,155.2167416940349,237.79786074648064,2400.0,-371.07739672359537,-0.021240587271561313,Inf,15.0
base,0.0,5.0,400.0,0.01,155.2167416940349,237.79786074648064,2400.0,-517.5629624234351,-0.021240587271561313,Inf,15.0
base,0.0,5.0,400.0,0.02,155.2167416940349,237.79786074648064,2400.0,-649.0299030158935,-0.021240587271561313,Inf,15.0
base,0.0,5.0,400.0,0.03,155.2167416940349,237.79786074648064,2400.0,-767.304282662949,-0.021240587271561313,Inf,15.0
base,0.0,5.0,400.0,0.04,155.2167416940349,237.79786074648064,2400.0,-873.9638531406398,-0.021240587271561313,Inf,15.0
base,0.0,10.0,100.0,0.0,232.66173351250882,186.24479975152607,1400.0,1641.248288612554,0.1252941204493072,6.3493156459801,15.0
base,0.0,10.0,100.0,0.01,232.66173351250882,186.24479975152607,1400.0,1421.6741287743887,0.1252941204493072,6.3493156459801,15.0
base,0.0,10.0,100.0,0.02,232.66173351250882,186.24479975152607,1400.0,1224.6120981970332,0.1252941204493072,6.3493156459801,15.0
base,0.0,10.0,100.0,0.03,232.66173351250882,186.24479975152607,1400.0,1047.32502272779,0.1252941204493072,6.3493156459801,15.0
base,0.0,10.0,100.0,0.04,232.66173351250882,186.24479975152607,1400.0,887.4479354226332,0.1252941204493072,6.3493156459801,15.0
base,0.0,10.0,150.0,0.0,232.66173351250882,186.24479975152607,1900.0,1141.2482886125538,0.06939407249159213,8.828095921904778,15.0
base,0.0,10.0,150.0,0.01,232.66173351250882,186.24479975152607,1900.0,921.6741287743886,0.06939407249159213,8.828095921904778,15.0
base,0.0,10.0,150.0,0.02,232.66173351250882,186.24479975152607,1900.0,724.6120981970332,0.06939407249159213,8.828095921904778,15.0
base,0.0,10.0,150.0,0.03,232.66173351250882,186.24479975152607,1900.0,547.3250227277896,0.06939407249159213,8.828095921904778,15.0
base,0.0,10.0,150.0,0.04,232.66173351250882,186.24479975152607,1900.0,387.44793542263335,0.06939407249159213,8.828095921904778,15.0
base,0.0,10.0,200.0,0.0,232.66173351250882,186.24479975152607,2400.0,641.2482886125538,0.03285496314581558,11.439563778398727,15.0
base,0.0,10.0,200.0,0.01,232.66173351250882,186.24479975152607,2400.0,421.67412877438835,0.03285496314581558,11.439563778398727,15.0
base,0.0,10.0,200.0,0.02,232.66173351250882,186.24479975152607,2400.0,224.6120981970334,0.03285496314581558,11.439563778398727,15.0
base,0.0,10.0,200.0,0.03,232.66173351250882,186.24479975152607,2400.0,47.32502272778966,0.03285496314581558,11.439563778398727,15.0
base,0.0,10.0,200.0,0.04,232.66173351250882,186.24479975152607,2400.0,-112.55206457736634,0.03285496314581558,11.439563778398727,15.0
base,0.0,10.0,250.0,0.0,232.66173351250882,186.24479975152607,2900.0,141.24828861255315,0.006306195332659799,14.194448751215235,15.0
base,0.0,10.0,250.0,0.01,232.66173351250882,186.24479975152607,2900.0,-78.32587122561142,0.006306195332659799,14.194448751215235,15.0
base,0.0,10.0,250.0,0.02,232.66173351250882,186.24479975152607,2900.0,-275.3879018029672,0.006306195332659799,14.194448751215235,15.0
base,0.0,10.0,250.0,0.03,232.66173351250882,186.24479975152607,2900.0,-452.6749772722099,0.006306195332659799,14.194448751215235,15.0
base,0.0,10.0,250.0,0.04,232.66173351250882,186.24479975152607,2900.0,-612.5520645773665,0.006306195332659799,14.194448751215235,15.0
base,0.0,10.0,300.0,0.0,232.66173351250882,186.24479975152607,3400.0,-358.7517113874471,-0.014271784446191357,Inf,15.0
base,0.0,10.0,300.0,0.01,232.66173351250882,186.24479975152607,3400.0,-578.325871225611,-0.014271784446191357,Inf,15.0
base,0.0,10.0,300.0,0.02,232.66173351250882,186.24479975152607,3400.0,-775.3879018029672,-0.014271784446191357,Inf,15.0
base,0.0,10.0,300.0,0.03,232.66173351250882,186.24479975152607,3400.0,-952.6749772722095,-0.014271784446191357,Inf,15.0
base,0.0,10.0,300.0,0.04,232.66173351250882,186.24479975152607,3400.0,-1112.5520645773672,-0.014271784446191357,Inf,15.0
base,0.0,10.0,350.0,0.0,232.66173351250882,186.24479975152607,3900.0,-858.7517113874469,-0.030929261508437146,Inf,15.0
base,0.0,10.0,350.0,0.01,232.66173351250882,186.24479975152607,3900.0,-1078.3258712256109,-0.030929261508437146,Inf,15.0
base,0.0,10.0,350.0,0.02,232.66173351250882,186.24479975152607,3900.0,-1275.3879018029668,-0.030929261508437146,Inf,15.0
base,0.0,10.0,350.0,0.03,232.66173351250882,186.24479975152607,3900.0,-1452.674977272209,-0.030929261508437146,Inf,15.0
base,0.0,10.0,350.0,0.04,232.66173351250882,186.24479975152607,3900.0,-1612.5520645773672,-0.030929261508437146,Inf,15.0
base,0.0,10.0,400.0,0.0,232.66173351250882,186.24479975152607,4400.0,-1358.7517113874474,-0.044838569860184016,Inf,15.0
base,0.0,10.0,400.0,0.01,232.66173351250882,186.24479975152607,4400.0,-1578.3258712256109,-0.044838569860184016,Inf,15.0
base,0.0,10.0,400.0,0.02,232.66173351250882,186.24479975152607,4400.0,-1775.3879018029668,-0.044838569860184016,Inf,15.0
base,0.0,10.0,400.0,0.03,232.66173351250882,186.24479975152607,4400.0,-1952.6749772722096,-0.044838569860184016,Inf,15.0
base,0.0,10.0,400.0,0.04,232.66173351250882,186.24479975152607,4400.0,-2112.5520645773677,-0.044838569860184016,Inf,15.0
base,0.0,15.0,100.0,0.0,281.01329958943484,154.79587753199834,1900.0,1773.2779540120946,0.10269352442671327,7.192970354904172,15.0
base,0.0,15.0,100.0,0.01,281.01329958943484,154.79587753199834,1900.0,1508.0720766674938,0.10269352442671327,7.192970354904172,15.0
base,0.0,15.0,100.0,0.02,281.01329958943484,154.79587753199834,1900.0,1270.0567803817398,0.10269352442671327,7.192970354904172,15.0
base,0.0,15.0,100.0,0.03,281.01329958943484,154.79587753199834,1900.0,1055.926053768312,0.10269352442671327,7.192970354904172,15.0
base,0.0,15.0,100.0,0.04,281.01329958943484,154.79587753199834,1900.0,862.823444438898,0.10269352442671327,7.192970354904172,15.0
base,0.0,15.0,150.0,0.0,281.01329958943484,154.79587753199834,2650.0,1023.2779540120943,0.04634868146233877,10.347336246536983,15.0
base,0.0,15.0,150.0,0.01,281.01329958943484,154.79587753199834,2650.0,758.0720766674937,0.04634868146233877,10.347336246536983,15.0
base,0.0,15.0,150.0,0.02,281.01329958943484,154.79587753199834,2650.0,520.0567803817398,0.04634868146233877,10.347336246536983,15.0
base,0.0,15.0,150.0,0.03,281.01329958943484,154.79587753199834,2650.0,305.9260537683123,0.04634868146233877,10.347336246536983,15.0
base,0.0,15.0,150.0,0.04,281.01329958943484,154.79587753199834,2650.0,112.8234444388983,0.04634868146233877,10.347336246536983,15.0
base,0.0,15.0,200.0,0.0,281.01329958943484,154.79587753199834,3400.0,273.2779540120939,0.010322133441582023,13.715442041482547,15.0
base,0.0,15.0,200.0,0.01,281.01329958943484,154.79587753199834,3400.0,8.072076667493747,0.010322133441582023,13.715442041482547,15.0
base,0.0,15.0,200.0,0.02,281.01329958943484,154.79587753199834,3400.0,-229.94321961826043,0.010322133441582023,13.715442041482547,15.0
base,0.0,15.0,200.0,0.03,281.01329958943484,154.79587753199834,3400.0,-444.07394623168796,0.010322133441582023,13.715442041482547,15.0
base,0.0,15.0,200.0,0.04,281.01329958943484,154.79587753199834,3400.0,-637.1765555611017,0.010322133441582023,13.715442041482547,15.0
base,0.0,15.0,250.0,0.0,281.01329958943484,154.79587753199834,4150.0,-476.7220459879064,-0.015582514222991846,Inf,15.0
base,0.0,15.0,250.0,0.01,281.01329958943484,154.79587753199834,4150.0,-741.9279233325067,-0.015582514222991846,Inf,15.0
base,0.0,15.0,250.0,0.02,281.01329958943484,154.79587753199834,4150.0,-979.9432196182596,-0.015582514222991846,Inf,15.0
base,0.0,15.0,250.0,0.03,281.01329958943484,154.79587753199834,4150.0,-1194.0739462316878,-0.015582514222991846,Inf,15.0
base,0.0,15.0,250.0,0.04,281.01329958943484,154.79587753199834,4150.0,-1387.1765555611023,-0.015582514222991846,Inf,15.0
base,0.0,15.0,300.0,0.0,281.01329958943484,154.79587753199834,4900.0,-1226.7220459879052,-0.0355491125492964,Inf,15.0
base,0.0,15.0,300.0,0.01,281.01329958943484,154.79587753199834,4900.0,-1491.9279233325071,-0.0355491125492964,Inf,15.0
base,0.0,15.0,300.0,0.02,281.01329958943484,154.79587753199834,4900.0,-1729.9432196182586,-0.0355491125492964,Inf,15.0
base,0.0,15.0,300.0,0.03,281.01329958943484,154.79587753199834,4900.0,-1944.0739462316878,-0.0355491125492964,Inf,15.0
base,0.0,15.0,300.0,0.04,281.01329958943484,154.79587753199834,4900.0,-2137.1765555611014,-0.0355491125492964,Inf,15.0
base,0.0,15.0,350.0,0.0,281.01329958943484,154.79587753199834,5650.0,-1976.7220459879056,-0.051659454700013395,Inf,15.0
base,0.0,15.0,350.0,0.01,281.01329958943484,154.79587753199834,5650.0,-2241.9279233325065,-0.051659454700013395,Inf,15.0
base,0.0,15.0,350.0,0.02,281.01329958943484,154.79587753199834,5650.0,-2479.9432196182584,-0.051659454700013395,Inf,15.0
base,0.0,15.0,350.0,0.03,281.01329958943484,154.79587753199834,5650.0,-2694.073946231687,-0.051659454700013395,Inf,15.0
base,0.0,15.0,350.0,0.04,281.01329958943484,154.79587753199834,5650.0,-2887.176555561101,-0.051659454700013395,Inf,15.0
base,0.0,15.0,400.0,0.0,281.01329958943484,154.79587753199834,6400.0,-2726.722045987906,-0.06508563650213098,Inf,15.0
base,0.0,15.0,400.0,0.01,281.01329958943484,154.79587753199834,6400.0,-2991.9279233325065,-0.06508563650213098,Inf,15.0
base,0.0,15.0,400.0,0.02,281.01329958943484,154.79587753199834,6400.0,-3229.9432196182593,-0.06508563650213098,Inf,15.0
base,0.0,15.0,400.0,0.03,281.01329958943484,154.79587753199834,6400.0,-3444.0739462316865,-0.06508563650213098,Inf,15.0
base,0.0,15.0,400.0,0.04,281.01329958943484,154.79587753199834,6400.0,-3637.1765555611005,-0.06508563650213098,Inf,15.0
base,0.0,20.0,100.0,0.0,325.22031744935146,137.489587258602,2400.0,1851.1319714365275,0.0867887044067265,7.905271620892853,15.0
base,0.0,20.0,100.0,0.01,325.22031744935146,137.489587258602,2400.0,1544.2057877097848,0.0867887044067265,7.905271620892853,15.0
base,0.0,20.0,100.0,0.02,325.22031744935146,137.489587258602,2400.0,1268.7476142747635,0.0867887044067265,7.905271620892853,15.0
base,0.0,20.0,100.0,0.03,325.22031744935146,137.489587258602,2400.0,1020.9313614973183,0.0867887044067265,7.905271620892853,15.0
base,0.0,20.0,100.0,0.04,325.22031744935146,137.489587258602,2400.0,797.4512201724658,0.0867887044067265,7.905271620892853,15.0
base,0.0,20.0,150.0,0.0,325.22031744935146,137.489587258602,3400.0,851.1319714365274,0.030894296051054593,11.61321306777866,15.0
base,0.0,20.0,150.0,0.01,325.22031744935146,137.489587258602,3400.0,544.2057877097849,0.030894296051054593,11.61321306777866,15.0
base,0.0,20.0,150.0,0.02,325.22031744935146,137.489587258602,3400.0,268.74761427476346,0.030894296051054593,11.61321306777866,15.0
base,0.0,20.0,150.0,0.03,325.22031744935146,137.489587258602,3400.0,20.93136149731771,0.030894296051054593,11.61321306777866,15.0
base,0.0,20.0,150.0,0.04,325.22031744935146,137.489587258602,3400.0,-202.54877982753428,0.030894296051054593,11.61321306777866,15.0
base,0.0,20.0,200.0,0.0,325.22031744935146,137.489587258602,4400.0,-148.86802856347262,-0.004480256538624359,Inf,15.0
base,0.0,20.0,200.0,0.01,325.22031744935146,137.489587258602,4400.0,-455.7942122902143,-0.004480256538624359,Inf,15.0
base,0.0,20.0,200.0,0.02,325.22031744935146,137.489587258602,4400.0,-731.2523857252365,-0.004480256538624359,Inf,15.0
base,0.0,20.0,200.0,0.03,325.22031744935146,137.489587258602,4400.0,-979.0686385026823,-0.004480256538624359,Inf,15.0
base,0.0,20.0,200.0,0.04,325.22031744935146,137.489587258602,4400.0,-1202.5487798275344,-0.004480256538624359,Inf,15.0
base,0.0,20.0,250.0,0.0,325.22031744935146,137.489587258602,5400.0,-1148.8680285634725,-0.029806305296273254,Inf,15.0
base,0.0,20.0,250.0,0.01,325.22031744935146,137.489587258602,5400.0,-1455.7942122902145,-0.029806305296273254,Inf,15.0
base,0.0,20.0,250.0,0.02,325.22031744935146,137.489587258602,5400.0,-1731.2523857252368,-0.029806305296273254,Inf,15.0
base,0.0,20.0,250.0,0.03,325.22031744935146,137.489587258602,5400.0,-1979.0686385026825,-0.029806305296273254,Inf,15.0
base,0.0,20.0,250.0,0.04,325.22031744935146,137.489587258602,5400.0,-2202.548779827534,-0.029806305296273254,Inf,15.0
base,0.0,20.0,300.0,0.0,325.22031744935146,137.489587258602,6400.0,-2148.8680285634728,-0.049286771767349156,Inf,15.0
base,0.0,20.0,300.0,0.01,325.22031744935146,137.489587258602,6400.0,-2455.7942122902136,-0.049286771767349156,Inf,15.0
base,0.0,20.0,300.0,0.02,325.22031744935146,137.489587258602,6400.0,-2731.2523857252368,-0.049286771767349156,Inf,15.0
base,0.0,20.0,300.0,0.03,325.22031744935146,137.489587258602,6400.0,-2979.0686385026825,-0.049286771767349156,Inf,15.0
base,0.0,20.0,300.0,0.04,325.22031744935146,137.489587258602,6400.0,-3202.548779827534,-0.049286771767349156,Inf,15.0
base,0.0,20.0,350.0,0.0,325.22031744935146,137.489587258602,7400.0,-3148.8680285634737,-0.06498879394506096,Inf,15.0
base,0.0,20.0,350.0,0.01,325.22031744935146,137.489587258602,7400.0,-3455.7942122902127,-0.06498879394506096,Inf,15.0
base,0.0,20.0,350.0,0.02,325.22031744935146,137.489587258602,7400.0,-3731.2523857252377,-0.06498879394506096,Inf,15.0
base,0.0,20.0,350.0,0.03,325.22031744935146,137.489587258602,7400.0,-3979.068638502683,-0.06498879394506096,Inf,15.0
base,0.0,20.0,350.0,0.04,325.22031744935146,137.489587258602,7400.0,-4202.548779827533,-0.06498879394506096,Inf,15.0
base,0.0,20.0,400.0,0.0,325.22031744935146,137.489587258602,8400.0,-4148.868028563473,-0.07806821392080712,Inf,15.0
base,0.0,20.0,400.0,0.01,325.22031744935146,137.489587258602,8400.0,-4455.794212290213,-0.07806821392080712,Inf,15.0
base,0.0,20.0,400.0,0.02,325.22031744935146,137.489587258602,8400.0,-4731.252385725237,-0.07806821392080712,Inf,15.0
base,0.0,20.0,400.0,0.03,325.22031744935146,137.489587258602,8400.0,-4979.068638502683,-0.07806821392080712,Inf,15.0
base,0.0,20.0,400.0,0.04,325.22031744935146,137.489587258602,8400.0,-5202.548779827533,-0.07806821392080712,Inf,15.0
base,0.0,30.0,100.0,0.0,379.1966622784407,107.733639717798,3400.0,1556.6861846660233,0.05421982000739939,9.784064178152832,15.0
base,0.0,30.0,100.0,0.01,379.1966622784407,107.733639717798,3400.0,1198.8199069751608,0.05421982000739939,9.784064178152832,15.0
base,0.0,30.0,100.0,0.02,379.1966622784407,107.733639717798,3400.0,877.6443396456591,0.05421982000739939,9.784064178152832,15.0
base,0.0,30.0,100.0,0.03,379.1966622784407,107.733639717798,3400.0,588.6983824909612,0.05421982000739939,9.784064178152832,15.0
base,0.0,30.0,100.0,0.04,379.1966622784407,107.733639717798,3400.0,328.12756594258883,0.05421982000739939,9.784064178152832,15.0
base,0.0,30.0,150.0,0.0,379.1966622784407,107.733639717798,4900.0,56.686184666023564,0.0015127171205232932,14.801642940499894,15.0
base,0.0,30.0,150.0,0.01,379.1966622784407,107.733639717798,4900.0,-301.18009302484,0.0015127171205232932,14.801642940499894,15.0
base,0.0,30.0,150.0,0.02,379.1966622784407,107.733639717798,4900.0,-622.3556603543407,0.0015127171205232932,14.801642940499894,15.0
base,0.0,30.0,150.0,0.03,379.1966622784407,107.733639717798,4900.0,-911.3016175090386,0.0015127171205232932,14.801642940499894,15.0
base,0.0,30.0,150.0,0.04,379.1966622784407,107.733639717798,4900.0,-1171.8724340574095,0.0015127171205232932,14.801642940499894,15.0
base,0.0,30.0,200.0,0.0,379.1966622784407,107.733639717798,6400.0,-1443.3138153339771,-0.03173702198444039,Inf,15.0
base,0.0,30.0,200.0,0.01,379.1966622784407,107.733639717798,6400.0,-1801.1800930248412,-0.03173702198444039,Inf,15.0
base,0.0,30.0,200.0,0.02,379.1966622784407,107.733639717798,6400.0,-2122.3556603543416,-0.03173702198444039,Inf,15.0
base,0.0,30.0,200.0,0.03,379.1966622784407,107.733639717798,6400.0,-2411.3016175090374,-0.03173702198444039,Inf,15.0
base,0.0,30.0,200.0,0.04,379.1966622784407,107.733639717798,6400.0,-2671.8724340574104,-0.03173702198444039,Inf,15.0
base,0.0,30.0,250.0,0.0,379.1966622784407,107.733639717798,7900.0,-2943.313815333976,-0.05555016010843906,Inf,15.0
base,0.0,30.0,250.0,0.01,379.1966622784407,107.733639717798,7900.0,-3301.18009302484,-0.05555016010843906,Inf,15.0
base,0.0,30.0,250.0,0.02,379.1966622784407,107.733639717798,7900.0,-3622.3556603543416,-0.05555016010843906,Inf,15.0
base,0.0,30.0,250.0,0.03,379.1966622784407,107.733639717798,7900.0,-3911.301617509037,-0.05555016010843906,Inf,15.0
base,0.0,30.0,250.0,0.04,379.1966622784407,107.733639717798,7900.0,-4171.872434057412,-0.05555016010843906,Inf,15.0
base,0.0,30.0,300.0,0.0,379.1966622784407,107.733639717798,9400.0,-4443.313815333978,-0.07389013738167755,Inf,15.0
base,0.0,30.0,300.0,0.01,379.1966622784407,107.733639717798,9400.0,-4801.180093024838,-0.07389013738167755,Inf,15.0
base,0.0,30.0,300.0,0.02,379.1966622784407,107.733639717798,9400.0,-5122.355660354342,-0.07389013738167755,Inf,15.0
base,0.0,30.0,300.0,0.03,379.1966622784407,107.733639717798,9400.0,-5411.301617509039,-0.07389013738167755,Inf,15.0
base,0.0,30.0,300.0,0.04,379.1966622784407,107.733639717798,9400.0,-5671.872434057412,-0.07389013738167755,Inf,15.0
base,0.0,30.0,350.0,0.0,379.1966622784407,107.733639717798,10900.0,-5943.313815333977,-0.08869467364770331,Inf,15.0
base,0.0,30.0,350.0,0.01,379.1966622784407,107.733639717798,10900.0,-6301.180093024838,-0.08869467364770331,Inf,15.0
base,0.0,30.0,350.0,0.02,379.1966622784407,107.733639717798,10900.0,-6622.355660354341,-0.08869467364770331,Inf,15.0
base,0.0,30.0,350.0,0.03,379.1966622784407,107.733639717798,10900.0,-6911.301617509039,-0.08869467364770331,Inf,15.0
base,0.0,30.0,350.0,0.04,379.1966622784407,107.733639717798,10900.0,-7171.87243405741,-0.08869467364770331,Inf,15.0
base,0.0,30.0,400.0,0.0,379.1966622784407,107.733639717798,12400.0,-7443.313815333979,-0.10104448247726217,Inf,15.0
base,0.0,30.0,400.0,0.01,379.1966622784407,107.733639717798,12400.0,-7801.180093024837,-0.10104448247726217,Inf,15.0
base,0.0,30.0,400.0,0.02,379.1966622784407,107.733639717798,12400.0,-8122.355660354342,-0.10104448247726217,Inf,15.0
base,0.0,30.0,400.0,0.03,379.1966622784407,107.733639717798,12400.0,-8411.301617509036,-0.10104448247726217,Inf,15.0
base,0.0,30.0,400.0,0.04,379.1966622784407,107.733639717798,12400.0,-8671.872434057408,-0.10104448247726217,Inf,15.0
base,3.0,5.0,100.0,0.0,293.34272361724277,286.4435771648341,900.0,2934.4425733848516,0.3013035468654789,3.135661588360784,15.0
base,3.0,5.0,100.0,0.01,293.34272361724277,286.4435771648341,900.0,2657.6008207232258,0.3013035468654789,3.135661588360784,15.0
base,3.0,5.0,100.0,0.02,293.34272361724277,286.4435771648341,900.0,2409.1426325270227,0.3013035468654789,3.135661588360784,15.0
base,3.0,5.0,100.0,0.03,293.34272361724277,286.4435771648341,900.0,2185.6169465659164,0.3013035468654789,3.135661588360784,15.0
base,3.0,5.0,100.0,0.04,293.34272361724277,286.4435771648341,900.0,1984.0419839536617,0.3013035468654789,3.135661588360784,15.0
base,3.0,5.0,150.0,0.0,293.34272361724277,286.4435771648341,1150.0,2684.442573384852,0.2262410668157236,4.041997380505286,15.0
base,3.0,5.0,150.0,0.01,293.34272361724277,286.4435771648341,1150.0,2407.6008207232258,0.2262410668157236,4.041997380505286,15.0
base,3.0,5.0,150.0,0.02,293.34272361724277,286.4435771648341,1150.0,2159.142632527022,0.2262410668157236,4.041997380505286,15.0
base,3.0,5.0,150.0,0.03,293.34272361724277,286.4435771648341,1150.0,1935.6169465659164,0.2262410668157236,4.041997380505286,15.0
base,3.0,5.0,150.0,0.04,293.34272361724277,286.4435771648341,1150.0,1734.0419839536617,0.2262410668157236,4.041997380505286,15.0
base,3.0,5.0,200.0,0.0,293.34272361724277,286.4435771648341,1400.0,2434.4425733848516,0.17591631520176854,4.9659727320709965,15.0
base,3.0,5.0,200.0,0.01,293.34272361724277,286.4435771648341,1400.0,2157.600820723226,0.17591631520176854,4.9659727320709965,15.0
base,3.0,5.0,200.0,0.02,293.34272361724277,286.4435771648341,1400.0,1909.142632527022,0.17591631520176854,4.9659727320709965,15.0
base,3.0,5.0,200.0,0.03,293.34272361724277,286.4435771648341,1400.0,1685.6169465659164,0.17591631520176854,4.9659727320709965,15.0
base,3.0,5.0,200.0,0.04,293.34272361724277,286.4435771648341,1400.0,1484.0419839536619,0.17591631520176854,4.9659727320709965,15.0
base,3.0,5.0,250.0,0.0,293.34272361724277,286.4435771648341,1650.0,2184.4425733848516,0.13919115476260224,5.9081102894252115,15.0
base,3.0,5.0,250.0,0.01,293.34272361724277,286.4435771648341,1650.0,1907.6008207232258,0.13919115476260224,5.9081102894252115,15.0
base,3.0,5.0,250.0,0.02,293.34272361724277,286.4435771648341,1650.0,1659.142632527022,0.13919115476260224,5.9081102894252115,15.0
base,3.0,5.0,250.0,0.03,293.34272361724277,286.4435771648341,1650.0,1435.6169465659161,0.13919115476260224,5.9081102894252115,15.0
base,3.0,5.0,250.0,0.04,293.34272361724277,286.4435771648341,1650.0,1234.041983953662,0.13919115476260224,5.9081102894252115,15.0
base,3.0,5.0,300.0,0.0,293.34272361724277,286.4435771648341,1900.0,1934.4425733848516,0.11082149672055036,6.868308449815095,15.0
base,3.0,5.0,300.0,0.01,293.34272361724277,286.4435771648341,1900.0,1657.600820723226,0.11082149672055036,6.868308449815095,15.0
base,3.0,5.0,300.0,0.02,293.34272361724277,286.4435771648341,1900.0,1409.1426325270222,0.11082149672055036,6.868308449815095,15.0
base,3.0,5.0,300.0,0.03,293.34272361724277,286.4435771648341,1900.0,1185.6169465659161,0.11082149672055036,6.868308449815095,15.0
base,3.0,5.0,300.0,0.04,293.34272361724277,286.4435771648341,1900.0,984.0419839536621,0.11082149672055036,6.868308449815095,15.0
base,3.0,5.0,350.0,0.0,293.34272361724277,286.4435771648341,2150.0,1684.442573384852,0.08800126619771498,7.847328480021216,15.0
base,3.0,5.0,350.0,0.01,293.34272361724277,286.4435771648341,2150.0,1407.600820723226,0.08800126619771498,7.847328480021216,15.0
base,3.0,5.0,350.0,0.02,293.34272361724277,286.4435771648341,2150.0,1159.1426325270222,0.08800126619771498,7.847328480021216,15.0
base,3.0,5.0,350.0,0.03,293.34272361724277,286.4435771648341,2150.0,935.6169465659162,0.08800126619771498,7.847328480021216,15.0
base,3.0,5.0,350.0,0.04,293.34272361724277,286.4435771648341,2150.0,734.0419839536619,0.08800126619771498,7.847328480021216,15.0
base,3.0,5.0,400.0,0.0,293.34272361724277,286.4435771648341,2400.0,1434.442573384852,0.0690843872535151,8.845955196820583,15.0
base,3.0,5.0,400.0,0.01,293.34272361724277,286.4435771648341,2400.0,1157.600820723226,0.0690843872535151,8.845955196820583,15.0
base,3.0,5.0,400.0,0.02,293.34272361724277,286.4435771648341,2400.0,909.1426325270223,0.0690843872535151,8.845955196820583,15.0
base,3.0,5.0,400.0,0.03,293.34272361724277,286.4435771648341,2400.0,685.6169465659164,0.0690843872535151,8.845955196820583,15.0
base,3.0,5.0,400.0,0.04,293.34272361724277,286.4435771648341,2400.0,484.04198395366166,0.0690843872535151,8.845955196820583,15.0
base,3.0,7.5,100.0,0.0,372.0242946574226,258.09293210849563,1150.0,3712.9322595000326,0.2987645130257124,3.160218073421183,15.0
base,3.0,7.5,100.0,0.01,372.0242946574226,258.09293210849563,1150.0,3361.8348929260083,0.2987645130257124,3.160218073421183,15.0
base,3.0,7.5,100.0,0.02,372.0242946574226,258.09293210849563,1150.0,3046.734245206649,0.2987645130257124,3.160218073421183,15.0
base,3.0,7.5,100.0,0.03,372.0242946574226,258.09293210849563,1150.0,2763.253596250784,0.2987645130257124,3.160218073421183,15.0
base,3.0,7.5,100.0,0.04,372.0242946574226,258.09293210849563,1150.0,2507.61138238674,0.2987645130257124,3.160218073421183,15.0
base,3.0,7.5,150.0,0.0,372.0242946574226,258.09293210849563,1525.0,3337.932259500032,0.21414061003484214,4.235917352664991,15.0
base,3.0,7.5,150.0,0.01,372.0242946574226,258.09293210849563,1525.0,2986.834892926008,0.21414061003484214,4.235917352664991,15.0
base,3.0,7.5,150.0,0.02,372.0242946574226,258.09293210849563,1525.0,2671.734245206649,0.21414061003484214,4.235917352664991,15.0
base,3.0,7.5,150.0,0.03,372.0242946574226,258.09293210849563,1525.0,2388.253596250784,0.21414061003484214,4.235917352664991,15.0
base,3.0,7.5,150.0,0.04,372.0242946574226,258.09293210849563,1525.0,2132.6113823867404,0.21414061003484214,4.235917352664991,15.0
base,3.0,7.5,200.0,0.0,372.0242946574226,258.09293210849563,1900.0,2962.932259500032,0.1602436487026762,5.335464325075177,15.0
base,3.0,7.5,200.0,0.01,372.0242946574226,258.09293210849563,1900.0,2611.834892926008,0.1602436487026762,5.335464325075177,15.0
base,3.0,7.5,200.0,0.02,372.0242946574226,258.09293210849563,1900.0,2296.734245206649,0.1602436487026762,5.335464325075177,15.0
base,3.0,7.5,200.0,0.03,372.0242946574226,258.09293210849563,1900.0,2013.2535962507843,0.1602436487026762,5.335464325075177,15.0
base,3.0,7.5,200.0,0.04,372.0242946574226,258.09293210849563,1900.0,1757.6113823867404,0.1602436487026762,5.335464325075177,15.0
base,3.0,7.5,250.0,0.0,372.0242946574226,258.09293210849563,2275.0,2587.932259500032,0.12206241343118102,6.4598008376534315,15.0
base,3.0,7.5,250.0,0.01,372.0242946574226,258.09293210849563,2275.0,2236.8348929260073,0.12206241343118102,6.4598008376534315,15.0
base,3.0,7.5,250.0,0.02,372.0242946574226,258.09293210849563,2275.0,1921.7342452066493,0.12206241343118102,6.4598008376534315,15.0
base,3.0,7.5,250.0,0.03,372.0242946574226,258.09293210849563,2275.0,1638.2535962507843,0.12206241343118102,6.4598008376534315,15.0
base,3.0,7.5,250.0,0.04,372.0242946574226,258.09293210849563,2275.0,1382.6113823867404,0.12206241343118102,6.4598008376534315,15.0
base,3.0,7.5,300.0,0.0,372.0242946574226,258.09293210849563,2650.0,2212.9322595000326,0.09311306204045983,7.60989724773589,15.0
base,3.0,7.5,300.0,0.01,372.0242946574226,258.09293210849563,2650.0,1861.834892926007,0.09311306204045983,7.60989724773589,15.0
base,3.0,7.5,300.0,0.02,372.0242946574226,258.09293210849563,2650.0,1546.7342452066493,0.09311306204045983,7.60989724773589,15.0
base,3.0,7.5,300.0,0.03,372.0242946574226,258.09293210849563,2650.0,1263.2535962507839,0.09311306204045983,7.60989724773589,15.0
base,3.0,7.5,300.0,0.04,372.0242946574226,258.09293210849563,2650.0,1007.6113823867404,0.09311306204045983,7.60989724773589,15.0
base,3.0,7.5,350.0,0.0,372.0242946574226,258.09293210849563,3025.0,1837.9322595000324,0.07011445810497202,8.786753194407448,15.0
base,3.0,7.5,350.0,0.01,372.0242946574226,258.09293210849563,3025.0,1486.834892926007,0.07011445810497202,8.786753194407448,15.0
base,3.0,7.5,350.0,0.02,372.0242946574226,258.09293210849563,3025.0,1171.7342452066491,0.07011445810497202,8.786753194407448,15.0
base,3.0,7.5,350.0,0.03,372.0242946574226,258.09293210849563,3025.0,888.2535962507842,0.07011445810497202,8.786753194407448,15.0
base,3.0,7.5,350.0,0.04,372.0242946574226,258.09293210849563,3025.0,632.6113823867404,0.07011445810497202,8.786753194407448,15.0
base,3.0,7.5,400.0,0.0,372.0242946574226,258.09293210849563,3400.0,1462.9322595000324,0.05121452320265342,9.991398389528017,15.0
base,3.0,7.5,400.0,0.01,372.0242946574226,258.09293210849563,3400.0,1111.834892926007,0.05121452320265342,9.991398389528017,15.0
base,3.0,7.5,400.0,0.02,372.0242946574226,258.09293210849563,3400.0,796.734245206649,0.05121452320265342,9.991398389528017,15.0
base,3.0,7.5,400.0,0.03,372.0242946574226,258.09293210849563,3400.0,513.2535962507842,0.05121452320265342,9.991398389528017,15.0
base,3.0,7.5,400.0,0.04,372.0242946574226,258.09293210849563,3400.0,257.6113823867405,0.05121452320265342,9.991398389528017,15.0
base,3.0,15.0,100.0,0.0,483.09183977311596,186.93234941287122,1900.0,4414.756658828423,0.22535132086749854,4.055734332738437,15.0
base,3.0,15.0,100.0,0.01,483.09183977311596,186.93234941287122,1900.0,3958.8394641894834,0.22535132086749854,4.055734332738437,15.0
base,3.0,15.0,100.0,0.02,483.09183977311596,186.93234941287122,1900.0,3549.6657790122326,0.22535132086749854,4.055734332738437,15.0
base,3.0,15.0,100.0,0.03,483.09183977311596,186.93234941287122,1900.0,3181.552217046413,0.22535132086749854,4.055734332738437,15.0
base,3.0,15.0,100.0,0.04,483.09183977311596,186.93234941287122,1900.0,2849.588231917493,0.22535132086749854,4.055734332738437,15.0
base,3.0,15.0,150.0,0.0,483.09183977311596,186.93234941287122,2650.0,3664.756658828422,0.1445241868686548,5.753981154285496,15.0
base,3.0,15.0,150.0,0.01,483.09183977311596,186.93234941287122,2650.0,3208.8394641894834,0.1445241868686548,5.753981154285496,15.0
base,3.0,15.0,150.0,0.02,483.09183977311596,186.93234941287122,2650.0,2799.6657790122326,0.1445241868686548,5.753981154285496,15.0
base,3.0,15.0,150.0,0.03,483.09183977311596,186.93234941287122,2650.0,2431.552217046413,0.1445241868686548,5.753981154285496,15.0
base,3.0,15.0,150.0,0.04,483.09183977311596,186.93234941287122,2650.0,2099.588231917493,0.1445241868686548,5.753981154285496,15.0
base,3.0,15.0,200.0,0.0,483.09183977311596,186.93234941287122,3400.0,2914.756658828422,0.09529606304628027,7.511764581149367,15.0
base,3.0,15.0,200.0,0.01,483.09183977311596,186.93234941287122,3400.0,2458.8394641894843,0.09529606304628027,7.511764581149367,15.0
base,3.0,15.0,200.0,0.02,483.09183977311596,186.93234941287122,3400.0,2049.665779012232,0.09529606304628027,7.511764581149367,15.0
base,3.0,15.0,200.0,0.03,483.09183977311596,186.93234941287122,3400.0,1681.5522170464126,0.09529606304628027,7.511764581149367,15.0
base,3.0,15.0,200.0,0.04,483.09183977311596,186.93234941287122,3400.0,1349.5882319174932,0.09529606304628027,7.511764581149367,15.0
base,3.0,15.0,250.0,0.0,483.09183977311596,186.93234941287122,4150.0,2164.7566588284226,0.061074183673704235,9.333298856701871,15.0
base,3.0,15.0,250.0,0.01,483.09183977311596,186.93234941287122,4150.0,1708.8394641894843,0.061074183673704235,9.333298856701871,15.0
base,3.0,15.0,250.0,0.02,483.09183977311596,186.93234941287122,4150.0,1299.6657790122324,0.061074183673704235,9.333298856701871,15.0
base,3.0,15.0,250.0,0.03,483.09183977311596,186.93234941287122,4150.0,931.5522170464127,0.061074183673704235,9.333298856701871,15.0
base,3.0,15.0,250.0,0.04,483.09183977311596,186.93234941287122,4150.0,599.5882319174934,0.061074183673704235,9.333298856701871,15.0
base,3.0,15.0,300.0,0.0,483.09183977311596,186.93234941287122,4900.0,1414.756658828422,0.0353421263459074,11.224253038833853,15.0
base,3.0,15.0,300.0,0.01,483.09183977311596,186.93234941287122,4900.0,958.8394641894845,0.0353421263459074,11.224253038833853,15.0
base,3.0,15.0,300.0,0.02,483.09183977311596,186.93234941287122,4900.0,549.665779012232,0.0353421263459074,11.224253038833853,15.0
base,3.0,15.0,300.0,0.03,483.09183977311596,186.93234941287122,4900.0,181.55221704641212,0.0353421263459074,11.224253038833853,15.0
base,3.0,15.0,300.0,0.04,483.09183977311596,186.93234941287122,4900.0,-150.4117680825071,0.0353421263459074,11.224253038833853,15.0
base,3.0,15.0,350.0,0.0,483.09183977311596,186.93234941287122,5650.0,664.7566588284219,0.0149702810442775,13.190655302206217,15.0
base,3.0,15.0,350.0,0.01,483.09183977311596,186.93234941287122,5650.0,208.83946418948392,0.0149702810442775,13.190655302206217,15.0
base,3.0,15.0,350.0,0.02,483.09183977311596,186.93234941287122,5650.0,-200.33422098776725,0.0149702810442775,13.190655302206217,15.0
base,3.0,15.0,350.0,0.03,483.09183977311596,186.93234941287122,5650.0,-568.4477829535879,0.0149702810442775,13.190655302206217,15.0
base,3.0,15.0,350.0,0.04,483.09183977311596,186.93234941287122,5650.0,-900.4117680825078,0.0149702810442775,13.190655302206217,15.0
base,3.0,15.0,400.0,0.0,483.09183977311596,186.93234941287122,6400.0,-85.24334117157798,-0.0017535876631681034,Inf,15.0
base,3.0,15.0,400.0,0.01,483.09183977311596,186.93234941287122,6400.0,-541.1605358105165,-0.0017535876631681034,Inf,15.0
base,3.0,15.0,400.0,0.02,483.09183977311596,186.93234941287122,6400.0,-950.3342209877674,-0.0017535876631681034,Inf,15.0
base,3.0,15.0,400.0,0.03,483.09183977311596,186.93234941287122,6400.0,-1318.4477829535879,-0.0017535876631681034,Inf,15.0
base,3.0,15.0,400.0,0.04,483.09183977311596,186.93234941287122,6400.0,-1650.4117680825086,-0.0017535876631681034,Inf,15.0
base,3.0,25.0,100.0,0.0,546.7665267453665,135.66732374346893,2900.0,4247.083186524845,0.15183058523625612,5.553089408735989,15.0
base,3.0,25.0,100.0,0.01,546.7665267453665,135.66732374346893,2900.0,3731.0731021622155,0.15183058523625612,5.553089408735989,15.0
base,3.0,25.0,100.0,0.02,546.7665267453665,135.66732374346893,2900.0,3267.9676297430597,0.15183058523625612,5.553089408735989,15.0
base,3.0,25.0,100.0,0.03,546.7665267453665,135.66732374346893,2900.0,2851.3342752685894,0.15183058523625612,5.553089408735989,15.0
base,3.0,25.0,100.0,0.04,546.7665267453665,135.66732374346893,2900.0,2475.615250002639,0.15183058523625612,5.553089408735989,15.0
base,3.0,25.0,150.0,0.0,546.7665267453665,135.66732374346893,4150.0,2997.083186524845,0.08185541674326995,8.150721240017388,15.0
base,3.0,25.0,150.0,0.01,546.7665267453665,135.66732374346893,4150.0,2481.0731021622155,0.08185541674326995,8.150721240017388,15.0
base,3.0,25.0,150.0,0.02,546.7665267453665,135.66732374346893,4150.0,2017.9676297430606,0.08185541674326995,8.150721240017388,15.0
base,3.0,25.0,150.0,0.03,546.7665267453665,135.66732374346893,4150.0,1601.3342752685896,0.08185541674326995,8.150721240017388,15.0
base,3.0,25.0,150.0,0.04,546.7665267453665,135.66732374346893,4150.0,1225.6152500026392,0.08185541674326995,8.150721240017388,15.0
base,3.0,25.0,200.0,0.0,546.7665267453665,135.66732374346893,5400.0,1747.0831865248454,0.03931915278224545,10.89329251499848,15.0
base,3.0,25.0,200.0,0.01,546.7665267453665,135.66732374346893,5400.0,1231.0731021622157,0.03931915278224545,10.89329251499848,15.0
base,3.0,25.0,200.0,0.02,546.7665267453665,135.66732374346893,5400.0,767.9676297430599,0.03931915278224545,10.89329251499848,15.0
base,3.0,25.0,200.0,0.03,546.7665267453665,135.66732374346893,5400.0,351.3342752685894,0.03931915278224545,10.89329251499848,15.0
base,3.0,25.0,200.0,0.04,546.7665267453665,135.66732374346893,5400.0,-24.38474999736033,0.03931915278224545,10.89329251499848,15.0
base,3.0,25.0,250.0,0.0,546.7665267453665,135.66732374346893,6650.0,497.0831865248464,0.009613285802445772,13.797807579319642,15.0
base,3.0,25.0,250.0,0.01,546.7665267453665,135.66732374346893,6650.0,-18.926897837784736,0.009613285802445772,13.797807579319642,15.0
base,3.0,25.0,250.0,0.02,546.7665267453665,135.66732374346893,6650.0,-482.03237025694045,0.009613285802445772,13.797807579319642,15.0
base,3.0,25.0,250.0,0.03,546.7665267453665,135.66732374346893,6650.0,-898.6657247314108,0.009613285802445772,13.797807579319642,15.0
base,3.0,25.0,250.0,0.04,546.7665267453665,135.66732374346893,6650.0,-1274.3847499973601,0.009613285802445772,13.797807579319642,15.0
base,3.0,25.0,300.0,0.0,546.7665267453665,135.66732374346893,7900.0,-752.9168134751546,-0.012850694310546147,Inf,15.0
base,3.0,25.0,300.0,0.01,546.7665267453665,135.66732374346893,7900.0,-1268.9268978377854,-0.012850694310546147,Inf,15.0
base,3.0,25.0,300.0,0.02,546.7665267453665,135.66732374346893,7900.0,-1732.0323702569412,-0.012850694310546147,Inf,15.0
base,3.0,25.0,300.0,0.03,546.7665267453665,135.66732374346893,7900.0,-2148.6657247314106,-0.012850694310546147,Inf,15.0
base,3.0,25.0,300.0,0.04,546.7665267453665,135.66732374346893,7900.0,-2524.3847499973604,-0.012850694310546147,Inf,15.0
base,3.0,25.0,350.0,0.0,546.7665267453665,135.66732374346893,9150.0,-2002.9168134751546,-0.030733364066098036,Inf,15.0
base,3.0,25.0,350.0,0.01,546.7665267453665,135.66732374346893,9150.0,-2518.926897837784,-0.030733364066098036,Inf,15.0
base,3.0,25.0,350.0,0.02,546.7665267453665,135.66732374346893,9150.0,-2982.032370256942,-0.030733364066098036,Inf,15.0
base,3.0,25.0,350.0,0.03,546.7665267453665,135.66732374346893,9150.0,-3398.6657247314097,-0.030733364066098036,Inf,15.0
base,3.0,25.0,350.0,0.04,546.7665267453665,135.66732374346893,9150.0,-3774.38474999736,-0.030733364066098036,Inf,15.0
base,3.0,25.0,400.0,0.0,546.7665267453665,135.66732374346893,10400.0,-3252.9168134751544,-0.04548736949434363,Inf,15.0
base,3.0,25.0,400.0,0.01,546.7665267453665,135.66732374346893,10400.0,-3768.926897837784,-0.04548736949434363,Inf,15.0
base,3.0,25.0,400.0,0.02,546.7665267453665,135.66732374346893,10400.0,-4232.032370256941,-0.04548736949434363,Inf,15.0
base,3.0,25.0,400.0,0.03,546.7665267453665,135.66732374346893,10400.0,-4648.665724731408,-0.04548736949434363,Inf,15.0
base,3.0,25.0,400.0,0.04,546.7665267453665,135.66732374346893,10400.0,-5024.384749997361,-0.04548736949434363,Inf,15.0
base,3.0,30.0,100.0,0.0,573.1782427814883,121.00138921174722,3400.0,4092.3251177247503,0.1281892337700537,6.252817214807333,15.0
base,3.0,30.0,100.0,0.01,573.1782427814883,121.00138921174722,3400.0,3551.389016217131,0.1281892337700537,6.252817214807333,15.0
base,3.0,30.0,100.0,0.02,573.1782427814883,121.00138921174722,3400.0,3065.913099313899,0.1281892337700537,6.252817214807333,15.0
base,3.0,30.0,100.0,0.03,573.1782427814883,121.00138921174722,3400.0,2629.154149523531,0.1281892337700537,6.252817214807333,15.0
base,3.0,30.0,100.0,0.04,573.1782427814883,121.00138921174722,3400.0,2235.2859075091405,0.1281892337700537,6.252817214807333,15.0
base,3.0,30.0,150.0,0.0,573.1782427814883,121.00138921174722,4900.0,2592.3251177247494,0.06186300250685059,9.283313803052945,15.0
base,3.0,30.0,150.0,0.01,573.1782427814883,121.00138921174722,4900.0,2051.3890162171315,0.06186300250685059,9.283313803052945,15.0
base,3.0,30.0,150.0,0.02,573.1782427814883,121.00138921174722,4900.0,1565.913099313899,0.06186300250685059,9.283313803052945,15.0
base,3.0,30.0,150.0,0.03,573.1782427814883,121.00138921174722,4900.0,1129.1541495235301,0.06186300250685059,9.283313803052945,15.0
base,3.0,30.0,150.0,0.04,573.1782427814883,121.00138921174722,4900.0,735.2859075091403,0.06186300250685059,9.283313803052945,15.0
base,3.0,30.0,200.0,0.0,573.1782427814883,121.00138921174722,6400.0,1092.3251177247507,0.021443608912750517,12.511837329115426,15.0
base,3.0,30.0,200.0,0.01,573.1782427814883,121.00138921174722,6400.0,551.3890162171319,0.021443608912750517,12.511837329115426,15.0
base,3.0,30.0,200.0,0.02,573.1782427814883,121.00138921174722,6400.0,65.91309931389969,0.021443608912750517,12.511837329115426,15.0
base,3.0,30.0,200.0,0.03,573.1782427814883,121.00138921174722,6400.0,-370.8458504764689,0.021443608912750517,12.511837329115426,15.0
base,3.0,30.0,200.0,0.04,573.1782427814883,121.00138921174722,6400.0,-764.7140924908597,0.021443608912750517,12.511837329115426,15.0
base,3.0,30.0,250.0,0.0,573.1782427814883,121.00138921174722,7900.0,-407.67488227524814,-0.006868428854433317,Inf,15.0
base,3.0,30.0,250.0,0.01,573.1782427814883,121.00138921174722,7900.0,-948.6109837828681,-0.006868428854433317,Inf,15.0
base,3.0,30.0,250.0,0.02,573.1782427814883,121.00138921174722,7900.0,-1434.0869006861008,-0.006868428854433317,Inf,15.0
base,3.0,30.0,250.0,0.03,573.1782427814883,121.00138921174722,7900.0,-1870.8458504764685,-0.006868428854433317,Inf,15.0
base,3.0,30.0,250.0,0.04,573.1782427814883,121.00138921174722,7900.0,-2264.7140924908595,-0.006868428854433317,Inf,15.0
base,3.0,30.0,300.0,0.0,573.1782427814883,121.00138921174722,9400.0,-1907.6748822752495,-0.028335318041576782,Inf,15.0
base,3.0,30.0,300.0,0.01,573.1782427814883,121.00138921174722,9400.0,-2448.610983782869,-0.028335318041576782,Inf,15.0
base,3.0,30.0,300.0,0.02,573.1782427814883,121.00138921174722,9400.0,-2934.086900686099,-0.028335318041576782,Inf,15.0
base,3.0,30.0,300.0,0.03,573.1782427814883,121.00138921174722,9400.0,-3370.8458504764676,-0.028335318041576782,Inf,15.0
base,3.0,30.0,300.0,0.04,573.1782427814883,121.00138921174722,9400.0,-3764.7140924908576,-0.028335318041576782,Inf,15.0
base,3.0,30.0,350.0,0.0,573.1782427814883,121.00138921174722,10900.0,-3407.674882275249,-0.04546287579946684,Inf,15.0
base,3.0,30.0,350.0,0.01,573.1782427814883,121.00138921174722,10900.0,-3948.6109837828694,-0.04546287579946684,Inf,15.0
base,3.0,30.0,350.0,0.02,573.1782427814883,121.00138921174722,10900.0,-4434.0869006861,-0.04546287579946684,Inf,15.0
base,3.0,30.0,350.0,0.03,573.1782427814883,121.00138921174722,10900.0,-4870.845850476468,-0.04546287579946684,Inf,15.0
base,3.0,30.0,350.0,0.04,573.1782427814883,121.00138921174722,10900.0,-5264.714092490856,-0.04546287579946684,Inf,15.0
base,3.0,30.0,400.0,0.0,573.1782427814883,121.00138921174722,12400.0,-4907.674882275248,-0.05962097458259612,Inf,15.0
base,3.0,30.0,400.0,0.01,573.1782427814883,121.00138921174722,12400.0,-5448.61098378287,-0.05962097458259612,Inf,15.0
base,3.0,30.0,400.0,0.02,573.1782427814883,121.00138921174722,12400.0,-5934.086900686099,-0.05962097458259612,Inf,15.0
base,3.0,30.0,400.0,0.03,573.1782427814883,121.00138921174722,12400.0,-6370.8458504764685,-0.05962097458259612,Inf,15.0
base,3.0,30.0,400.0,0.04,573.1782427814883,121.00138921174722,12400.0,-6764.7140924908545,-0.05962097458259612,Inf,15.0
base,6.0,2.5,100.0,0.0,186.95778280070886,337.0309836308869,650.0,1793.827046250749,0.26107974400462797,3.5698313785330598,15.0
base,6.0,2.5,100.0,0.01,186.95778280070886,337.0309836308869,650.0,1617.3859209143184,0.26107974400462797,3.5698313785330598,15.0
base,6.0,2.5,100.0,0.02,186.95778280070886,337.0309836308869,650.0,1459.0346537990192,0.26107974400462797,3.5698313785330598,15.0
base,6.0,2.5,100.0,0.03,186.95778280070886,337.0309836308869,650.0,1316.5737598283752,0.26107974400462797,3.5698313785330598,15.0
base,6.0,2.5,100.0,0.04,186.95778280070886,337.0309836308869,650.0,1188.1028449428368,0.26107974400462797,3.5698313785330598,15.0
base,6.0,2.5,150.0,0.0,186.95778280070886,337.0309836308869,775.0,1668.827046250749,0.2111724884922978,4.285925823953692,15.0
base,6.0,2.5,150.0,0.01,186.95778280070886,337.0309836308869,775.0,1492.3859209143184,0.2111724884922978,4.285925823953692,15.0
base,6.0,2.5,150.0,0.02,186.95778280070886,337.0309836308869,775.0,1334.0346537990192,0.2111724884922978,4.285925823953692,15.0
base,6.0,2.5,150.0,0.03,186.95778280070886,337.0309836308869,775.0,1191.5737598283752,0.2111724884922978,4.285925823953692,15.0
base,6.0,2.5,150.0,0.04,186.95778280070886,337.0309836308869,775.0,1063.1028449428368,0.2111724884922978,4.285925823953692,15.0
base,6.0,2.5,200.0,0.0,186.95778280070886,337.0309836308869,900.0,1543.827046250749,0.1738776910390924,5.011019613094727,15.0
base,6.0,2.5,200.0,0.01,186.95778280070886,337.0309836308869,900.0,1367.3859209143184,0.1738776910390924,5.011019613094727,15.0
base,6.0,2.5,200.0,0.02,186.95778280070886,337.0309836308869,900.0,1209.0346537990192,0.1738776910390924,5.011019613094727,15.0
base,6.0,2.5,200.0,0.03,186.95778280070886,337.0309836308869,900.0,1066.5737598283754,0.1738776910390924,5.011019613094727,15.0
base,6.0,2.5,200.0,0.04,186.95778280070886,337.0309836308869,900.0,938.1028449428368,0.1738776910390924,5.011019613094727,15.0
base,6.0,2.5,250.0,0.0,186.95778280070886,337.0309836308869,1025.0,1418.827046250749,0.14464069383757297,5.750686344604055,15.0
base,6.0,2.5,250.0,0.01,186.95778280070886,337.0309836308869,1025.0,1242.3859209143184,0.14464069383757297,5.750686344604055,15.0
base,6.0,2.5,250.0,0.02,186.95778280070886,337.0309836308869,1025.0,1084.0346537990192,0.14464069383757297,5.750686344604055,15.0
base,6.0,2.5,250.0,0.03,186.95778280070886,337.0309836308869,1025.0,941.5737598283753,0.14464069383757297,5.750686344604055,15.0
base,6.0,2.5,250.0,0.04,186.95778280070886,337.0309836308869,1025.0,813.1028449428368,0.14464069383757297,5.750686344604055,15.0
base,6.0,2.5,300.0,0.0,186.95778280070886,337.0309836308869,1150.0,1293.8270462507492,0.12089753177946017,6.50036028174835,15.0
base,6.0,2.5,300.0,0.01,186.95778280070886,337.0309836308869,1150.0,1117.3859209143184,0.12089753177946017,6.50036028174835,15.0
base,6.0,2.5,300.0,0.02,186.95778280070886,337.0309836308869,1150.0,959.0346537990191,0.12089753177946017,6.50036028174835,15.0
base,6.0,2.5,300.0,0.03,186.95778280070886,337.0309836308869,1150.0,816.5737598283753,0.12089753177946017,6.50036028174835,15.0
base,6.0,2.5,300.0,0.04,186.95778280070886,337.0309836308869,1150.0,688.1028449428368,0.12089753177946017,6.50036028174835,15.0
base,6.0,2.5,350.0,0.0,186.95778280070886,337.0309836308869,1275.0,1168.827046250749,0.10108992051997798,7.260328829261464,15.0
base,6.0,2.5,350.0,0.01,186.95778280070886,337.0309836308869,1275.0,992.3859209143186,0.10108992051997798,7.260328829261464,15.0
base,6.0,2.5,350.0,0.02,186.95778280070886,337.0309836308869,1275.0,834.034653799019,0.10108992051997798,7.260328829261464,15.0
base,6.0,2.5,350.0,0.03,186.95778280070886,337.0309836308869,1275.0,691.5737598283755,0.10108992051997798,7.260328829261464,15.0
base,6.0,2.5,350.0,0.04,186.95778280070886,337.0309836308869,1275.0,563.1028449428366,0.10108992051997798,7.260328829261464,15.0
base,6.0,2.5,400.0,0.0,186.95778280070886,337.0309836308869,1400.0,1043.8270462507487,0.08421288660134446,8.031116434406623,15.0
base,6.0,2.5,400.0,0.01,186.95778280070886,337.0309836308869,1400.0,867.3859209143186,0.08421288660134446,8.031116434406623,15.0
base,6.0,2.5,400.0,0.02,186.95778280070886,337.0309836308869,1400.0,709.034653799019,0.08421288660134446,8.031116434406623,15.0
base,6.0,2.5,400.0,0.03,186.95778280070886,337.0309836308869,1400.0,566.5737598283755,0.08421288660134446,8.031116434406623,15.0
base,6.0,2.5,400.0,0.04,186.95778280070886,337.0309836308869,1400.0,438.10284494283655,0.08421288660134446,8.031116434406623,15.0
base,6.0,7.5,100.0,0.0,434.27666800300983,290.8934310263857,1150.0,4526.666950809543,0.3546953501636016,2.6956283590224177,15.0
base,6.0,7.5,100.0,0.01,434.27666800300983,290.8934310263857,1150.0,4116.819000850242,0.3546953501636016,2.6956283590224177,15.0
base,6.0,7.5,100.0,0.02,434.27666800300983,290.8934310263857,1150.0,3748.9912505062434,0.3546953501636016,2.6956283590224177,15.0
base,6.0,7.5,100.0,0.03,434.27666800300983,290.8934310263857,1150.0,3418.0746049004815,0.3546953501636016,2.6956283590224177,15.0
base,6.0,7.5,100.0,0.04,434.27666800300983,290.8934310263857,1150.0,3119.654715575721,0.3546953501636016,2.6956283590224177,15.0
base,6.0,7.5,150.0,0.0,434.27666800300983,290.8934310263857,1525.0,4151.666950809543,0.2580508828462666,3.606875435763625,15.0
base,6.0,7.5,150.0,0.01,434.27666800300983,290.8934310263857,1525.0,3741.819000850243,0.2580508828462666,3.606875435763625,15.0
base,6.0,7.5,150.0,0.02,434.27666800300983,290.8934310263857,1525.0,3373.9912505062434,0.2580508828462666,3.606875435763625,15.0
base,6.0,7.5,150.0,0.03,434.27666800300983,290.8934310263857,1525.0,3043.0746049004815,0.2580508828462666,3.606875435763625,15.0
base,6.0,7.5,150.0,0.04,434.27666800300983,290.8934310263857,1525.0,2744.6547155757216,0.2580508828462666,3.606875435763625,15.0
base,6.0,7.5,200.0,0.0,434.27666800300983,290.8934310263857,1900.0,3776.6669508095424,0.19722224563717417,4.535034876170644,15.0
base,6.0,7.5,200.0,0.01,434.27666800300983,290.8934310263857,1900.0,3366.819000850243,0.19722224563717417,4.535034876170644,15.0
base,6.0,7.5,200.0,0.02,434.27666800300983,290.8934310263857,1900.0,2998.9912505062434,0.19722224563717417,4.535034876170644,15.0
base,6.0,7.5,200.0,0.03,434.27666800300983,290.8934310263857,1900.0,2668.0746049004815,0.19722224563717417,4.535034876170644,15.0
base,6.0,7.5,200.0,0.04,434.27666800300983,290.8934310263857,1900.0,2369.6547155757216,0.19722224563717417,4.535034876170644,15.0
base,6.0,7.5,250.0,0.0,434.27666800300983,290.8934310263857,2275.0,3401.6669508095424,0.15456381698050103,5.480833945783879,15.0
base,6.0,7.5,250.0,0.01,434.27666800300983,290.8934310263857,2275.0,2991.819000850243,0.15456381698050103,5.480833945783879,15.0
base,6.0,7.5,250.0,0.02,434.27666800300983,290.8934310263857,2275.0,2623.9912505062434,0.15456381698050103,5.480833945783879,15.0
base,6.0,7.5,250.0,0.03,434.27666800300983,290.8934310263857,2275.0,2293.0746049004815,0.15456381698050103,5.480833945783879,15.0
base,6.0,7.5,250.0,0.04,434.27666800300983,290.8934310263857,2275.0,1994.6547155757216,0.15456381698050103,5.480833945783879,15.0
base,6.0,7.5,300.0,0.0,434.27666800300983,290.8934310263857,2650.0,3026.6669508095424,0.12248968153980164,6.445022550568264,15.0
base,6.0,7.5,300.0,0.01,434.27666800300983,290.8934310263857,2650.0,2616.819000850243,0.12248968153980164,6.445022550568264,15.0
base,6.0,7.5,300.0,0.02,434.27666800300983,290.8934310263857,2650.0,2248.9912505062434,0.12248968153980164,6.445022550568264,15.0
base,6.0,7.5,300.0,0.03,434.27666800300983,290.8934310263857,2650.0,1918.0746049004813,0.12248968153980164,6.445022550568264,15.0
base,6.0,7.5,300.0,0.04,434.27666800300983,290.8934310263857,2650.0,1619.6547155757216,0.12248968153980164,6.445022550568264,15.0
base,6.0,7.5,350.0,0.0,434.27666800300983,290.8934310263857,3025.0,2651.6669508095433,0.09718498824222019,7.428373858111116,15.0
base,6.0,7.5,350.0,0.01,434.27666800300983,290.8934310263857,3025.0,2241.819000850243,0.09718498824222019,7.428373858111116,15.0
base,6.0,7.5,350.0,0.02,434.27666800300983,290.8934310263857,3025.0,1873.9912505062434,0.09718498824222019,7.428373858111116,15.0
base,6.0,7.5,350.0,0.03,434.27666800300983,290.8934310263857,3025.0,1543.0746049004815,0.09718498824222019,7.428373858111116,15.0
base,6.0,7.5,350.0,0.04,434.27666800300983,290.8934310263857,3025.0,1244.6547155757212,0.09718498824222019,7.428373858111116,15.0
base,6.0,7.5,400.0,0.0,434.27666800300983,290.8934310263857,3400.0,2276.666950809543,0.07651043184171434,8.431684934745444,15.0
base,6.0,7.5,400.0,0.01,434.27666800300983,290.8934310263857,3400.0,1866.819000850243,0.07651043184171434,8.431684934745444,15.0
base,6.0,7.5,400.0,0.02,434.27666800300983,290.8934310263857,3400.0,1498.9912505062434,0.07651043184171434,8.431684934745444,15.0
base,6.0,7.5,400.0,0.03,434.27666800300983,290.8934310263857,3400.0,1168.0746049004815,0.07651043184171434,8.431684934745444,15.0
base,6.0,7.5,400.0,0.04,434.27666800300983,290.8934310263857,3400.0,869.6547155757214,0.07651043184171434,8.431684934745444,15.0
base,6.0,12.5,100.0,0.0,590.1196164293519,256.8707488663431,1650.0,6063.775043483774,0.3341506187750657,2.8496910667237576,15.0
base,6.0,12.5,100.0,0.01,590.1196164293519,256.8707488663431,1650.0,5506.850546166177,0.3341506187750657,2.8496910667237576,15.0
base,6.0,12.5,100.0,0.02,590.1196164293519,256.8707488663431,1650.0,5007.02546474235,0.3341506187750657,2.8496910667237576,15.0
base,6.0,12.5,100.0,0.03,590.1196164293519,256.8707488663431,1650.0,4557.357273096358,0.3341506187750657,2.8496910667237576,15.0
base,6.0,12.5,100.0,0.04,590.1196164293519,256.8707488663431,1650.0,4151.847505710014,0.3341506187750657,2.8496910667237576,15.0
base,6.0,12.5,150.0,0.0,590.1196164293519,256.8707488663431,2275.0,5438.775043483774,0.23090141960298743,3.9719064880172614,15.0
base,6.0,12.5,150.0,0.01,590.1196164293519,256.8707488663431,2275.0,4881.850546166177,0.23090141960298743,3.9719064880172614,15.0
base,6.0,12.5,150.0,0.02,590.1196164293519,256.8707488663431,2275.0,4382.02546474235,0.23090141960298743,3.9719064880172614,15.0
base,6.0,12.5,150.0,0.03,590.1196164293519,256.8707488663431,2275.0,3932.357273096358,0.23090141960298743,3.9719064880172614,15.0
base,6.0,12.5,150.0,0.04,590.1196164293519,256.8707488663431,2275.0,3526.847505710014,0.23090141960298743,3.9719064880172614,15.0
base,6.0,12.5,200.0,0.0,590.1196164293519,256.8707488663431,2900.0,4813.775043483774,0.16905473079575242,5.122021489547377,15.0
base,6.0,12.5,200.0,0.01,590.1196164293519,256.8707488663431,2900.0,4256.850546166176,0.16905473079575242,5.122021489547377,15.0
base,6.0,12.5,200.0,0.02,590.1196164293519,256.8707488663431,2900.0,3757.0254647423494,0.16905473079575242,5.122021489547377,15.0
base,6.0,12.5,200.0,0.03,590.1196164293519,256.8707488663431,2900.0,3307.3572730963583,0.16905473079575242,5.122021489547377,15.0
base,6.0,12.5,200.0,0.04,590.1196164293519,256.8707488663431,2900.0,2901.847505710014,0.16905473079575242,5.122021489547377,15.0
base,6.0,12.5,250.0,0.0,590.1196164293519,256.8707488663431,3525.0,4188.775043483774,0.12677412637951754,6.299696968424446,15.0
base,6.0,12.5,250.0,0.01,590.1196164293519,256.8707488663431,3525.0,3631.8505461661766,0.12677412637951754,6.299696968424446,15.0
base,6.0,12.5,250.0,0.02,590.1196164293519,256.8707488663431,3525.0,3132.0254647423494,0.12677412637951754,6.299696968424446,15.0
base,6.0,12.5,250.0,0.03,590.1196164293519,256.8707488663431,3525.0,2682.3572730963583,0.12677412637951754,6.299696968424446,15.0
base,6.0,12.5,250.0,0.04,590.1196164293519,256.8707488663431,3525.0,2276.8475057100145,0.12677412637951754,6.299696968424446,15.0
base,6.0,12.5,300.0,0.0,590.1196164293519,256.8707488663431,4150.0,3563.7750434837753,0.09543915766072751,7.505398342945165,15.0
base,6.0,12.5,300.0,0.01,590.1196164293519,256.8707488663431,4150.0,3006.8505461661766,0.09543915766072751,7.505398342945165,15.0
base,6.0,12.5,300.0,0.02,590.1196164293519,256.8707488663431,4150.0,2507.0254647423494,0.09543915766072751,7.505398342945165,15.0
base,6.0,12.5,300.0,0.03,590.1196164293519,256.8707488663431,4150.0,2057.357273096358,0.09543915766072751,7.505398342945165,15.0
base,6.0,12.5,300.0,0.04,590.1196164293519,256.8707488663431,4150.0,1651.8475057100143,0.09543915766072751,7.505398342945165,15.0
base,6.0,12.5,350.0,0.0,590.1196164293519,256.8707488663431,4775.0,2938.775043483776,0.07093160799327161,8.740195526601495,15.0
base,6.0,12.5,350.0,0.01,590.1196164293519,256.8707488663431,4775.0,2381.8505461661766,0.07093160799327161,8.740195526601495,15.0
base,6.0,12.5,350.0,0.02,590.1196164293519,256.8707488663431,4775.0,1882.0254647423494,0.07093160799327161,8.740195526601495,15.0
base,6.0,12.5,350.0,0.03,590.1196164293519,256.8707488663431,4775.0,1432.3572730963576,0.07093160799327161,8.740195526601495,15.0
base,6.0,12.5,350.0,0.04,590.1196164293519,256.8707488663431,4775.0,1026.8475057100145,0.07093160799327161,8.740195526601495,15.0
base,6.0,12.5,400.0,0.0,590.1196164293519,256.8707488663431,5400.0,2313.7750434837753,0.05101772017283844,10.005296357378482,15.0
base,6.0,12.5,400.0,0.01,590.1196164293519,256.8707488663431,5400.0,1756.8505461661762,0.05101772017283844,10.005296357378482,15.0
base,6.0,12.5,400.0,0.02,590.1196164293519,256.8707488663431,5400.0,1257.0254647423492,0.05101772017283844,10.005296357378482,15.0
base,6.0,12.5,400.0,0.03,590.1196164293519,256.8707488663431,5400.0,807.3572730963585,0.05101772017283844,10.005296357378482,15.0
base,6.0,12.5,400.0,0.04,590.1196164293519,256.8707488663431,5400.0,401.8475057100139,0.05101772017283844,10.005296357378482,15.0
base,6.0,25.0,100.0,0.0,795.5667879801745,189.9869852777112,2900.0,7499.286964358534,0.2469373145574308,3.748837569997869,15.0
base,6.0,25.0,100.0,0.01,795.5667879801745,189.9869852777112,2900.0,6748.472008978249,0.2469373145574308,3.748837569997869,15.0
base,6.0,25.0,100.0,0.02,795.5667879801745,189.9869852777112,2900.0,6074.635343479284,0.2469373145574308,3.748837569997869,15.0
base,6.0,25.0,100.0,0.03,795.5667879801745,189.9869852777112,2900.0,5468.417436253548,0.2469373145574308,3.748837569997869,15.0
base,6.0,25.0,100.0,0.04,795.5667879801745,189.9869852777112,2900.0,4921.731486231814,0.2469373145574308,3.748837569997869,15.0
base,6.0,25.0,150.0,0.0,795.5667879801745,189.9869852777112,4150.0,6249.286964358534,0.15550570225956448,5.456286256604633,15.0
base,6.0,25.0,150.0,0.01,795.5667879801745,189.9869852777112,4150.0,5498.472008978248,0.15550570225956448,5.456286256604633,15.0
base,6.0,25.0,150.0,0.02,795.5667879801745,189.9869852777112,4150.0,4824.635343479283,0.15550570225956448,5.456286256604633,15.0
base,6.0,25.0,150.0,0.03,795.5667879801745,189.9869852777112,4150.0,4218.417436253548,0.15550570225956448,5.456286256604633,15.0
base,6.0,25.0,150.0,0.04,795.5667879801745,189.9869852777112,4150.0,3671.731486231815,0.15550570225956448,5.456286256604633,15.0
base,6.0,25.0,200.0,0.0,795.5667879801745,189.9869852777112,5400.0,4999.286964358534,0.10196764200481417,7.223343650206128,15.0
base,6.0,25.0,200.0,0.01,795.5667879801745,189.9869852777112,5400.0,4248.472008978248,0.10196764200481417,7.223343650206128,15.0
base,6.0,25.0,200.0,0.02,795.5667879801745,189.9869852777112,5400.0,3574.6353434792823,0.10196764200481417,7.223343650206128,15.0
base,6.0,25.0,200.0,0.03,795.5667879801745,189.9869852777112,5400.0,2968.4174362535477,0.10196764200481417,7.223343650206128,15.0
base,6.0,25.0,200.0,0.04,795.5667879801745,189.9869852777112,5400.0,2421.731486231815,0.10196764200481417,7.223343650206128,15.0
base,6.0,25.0,250.0,0.0,795.5667879801745,189.9869852777112,6650.0,3749.286964358534,0.06553690574085061,9.055422800708232,15.0
base,6.0,25.0,250.0,0.01,795.5667879801745,189.9869852777112,6650.0,2998.4720089782463,0.06553690574085061,9.055422800708232,15.0
base,6.0,25.0,250.0,0.02,795.5667879801745,189.9869852777112,6650.0,2324.6353434792823,0.06553690574085061,9.055422800708232,15.0
base,6.0,25.0,250.0,0.03,795.5667879801745,189.9869852777112,6650.0,1718.4174362535487,0.06553690574085061,9.055422800708232,15.0
base,6.0,25.0,250.0,0.04,795.5667879801745,189.9869852777112,6650.0,1171.7314862318158,0.06553690574085061,9.055422800708232,15.0
base,6.0,25.0,300.0,0.0,795.5667879801745,189.9869852777112,7900.0,2499.286964358534,0.038504280027600486,10.959116169064593,15.0
base,6.0,25.0,300.0,0.01,795.5667879801745,189.9869852777112,7900.0,1748.4720089782468,0.038504280027600486,10.959116169064593,15.0
base,6.0,25.0,300.0,0.02,795.5667879801745,189.9869852777112,7900.0,1074.6353434792827,0.038504280027600486,10.959116169064593,15.0
base,6.0,25.0,300.0,0.03,795.5667879801745,189.9869852777112,7900.0,468.4174362535487,0.038504280027600486,10.959116169064593,15.0
base,6.0,25.0,300.0,0.04,795.5667879801745,189.9869852777112,7900.0,-78.26851376818507,0.038504280027600486,10.959116169064593,15.0
base,6.0,25.0,350.0,0.0,795.5667879801745,189.9869852777112,9150.0,1249.2869643585339,0.017293024396407987,12.939282198168252,15.0
base,6.0,25.0,350.0,0.01,795.5667879801745,189.9869852777112,9150.0,498.4720089782471,0.017293024396407987,12.939282198168252,15.0
base,6.0,25.0,350.0,0.02,795.5667879801745,189.9869852777112,9150.0,-175.36465652071695,0.017293024396407987,12.939282198168252,15.0
base,6.0,25.0,350.0,0.03,795.5667879801745,189.9869852777112,9150.0,-781.5825637464513,0.017293024396407987,12.939282198168252,15.0
base,6.0,25.0,350.0,0.04,795.5667879801745,189.9869852777112,9150.0,-1328.2685137681851,0.017293024396407987,12.939282198168252,15.0
base,6.0,25.0,400.0,0.0,795.5667879801745,189.9869852777112,10400.0,-0.7130356414648986,-8.993606337012967e-6,Inf,15.0
base,6.0,25.0,400.0,0.01,795.5667879801745,189.9869852777112,10400.0,-751.5279910217545,-8.993606337012967e-6,Inf,15.0
base,6.0,25.0,400.0,0.02,795.5667879801745,189.9869852777112,10400.0,-1425.3646565207173,-8.993606337012967e-6,Inf,15.0
base,6.0,25.0,400.0,0.03,795.5667879801745,189.9869852777112,10400.0,-2031.5825637464516,-8.993606337012967e-6,Inf,15.0
base,6.0,25.0,400.0,0.04,795.5667879801745,189.9869852777112,10400.0,-2578.2685137681856,-8.993606337012967e-6,Inf,15.0
base,9.0,2.5,100.0,0.0,187.97049237373767,344.0644505387042,650.0,1807.0647248725747,0.26273018279038285,3.5499298324343163,15.0
base,9.0,2.5,100.0,0.01,187.97049237373767,344.0644505387042,650.0,1629.6678564051151,0.26273018279038285,3.5499298324343163,15.0
base,9.0,2.5,100.0,0.02,187.97049237373767,344.0644505387042,650.0,1470.458834979155,0.26273018279038285,3.5499298324343163,15.0
base,9.0,2.5,100.0,0.03,187.97049237373767,344.0644505387042,650.0,1327.2262613868065,0.26273018279038285,3.5499298324343163,15.0
base,9.0,2.5,100.0,0.04,187.97049237373767,344.0644505387042,650.0,1198.0594475479786,0.26273018279038285,3.5499298324343163,15.0
base,9.0,2.5,150.0,0.0,187.97049237373767,344.0644505387042,775.0,1682.0647248725747,0.21260216739547103,4.26171279691048,15.0
base,9.0,2.5,150.0,0.01,187.97049237373767,344.0644505387042,775.0,1504.6678564051151,0.21260216739547103,4.26171279691048,15.0
base,9.0,2.5,150.0,0.02,187.97049237373767,344.0644505387042,775.0,1345.458834979155,0.21260216739547103,4.26171279691048,15.0
base,9.0,2.5,150.0,0.03,187.97049237373767,344.0644505387042,775.0,1202.2262613868068,0.21260216739547103,4.26171279691048,15.0
base,9.0,2.5,150.0,0.04,187.97049237373767,344.0644505387042,775.0,1073.0594475479786,0.21260216739547103,4.26171279691048,15.0
base,9.0,2.5,200.0,0.0,187.97049237373767,344.0644505387042,900.0,1557.0647248725747,0.17515287800434626,4.982680866847168,15.0
base,9.0,2.5,200.0,0.01,187.97049237373767,344.0644505387042,900.0,1379.6678564051153,0.17515287800434626,4.982680866847168,15.0
base,9.0,2.5,200.0,0.02,187.97049237373767,344.0644505387042,900.0,1220.4588349791547,0.17515287800434626,4.982680866847168,15.0
base,9.0,2.5,200.0,0.03,187.97049237373767,344.0644505387042,900.0,1077.226261386807,0.17515287800434626,4.982680866847168,15.0
base,9.0,2.5,200.0,0.04,187.97049237373767,344.0644505387042,900.0,948.0594475479785,0.17515287800434626,4.982680866847168,15.0
base,9.0,2.5,250.0,0.0,187.97049237373767,344.0644505387042,1025.0,1432.0647248725747,0.14580202984992857,5.718009119167199,15.0
base,9.0,2.5,250.0,0.01,187.97049237373767,344.0644505387042,1025.0,1254.6678564051153,0.14580202984992857,5.718009119167199,15.0
base,9.0,2.5,250.0,0.02,187.97049237373767,344.0644505387042,1025.0,1095.458834979155,0.14580202984992857,5.718009119167199,15.0
base,9.0,2.5,250.0,0.03,187.97049237373767,344.0644505387042,1025.0,952.2262613868069,0.14580202984992857,5.718009119167199,15.0
base,9.0,2.5,250.0,0.04,187.97049237373767,344.0644505387042,1025.0,823.0594475479787,0.14580202984992857,5.718009119167199,15.0
base,9.0,2.5,300.0,0.0,187.97049237373767,344.0644505387042,1150.0,1307.0647248725745,0.12197156682885174,6.4629498195757416,15.0
base,9.0,2.5,300.0,0.01,187.97049237373767,344.0644505387042,1150.0,1129.6678564051151,0.12197156682885174,6.4629498195757416,15.0
base,9.0,2.5,300.0,0.02,187.97049237373767,344.0644505387042,1150.0,970.4588349791549,0.12197156682885174,6.4629498195757416,15.0
base,9.0,2.5,300.0,0.03,187.97049237373767,344.0644505387042,1150.0,827.2262613868069,0.12197156682885174,6.4629498195757416,15.0
base,9.0,2.5,300.0,0.04,187.97049237373767,344.0644505387042,1150.0,698.0594475479787,0.12197156682885174,6.4629498195757416,15.0
base,9.0,2.5,350.0,0.0,187.97049237373767,344.0644505387042,1275.0,1182.0647248725747,0.10209488275048667,7.218005546856783,15.0
base,9.0,2.5,350.0,0.01,187.97049237373767,344.0644505387042,1275.0,1004.6678564051151,0.10209488275048667,7.218005546856783,15.0
base,9.0,2.5,350.0,0.02,187.97049237373767,344.0644505387042,1275.0,845.4588349791549,0.10209488275048667,7.218005546856783,15.0
base,9.0,2.5,350.0,0.03,187.97049237373767,344.0644505387042,1275.0,702.2262613868068,0.10209488275048667,7.218005546856783,15.0
base,9.0,2.5,350.0,0.04,187.97049237373767,344.0644505387042,1275.0,573.0594475479787,0.10209488275048667,7.218005546856783,15.0
base,9.0,2.5,400.0,0.0,187.97049237373767,344.0644505387042,1400.0,1057.0647248725745,0.08516180149659472,7.984021481901585,15.0
base,9.0,2.5,400.0,0.01,187.97049237373767,344.0644505387042,1400.0,879.6678564051153,0.08516180149659472,7.984021481901585,15.0
base,9.0,2.5,400.0,0.02,187.97049237373767,344.0644505387042,1400.0,720.458834979155,0.08516180149659472,7.984021481901585,15.0
base,9.0,2.5,400.0,0.03,187.97049237373767,344.0644505387042,1400.0,577.2262613868068,0.08516180149659472,7.984021481901585,15.0
base,9.0,2.5,400.0,0.04,187.97049237373767,344.0644505387042,1400.0,448.0594475479787,0.08516180149659472,7.984021481901585,15.0
base,9.0,5.0,100.0,0.0,334.14989039566115,319.3494298593407,900.0,3467.8552848538807,0.34817379895249345,2.7428176286981247,15.0
base,9.0,5.0,100.0,0.01,334.14989039566115,319.3494298593407,900.0,3152.501830136767,0.34817379895249345,2.7428176286981247,15.0
base,9.0,5.0,100.0,0.02,334.14989039566115,319.3494298593407,900.0,2869.4804027432087,0.34817379895249345,2.7428176286981247,15.0
base,9.0,5.0,100.0,0.03,334.14989039566115,319.3494298593407,900.0,2614.8598601113886,0.34817379895249345,2.7428176286981247,15.0
base,9.0,5.0,100.0,0.04,334.14989039566115,319.3494298593407,900.0,2385.2436254462955,0.34817379895249345,2.7428176286981247,15.0
base,9.0,5.0,150.0,0.0,334.14989039566115,319.3494298593407,1150.0,3217.8552848538807,0.26419062164858587,3.5324835813308266,15.0
base,9.0,5.0,150.0,0.01,334.14989039566115,319.3494298593407,1150.0,2902.5018301367663,0.26419062164858587,3.5324835813308266,15.0
base,9.0,5.0,150.0,0.02,334.14989039566115,319.3494298593407,1150.0,2619.4804027432087,0.26419062164858587,3.5324835813308266,15.0
base,9.0,5.0,150.0,0.03,334.14989039566115,319.3494298593407,1150.0,2364.8598601113886,0.26419062164858587,3.5324835813308266,15.0
base,9.0,5.0,150.0,0.04,334.14989039566115,319.3494298593407,1150.0,2135.243625446295,0.26419062164858587,3.5324835813308266,15.0
base,9.0,5.0,200.0,0.0,334.14989039566115,319.3494298593407,1400.0,2967.8552848538798,0.20836972187552416,4.33407974876124,15.0
base,9.0,5.0,200.0,0.01,334.14989039566115,319.3494298593407,1400.0,2652.501830136767,0.20836972187552416,4.33407974876124,15.0
base,9.0,5.0,200.0,0.02,334.14989039566115,319.3494298593407,1400.0,2369.4804027432087,0.20836972187552416,4.33407974876124,15.0
base,9.0,5.0,200.0,0.03,334.14989039566115,319.3494298593407,1400.0,2114.859860111388,0.20836972187552416,4.33407974876124,15.0
base,9.0,5.0,200.0,0.04,334.14989039566115,319.3494298593407,1400.0,1885.243625446295,0.20836972187552416,4.33407974876124,15.0
base,9.0,5.0,250.0,0.0,334.14989039566115,319.3494298593407,1650.0,2717.8552848538807,0.16794291354921137,5.148180681217413,15.0
base,9.0,5.0,250.0,0.01,334.14989039566115,319.3494298593407,1650.0,2402.5018301367663,0.16794291354921137,5.148180681217413,15.0
base,9.0,5.0,250.0,0.02,334.14989039566115,319.3494298593407,1650.0,2119.4804027432087,0.16794291354921137,5.148180681217413,15.0
base,9.0,5.0,250.0,0.03,334.14989039566115,319.3494298593407,1650.0,1864.8598601113881,0.16794291354921137,5.148180681217413,15.0
base,9.0,5.0,250.0,0.04,334.14989039566115,319.3494298593407,1650.0,1635.243625446295,0.16794291354921137,5.148180681217413,15.0
base,9.0,5.0,300.0,0.0,334.14989039566115,319.3494298593407,1900.0,2467.8552848538807,0.13691659313060872,5.975871822882541,15.0
base,9.0,5.0,300.0,0.01,334.14989039566115,319.3494298593407,1900.0,2152.501830136767,0.13691659313060872,5.975871822882541,15.0
base,9.0,5.0,300.0,0.02,334.14989039566115,319.3494298593407,1900.0,1869.4804027432085,0.13691659313060872,5.975871822882541,15.0
base,9.0,5.0,300.0,0.03,334.14989039566115,319.3494298593407,1900.0,1614.8598601113883,0.13691659313060872,5.975871822882541,15.0
base,9.0,5.0,300.0,0.04,334.14989039566115,319.3494298593407,1900.0,1385.243625446295,0.13691659313060872,5.975871822882541,15.0
base,9.0,5.0,350.0,0.0,334.14989039566115,319.3494298593407,2150.0,2217.85528485388,0.11209727569145225,6.819962208722112,15.0
base,9.0,5.0,350.0,0.01,334.14989039566115,319.3494298593407,2150.0,1902.5018301367668,0.11209727569145225,6.819962208722112,15.0
base,9.0,5.0,350.0,0.02,334.14989039566115,319.3494298593407,2150.0,1619.4804027432085,0.11209727569145225,6.819962208722112,15.0
base,9.0,5.0,350.0,0.03,334.14989039566115,319.3494298593407,2150.0,1364.8598601113883,0.11209727569145225,6.819962208722112,15.0
base,9.0,5.0,350.0,0.04,334.14989039566115,319.3494298593407,2150.0,1135.2436254462948,0.11209727569145225,6.819962208722112,15.0
base,9.0,5.0,400.0,0.0,334.14989039566115,319.3494298593407,2400.0,1967.8552848538807,0.09162037107563258,7.678107149326111,15.0
base,9.0,5.0,400.0,0.01,334.14989039566115,319.3494298593407,2400.0,1652.5018301367668,0.09162037107563258,7.678107149326111,15.0
base,9.0,5.0,400.0,0.02,334.14989039566115,319.3494298593407,2400.0,1369.4804027432083,0.09162037107563258,7.678107149326111,15.0
base,9.0,5.0,400.0,0.03,334.14989039566115,319.3494298593407,2400.0,1114.859860111388,0.09162037107563258,7.678107149326111,15.0
base,9.0,5.0,400.0,0.04,334.14989039566115,319.3494298593407,2400.0,885.2436254462948,0.09162037107563258,7.678107149326111,15.0
base,9.0,10.0,100.0,0.0,545.8814141062176,292.1805552136904,1400.0,5735.513396949216,0.36727580921452496,2.6087667463971176,15.0
base,9.0,10.0,100.0,0.01,545.8814141062176,292.1805552136904,1400.0,5220.338636303852,0.36727580921452496,2.6087667463971176,15.0
base,9.0,10.0,100.0,0.02,545.8814141062176,292.1805552136904,1400.0,4757.982844940224,0.36727580921452496,2.6087667463971176,15.0
base,9.0,10.0,100.0,0.03,545.8814141062176,292.1805552136904,1400.0,4342.02394186301,0.36727580921452496,2.6087667463971176,15.0
base,9.0,10.0,100.0,0.04,545.8814141062176,292.1805552136904,1400.0,3966.913135355459,0.36727580921452496,2.6087667463971176,15.0
base,9.0,10.0,150.0,0.0,545.8814141062176,292.1805552136904,1900.0,5235.513396949215,0.26073915547949794,3.5739630536562785,15.0
base,9.0,10.0,150.0,0.01,545.8814141062176,292.1805552136904,1900.0,4720.338636303852,0.26073915547949794,3.5739630536562785,15.0
base,9.0,10.0,150.0,0.02,545.8814141062176,292.1805552136904,1900.0,4257.982844940223,0.26073915547949794,3.5739630536562785,15.0
base,9.0,10.0,150.0,0.03,545.8814141062176,292.1805552136904,1900.0,3842.023941863009,0.26073915547949794,3.5739630536562785,15.0
base,9.0,10.0,150.0,0.04,545.8814141062176,292.1805552136904,1900.0,3466.913135355459,0.26073915547949794,3.5739630536562785,15.0
base,9.0,10.0,200.0,0.0,545.8814141062176,292.1805552136904,2400.0,4735.513396949215,0.19598512851640854,4.558309911254883,15.0
base,9.0,10.0,200.0,0.01,545.8814141062176,292.1805552136904,2400.0,4220.338636303853,0.19598512851640854,4.558309911254883,15.0
base,9.0,10.0,200.0,0.02,545.8814141062176,292.1805552136904,2400.0,3757.982844940223,0.19598512851640854,4.558309911254883,15.0
base,9.0,10.0,200.0,0.03,545.8814141062176,292.1805552136904,2400.0,3342.023941863009,0.19598512851640854,4.558309911254883,15.0
base,9.0,10.0,200.0,0.04,545.8814141062176,292.1805552136904,2400.0,2966.913135355459,0.19598512851640854,4.558309911254883,15.0
base,9.0,10.0,250.0,0.0,545.8814141062176,292.1805552136904,2900.0,4235.513396949214,0.1514749753679029,5.562603469807674,15.0
base,9.0,10.0,250.0,0.01,545.8814141062176,292.1805552136904,2900.0,3720.3386363038517,0.1514749753679029,5.562603469807674,15.0
base,9.0,10.0,250.0,0.02,545.8814141062176,292.1805552136904,2900.0,3257.982844940223,0.1514749753679029,5.562603469807674,15.0
base,9.0,10.0,250.0,0.03,545.8814141062176,292.1805552136904,2900.0,2842.023941863009,0.1514749753679029,5.562603469807674,15.0
base,9.0,10.0,250.0,0.04,545.8814141062176,292.1805552136904,2900.0,2466.913135355459,0.1514749753679029,5.562603469807674,15.0
base,9.0,10.0,300.0,0.0,545.8814141062176,292.1805552136904,3400.0,3735.513396949215,0.11842801664849723,6.587664399800249,15.0
base,9.0,10.0,300.0,0.01,545.8814141062176,292.1805552136904,3400.0,3220.3386363038517,0.11842801664849723,6.587664399800249,15.0
base,9.0,10.0,300.0,0.02,545.8814141062176,292.1805552136904,3400.0,2757.982844940223,0.11842801664849723,6.587664399800249,15.0
base,9.0,10.0,300.0,0.03,545.8814141062176,292.1805552136904,3400.0,2342.023941863009,0.11842801664849723,6.587664399800249,15.0
base,9.0,10.0,300.0,0.04,545.8814141062176,292.1805552136904,3400.0,1966.9131353554592,0.11842801664849723,6.587664399800249,15.0
base,9.0,10.0,350.0,0.0,545.8814141062176,292.1805552136904,3900.0,3235.513396949215,0.09257590032851391,7.634338560808843,15.0
base,9.0,10.0,350.0,0.01,545.8814141062176,292.1805552136904,3900.0,2720.338636303851,0.09257590032851391,7.634338560808843,15.0
base,9.0,10.0,350.0,0.02,545.8814141062176,292.1805552136904,3900.0,2257.9828449402235,0.09257590032851391,7.634338560808843,15.0
base,9.0,10.0,350.0,0.03,545.8814141062176,292.1805552136904,3900.0,1842.0239418630094,0.09257590032851391,7.634338560808843,15.0
base,9.0,10.0,350.0,0.04,545.8814141062176,292.1805552136904,3900.0,1466.913135355459,0.09257590032851391,7.634338560808843,15.0
base,9.0,10.0,400.0,0.0,545.8814141062176,292.1805552136904,4400.0,2735.5133969492153,0.07158015912468152,8.703497687822871,15.0
base,9.0,10.0,400.0,0.01,545.8814141062176,292.1805552136904,4400.0,2220.338636303852,0.07158015912468152,8.703497687822871,15.0
base,9.0,10.0,400.0,0.02,545.8814141062176,292.1805552136904,4400.0,1757.9828449402235,0.07158015912468152,8.703497687822871,15.0
base,9.0,10.0,400.0,0.03,545.8814141062176,292.1805552136904,4400.0,1342.0239418630094,0.07158015912468152,8.703497687822871,15.0
base,9.0,10.0,400.0,0.04,545.8814141062176,292.1805552136904,4400.0,966.913135355459,0.07158015912468152,8.703497687822871,15.0
base,9.0,12.5,100.0,0.0,632.5599322515806,280.48770734531035,1650.0,6618.535535954661,0.360576040700589,2.654361193061642,15.0
base,9.0,12.5,100.0,0.01,632.5599322515806,280.48770734531035,1650.0,6021.5580546364445,0.360576040700589,2.654361193061642,15.0
base,9.0,12.5,100.0,0.02,632.5599322515806,280.48770734531035,1650.0,5485.786474026825,0.360576040700589,2.654361193061642,15.0
base,9.0,12.5,100.0,0.03,632.5599322515806,280.48770734531035,1650.0,5003.778974319633,0.360576040700589,2.654361193061642,15.0
base,9.0,12.5,100.0,0.04,632.5599322515806,280.48770734531035,1650.0,4569.105691405695,0.360576040700589,2.654361193061642,15.0
base,9.0,12.5,150.0,0.0,632.5599322515806,280.48770734531035,2275.0,5993.535535954659,0.25090056838670993,3.697091730700432,15.0
base,9.0,12.5,150.0,0.01,632.5599322515806,280.48770734531035,2275.0,5396.5580546364445,0.25090056838670993,3.697091730700432,15.0
base,9.0,12.5,150.0,0.02,632.5599322515806,280.48770734531035,2275.0,4860.786474026825,0.25090056838670993,3.697091730700432,15.0
base,9.0,12.5,150.0,0.03,632.5599322515806,280.48770734531035,2275.0,4378.778974319632,0.25090056838670993,3.697091730700432,15.0
base,9.0,12.5,150.0,0.04,632.5599322515806,280.48770734531035,2275.0,3944.1056914056953,0.25090056838670993,3.697091730700432,15.0
base,9.0,12.5,200.0,0.0,632.5599322515806,280.48770734531035,2900.0,5368.53553595466,0.18559057473550628,4.762118491369435,15.0
base,9.0,12.5,200.0,0.01,632.5599322515806,280.48770734531035,2900.0,4771.558054636445,0.18559057473550628,4.762118491369435,15.0
base,9.0,12.5,200.0,0.02,632.5599322515806,280.48770734531035,2900.0,4235.786474026825,0.18559057473550628,4.762118491369435,15.0
base,9.0,12.5,200.0,0.03,632.5599322515806,280.48770734531035,2900.0,3753.778974319632,0.18559057473550628,4.762118491369435,15.0
base,9.0,12.5,200.0,0.04,632.5599322515806,280.48770734531035,2900.0,3319.1056914056953,0.18559057473550628,4.762118491369435,15.0
base,9.0,12.5,250.0,0.0,632.5599322515806,280.48770734531035,3525.0,4743.53553595466,0.14116383831697807,5.8503337280129735,15.0
base,9.0,12.5,250.0,0.01,632.5599322515806,280.48770734531035,3525.0,4146.5580546364445,0.14116383831697807,5.8503337280129735,15.0
base,9.0,12.5,250.0,0.02,632.5599322515806,280.48770734531035,3525.0,3610.7864740268246,0.14116383831697807,5.8503337280129735,15.0
base,9.0,12.5,250.0,0.03,632.5599322515806,280.48770734531035,3525.0,3128.7789743196317,0.14116383831697807,5.8503337280129735,15.0
base,9.0,12.5,250.0,0.04,632.5599322515806,280.48770734531035,3525.0,2694.1056914056953,0.14116383831697807,5.8503337280129735,15.0
base,9.0,12.5,300.0,0.0,632.5599322515806,280.48770734531035,4150.0,4118.535535954659,0.1083712702455835,6.962656825839227,15.0
base,9.0,12.5,300.0,0.01,632.5599322515806,280.48770734531035,4150.0,3521.558054636445,0.1083712702455835,6.962656825839227,15.0
base,9.0,12.5,300.0,0.02,632.5599322515806,280.48770734531035,4150.0,2985.786474026825,0.1083712702455835,6.962656825839227,15.0
base,9.0,12.5,300.0,0.03,632.5599322515806,280.48770734531035,4150.0,2503.7789743196317,0.1083712702455835,6.962656825839227,15.0
base,9.0,12.5,300.0,0.04,632.5599322515806,280.48770734531035,4150.0,2069.1056914056953,0.1083712702455835,6.962656825839227,15.0
base,9.0,12.5,350.0,0.0,632.5599322515806,280.48770734531035,4775.0,3493.53553595466,0.08280810571528881,8.102076569533008,15.0
base,9.0,12.5,350.0,0.01,632.5599322515806,280.48770734531035,4775.0,2896.558054636445,0.08280810571528881,8.102076569533008,15.0
base,9.0,12.5,350.0,0.02,632.5599322515806,280.48770734531035,4775.0,2360.7864740268246,0.08280810571528881,8.102076569533008,15.0
base,9.0,12.5,350.0,0.03,632.5599322515806,280.48770734531035,4775.0,1878.7789743196322,0.08280810571528881,8.102076569533008,15.0
base,9.0,12.5,350.0,0.04,632.5599322515806,280.48770734531035,4775.0,1444.1056914056956,0.08280810571528881,8.102076569533008,15.0
base,9.0,12.5,400.0,0.0,632.5599322515806,280.48770734531035,5400.0,2868.5355359546593,0.06209284260473448,9.268820653936473,15.0
base,9.0,12.5,400.0,0.01,632.5599322515806,280.48770734531035,5400.0,2271.5580546364445,0.06209284260473448,9.268820653936473,15.0
base,9.0,12.5,400.0,0.02,632.5599322515806,280.48770734531035,5400.0,1735.7864740268246,0.06209284260473448,9.268820653936473,15.0
base,9.0,12.5,400.0,0.03,632.5599322515806,280.48770734531035,5400.0,1253.7789743196324,0.06209284260473448,9.268820653936473,15.0
base,9.0,12.5,400.0,0.04,632.5599322515806,280.48770734531035,5400.0,819.1056914056957,0.06209284260473448,9.268820653936473,15.0
base,9.0,20.0,100.0,0.0,832.0754342116572,248.70521063079224,2400.0,8476.511371633436,0.3228459444761029,2.9416429315303914,15.0
base,9.0,20.0,100.0,0.01,832.0754342116572,248.70521063079224,2400.0,7691.24143647593,0.3228459444761029,2.9416429315303914,15.0
base,9.0,20.0,100.0,0.02,832.0754342116572,248.70521063079224,2400.0,6986.482333275709,0.3228459444761029,2.9416429315303914,15.0
base,9.0,20.0,100.0,0.03,832.0754342116572,248.70521063079224,2400.0,6352.445020503542,0.3228459444761029,2.9416429315303914,15.0
base,9.0,20.0,100.0,0.04,832.0754342116572,248.70521063079224,2400.0,5780.671592911586,0.3228459444761029,2.9416429315303914,15.0
base,9.0,20.0,150.0,0.0,832.0754342116572,248.70521063079224,3400.0,7476.511371633436,0.21498970628210365,4.221794282819274,15.0
base,9.0,20.0,150.0,0.01,832.0754342116572,248.70521063079224,3400.0,6691.24143647593,0.21498970628210365,4.221794282819274,15.0
base,9.0,20.0,150.0,0.02,832.0754342116572,248.70521063079224,3400.0,5986.48233327571,0.21498970628210365,4.221794282819274,15.0
base,9.0,20.0,150.0,0.03,832.0754342116572,248.70521063079224,3400.0,5352.44502050354,0.21498970628210365,4.221794282819274,15.0
base,9.0,20.0,150.0,0.04,832.0754342116572,248.70521063079224,3400.0,4780.671592911586,0.21498970628210365,4.221794282819274,15.0
base,9.0,20.0,200.0,0.0,832.0754342116572,248.70521063079224,4400.0,6476.511371633436,0.1524917806612495,5.535469412095374,15.0
base,9.0,20.0,200.0,0.01,832.0754342116572,248.70521063079224,4400.0,5691.241436475929,0.1524917806612495,5.535469412095374,15.0
base,9.0,20.0,200.0,0.02,832.0754342116572,248.70521063079224,4400.0,4986.48233327571,0.1524917806612495,5.535469412095374,15.0
base,9.0,20.0,200.0,0.03,832.0754342116572,248.70521063079224,4400.0,4352.44502050354,0.1524917806612495,5.535469412095374,15.0
base,9.0,20.0,200.0,0.04,832.0754342116572,248.70521063079224,4400.0,3780.6715929115862,0.1524917806612495,5.535469412095374,15.0
base,9.0,20.0,250.0,0.0,832.0754342116572,248.70521063079224,5400.0,5476.511371633436,0.11044492779196496,6.882679888471116,15.0
base,9.0,20.0,250.0,0.01,832.0754342116572,248.70521063079224,5400.0,4691.241436475929,0.11044492779196496,6.882679888471116,15.0
base,9.0,20.0,250.0,0.02,832.0754342116572,248.70521063079224,5400.0,3986.4823332757096,0.11044492779196496,6.882679888471116,15.0
base,9.0,20.0,250.0,0.03,832.0754342116572,248.70521063079224,5400.0,3352.44502050354,0.11044492779196496,6.882679888471116,15.0
base,9.0,20.0,250.0,0.04,832.0754342116572,248.70521063079224,5400.0,2780.6715929115862,0.11044492779196496,6.882679888471116,15.0
base,9.0,20.0,300.0,0.0,832.0754342116572,248.70521063079224,6400.0,4476.5113716334345,0.07955278911335366,8.270065161314601,15.0
base,9.0,20.0,300.0,0.01,832.0754342116572,248.70521063079224,6400.0,3691.241436475929,0.07955278911335366,8.270065161314601,15.0
base,9.0,20.0,300.0,0.02,832.0754342116572,248.70521063079224,6400.0,2986.4823332757096,0.07955278911335366,8.270065161314601,15.0
base,9.0,20.0,300.0,0.03,832.0754342116572,248.70521063079224,6400.0,2352.445020503541,0.07955278911335366,8.270065161314601,15.0
base,9.0,20.0,300.0,0.04,832.0754342116572,248.70521063079224,6400.0,1780.6715929115858,0.07955278911335366,8.270065161314601,15.0
base,9.0,20.0,350.0,0.0,832.0754342116572,248.70521063079224,7400.0,3476.511371633435,0.0555141800971213,9.696628608596303,15.0
base,9.0,20.0,350.0,0.01,832.0754342116572,248.70521063079224,7400.0,2691.2414364759297,0.0555141800971213,9.696628608596303,15.0
base,9.0,20.0,350.0,0.02,832.0754342116572,248.70521063079224,7400.0,1986.4823332757103,0.0555141800971213,9.696628608596303,15.0
base,9.0,20.0,350.0,0.03,832.0754342116572,248.70521063079224,7400.0,1352.445020503541,0.0555141800971213,9.696628608596303,15.0
base,9.0,20.0,350.0,0.04,832.0754342116572,248.70521063079224,7400.0,780.6715929115849,0.0555141800971213,9.696628608596303,15.0
base,9.0,20.0,400.0,0.0,832.0754342116572,248.70521063079224,8400.0,2476.5113716334354,0.036042461015978466,11.164607127487432,15.0
base,9.0,20.0,400.0,0.01,832.0754342116572,248.70521063079224,8400.0,1691.2414364759297,0.036042461015978466,11.164607127487432,15.0
base,9.0,20.0,400.0,0.02,832.0754342116572,248.70521063079224,8400.0,986.4823332757103,0.036042461015978466,11.164607127487432,15.0
base,9.0,20.0,400.0,0.03,832.0754342116572,248.70521063079224,8400.0,352.4450205035404,0.036042461015978466,11.164607127487432,15.0
base,9.0,20.0,400.0,0.04,832.0754342116572,248.70521063079224,8400.0,-219.3284070884144,0.036042461015978466,11.164607127487432,15.0
base,12.0,5.0,100.0,0.0,336.2289616935568,324.4834045673266,900.0,3495.0319586075325,0.35054584324247107,2.72547626293299,15.0
base,12.0,5.0,100.0,0.01,336.2289616935568,324.4834045673266,900.0,3177.7163834910434,0.35054584324247107,2.72547626293299,15.0
base,12.0,5.0,100.0,0.02,336.2289616935568,324.4834045673266,900.0,2892.9340046703082,0.35054584324247107,2.72547626293299,15.0
base,12.0,5.0,100.0,0.03,336.2289616935568,324.4834045673266,900.0,2636.729220124137,0.35054584324247107,2.72547626293299,15.0
base,12.0,5.0,100.0,0.04,336.2289616935568,324.4834045673266,900.0,2405.684319651439,0.35054584324247107,2.72547626293299,15.0
base,12.0,5.0,150.0,0.0,336.2289616935568,324.4834045673266,1150.0,3245.0319586075325,0.2661026163047835,3.509872957033882,15.0
base,12.0,5.0,150.0,0.01,336.2289616935568,324.4834045673266,1150.0,2927.7163834910434,0.2661026163047835,3.509872957033882,15.0
base,12.0,5.0,150.0,0.02,336.2289616935568,324.4834045673266,1150.0,2642.9340046703082,0.2661026163047835,3.509872957033882,15.0
base,12.0,5.0,150.0,0.03,336.2289616935568,324.4834045673266,1150.0,2386.729220124137,0.2661026163047835,3.509872957033882,15.0
base,12.0,5.0,150.0,0.04,336.2289616935568,324.4834045673266,1150.0,2155.684319651439,0.2661026163047835,3.509872957033882,15.0
base,12.0,5.0,200.0,0.0,336.2289616935568,324.4834045673266,1400.0,2995.0319586075325,0.20999805879306904,4.305992016715347,15.0
base,12.0,5.0,200.0,0.01,336.2289616935568,324.4834045673266,1400.0,2677.7163834910434,0.20999805879306904,4.305992016715347,15.0
base,12.0,5.0,200.0,0.02,336.2289616935568,324.4834045673266,1400.0,2392.934004670308,0.20999805879306904,4.305992016715347,15.0
base,12.0,5.0,200.0,0.03,336.2289616935568,324.4834045673266,1400.0,2136.729220124137,0.20999805879306904,4.305992016715347,15.0
base,12.0,5.0,200.0,0.04,336.2289616935568,324.4834045673266,1400.0,1905.6843196514392,0.20999805879306904,4.305992016715347,15.0
base,12.0,5.0,250.0,0.0,336.2289616935568,324.4834045673266,1650.0,2745.0319586075325,0.1693803315645232,5.1144017031738835,15.0
base,12.0,5.0,250.0,0.01,336.2289616935568,324.4834045673266,1650.0,2427.716383491043,0.1693803315645232,5.1144017031738835,15.0
base,12.0,5.0,250.0,0.02,336.2289616935568,324.4834045673266,1650.0,2142.934004670308,0.1693803315645232,5.1144017031738835,15.0
base,12.0,5.0,250.0,0.03,336.2289616935568,324.4834045673266,1650.0,1886.7292201241369,0.1693803315645232,5.1144017031738835,15.0
base,12.0,5.0,250.0,0.04,336.2289616935568,324.4834045673266,1650.0,1655.6843196514392,0.1693803315645232,5.1144017031738835,15.0
base,12.0,5.0,300.0,0.0,336.2289616935568,324.4834045673266,1900.0,2495.0319586075325,0.13821717043066195,5.936974817862719,15.0
base,12.0,5.0,300.0,0.01,336.2289616935568,324.4834045673266,1900.0,2177.716383491043,0.13821717043066195,5.936974817862719,15.0
base,12.0,5.0,300.0,0.02,336.2289616935568,324.4834045673266,1900.0,1892.9340046703076,0.13821717043066195,5.936974817862719,15.0
base,12.0,5.0,300.0,0.03,336.2289616935568,324.4834045673266,1900.0,1636.7292201241366,0.13821717043066195,5.936974817862719,15.0
base,12.0,5.0,300.0,0.04,336.2289616935568,324.4834045673266,1900.0,1405.684319651439,0.13821717043066195,5.936974817862719,15.0
base,12.0,5.0,350.0,0.0,336.2289616935568,324.4834045673266,2150.0,2245.031958607533,0.11329504760271214,6.775048910766893,15.0
base,12.0,5.0,350.0,0.01,336.2289616935568,324.4834045673266,2150.0,1927.716383491043,0.11329504760271214,6.775048910766893,15.0
base,12.0,5.0,350.0,0.02,336.2289616935568,324.4834045673266,2150.0,1642.9340046703076,0.11329504760271214,6.775048910766893,15.0
base,12.0,5.0,350.0,0.03,336.2289616935568,324.4834045673266,2150.0,1386.7292201241366,0.11329504760271214,6.775048910766893,15.0
base,12.0,5.0,350.0,0.04,336.2289616935568,324.4834045673266,2150.0,1155.6843196514392,0.11329504760271214,6.775048910766893,15.0
base,12.0,5.0,400.0,0.0,336.2289616935568,324.4834045673266,2400.0,1995.031958607533,0.09273805120776948,7.626948195793826,15.0
base,12.0,5.0,400.0,0.01,336.2289616935568,324.4834045673266,2400.0,1677.716383491043,0.09273805120776948,7.626948195793826,15.0
base,12.0,5.0,400.0,0.02,336.2289616935568,324.4834045673266,2400.0,1392.934004670308,0.09273805120776948,7.626948195793826,15.0
base,12.0,5.0,400.0,0.03,336.2289616935568,324.4834045673266,2400.0,1136.7292201241366,0.09273805120776948,7.626948195793826,15.0
base,12.0,5.0,400.0,0.04,336.2289616935568,324.4834045673266,2400.0,905.6843196514391,0.09273805120776948,7.626948195793826,15.0
base,12.0,7.5,100.0,0.0,454.4586701066065,313.14279152336894,1150.0,4790.476896827324,0.3726594490981642,2.5731811062364005,15.0
base,12.0,7.5,100.0,0.01,454.4586701066065,313.14279152336894,1150.0,4361.582212844138,0.3726594490981642,2.5731811062364005,15.0
base,12.0,7.5,100.0,0.02,454.4586701066065,313.14279152336894,1150.0,3976.660519909714,0.3726594490981642,2.5731811062364005,15.0
base,12.0,7.5,100.0,0.03,454.4586701066065,313.14279152336894,1150.0,3630.3652897982693,0.3726594490981642,2.5731811062364005,15.0
base,12.0,7.5,100.0,0.04,454.4586701066065,313.14279152336894,1150.0,3318.077027434261,0.3726594490981642,2.5731811062364005,15.0
base,12.0,7.5,150.0,0.0,454.4586701066065,313.14279152336894,1525.0,4415.476896827324,0.2720482119808729,3.4411859410886683,15.0
base,12.0,7.5,150.0,0.01,454.4586701066065,313.14279152336894,1525.0,3986.5822128441373,0.2720482119808729,3.4411859410886683,15.0
base,12.0,7.5,150.0,0.02,454.4586701066065,313.14279152336894,1525.0,3601.6605199097144,0.2720482119808729,3.4411859410886683,15.0
base,12.0,7.5,150.0,0.03,454.4586701066065,313.14279152336894,1525.0,3255.3652897982693,0.2720482119808729,3.4411859410886683,15.0
base,12.0,7.5,150.0,0.04,454.4586701066065,313.14279152336894,1525.0,2943.077027434261,0.2720482119808729,3.4411859410886683,15.0
base,12.0,7.5,200.0,0.0,454.4586701066065,313.14279152336894,1900.0,4040.476896827324,0.20892948157034424,4.324389148581204,15.0
base,12.0,7.5,200.0,0.01,454.4586701066065,313.14279152336894,1900.0,3611.5822128441373,0.20892948157034424,4.324389148581204,15.0
base,12.0,7.5,200.0,0.02,454.4586701066065,313.14279152336894,1900.0,3226.6605199097144,0.20892948157034424,4.324389148581204,15.0
base,12.0,7.5,200.0,0.03,454.4586701066065,313.14279152336894,1900.0,2880.3652897982693,0.20892948157034424,4.324389148581204,15.0
base,12.0,7.5,200.0,0.04,454.4586701066065,313.14279152336894,1900.0,2568.0770274342613,0.20892948157034424,4.324389148581204,15.0
base,12.0,7.5,250.0,0.0,454.4586701066065,313.14279152336894,2275.0,3665.476896827324,0.1647939168161906,5.223466045533625,15.0
base,12.0,7.5,250.0,0.01,454.4586701066065,313.14279152336894,2275.0,3236.5822128441373,0.1647939168161906,5.223466045533625,15.0
base,12.0,7.5,250.0,0.02,454.4586701066065,313.14279152336894,2275.0,2851.6605199097144,0.1647939168161906,5.223466045533625,15.0
base,12.0,7.5,250.0,0.03,454.4586701066065,313.14279152336894,2275.0,2505.3652897982693,0.1647939168161906,5.223466045533625,15.0
base,12.0,7.5,250.0,0.04,454.4586701066065,313.14279152336894,2275.0,2193.0770274342617,0.1647939168161906,5.223466045533625,15.0
base,12.0,7.5,300.0,0.0,454.4586701066065,313.14279152336894,2650.0,3290.476896827324,0.13169135279449276,6.139113182699604,15.0
base,12.0,7.5,300.0,0.01,454.4586701066065,313.14279152336894,2650.0,2861.582212844137,0.13169135279449276,6.139113182699604,15.0
base,12.0,7.5,300.0,0.02,454.4586701066065,313.14279152336894,2650.0,2476.6605199097144,0.13169135279449276,6.139113182699604,15.0
base,12.0,7.5,300.0,0.03,454.4586701066065,313.14279152336894,2650.0,2130.3652897982693,0.13169135279449276,6.139113182699604,15.0
base,12.0,7.5,300.0,0.04,454.4586701066065,313.14279152336894,2650.0,1818.0770274342615,0.13169135279449276,6.139113182699604,15.0
base,12.0,7.5,350.0,0.0,454.4586701066065,313.14279152336894,3025.0,2915.476896827324,0.10562979319797698,7.072048930193252,15.0
base,12.0,7.5,350.0,0.01,454.4586701066065,313.14279152336894,3025.0,2486.5822128441373,0.10562979319797698,7.072048930193252,15.0
base,12.0,7.5,350.0,0.02,454.4586701066065,313.14279152336894,3025.0,2101.6605199097144,0.10562979319797698,7.072048930193252,15.0
base,12.0,7.5,350.0,0.03,454.4586701066065,313.14279152336894,3025.0,1755.3652897982695,0.10562979319797698,7.072048930193252,15.0
base,12.0,7.5,350.0,0.04,454.4586701066065,313.14279152336894,3025.0,1443.0770274342613,0.10562979319797698,7.072048930193252,15.0
base,12.0,7.5,400.0,0.0,454.4586701066065,313.14279152336894,3400.0,2540.476896827324,0.08437443836763572,8.02301407796665,15.0
base,12.0,7.5,400.0,0.01,454.4586701066065,313.14279152336894,3400.0,2111.5822128441373,0.08437443836763572,8.02301407796665,15.0
base,12.0,7.5,400.0,0.02,454.4586701066065,313.14279152336894,3400.0,1726.6605199097144,0.08437443836763572,8.02301407796665,15.0
base,12.0,7.5,400.0,0.03,454.4586701066065,313.14279152336894,3400.0,1380.365289798269,0.08437443836763572,8.02301407796665,15.0
base,12.0,7.5,400.0,0.04,454.4586701066065,313.14279152336894,3400.0,1068.0770274342613,0.08437443836763572,8.02301407796665,15.0
base,12.0,10.0,100.0,0.0,557.424387359951,303.1016846037938,1400.0,5886.397889742398,0.37570227467303985,2.553468762141166,15.0
base,12.0,10.0,100.0,0.01,557.424387359951,303.1016846037938,1400.0,5360.329465511024,0.37570227467303985,2.553468762141166,15.0
base,12.0,10.0,100.0,0.02,557.424387359951,303.1016846037938,1400.0,4888.196897734963,0.37570227467303985,2.553468762141166,15.0
base,12.0,10.0,100.0,0.03,557.424387359951,303.1016846037938,1400.0,4463.442306860365,0.37570227467303985,2.553468762141166,15.0
base,12.0,10.0,100.0,0.04,557.424387359951,303.1016846037938,1400.0,4080.399568810883,0.37570227467303985,2.553468762141166,15.0
base,12.0,10.0,150.0,0.0,557.424387359951,303.1016846037938,1900.0,5386.397889742398,0.26716813495889247,3.4973842124855,15.0
base,12.0,10.0,150.0,0.01,557.424387359951,303.1016846037938,1900.0,4860.329465511024,0.26716813495889247,3.4973842124855,15.0
base,12.0,10.0,150.0,0.02,557.424387359951,303.1016846037938,1900.0,4388.196897734963,0.26716813495889247,3.4973842124855,15.0
base,12.0,10.0,150.0,0.03,557.424387359951,303.1016846037938,1900.0,3963.442306860365,0.26716813495889247,3.4973842124855,15.0
base,12.0,10.0,150.0,0.04,557.424387359951,303.1016846037938,1900.0,3580.399568810884,0.26716813495889247,3.4973842124855,15.0
base,12.0,10.0,200.0,0.0,557.424387359951,303.1016846037938,2400.0,4886.397889742397,0.20130652504677976,4.4596046379950165,15.0
base,12.0,10.0,200.0,0.01,557.424387359951,303.1016846037938,2400.0,4360.329465511024,0.20130652504677976,4.4596046379950165,15.0
base,12.0,10.0,200.0,0.02,557.424387359951,303.1016846037938,2400.0,3888.1968977349625,0.20130652504677976,4.4596046379950165,15.0
base,12.0,10.0,200.0,0.03,557.424387359951,303.1016846037938,2400.0,3463.442306860365,0.20130652504677976,4.4596046379950165,15.0
base,12.0,10.0,200.0,0.04,557.424387359951,303.1016846037938,2400.0,3080.399568810884,0.20130652504677976,4.4596046379950165,15.0
base,12.0,10.0,250.0,0.0,557.424387359951,303.1016846037938,2900.0,4386.397889742397,0.1560995529274441,5.440900539342705,15.0
base,12.0,10.0,250.0,0.01,557.424387359951,303.1016846037938,2900.0,3860.329465511024,0.1560995529274441,5.440900539342705,15.0
base,12.0,10.0,250.0,0.02,557.424387359951,303.1016846037938,2900.0,3388.196897734963,0.1560995529274441,5.440900539342705,15.0
base,12.0,10.0,250.0,0.03,557.424387359951,303.1016846037938,2900.0,2963.442306860365,0.1560995529274441,5.440900539342705,15.0
base,12.0,10.0,250.0,0.04,557.424387359951,303.1016846037938,2900.0,2580.3995688108835,0.1560995529274441,5.440900539342705,15.0
base,12.0,10.0,300.0,0.0,557.424387359951,303.1016846037938,3400.0,3886.3978897423967,0.12257533690010852,6.442066242312249,15.0
base,12.0,10.0,300.0,0.01,557.424387359951,303.1016846037938,3400.0,3360.329465511024,0.12257533690010852,6.442066242312249,15.0
base,12.0,10.0,300.0,0.02,557.424387359951,303.1016846037938,3400.0,2888.196897734963,0.12257533690010852,6.442066242312249,15.0
base,12.0,10.0,300.0,0.03,557.424387359951,303.1016846037938,3400.0,2463.4423068603655,0.12257533690010852,6.442066242312249,15.0
base,12.0,10.0,300.0,0.04,557.424387359951,303.1016846037938,3400.0,2080.3995688108835,0.12257533690010852,6.442066242312249,15.0
base,12.0,10.0,350.0,0.0,557.424387359951,303.1016846037938,3900.0,3386.3978897423967,0.09637593304989588,7.463920549343297,15.0
base,12.0,10.0,350.0,0.01,557.424387359951,303.1016846037938,3900.0,2860.329465511024,0.09637593304989588,7.463920549343297,15.0
base,12.0,10.0,350.0,0.02,557.424387359951,303.1016846037938,3900.0,2388.196897734963,0.09637593304989588,7.463920549343297,15.0
base,12.0,10.0,350.0,0.03,557.424387359951,303.1016846037938,3900.0,1963.442306860366,0.09637593304989588,7.463920549343297,15.0
base,12.0,10.0,350.0,0.04,557.424387359951,303.1016846037938,3900.0,1580.3995688108837,0.09637593304989588,7.463920549343297,15.0
base,12.0,10.0,400.0,0.0,557.424387359951,303.1016846037938,4400.0,2886.3978897423963,0.07511583807502856,8.507307407747412,15.0
base,12.0,10.0,400.0,0.01,557.424387359951,303.1016846037938,4400.0,2360.3294655110244,0.07511583807502856,8.507307407747412,15.0
base,12.0,10.0,400.0,0.02,557.424387359951,303.1016846037938,4400.0,1888.1968977349627,0.07511583807502856,8.507307407747412,15.0
base,12.0,10.0,400.0,0.03,557.424387359951,303.1016846037938,4400.0,1463.4423068603658,0.07511583807502856,8.507307407747412,15.0
base,12.0,10.0,400.0,0.04,557.424387359951,303.1016846037938,4400.0,1080.3995688108832,0.07511583807502856,8.507307407747412,15.0
base,12.0,15.0,100.0,0.0,726.8159469355913,282.59723994342926,1900.0,7600.607260950106,0.3597207610169606,2.6602893292717753,15.0
base,12.0,15.0,100.0,0.01,726.8159469355913,282.59723994342926,1900.0,6914.675808037662,0.3597207610169606,2.6602893292717753,15.0
base,12.0,15.0,100.0,0.02,726.8159469355913,282.59723994342926,1900.0,6299.07037865823,0.3597207610169606,2.6602893292717753,15.0
base,12.0,15.0,100.0,0.03,726.8159469355913,282.59723994342926,1900.0,5745.240267916396,0.3597207610169606,2.6602893292717753,15.0
base,12.0,15.0,100.0,0.04,726.8159469355913,282.59723994342926,1900.0,5245.797515347229,0.3597207610169606,2.6602893292717753,15.0
base,12.0,15.0,150.0,0.0,726.8159469355913,282.59723994342926,2650.0,6850.607260950104,0.24686980446228854,3.749730107284125,15.0
base,12.0,15.0,150.0,0.01,726.8159469355913,282.59723994342926,2650.0,6164.675808037662,0.24686980446228854,3.749730107284125,15.0
base,12.0,15.0,150.0,0.02,726.8159469355913,282.59723994342926,2650.0,5549.07037865823,0.24686980446228854,3.749730107284125,15.0
base,12.0,15.0,150.0,0.03,726.8159469355913,282.59723994342926,2650.0,4995.240267916396,0.24686980446228854,3.749730107284125,15.0
base,12.0,15.0,150.0,0.04,726.8159469355913,282.59723994342926,2650.0,4495.797515347229,0.24686980446228854,3.749730107284125,15.0
base,12.0,15.0,200.0,0.0,726.8159469355913,282.59723994342926,3400.0,6100.607260950104,0.18070044402141539,4.8633711797221055,15.0
base,12.0,15.0,200.0,0.01,726.8159469355913,282.59723994342926,3400.0,5414.675808037664,0.18070044402141539,4.8633711797221055,15.0
base,12.0,15.0,200.0,0.02,726.8159469355913,282.59723994342926,3400.0,4799.070378658231,0.18070044402141539,4.8633711797221055,15.0
base,12.0,15.0,200.0,0.03,726.8159469355913,282.59723994342926,3400.0,4245.240267916396,0.18070044402141539,4.8633711797221055,15.0
base,12.0,15.0,200.0,0.04,726.8159469355913,282.59723994342926,3400.0,3745.7975153472294,0.18070044402141539,4.8633711797221055,15.0
base,12.0,15.0,250.0,0.0,726.8159469355913,282.59723994342926,4150.0,5350.607260950104,0.13604515810917625,6.002207206362996,15.0
base,12.0,15.0,250.0,0.01,726.8159469355913,282.59723994342926,4150.0,4664.675808037664,0.13604515810917625,6.002207206362996,15.0
base,12.0,15.0,250.0,0.02,726.8159469355913,282.59723994342926,4150.0,4049.0703786582303,0.13604515810917625,6.002207206362996,15.0
base,12.0,15.0,250.0,0.03,726.8159469355913,282.59723994342926,4150.0,3495.240267916396,0.13604515810917625,6.002207206362996,15.0
base,12.0,15.0,250.0,0.04,726.8159469355913,282.59723994342926,4150.0,2995.7975153472294,0.13604515810917625,6.002207206362996,15.0
base,12.0,15.0,300.0,0.0,726.8159469355913,282.59723994342926,4900.0,4600.607260950105,0.10323363587356647,7.170494885485574,15.0
base,12.0,15.0,300.0,0.01,726.8159469355913,282.59723994342926,4900.0,3914.6758080376635,0.10323363587356647,7.170494885485574,15.0
base,12.0,15.0,300.0,0.02,726.8159469355913,282.59723994342926,4900.0,3299.07037865823,0.10323363587356647,7.170494885485574,15.0
base,12.0,15.0,300.0,0.03,726.8159469355913,282.59723994342926,4900.0,2745.240267916397,0.10323363587356647,7.170494885485574,15.0
base,12.0,15.0,300.0,0.04,726.8159469355913,282.59723994342926,4900.0,2245.7975153472285,0.10323363587356647,7.170494885485574,15.0
base,12.0,15.0,350.0,0.0,726.8159469355913,282.59723994342926,5650.0,3850.6072609501057,0.07772766658475964,8.366475186577185,15.0
base,12.0,15.0,350.0,0.01,726.8159469355913,282.59723994342926,5650.0,3164.6758080376635,0.07772766658475964,8.366475186577185,15.0
base,12.0,15.0,350.0,0.02,726.8159469355913,282.59723994342926,5650.0,2549.07037865823,0.07772766658475964,8.366475186577185,15.0
base,12.0,15.0,350.0,0.03,726.8159469355913,282.59723994342926,5650.0,1995.2402679163968,0.07772766658475964,8.366475186577185,15.0
base,12.0,15.0,350.0,0.04,726.8159469355913,282.59723994342926,5650.0,1495.797515347229,0.07772766658475964,8.366475186577185,15.0
base,12.0,15.0,400.0,0.0,726.8159469355913,282.59723994342926,6400.0,3100.6072609501057,0.0570967986949068,9.591208330076748,15.0
base,12.0,15.0,400.0,0.01,726.8159469355913,282.59723994342926,6400.0,2414.6758080376635,0.0570967986949068,9.591208330076748,15.0
base,12.0,15.0,400.0,0.02,726.8159469355913,282.59723994342926,6400.0,1799.0703786582299,0.0570967986949068,9.591208330076748,15.0
base,12.0,15.0,400.0,0.03,726.8159469355913,282.59723994342926,6400.0,1245.2402679163965,0.0570967986949068,9.591208330076748,15.0
base,12.0,15.0,400.0,0.04,726.8159469355913,282.59723994342926,6400.0,745.7975153472288,0.0570967986949068,9.591208330076748,15.0
base,12.0,20.0,100.0,0.0,868.6042197016028,265.7803182976403,2400.0,8953.999030128936,0.3385495486974673,2.8153410884260732,15.0
base,12.0,20.0,100.0,0.01,868.6042197016028,265.7803182976403,2400.0,8134.2551087994325,0.3385495486974673,2.8153410884260732,15.0
base,12.0,20.0,100.0,0.02,868.6042197016028,265.7803182976403,2400.0,7398.55651015878,0.3385495486974673,2.8153410884260732,15.0
base,12.0,20.0,100.0,0.03,868.6042197016028,265.7803182976403,2400.0,6736.684445826113,0.3385495486974673,2.8153410884260732,15.0
base,12.0,20.0,100.0,0.04,868.6042197016028,265.7803182976403,2400.0,6139.809701662847,0.3385495486974673,2.8153410884260732,15.0
base,12.0,20.0,150.0,0.0,868.6042197016028,265.7803182976403,3400.0,7953.999030128935,0.22666443262351885,4.03548898183588,15.0
base,12.0,20.0,150.0,0.01,868.6042197016028,265.7803182976403,3400.0,7134.2551087994325,0.22666443262351885,4.03548898183588,15.0
base,12.0,20.0,150.0,0.02,868.6042197016028,265.7803182976403,3400.0,6398.55651015878,0.22666443262351885,4.03548898183588,15.0
base,12.0,20.0,150.0,0.03,868.6042197016028,265.7803182976403,3400.0,5736.684445826113,0.22666443262351885,4.03548898183588,15.0
base,12.0,20.0,150.0,0.04,868.6042197016028,265.7803182976403,3400.0,5139.809701662847,0.22666443262351885,4.03548898183588,15.0
base,12.0,20.0,200.0,0.0,868.6042197016028,265.7803182976403,4400.0,6953.999030128935,0.16209423134608408,5.2894480062349505,15.0
base,12.0,20.0,200.0,0.01,868.6042197016028,265.7803182976403,4400.0,6134.2551087994325,0.16209423134608408,5.2894480062349505,15.0
base,12.0,20.0,200.0,0.02,868.6042197016028,265.7803182976403,4400.0,5398.55651015878,0.16209423134608408,5.2894480062349505,15.0
base,12.0,20.0,200.0,0.03,868.6042197016028,265.7803182976403,4400.0,4736.684445826112,0.16209423134608408,5.2894480062349505,15.0
base,12.0,20.0,200.0,0.04,868.6042197016028,265.7803182976403,4400.0,4139.809701662847,0.16209423134608408,5.2894480062349505,15.0
base,12.0,20.0,250.0,0.0,868.6042197016028,265.7803182976403,5400.0,5953.999030128936,0.11879480915089397,6.574582580575409,15.0
base,12.0,20.0,250.0,0.01,868.6042197016028,265.7803182976403,5400.0,5134.2551087994325,0.11879480915089397,6.574582580575409,15.0
base,12.0,20.0,250.0,0.02,868.6042197016028,265.7803182976403,5400.0,4398.55651015878,0.11879480915089397,6.574582580575409,15.0
base,12.0,20.0,250.0,0.03,868.6042197016028,265.7803182976403,5400.0,3736.6844458261126,0.11879480915089397,6.574582580575409,15.0
base,12.0,20.0,250.0,0.04,868.6042197016028,265.7803182976403,5400.0,3139.8097016628462,0.11879480915089397,6.574582580575409,15.0
base,12.0,20.0,300.0,0.0,868.6042197016028,265.7803182976403,6400.0,4953.999030128936,0.08706402442629092,7.892059404095014,15.0
base,12.0,20.0,300.0,0.01,868.6042197016028,265.7803182976403,6400.0,4134.2551087994325,0.08706402442629092,7.892059404095014,15.0
base,12.0,20.0,300.0,0.02,868.6042197016028,265.7803182976403,6400.0,3398.5565101587795,0.08706402442629092,7.892059404095014,15.0
base,12.0,20.0,300.0,0.03,868.6042197016028,265.7803182976403,6400.0,2736.684445826112,0.08706402442629092,7.892059404095014,15.0
base,12.0,20.0,300.0,0.04,868.6042197016028,265.7803182976403,6400.0,2139.8097016628467,0.08706402442629092,7.892059404095014,15.0
base,12.0,20.0,350.0,0.0,868.6042197016028,265.7803182976403,7400.0,3953.999030128936,0.062423270445375684,9.24804062449619,15.0
base,12.0,20.0,350.0,0.01,868.6042197016028,265.7803182976403,7400.0,3134.2551087994316,0.062423270445375684,9.24804062449619,15.0
base,12.0,20.0,350.0,0.02,868.6042197016028,265.7803182976403,7400.0,2398.556510158779,0.062423270445375684,9.24804062449619,15.0
base,12.0,20.0,350.0,0.03,868.6042197016028,265.7803182976403,7400.0,1736.6844458261119,0.062423270445375684,9.24804062449619,15.0
base,12.0,20.0,350.0,0.04,868.6042197016028,265.7803182976403,7400.0,1139.8097016628465,0.062423270445375684,9.24804062449619,15.0
base,12.0,20.0,400.0,0.0,868.6042197016028,265.7803182976403,8400.0,2953.999030128935,0.04249688016064447,10.641715003354545,15.0
base,12.0,20.0,400.0,0.01,868.6042197016028,265.7803182976403,8400.0,2134.2551087994325,0.04249688016064447,10.641715003354545,15.0
base,12.0,20.0,400.0,0.02,868.6042197016028,265.7803182976403,8400.0,1398.556510158779,0.04249688016064447,10.641715003354545,15.0
base,12.0,20.0,400.0,0.03,868.6042197016028,265.7803182976403,8400.0,736.6844458261118,0.04249688016064447,10.641715003354545,15.0
base,12.0,20.0,400.0,0.04,868.6042197016028,265.7803182976403,8400.0,139.8097016628464,0.04249688016064447,10.641715003354545,15.0
base,12.0,30.0,100.0,0.0,1094.2908561056684,236.20976094397454,3400.0,10904.072023931702,0.297044962734085,3.177046775840321,15.0
base,12.0,30.0,100.0,0.01,1094.2908561056684,236.20976094397454,3400.0,9871.336680132374,0.297044962734085,3.177046775840321,15.0
base,12.0,30.0,100.0,0.02,1094.2908561056684,236.20976094397454,3400.0,8944.483884484212,0.297044962734085,3.177046775840321,15.0
base,12.0,30.0,100.0,0.03,1094.2908561056684,236.20976094397454,3400.0,8110.639733738736,0.297044962734085,3.177046775840321,15.0
base,12.0,30.0,100.0,0.04,1094.2908561056684,236.20976094397454,3400.0,7358.680947488939,0.297044962734085,3.177046775840321,15.0
base,12.0,30.0,150.0,0.0,1094.2908561056684,236.20976094397454,4900.0,9404.072023931702,0.19139942749205932,4.6463728630138466,15.0
base,12.0,30.0,150.0,0.01,1094.2908561056684,236.20976094397454,4900.0,8371.336680132374,0.19139942749205932,4.6463728630138466,15.0
base,12.0,30.0,150.0,0.02,1094.2908561056684,236.20976094397454,4900.0,7444.483884484213,0.19139942749205932,4.6463728630138466,15.0
base,12.0,30.0,150.0,0.03,1094.2908561056684,236.20976094397454,4900.0,6610.639733738736,0.19139942749205932,4.6463728630138466,15.0
base,12.0,30.0,150.0,0.04,1094.2908561056684,236.20976094397454,4900.0,5858.680947488939,0.19139942749205932,4.6463728630138466,15.0
base,12.0,30.0,200.0,0.0,1094.2908561056684,236.20976094397454,6400.0,7904.072023931702,0.13107833665639412,6.158781667998473,15.0
base,12.0,30.0,200.0,0.01,1094.2908561056684,236.20976094397454,6400.0,6871.336680132374,0.13107833665639412,6.158781667998473,15.0
base,12.0,30.0,200.0,0.02,1094.2908561056684,236.20976094397454,6400.0,5944.483884484214,0.13107833665639412,6.158781667998473,15.0
base,12.0,30.0,200.0,0.03,1094.2908561056684,236.20976094397454,6400.0,5110.639733738737,0.13107833665639412,6.158781667998473,15.0
base,12.0,30.0,200.0,0.04,1094.2908561056684,236.20976094397454,6400.0,4358.680947488937,0.13107833665639412,6.158781667998473,15.0
base,12.0,30.0,250.0,0.0,1094.2908561056684,236.20976094397454,7900.0,6404.072023931701,0.09070063588233204,7.720591510422549,15.0
base,12.0,30.0,250.0,0.01,1094.2908561056684,236.20976094397454,7900.0,5371.336680132374,0.09070063588233204,7.720591510422549,15.0
base,12.0,30.0,250.0,0.02,1094.2908561056684,236.20976094397454,7900.0,4444.483884484215,0.09070063588233204,7.720591510422549,15.0
base,12.0,30.0,250.0,0.03,1094.2908561056684,236.20976094397454,7900.0,3610.639733738737,0.09070063588233204,7.720591510422549,15.0
base,12.0,30.0,250.0,0.04,1094.2908561056684,236.20976094397454,7900.0,2858.6809474889365,0.09070063588233204,7.720591510422549,15.0
base,12.0,30.0,300.0,0.0,1094.2908561056684,236.20976094397454,9400.0,4904.072023931702,0.06108287874112045,9.33274580790075,15.0
base,12.0,30.0,300.0,0.01,1094.2908561056684,236.20976094397454,9400.0,3871.3366801323746,0.06108287874112045,9.33274580790075,15.0
base,12.0,30.0,300.0,0.02,1094.2908561056684,236.20976094397454,9400.0,2944.4838844842143,0.06108287874112045,9.33274580790075,15.0
base,12.0,30.0,300.0,0.03,1094.2908561056684,236.20976094397454,9400.0,2110.6397337387357,0.06108287874112045,9.33274580790075,15.0
base,12.0,30.0,300.0,0.04,1094.2908561056684,236.20976094397454,9400.0,1358.6809474889376,0.06108287874112045,9.33274580790075,15.0
base,12.0,30.0,350.0,0.0,1094.2908561056684,236.20976094397454,10900.0,3404.072023931702,0.03804121596902911,10.99676435561842,15.0
base,12.0,30.0,350.0,0.01,1094.2908561056684,236.20976094397454,10900.0,2371.3366801323755,0.03804121596902911,10.99676435561842,15.0
base,12.0,30.0,350.0,0.02,1094.2908561056684,236.20976094397454,10900.0,1444.4838844842134,0.03804121596902911,10.99676435561842,15.0
base,12.0,30.0,350.0,0.03,1094.2908561056684,236.20976094397454,10900.0,610.639733738736,0.03804121596902911,10.99676435561842,15.0
base,12.0,30.0,350.0,0.04,1094.2908561056684,236.20976094397454,10900.0,-141.31905251106235,0.03804121596902911,10.99676435561842,15.0
base,12.0,30.0,400.0,0.0,1094.2908561056684,236.20976094397454,12400.0,1904.072023931703,0.0193700591508786,12.723032419645888,15.0
base,12.0,30.0,400.0,0.01,1094.2908561056684,236.20976094397454,12400.0,871.3366801323755,0.0193700591508786,12.723032419645888,15.0
base,12.0,30.0,400.0,0.02,1094.2908561056684,236.20976094397454,12400.0,-55.516115515786964,0.0193700591508786,12.723032419645888,15.0
base,12.0,30.0,400.0,0.03,1094.2908561056684,236.20976094397454,12400.0,-889.3602662612633,0.0193700591508786,12.723032419645888,15.0
base,12.0,30.0,400.0,0.04,1094.2908561056684,236.20976094397454,12400.0,-1641.3190525110635,0.0193700591508786,12.723032419645888,15.0
east-west,0.0,2.5,100.0,0.0,93.2490135632072,276.87753156588894,650.0,568.9086646630078,0.09705409668239547,7.4341074752119,15.0
east-west,0.0,2.5,100.0,0.01,93.2490135632072,276.87753156588894,650.0,480.90504885663785,0.09705409668239547,7.4341074752119,15.0
east-west,0.0,2.5,100.0,0.02,93.2490135632072,276.87753156588894,650.0,401.9241193987515,0.09705409668239547,7.4341074752119,15.0
east-west,0.0,2.5,100.0,0.03,93.2490135632072,276.87753156588894,650.0,330.86883817381397,0.09705409668239547,7.4341074752119,15.0
east-west,0.0,2.5,100.0,0.04,93.2490135632072,276.87753156588894,650.0,266.7913448211605,0.09705409668239547,7.4341074752119,15.0
east-west,0.0,2.5,150.0,0.0,93.2490135632072,276.87753156588894,775.0,443.9086646630078,0.06648062309825939,8.998199241937595,15.0
east-west,0.0,2.5,150.0,0.01,93.2490135632072,276.87753156588894,775.0,355.9050488566379,0.06648062309825939,8.998199241937595,15.0
east-west,0.0,2.5,150.0,0.02,93.2490135632072,276.87753156588894,775.0,276.92411939875154,0.06648062309825939,8.998199241937595,15.0
east-west,0.0,2.5,150.0,0.03,93.2490135632072,276.87753156588894,775.0,205.868838173814,0.06648062309825939,8.998199241937595,15.0
east-west,0.0,2.5,150.0,0.04,93.2490135632072,276.87753156588894,775.0,141.79134482116052,0.06648062309825939,8.998199241937595,15.0
east-west,0.0,2.5,200.0,0.0,93.2490135632072,276.87753156588894,900.0,318.90866466300787,0.04279754700276493,10.618325526551207,15.0
east-west,0.0,2.5,200.0,0.01,93.2490135632072,276.87753156588894,900.0,230.905048856638,0.04279754700276493,10.618325526551207,15.0
east-west,0.0,2.5,200.0,0.02,93.2490135632072,276.87753156588894,900.0,151.9241193987515,0.04279754700276493,10.618325526551207,15.0
east-west,0.0,2.5,200.0,0.03,93.2490135632072,276.87753156588894,900.0,80.86883817381403,0.04279754700276493,10.618325526551207,15.0
east-west,0.0,2.5,200.0,0.04,93.2490135632072,276.87753156588894,900.0,16.791344821160422,0.04279754700276493,10.618325526551207,15.0
east-west,0.0,2.5,250.0,0.0,93.2490135632072,276.87753156588894,1025.0,193.90866466300793,0.02366713557009683,12.290435469348774,15.0
east-west,0.0,2.5,250.0,0.01,93.2490135632072,276.87753156588894,1025.0,105.90504885663799,0.02366713557009683,12.290435469348774,15.0
east-west,0.0,2.5,250.0,0.02,93.2490135632072,276.87753156588894,1025.0,26.92411939875158,0.02366713557009683,12.290435469348774,15.0
east-west,0.0,2.5,250.0,0.03,93.2490135632072,276.87753156588894,1025.0,-44.13116182618597,0.02366713557009683,12.290435469348774,15.0
east-west,0.0,2.5,250.0,0.04,93.2490135632072,276.87753156588894,1025.0,-108.20865517883944,0.02366713557009683,12.290435469348774,15.0
east-west,0.0,2.5,300.0,0.0,93.2490135632072,276.87753156588894,1150.0,68.90866466300793,0.007735574931421015,14.019461776492717,15.0
east-west,0.0,2.5,300.0,0.01,93.2490135632072,276.87753156588894,1150.0,-19.09495114336213,0.007735574931421015,14.019461776492717,15.0
east-west,0.0,2.5,300.0,0.02,93.2490135632072,276.87753156588894,1150.0,-98.07588060124843,0.007735574931421015,14.019461776492717,15.0
east-west,0.0,2.5,300.0,0.03,93.2490135632072,276.87753156588894,1150.0,-169.1311618261859,0.007735574931421015,14.019461776492717,15.0
east-west,0.0,2.5,300.0,0.04,93.2490135632072,276.87753156588894,1150.0,-233.20865517883936,0.007735574931421015,14.019461776492717,15.0
east-west,0.0,2.5,350.0,0.0,93.2490135632072,276.87753156588894,1275.0,-56.09133533699213,-0.005842539771510985,Inf,15.0
east-west,0.0,2.5,350.0,0.01,93.2490135632072,276.87753156588894,1275.0,-144.09495114336232,-0.005842539771510985,Inf,15.0
east-west,0.0,2.5,350.0,0.02,93.2490135632072,276.87753156588894,1275.0,-223.07588060124854,-0.005842539771510985,Inf,15.0
east-west,0.0,2.5,350.0,0.03,93.2490135632072,276.87753156588894,1275.0,-294.13116182618603,-0.005842539771510985,Inf,15.0
east-west,0.0,2.5,350.0,0.04,93.2490135632072,276.87753156588894,1275.0,-358.20865517883936,-0.005842539771510985,Inf,15.0
east-west,0.0,2.5,400.0,0.0,93.2490135632072,276.87753156588894,1400.0,-181.09133533699222,-0.017626326805879042,Inf,15.0
east-west,0.0,2.5,400.0,0.01,93.2490135632072,276.87753156588894,1400.0,-269.0949511433623,-0.017626326805879042,Inf,15.0
east-west,0.0,2.5,400.0,0.02,93.2490135632072,276.87753156588894,1400.0,-348.0758806012485,-0.017626326805879042,Inf,15.0
east-west,0.0,2.5,400.0,0.03,93.2490135632072,276.87753156588894,1400.0,-419.13116182618614,-0.017626326805879042,Inf,15.0
east-west,0.0,2.5,400.0,0.04,93.2490135632072,276.87753156588894,1400.0,-483.2086551788394,-0.017626326805879042,Inf,15.0
east-west,0.0,5.0,100.0,0.0,155.2167416940349,237.79786074648064,900.0,1128.9226032764045,0.13285268391537547,6.102120467373126,15.0
east-west,0.0,5.0,100.0,0.01,155.2167416940349,237.79786074648064,900.0,982.4370375765649,0.13285268391537547,6.102120467373126,15.0
east-west,0.0,5.0,100.0,0.02,155.2167416940349,237.79786074648064,900.0,850.9700969841062,0.13285268391537547,6.102120467373126,15.0
east-west,0.0,5.0,100.0,0.03,155.2167416940349,237.79786074648064,900.0,732.6957173370512,0.13285268391537547,6.102120467373126,15.0
east-west,0.0,5.0,100.0,0.04,155.2167416940349,237.79786074648064,900.0,626.0361468593605,0.13285268391537547,6.102120467373126,15.0
east-west,0.0,5.0,150.0,0.0,155.2167416940349,237.79786074648064,1150.0,878.9226032764045,0.08608654730850498,7.93911678024506,15.0
east-west,0.0,5.0,150.0,0.01,155.2167416940349,237.79786074648064,1150.0,732.4370375765649,0.08608654730850498,7.93911678024506,15.0
east-west,0.0,5.0,150.0,0.02,155.2167416940349,237.79786074648064,1150.0,600.9700969841064,0.08608654730850498,7.93911678024506,15.0
east-west,0.0,5.0,150.0,0.03,155.2167416940349,237.79786074648064,1150.0,482.69571733705135,0.08608654730850498,7.93911678024506,15.0
east-west,0.0,5.0,150.0,0.04,155.2167416940349,237.79786074648064,1150.0,376.03614685936054,0.08608654730850498,7.93911678024506,15.0
east-west,0.0,5.0,200.0,0.0,155.2167416940349,237.79786074648064,1400.0,628.9226032764043,0.0532833235708676,9.848018705967746,15.0
east-west,0.0,5.0,200.0,0.01,155.2167416940349,237.79786074648064,1400.0,482.4370375765647,0.0532833235708676,9.848018705967746,15.0
east-west,0.0,5.0,200.0,0.02,155.2167416940349,237.79786074648064,1400.0,350.9700969841066,0.0532833235708676,9.848018705967746,15.0
east-west,0.0,5.0,200.0,0.03,155.2167416940349,237.79786074648064,1400.0,232.69571733705118,0.0532833235708676,9.848018705967746,15.0
east-west,0.0,5.0,200.0,0.04,155.2167416940349,237.79786074648064,1400.0,126.03614685936047,0.0532833235708676,9.848018705967746,15.0
east-west,0.0,5.0,250.0,0.0,155.2167416940349,237.79786074648064,1650.0,378.92260327640446,0.02847021217880178,11.832818806514075,15.0
east-west,0.0,5.0,250.0,0.01,155.2167416940349,237.79786074648064,1650.0,232.43703757656476,0.02847021217880178,11.832818806514075,15.0
east-west,0.0,5.0,250.0,0.02,155.2167416940349,237.79786074648064,1650.0,100.97009698410638,0.02847021217880178,11.832818806514075,15.0
east-west,0.0,5.0,250.0,0.03,155.2167416940349,237.79786074648064,1650.0,-17.304282662948793,0.02847021217880178,11.832818806514075,15.0
east-west,0.0,5.0,250.0,0.04,155.2167416940349,237.79786074648064,1650.0,-123.96385314063977,0.02847021217880178,11.832818806514075,15.0
east-west,0.0,5.0,300.0,0.0,155.2167416940349,237.79786074648064,1900.0,128.9226032764043,0.008741886373818434,13.899930953367353,15.0
east-west,0.0,5.0,300.0,0.01,155.2167416940349,237.79786074648064,1900.0,-17.56296242343531,0.008741886373818434,13.899930953367353,15.0
east-west,0.0,5.0,300.0,0.02,155.2167416940349,237.79786074648064,1900.0,-149.0299030158935,0.008741886373818434,13.899930953367353,15.0
east-west,0.0,5.0,300.0,0.03,155.2167416940349,237.79786074648064,1900.0,-267.3042826629486,0.008741886373818434,13.899930953367353,15.0
east-west,0.0,5.0,300.0,0.04,155.2167416940349,237.79786074648064,1900.0,-373.9638531406398,0.008741886373818434,13.899930953367353,15.0
east-west,0.0,5.0,350.0,0.0,155.2167416940349,237.79786074648064,2150.0,-121.07739672359561,-0.007505675997357511,Inf,15.0
east-west,0.0,5.0,350.0,0.01,155.2167416940349,237.79786074648064,2150.0,-267.5629624234353,-0.007505675997357511,Inf,15.0
east-west,0.0,5.0,350.0,0.02,155.2167416940349,237.79786074648064,2150.0,-399.0299030158935,-0.007505675997357511,Inf,15.0
east-west,0.0,5.0,350.0,0.03,155.2167416940349,237.79786074648064,2150.0,-517.304282662949,-0.007505675997357511,Inf,15.0
east-west,0.0,5.0,350.0,0.04,155.2167416940349,237.79786074648064,2150.0,-623.9638531406398,-0.007505675997357511,Inf,15.0
east-west,0.0,5.0,400.0,0.0,155.2167416940349,237.79786074648064,2400.0,-371.07739672359537,-0.021240587271561313,Inf,15.0
east-west,0.0,5.0,400.0,0.01,155.2167416940349,237.79786074648064,2400.0,-517.5629624234351,-0.021240587271561313,Inf,15.0
east-west,0.0,5.0,400.0,0.02,155.2167416940349,237.79786074648064,2400.0,-649.0299030158935,-0.021240587271561313,Inf,15.0
east-west,0.0,5.0,400.0,0.03,155.2167416940349,237.79786074648064,2400.0,-767.304282662949,-0.021240587271561313,Inf,15.0
east-west,0.0,5.0,400.0,0.04,155.2167416940349,237.79786074648064,2400.0,-873.9638531406398,-0.021240587271561313,Inf,15.0
east-west,0.0,10.0,100.0,0.0,232.66173351250882,186.24479975152607,1400.0,1641.248288612554,0.1252941204493072,6.3493156459801,15.0
east-west,0.0,10.0,100.0,0.01,232.66173351250882,186.24479975152607,1400.0,1421.6741287743887,0.1252941204493072,6.3493156459801,15.0
east-west,0.0,10.0,100.0,0.02,232.66173351250882,186.24479975152607,1400.0,1224.6120981970332,0.1252941204493072,6.3493156459801,15.0
east-west,0.0,10.0,100.0,0.03,232.66173351250882,186.24479975152607,1400.0,1047.32502272779,0.1252941204493072,6.3493156459801,15.0
east-west,0.0,10.0,100.0,0.04,232.66173351250882,186.24479975152607,1400.0,887.4479354226332,0.1252941204493072,6.3493156459801,15.0
east-west,0.0,10.0,150.0,0.0,232.66173351250882,186.24479975152607,1900.0,1141.2482886125538,0.06939407249159213,8.828095921904778,15.0
east-west,0.0,10.0,150.0,0.01,232.66173351250882,186.24479975152607,1900.0,921.6741287743886,0.06939407249159213,8.828095921904778,15.0
east-west,0.0,10.0,150.0,0.02,232.66173351250882,186.24479975152607,1900.0,724.6120981970332,0.06939407249159213,8.828095921904778,15.0
east-west,0.0,10.0,150.0,0.03,232.66173351250882,186.24479975152607,1900.0,547.3250227277896,0.06939407249159213,8.828095921904778,15.0
east-west,0.0,10.0,150.0,0.04,232.66173351250882,186.24479975152607,1900.0,387.44793542263335,0.06939407249159213,8.828095921904778,15.0
east-west,0.0,10.0,200.0,0.0,232.66173351250882,186.24479975152607,2400.0,641.2482886125538,0.03285496314581558,11.439563778398727,15.0
east-west,0.0,10.0,200.0,0.01,232.66173351250882,186.24479975152607,2400.0,421.67412877438835,0.03285496314581558,11.439563778398727,15.0
east-west,0.0,10.0,200.0,0.02,232.66173351250882,186.24479975152607,2400.0,224.6120981970334,0.03285496314581558,11.439563778398727,15.0
east-west,0.0,10.0,200.0,0.03,232.66173351250882,186.24479975152607,2400.0,47.32502272778966,0.03285496314581558,11.439563778398727,15.0
east-west,0.0,10.0,200.0,0.04,232.66173351250882,186.24479975152607,2400.0,-112.55206457736634,0.03285496314581558,11.439563778398727,15.0
east-west,0.0,10.0,250.0,0.0,232.66173351250882,186.24479975152607,2900.0,141.24828861255315,0.006306195332659799,14.194448751215235,15.0
east-west,0.0,10.0,250.0,0.01,232.66173351250882,186.24479975152607,2900.0,-78.32587122561142,0.006306195332659799,14.194448751215235,15.0
east-west,0.0,10.0,250.0,0.02,232.66173351250882,186.24479975152607,2900.0,-275.3879018029672,0.006306195332659799,14.194448751215235,15.0
east-west,0.0,10.0,250.0,0.03,232.66173351250882,186.24479975152607,2900.0,-452.6749772722099,0.006306195332659799,14.194448751215235,15.0
east-west,0.0,10.0,250.0,0.04,232.66173351250882,186.24479975152607,2900.0,-612.5520645773665,0.006306195332659799,14.194448751215235,15.0
east-west,0.0,10.0,300.0,0.0,232.66173351250882,186.24479975152607,3400.0,-358.7517113874471,-0.014271784446191357,Inf,15.0
east-west,0.0,10.0,300.0,0.01,232.66173351250882,186.24479975152607,3400.0,-578.325871225611,-0.014271784446191357,Inf,15.0
east-west,0.0,10.0,300.0,0.02,232.66173351250882,186.24479975152607,3400.0,-775.3879018029672,-0.014271784446191357,Inf,15.0
east-west,0.0,10.0,300.0,0.03,232.66173351250882,186.24479975152607,3400.0,-952.6749772722095,-0.014271784446191357,Inf,15.0
east-west,0.0,10.0,300.0,0.04,232.66173351250882,186.24479975152607,3400.0,-1112.5520645773672,-0.014271784446191357,Inf,15.0
east-west,0.0,10.0,350.0,0.0,232.66173351250882,186.24479975152607,3900.0,-858.7517113874469,-0.030929261508437146,Inf,15.0
east-west,0.0,10.0,350.0,0.01,232.66173351250882,186.24479975152607,3900.0,-1078.3258712256109,-0.030929261508437146,Inf,15.0
east-west,0.0,10.0,350.0,0.02,232.66173351250882,186.24479975152607,3900.0,-1275.3879018029668,-0.030929261508437146,Inf,15.0
east-west,0.0,10.0,350.0,0.03,232.66173351250882,186.24479975152607,3900.0,-1452.674977272209,-0.030929261508437146,Inf,15.0
east-west,0.0,10.0,350.0,0.04,232.66173351250882,186.24479975152607,3900.0,-1612.5520645773672,-0.030929261508437146,Inf,15.0
east-west,0.0,10.0,400.0,0.0,232.66173351250882,186.24479975152607,4400.0,-1358.7517113874474,-0.044838569860184016,Inf,15.0
east-west,0.0,10.0,400.0,0.01,232.66173351250882,186.24479975152607,4400.0,-1578.3258712256109,-0.044838569860184016,Inf,15.0
east-west,0.0,10.0,400.0,0.02,232.66173351250882,186.24479975152607,4400.0,-1775.3879018029668,-0.044838569860184016,Inf,15.0
east-west,0.0,10.0,400.0,0.03,232.66173351250882,186.24479975152607,4400.0,-1952.6749772722096,-0.044838569860184016,Inf,15.0
east-west,0.0,10.0,400.0,0.04,232.66173351250882,186.24479975152607,4400.0,-2112.5520645773677,-0.044838569860184016,Inf,15.0
east-west,0.0,15.0,100.0,0.0,281.01329958943484,154.79587753199834,1900.0,1773.2779540120946,0.10269352442671327,7.192970354904172,15.0
east-west,0.0,15.0,100.0,0.01,281.01329958943484,154.79587753199834,1900.0,1508.0720766674938,0.10269352442671327,7.192970354904172,15.0
east-west,0.0,15.0,100.0,0.02,281.01329958943484,154.79587753199834,1900.0,1270.0567803817398,0.10269352442671327,7.192970354904172,15.0
east-west,0.0,15.0,100.0,0.03,281.01329958943484,154.79587753199834,1900.0,1055.926053768312,0.10269352442671327,7.192970354904172,15.0
east-west,0.0,15.0,100.0,0.04,281.01329958943484,154.79587753199834,1900.0,862.823444438898,0.10269352442671327,7.192970354904172,15.0
east-west,0.0,15.0,150.0,0.0,281.01329958943484,154.79587753199834,2650.0,1023.2779540120943,0.04634868146233877,10.347336246536983,15.0
east-west,0.0,15.0,150.0,0.01,281.01329958943484,154.79587753199834,2650.0,758.0720766674937,0.04634868146233877,10.347336246536983,15.0
east-west,0.0,15.0,150.0,0.02,281.01329958943484,154.79587753199834,2650.0,520.0567803817398,0.04634868146233877,10.347336246536983,15.0
east-west,0.0,15.0,150.0,0.03,281.01329958943484,154.79587753199834,2650.0,305.9260537683123,0.04634868146233877,10.347336246536983,15.0
east-west,0.0,15.0,150.0,0.04,281.01329958943484,154.79587753199834,2650.0,112.8234444388983,0.04634868146233877,10.347336246536983,15.0
east-west,0.0,15.0,200.0,0.0,281.01329958943484,154.79587753199834,3400.0,273.2779540120939,0.010322133441582023,13.715442041482547,15.0
east-west,0.0,15.0,200.0,0.01,281.01329958943484,154.79587753199834,3400.0,8.072076667493747,0.010322133441582023,13.715442041482547,15.0
east-west,0.0,15.0,200.0,0.02,281.01329958943484,154.79587753199834,3400.0,-229.94321961826043,0.010322133441582023,13.715442041482547,15.0
east-west,0.0,15.0,200.0,0.03,281.01329958943484,154.79587753199834,3400.0,-444.07394623168796,0.010322133441582023,13.715442041482547,15.0
east-west,0.0,15.0,200.0,0.04,281.01329958943484,154.79587753199834,3400.0,-637.1765555611017,0.010322133441582023,13.715442041482547,15.0
east-west,0.0,15.0,250.0,0.0,281.01329958943484,154.79587753199834,4150.0,-476.7220459879064,-0.015582514222991846,Inf,15.0
east-west,0.0,15.0,250.0,0.01,281.01329958943484,154.79587753199834,4150.0,-741.9279233325067,-0.015582514222991846,Inf,15.0
east-west,0.0,15.0,250.0,0.02,281.01329958943484,154.79587753199834,4150.0,-979.9432196182596,-0.015582514222991846,Inf,15.0
east-west,0.0,15.0,250.0,0.03,281.01329958943484,154.79587753199834,4150.0,-1194.0739462316878,-0.015582514222991846,Inf,15.0
east-west,0.0,15.0,250.0,0.04,281.01329958943484,154.79587753199834,4150.0,-1387.1765555611023,-0.015582514222991846,Inf,15.0
east-west,0.0,15.0,300.0,0.0,281.01329958943484,154.79587753199834,4900.0,-1226.7220459879052,-0.0355491125492964,Inf,15.0
east-west,0.0,15.0,300.0,0.01,281.01329958943484,154.79587753199834,4900.0,-1491.9279233325071,-0.0355491125492964,Inf,15.0
east-west,0.0,15.0,300.0,0.02,281.01329958943484,154.79587753199834,4900.0,-1729.9432196182586,-0.0355491125492964,Inf,15.0
east-west,0.0,15.0,300.0,0.03,281.01329958943484,154.79587753199834,4900.0,-1944.0739462316878,-0.0355491125492964,Inf,15.0
east-west,0.0,15.0,300.0,0.04,281.01329958943484,154.79587753199834,4900.0,-2137.1765555611014,-0.0355491125492964,Inf,15.0
east-west,0.0,15.0,350.0,0.0,281.01329958943484,154.79587753199834,5650.0,-1976.7220459879056,-0.051659454700013395,Inf,15.0
east-west,0.0,15.0,350.0,0.01,281.01329958943484,154.79587753199834,5650.0,-2241.9279233325065,-0.051659454700013395,Inf,15.0
east-west,0.0,15.0,350.0,0.02,281.01329958943484,154.79587753199834,5650.0,-2479.9432196182584,-0.051659454700013395,Inf,15.0
east-west,0.0,15.0,350.0,0.03,281.01329958943484,154.79587753199834,5650.0,-2694.073946231687,-0.051659454700013395,Inf,15.0
east-west,0.0,15.0,350.0,0.04,281.01329958943484,154.79587753199834,5650.0,-2887.176555561101,-0.051659454700013395,Inf,15.0
east-west,0.0,15.0,400.0,0.0,281.01329958943484,154.79587753199834,6400.0,-2726.722045987906,-0.06508563650213098,Inf,15.0
east-west,0.0,15.0,400.0,0.01,281.01329958943484,154.79587753199834,6400.0,-2991.9279233325065,-0.06508563650213098,Inf,15.0
east-west,0.0,15.0,400.0,0.02,281.01329958943484,154.79587753199834,6400.0,-3229.9432196182593,-0.06508563650213098,Inf,15.0
east-west,0.0,15.0,400.0,0.03,281.01329958943484,154.79587753199834,6400.0,-3444.0739462316865,-0.06508563650213098,Inf,15.0
east-west,0.0,15.0,400.0,0.04,281.01329958943484,154.79587753199834,6400.0,-3637.1765555611005,-0.06508563650213098,Inf,15.0
east-west,0.0,20.0,100.0,0.0,325.22031744935146,137.489587258602,2400.0,1851.1319714365275,0.0867887044067265,7.905271620892853,15.0
east-west,0.0,20.0,100.0,0.01,325.22031744935146,137.489587258602,2400.0,1544.2057877097848,0.0867887044067265,7.905271620892853,15.0
east-west,0.0,20.0,100.0,0.02,325.22031744935146,137.489587258602,2400.0,1268.7476142747635,0.0867887044067265,7.905271620892853,15.0
east-west,0.0,20.0,100.0,0.03,325.22031744935146,137.489587258602,2400.0,1020.9313614973183,0.0867887044067265,7.905271620892853,15.0
east-west,0.0,20.0,100.0,0.04,325.22031744935146,137.489587258602,2400.0,797.4512201724658,0.0867887044067265,7.905271620892853,15.0
east-west,0.0,20.0,150.0,0.0,325.22031744935146,137.489587258602,3400.0,851.1319714365274,0.030894296051054593,11.61321306777866,15.0
east-west,0.0,20.0,150.0,0.01,325.22031744935146,137.489587258602,3400.0,544.2057877097849,0.030894296051054593,11.61321306777866,15.0
east-west,0.0,20.0,150.0,0.02,325.22031744935146,137.489587258602,3400.0,268.74761427476346,0.030894296051054593,11.61321306777866,15.0
east-west,0.0,20.0,150.0,0.03,325.22031744935146,137.489587258602,3400.0,20.93136149731771,0.030894296051054593,11.61321306777866,15.0
east-west,0.0,20.0,150.0,0.04,325.22031744935146,137.489587258602,3400.0,-202.54877982753428,0.030894296051054593,11.61321306777866,15.0
east-west,0.0,20.0,200.0,0.0,325.22031744935146,137.489587258602,4400.0,-148.86802856347262,-0.004480256538624359,Inf,15.0
east-west,0.0,20.0,200.0,0.01,325.22031744935146,137.489587258602,4400.0,-455.7942122902143,-0.004480256538624359,Inf,15.0
east-west,0.0,20.0,200.0,0.02,325.22031744935146,137.489587258602,4400.0,-731.2523857252365,-0.004480256538624359,Inf,15.0
east-west,0.0,20.0,200.0,0.03,325.22031744935146,137.489587258602,4400.0,-979.0686385026823,-0.004480256538624359,Inf,15.0
east-west,0.0,20.0,200.0,0.04,325.22031744935146,137.489587258602,4400.0,-1202.5487798275344,-0.004480256538624359,Inf,15.0
east-west,0.0,20.0,250.0,0.0,325.22031744935146,137.489587258602,5400.0,-1148.8680285634725,-0.029806305296273254,Inf,15.0
east-west,0.0,20.0,250.0,0.01,325.22031744935146,137.489587258602,5400.0,-1455.7942122902145,-0.029806305296273254,Inf,15.0
east-west,0.0,20.0,250.0,0.02,325.22031744935146,137.489587258602,5400.0,-1731.2523857252368,-0.029806305296273254,Inf,15.0
east-west,0.0,20.0,250.0,0.03,325.22031744935146,137.489587258602,5400.0,-1979.0686385026825,-0.029806305296273254,Inf,15.0
east-west,0.0,20.0,250.0,0.04,325.22031744935146,137.489587258602,5400.0,-2202.548779827534,-0.029806305296273254,Inf,15.0
east-west,0.0,20.0,300.0,0.0,325.22031744935146,137.489587258602,6400.0,-2148.8680285634728,-0.049286771767349156,Inf,15.0
east-west,0.0,20.0,300.0,0.01,325.22031744935146,137.489587258602,6400.0,-2455.7942122902136,-0.049286771767349156,Inf,15.0
east-west,0.0,20.0,300.0,0.02,325.22031744935146,137.489587258602,6400.0,-2731.2523857252368,-0.049286771767349156,Inf,15.0
east-west,0.0,20.0,300.0,0.03,325.22031744935146,137.489587258602,6400.0,-2979.0686385026825,-0.049286771767349156,Inf,15.0
east-west,0.0,20.0,300.0,0.04,325.22031744935146,137.489587258602,6400.0,-3202.548779827534,-0.049286771767349156,Inf,15.0
east-west,0.0,20.0,350.0,0.0,325.22031744935146,137.489587258602,7400.0,-3148.8680285634737,-0.06498879394506096,Inf,15.0
east-west,0.0,20.0,350.0,0.01,325.22031744935146,137.489587258602,7400.0,-3455.7942122902127,-0.06498879394506096,Inf,15.0
east-west,0.0,20.0,350.0,0.02,325.22031744935146,137.489587258602,7400.0,-3731.2523857252377,-0.06498879394506096,Inf,15.0
east-west,0.0,20.0,350.0,0.03,325.22031744935146,137.489587258602,7400.0,-3979.068638502683,-0.06498879394506096,Inf,15.0
east-west,0.0,20.0,350.0,0.04,325.22031744935146,137.489587258602,7400.0,-4202.548779827533,-0.06498879394506096,Inf,15.0
east-west,0.0,20.0,400.0,0.0,325.22031744935146,137.489587258602,8400.0,-4148.868028563473,-0.07806821392080712,Inf,15.0
east-west,0.0,20.0,400.0,0.01,325.22031744935146,137.489587258602,8400.0,-4455.794212290213,-0.07806821392080712,Inf,15.0
east-west,0.0,20.0,400.0,0.02,325.22031744935146,137.489587258602,8400.0,-4731.252385725237,-0.07806821392080712,Inf,15.0
east-west,0.0,20.0,400.0,0.03,325.22031744935146,137.489587258602,8400.0,-4979.068638502683,-0.07806821392080712,Inf,15.0
east-west,0.0,20.0,400.0,0.04,325.22031744935146,137.489587258602,8400.0,-5202.548779827533,-0.07806821392080712,Inf,15.0
east-west,0.0,30.0,100.0,0.0,379.1966622784407,107.733639717798,3400.0,1556.6861846660233,0.05421982000739939,9.784064178152832,15.0
east-west,0.0,30.0,100.0,0.01,379.1966622784407,107.733639717798,3400.0,1198.8199069751608,0.05421982000739939,9.784064178152832,15.0
east-west,0.0,30.0,100.0,0.02,379.1966622784407,107.733639717798,3400.0,877.6443396456591,0.05421982000739939,9.784064178152832,15.0
east-west,0.0,30.0,100.0,0.03,379.1966622784407,107.733639717798,3400.0,588.6983824909612,0.05421982000739939,9.784064178152832,15.0
east-west,0.0,30.0,100.0,0.04,379.1966622784407,107.733639717798,3400.0,328.12756594258883,0.05421982000739939,9.784064178152832,15.0
east-west,0.0,30.0,150.0,0.0,379.1966622784407,107.733639717798,4900.0,56.686184666023564,0.0015127171205232932,14.801642940499894,15.0
east-west,0.0,30.0,150.0,0.01,379.1966622784407,107.733639717798,4900.0,-301.18009302484,0.0015127171205232932,14.801642940499894,15.0
east-west,0.0,30.0,150.0,0.02,379.1966622784407,107.733639717798,4900.0,-622.3556603543407,0.0015127171205232932,14.801642940499894,15.0
east-west,0.0,30.0,150.0,0.03,379.1966622784407,107.733639717798,4900.0,-911.3016175090386,0.0015127171205232932,14.801642940499894,15.0
east-west,0.0,30.0,150.0,0.04,379.1966622784407,107.733639717798,4900.0,-1171.8724340574095,0.0015127171205232932,14.801642940499894,15.0
east-west,0.0,30.0,200.0,0.0,379.1966622784407,107.733639717798,6400.0,-1443.3138153339771,-0.03173702198444039,Inf,15.0
east-west,0.0,30.0,200.0,0.01,379.1966622784407,107.733639717798,6400.0,-1801.1800930248412,-0.03173702198444039,Inf,15.0
east-west,0.0,30.0,200.0,0.02,379.1966622784407,107.733639717798,6400.0,-2122.3556603543416,-0.03173702198444039,Inf,15.0
east-west,0.0,30.0,200.0,0.03,379.1966622784407,107.733639717798,6400.0,-2411.3016175090374,-0.03173702198444039,Inf,15.0
east-west,0.0,30.0,200.0,0.04,379.1966622784407,107.733639717798,6400.0,-2671.8724340574104,-0.03173702198444039,Inf,15.0
east-west,0.0,30.0,250.0,0.0,379.1966622784407,107.733639717798,7900.0,-2943.313815333976,-0.05555016010843906,Inf,15.0
east-west,0.0,30.0,250.0,0.01,379.1966622784407,107.733639717798,7900.0,-3301.18009302484,-0.05555016010843906,Inf,15.0
east-west,0.0,30.0,250.0,0.02,379.1966622784407,107.733639717798,7900.0,-3622.3556603543416,-0.05555016010843906,Inf,15.0
east-west,0.0,30.0,250.0,0.03,379.1966622784407,107.733639717798,7900.0,-3911.301617509037,-0.05555016010843906,Inf,15.0
east-west,0.0,30.0,250.0,0.04,379.1966622784407,107.733639717798,7900.0,-4171.872434057412,-0.05555016010843906,Inf,15.0
east-west,0.0,30.0,300.0,0.0,379.1966622784407,107.733639717798,9400.0,-4443.313815333978,-0.07389013738167755,Inf,15.0
east-west,0.0,30.0,300.0,0.01,379.1966622784407,107.733639717798,9400.0,-4801.180093024838,-0.07389013738167755,Inf,15.0
east-west,0.0,30.0,300.0,0.02,379.1966622784407,107.733639717798,9400.0,-5122.355660354342,-0.07389013738167755,Inf,15.0
east-west,0.0,30.0,300.0,0.03,379.1966622784407,107.733639717798,9400.0,-5411.301617509039,-0.07389013738167755,Inf,15.0
east-west,0.0,30.0,300.0,0.04,379.1966622784407,107.733639717798,9400.0,-5671.872434057412,-0.07389013738167755,Inf,15.0
east-west,0.0,30.0,350.0,0.0,379.1966622784407,107.733639717798,10900.0,-5943.313815333977,-0.08869467364770331,Inf,15.0
east-west,0.0,30.0,350.0,0.01,379.1966622784407,107.733639717798,10900.0,-6301.180093024838,-0.08869467364770331,Inf,15.0
east-west,0.0,30.0,350.0,0.02,379.1966622784407,107.733639717798,10900.0,-6622.355660354341,-0.08869467364770331,Inf,15.0
east-west,0.0,30.0,350.0,0.03,379.1966622784407,107.733639717798,10900.0,-6911.301617509039,-0.08869467364770331,Inf,15.0
east-west,0.0,30.0,350.0,0.04,379.1966622784407,107.733639717798,10900.0,-7171.87243405741,-0.08869467364770331,Inf,15.0
east-west,0.0,30.0,400.0,0.0,379.1966622784407,107.733639717798,12400.0,-7443.313815333979,-0.10104448247726217,Inf,15.0
east-west,0.0,30.0,400.0,0.01,379.1966622784407,107.733639717798,12400.0,-7801.180093024837,-0.10104448247726217,Inf,15.0
east-west,0.0,30.0,400.0,0.02,379.1966622784407,107.733639717798,12400.0,-8122.355660354342,-0.10104448247726217,Inf,15.0
east-west,0.0,30.0,400.0,0.03,379.1966622784407,107.733639717798,12400.0,-8411.301617509036,-0.10104448247726217,Inf,15.0
east-west,0.0,30.0,400.0,0.04,379.1966622784407,107.733639717798,12400.0,-8671.872434057408,-0.10104448247726217,Inf,15.0
east-west,3.0,5.0,100.0,0.0,258.56871091883966,263.74168544268247,900.0,2479.8925061666696,0.26073126964816307,3.574058817412468,15.0
east-west,3.0,5.0,100.0,0.01,258.56871091883966,263.74168544268247,900.0,2235.8686755035615,0.26073126964816307,3.574058817412468,15.0
east-west,3.0,5.0,100.0,0.02,258.56871091883966,263.74168544268247,900.0,2016.8637087297866,0.26073126964816307,3.574058817412468,15.0
east-west,3.0,5.0,100.0,0.03,258.56871091883966,263.74168544268247,900.0,1819.83564625217,0.26073126964816307,3.574058817412468,15.0
east-west,3.0,5.0,100.0,0.04,258.56871091883966,263.74168544268247,900.0,1642.156181108279,0.26073126964816307,3.574058817412468,15.0
east-west,3.0,5.0,150.0,0.0,258.56871091883966,263.74168544268247,1150.0,2229.8925061666696,0.19308853314061702,4.6136037449150775,15.0
east-west,3.0,5.0,150.0,0.01,258.56871091883966,263.74168544268247,1150.0,1985.868675503562,0.19308853314061702,4.6136037449150775,15.0
east-west,3.0,5.0,150.0,0.02,258.56871091883966,263.74168544268247,1150.0,1766.863708729787,0.19308853314061702,4.6136037449150775,15.0
east-west,3.0,5.0,150.0,0.03,258.56871091883966,263.74168544268247,1150.0,1569.83564625217,0.19308853314061702,4.6136037449150775,15.0
east-west,3.0,5.0,150.0,0.04,258.56871091883966,263.74168544268247,1150.0,1392.1561811082788,0.19308853314061702,4.6136037449150775,15.0
east-west,3.0,5.0,200.0,0.0,258.56871091883966,263.74168544268247,1400.0,1979.8925061666698,0.14733436067958783,5.675348315931991,15.0
east-west,3.0,5.0,200.0,0.01,258.56871091883966,263.74168544268247,1400.0,1735.868675503562,0.14733436067958783,5.675348315931991,15.0
east-west,3.0,5.0,200.0,0.02,258.56871091883966,263.74168544268247,1400.0,1516.863708729787,0.14733436067958783,5.675348315931991,15.0
east-west,3.0,5.0,200.0,0.03,258.56871091883966,263.74168544268247,1400.0,1319.83564625217,0.14733436067958783,5.675348315931991,15.0
east-west,3.0,5.0,200.0,0.04,258.56871091883966,263.74168544268247,1400.0,1142.1561811082786,0.14733436067958783,5.675348315931991,15.0
east-west,3.0,5.0,250.0,0.0,258.56871091883966,263.74168544268247,1650.0,1729.8925061666694,0.11369422957028741,6.760182168171205,15.0
east-west,3.0,5.0,250.0,0.01,258.56871091883966,263.74168544268247,1650.0,1485.868675503562,0.11369422957028741,6.760182168171205,15.0
east-west,3.0,5.0,250.0,0.02,258.56871091883966,263.74168544268247,1650.0,1266.863708729787,0.11369422957028741,6.760182168171205,15.0
east-west,3.0,5.0,250.0,0.03,258.56871091883966,263.74168544268247,1650.0,1069.83564625217,0.11369422957028741,6.760182168171205,15.0
east-west,3.0,5.0,250.0,0.04,258.56871091883966,263.74168544268247,1650.0,892.1561811082787,0.11369422957028741,6.760182168171205,15.0
east-west,3.0,5.0,300.0,0.0,258.56871091883966,263.74168544268247,1900.0,1479.8925061666694,0.08754573203555527,7.869022005084935,15.0
east-west,3.0,5.0,300.0,0.01,258.56871091883966,263.74168544268247,1900.0,1235.868675503562,0.08754573203555527,7.869022005084935,15.0
east-west,3.0,5.0,300.0,0.02,258.56871091883966,263.74168544268247,1900.0,1016.863708729787,0.08754573203555527,7.869022005084935,15.0
east-west,3.0,5.0,300.0,0.03,258.56871091883966,263.74168544268247,1900.0,819.8356462521699,0.08754573203555527,7.869022005084935,15.0
east-west,3.0,5.0,300.0,0.04,258.56871091883966,263.74168544268247,1900.0,642.1561811082787,0.08754573203555527,7.869022005084935,15.0
east-west,3.0,5.0,350.0,0.0,258.56871091883966,263.74168544268247,2150.0,1229.8925061666698,0.06640272212423035,9.002869724557016,15.0
east-west,3.0,5.0,350.0,0.01,258.56871091883966,263.74168544268247,2150.0,985.8686755035618,0.06640272212423035,9.002869724557016,15.0
east-west,3.0,5.0,350.0,0.02,258.56871091883966,263.74168544268247,2150.0,766.8637087297869,0.06640272212423035,9.002869724557016,15.0
east-west,3.0,5.0,350.0,0.03,258.56871091883966,263.74168544268247,2150.0,569.8356462521699,0.06640272212423035,9.002869724557016,15.0
east-west,3.0,5.0,350.0,0.04,258.56871091883966,263.74168544268247,2150.0,392.1561811082788,0.06640272212423035,9.002869724557016,15.0
east-west,3.0,5.0,400.0,0.0,258.56871091883966,263.74168544268247,2400.0,979.8925061666697,0.04879926946587483,10.165843060548942,15.0
east-west,3.0,5.0,400.0,0.01,258.56871091883966,263.74168544268247,2400.0,735.8686755035619,0.04879926946587483,10.165843060548942,15.0
east-west,3.0,5.0,400.0,0.02,258.56871091883966,263.74168544268247,2400.0,516.8637087297868,0.04879926946587483,10.165843060548942,15.0
east-west,3.0,5.0,400.0,0.03,258.56871091883966,263.74168544268247,2400.0,319.8356462521699,0.04879926946587483,10.165843060548942,15.0
east-west,3.0,5.0,400.0,0.04,258.56871091883966,263.74168544268247,2400.0,142.15618110827887,0.04879926946587483,10.165843060548942,15.0
east-west,3.0,7.5,100.0,0.0,314.85379828989153,229.82867765882332,1150.0,2965.6255511214667,0.2463524865379031,3.7565819612527966,15.0
east-west,3.0,7.5,100.0,0.01,314.85379828989153,229.82867765882332,1150.0,2668.4827542049243,0.2463524865379031,3.7565819612527966,15.0
east-west,3.0,7.5,100.0,0.02,314.85379828989153,229.82867765882332,1150.0,2401.8049129918854,0.2463524865379031,3.7565819612527966,15.0
east-west,3.0,7.5,100.0,0.03,314.85379828989153,229.82867765882332,1150.0,2161.8878958851733,0.2463524865379031,3.7565819612527966,15.0
east-west,3.0,7.5,100.0,0.04,314.85379828989153,229.82867765882332,1150.0,1945.5312675836535,0.2463524865379031,3.7565819612527966,15.0
east-west,3.0,7.5,150.0,0.0,314.85379828989153,229.82867765882332,1525.0,2590.6255511214663,0.17243700434298026,5.043762368394198,15.0
east-west,3.0,7.5,150.0,0.01,314.85379828989153,229.82867765882332,1525.0,2293.4827542049243,0.17243700434298026,5.043762368394198,15.0
east-west,3.0,7.5,150.0,0.02,314.85379828989153,229.82867765882332,1525.0,2026.8049129918857,0.17243700434298026,5.043762368394198,15.0
east-west,3.0,7.5,150.0,0.03,314.85379828989153,229.82867765882332,1525.0,1786.8878958851733,0.17243700434298026,5.043762368394198,15.0
east-west,3.0,7.5,150.0,0.04,314.85379828989153,229.82867765882332,1525.0,1570.5312675836535,0.17243700434298026,5.043762368394198,15.0
east-west,3.0,7.5,200.0,0.0,314.85379828989153,229.82867765882332,1900.0,2215.6255511214663,0.12471895842487804,6.36876301111652,15.0
east-west,3.0,7.5,200.0,0.01,314.85379828989153,229.82867765882332,1900.0,1918.4827542049247,0.12471895842487804,6.36876301111652,15.0
east-west,3.0,7.5,200.0,0.02,314.85379828989153,229.82867765882332,1900.0,1651.8049129918857,0.12471895842487804,6.36876301111652,15.0
east-west,3.0,7.5,200.0,0.03,314.85379828989153,229.82867765882332,1900.0,1411.8878958851733,0.12471895842487804,6.36876301111652,15.0
east-west,3.0,7.5,200.0,0.04,314.85379828989153,229.82867765882332,1900.0,1195.5312675836535,0.12471895842487804,6.36876301111652,15.0
east-west,3.0,7.5,250.0,0.0,314.85379828989153,229.82867765882332,2275.0,1840.6255511214658,0.09054456866901536,7.727835415862328,15.0
east-west,3.0,7.5,250.0,0.01,314.85379828989153,229.82867765882332,2275.0,1543.4827542049247,0.09054456866901536,7.727835415862328,15.0
east-west,3.0,7.5,250.0,0.02,314.85379828989153,229.82867765882332,2275.0,1276.8049129918854,0.09054456866901536,7.727835415862328,15.0
east-west,3.0,7.5,250.0,0.03,314.85379828989153,229.82867765882332,2275.0,1036.8878958851733,0.09054456866901536,7.727835415862328,15.0
east-west,3.0,7.5,250.0,0.04,314.85379828989153,229.82867765882332,2275.0,820.5312675836535,0.09054456866901536,7.727835415862328,15.0
east-west,3.0,7.5,300.0,0.0,314.85379828989153,229.82867765882332,2650.0,1465.6255511214658,0.06440587922198227,9.12472949618531,15.0
east-west,3.0,7.5,300.0,0.01,314.85379828989153,229.82867765882332,2650.0,1168.4827542049245,0.06440587922198227,9.12472949618531,15.0
east-west,3.0,7.5,300.0,0.02,314.85379828989153,229.82867765882332,2650.0,901.8049129918854,0.06440587922198227,9.12472949618531,15.0
east-west,3.0,7.5,300.0,0.03,314.85379828989153,229.82867765882332,2650.0,661.8878958851735,0.06440587922198227,9.12472949618531,15.0
east-west,3.0,7.5,300.0,0.04,314.85379828989153,229.82867765882332,2650.0,445.5312675836535,0.06440587922198227,9.12472949618531,15.0
east-west,3.0,7.5,350.0,0.0,314.85379828989153,229.82867765882332,3025.0,1090.6255511214658,0.043492347275253515,10.564544747947725,15.0
east-west,3.0,7.5,350.0,0.01,314.85379828989153,229.82867765882332,3025.0,793.4827542049248,0.043492347275253515,10.564544747947725,15.0
east-west,3.0,7.5,350.0,0.02,314.85379828989153,229.82867765882332,3025.0,526.8049129918859,0.043492347275253515,10.564544747947725,15.0
east-west,3.0,7.5,350.0,0.03,314.85379828989153,229.82867765882332,3025.0,286.8878958851734,0.043492347275253515,10.564544747947725,15.0
east-west,3.0,7.5,350.0,0.04,314.85379828989153,229.82867765882332,3025.0,70.5312675836536,0.043492347275253515,10.564544747947725,15.0
east-west,3.0,7.5,400.0,0.0,314.85379828989153,229.82867765882332,3400.0,715.6255511214663,0.026204968969965367,12.043963622504473,15.0
east-west,3.0,7.5,400.0,0.01,314.85379828989153,229.82867765882332,3400.0,418.48275420492473,0.026204968969965367,12.043963622504473,15.0
east-west,3.0,7.5,400.0,0.02,314.85379828989153,229.82867765882332,3400.0,151.80491299188589,0.026204968969965367,12.043963622504473,15.0
east-west,3.0,7.5,400.0,0.03,314.85379828989153,229.82867765882332,3400.0,-88.11210411482676,0.026204968969965367,12.043963622504473,15.0
east-west,3.0,7.5,400.0,0.04,314.85379828989153,229.82867765882332,3400.0,-304.4687324163465,0.026204968969965367,12.043963622504473,15.0
east-west,3.0,10.0,100.0,0.0,348.02858198678814,200.48073754327714,1400.0,3149.2712246926812,0.21919993107917207,4.152939056573297,15.0
east-west,3.0,10.0,100.0,0.01,348.02858198678814,200.48073754327714,1400.0,2820.8197757340236,0.21919993107917207,4.152939056573297,15.0
east-west,3.0,10.0,100.0,0.02,348.02858198678814,200.48073754327714,1400.0,2526.043243169475,0.21919993107917207,4.152939056573297,15.0
east-west,3.0,10.0,100.0,0.03,348.02858198678814,200.48073754327714,1400.0,2260.8472070674393,0.21919993107917207,4.152939056573297,15.0
east-west,3.0,10.0,100.0,0.04,348.02858198678814,200.48073754327714,1400.0,2021.694016093729,0.21919993107917207,4.152939056573297,15.0
east-west,3.0,10.0,150.0,0.0,348.02858198678814,200.48073754327714,1900.0,2649.2712246926812,0.1455519310207819,5.725021010085827,15.0
east-west,3.0,10.0,150.0,0.01,348.02858198678814,200.48073754327714,1900.0,2320.8197757340226,0.1455519310207819,5.725021010085827,15.0
east-west,3.0,10.0,150.0,0.02,348.02858198678814,200.48073754327714,1900.0,2026.0432431694746,0.1455519310207819,5.725021010085827,15.0
east-west,3.0,10.0,150.0,0.03,348.02858198678814,200.48073754327714,1900.0,1760.8472070674393,0.1455519310207819,5.725021010085827,15.0
east-west,3.0,10.0,150.0,0.04,348.02858198678814,200.48073754327714,1900.0,1521.694016093729,0.1455519310207819,5.725021010085827,15.0
east-west,3.0,10.0,200.0,0.0,348.02858198678814,200.48073754327714,2400.0,2149.2712246926812,0.09903180432785913,7.348177760961552,15.0
east-west,3.0,10.0,200.0,0.01,348.02858198678814,200.48073754327714,2400.0,1820.8197757340226,0.09903180432785913,7.348177760961552,15.0
east-west,3.0,10.0,200.0,0.02,348.02858198678814,200.48073754327714,2400.0,1526.0432431694746,0.09903180432785913,7.348177760961552,15.0
east-west,3.0,10.0,200.0,0.03,348.02858198678814,200.48073754327714,2400.0,1260.8472070674393,0.09903180432785913,7.348177760961552,15.0
east-west,3.0,10.0,200.0,0.04,348.02858198678814,200.48073754327714,2400.0,1021.6940160937288,0.09903180432785913,7.348177760961552,15.0
east-west,3.0,10.0,250.0,0.0,348.02858198678814,200.48073754327714,2900.0,1649.2712246926815,0.06605320534305512,9.024032522077867,15.0
east-west,3.0,10.0,250.0,0.01,348.02858198678814,200.48073754327714,2900.0,1320.819775734023,0.06605320534305512,9.024032522077867,15.0
east-west,3.0,10.0,250.0,0.02,348.02858198678814,200.48073754327714,2900.0,1026.0432431694749,0.06605320534305512,9.024032522077867,15.0
east-west,3.0,10.0,250.0,0.03,348.02858198678814,200.48073754327714,2900.0,760.8472070674391,0.06605320534305512,9.024032522077867,15.0
east-west,3.0,10.0,250.0,0.04,348.02858198678814,200.48073754327714,2900.0,521.6940160937286,0.06605320534305512,9.024032522077867,15.0
east-west,3.0,10.0,300.0,0.0,348.02858198678814,200.48073754327714,3400.0,1149.2712246926812,0.04095952066827574,10.762420321725658,15.0
east-west,3.0,10.0,300.0,0.01,348.02858198678814,200.48073754327714,3400.0,820.8197757340231,0.04095952066827574,10.762420321725658,15.0
east-west,3.0,10.0,300.0,0.02,348.02858198678814,200.48073754327714,3400.0,526.0432431694749,0.04095952066827574,10.762420321725658,15.0
east-west,3.0,10.0,300.0,0.03,348.02858198678814,200.48073754327714,3400.0,260.84720706743906,0.04095952066827574,10.762420321725658,15.0
east-west,3.0,10.0,300.0,0.04,348.02858198678814,200.48073754327714,3400.0,21.694016093728607,0.04095952066827574,10.762420321725658,15.0
east-west,3.0,10.0,350.0,0.0,348.02858198678814,200.48073754327714,3900.0,649.2712246926815,0.020936890626003846,12.563021475431604,15.0
east-west,3.0,10.0,350.0,0.01,348.02858198678814,200.48073754327714,3900.0,320.8197757340231,0.020936890626003846,12.563021475431604,15.0
east-west,3.0,10.0,350.0,0.02,348.02858198678814,200.48073754327714,3900.0,26.04324316947492,0.020936890626003846,12.563021475431604,15.0
east-west,3.0,10.0,350.0,0.03,348.02858198678814,200.48073754327714,3900.0,-239.1527929325613,0.020936890626003846,12.563021475431604,15.0
east-west,3.0,10.0,350.0,0.04,348.02858198678814,200.48073754327714,3900.0,-478.30598390627097,0.020936890626003846,12.563021475431604,15.0
east-west,3.0,10.0,400.0,0.0,348.02858198678814,200.48073754327714,4400.0,149.27122469268193,0.004409563102147958,14.430890121232466,15.0
east-west,3.0,10.0,400.0,0.01,348.02858198678814,200.48073754327714,4400.0,-179.1802242659769,0.004409563102147958,14.430890121232466,15.0
east-west,3.0,10.0,400.0,0.02,348.02858198678814,200.48073754327714,4400.0,-473.95675683052514,0.004409563102147958,14.430890121232466,15.0
east-west,3.0,10.0,400.0,0.03,348.02858198678814,200.48073754327714,4400.0,-739.152792932561,0.004409563102147958,14.430890121232466,15.0
east-west,3.0,10.0,400.0,0.04,348.02858198678814,200.48073754327714,4400.0,-978.3059839062707,0.004409563102147958,14.430890121232466,15.0
east-west,3.0,15.0,100.0,0.0,393.9048402904939,163.73228435692275,1900.0,3248.944793473133,0.1734097323497894,5.0216167692200155,15.0
east-west,3.0,15.0,100.0,0.01,393.9048402904939,163.73228435692275,1900.0,2877.1976949829486,0.1734097323497894,5.0216167692200155,15.0
east-west,3.0,15.0,100.0,0.02,393.9048402904939,163.73228435692275,1900.0,2543.564456246161,0.1734097323497894,5.0216167692200155,15.0
east-west,3.0,15.0,100.0,0.03,393.9048402904939,163.73228435692275,1900.0,2243.41094112363,0.1734097323497894,5.0216167692200155,15.0
east-west,3.0,15.0,100.0,0.04,393.9048402904939,163.73228435692275,1900.0,1972.7331739193328,0.1734097323497894,5.0216167692200155,15.0
east-west,3.0,15.0,150.0,0.0,393.9048402904939,163.73228435692275,2650.0,2498.9447934731324,0.10362890905583522,7.154113460818061,15.0
east-west,3.0,15.0,150.0,0.01,393.9048402904939,163.73228435692275,2650.0,2127.1976949829486,0.10362890905583522,7.154113460818061,15.0
east-west,3.0,15.0,150.0,0.02,393.9048402904939,163.73228435692275,2650.0,1793.5644562461612,0.10362890905583522,7.154113460818061,15.0
east-west,3.0,15.0,150.0,0.03,393.9048402904939,163.73228435692275,2650.0,1493.4109411236298,0.10362890905583522,7.154113460818061,15.0
east-west,3.0,15.0,150.0,0.04,393.9048402904939,163.73228435692275,2650.0,1222.7331739193332,0.10362890905583522,7.154113460818061,15.0
east-west,3.0,15.0,200.0,0.0,393.9048402904939,163.73228435692275,3400.0,1748.944793473133,0.0603034273211369,9.382507095994418,15.0
east-west,3.0,15.0,200.0,0.01,393.9048402904939,163.73228435692275,3400.0,1377.1976949829486,0.0603034273211369,9.382507095994418,15.0
east-west,3.0,15.0,200.0,0.02,393.9048402904939,163.73228435692275,3400.0,1043.5644562461607,0.0603034273211369,9.382507095994418,15.0
east-west,3.0,15.0,200.0,0.03,393.9048402904939,163.73228435692275,3400.0,743.4109411236295,0.0603034273211369,9.382507095994418,15.0
east-west,3.0,15.0,200.0,0.04,393.9048402904939,163.73228435692275,3400.0,472.7331739193336,0.0603034273211369,9.382507095994418,15.0
east-west,3.0,15.0,250.0,0.0,393.9048402904939,163.73228435692275,4150.0,998.9447934731334,0.029768915452538007,11.71448061386683,15.0
east-west,3.0,15.0,250.0,0.01,393.9048402904939,163.73228435692275,4150.0,627.1976949829484,0.029768915452538007,11.71448061386683,15.0
east-west,3.0,15.0,250.0,0.02,393.9048402904939,163.73228435692275,4150.0,293.5644562461605,0.029768915452538007,11.71448061386683,15.0
east-west,3.0,15.0,250.0,0.03,393.9048402904939,163.73228435692275,4150.0,-6.589058876370643,0.029768915452538007,11.71448061386683,15.0
east-west,3.0,15.0,250.0,0.04,393.9048402904939,163.73228435692275,4150.0,-277.26682608066665,0.029768915452538007,11.71448061386683,15.0
east-west,3.0,15.0,300.0,0.0,393.9048402904939,163.73228435692275,4900.0,248.9447934731324,0.0065743263083822435,14.161415809479681,15.0
east-west,3.0,15.0,300.0,0.01,393.9048402904939,163.73228435692275,4900.0,-122.80230501705145,0.0065743263083822435,14.161415809479681,15.0
east-west,3.0,15.0,300.0,0.02,393.9048402904939,163.73228435692275,4900.0,-456.43554375383906,0.0065743263083822435,14.161415809479681,15.0
east-west,3.0,15.0,300.0,0.03,393.9048402904939,163.73228435692275,4900.0,-756.5890588763692,0.0065743263083822435,14.161415809479681,15.0
east-west,3.0,15.0,300.0,0.04,393.9048402904939,163.73228435692275,4900.0,-1027.2668260806668,0.0065743263083822435,14.161415809479681,15.0
east-west,3.0,15.0,350.0,0.0,393.9048402904939,163.73228435692275,5650.0,-501.05520652686783,-0.011933614444211343,Inf,15.0
east-west,3.0,15.0,350.0,0.01,393.9048402904939,163.73228435692275,5650.0,-872.8023050170506,-0.011933614444211343,Inf,15.0
east-west,3.0,15.0,350.0,0.02,393.9048402904939,163.73228435692275,5650.0,-1206.4355437538393,-0.011933614444211343,Inf,15.0
east-west,3.0,15.0,350.0,0.03,393.9048402904939,163.73228435692275,5650.0,-1506.5890588763696,-0.011933614444211343,Inf,15.0
east-west,3.0,15.0,350.0,0.04,393.9048402904939,163.73228435692275,5650.0,-1777.2668260806659,-0.011933614444211343,Inf,15.0
east-west,3.0,15.0,400.0,0.0,393.9048402904939,163.73228435692275,6400.0,-1251.055206526869,-0.027222838478370252,Inf,15.0
east-west,3.0,15.0,400.0,0.01,393.9048402904939,163.73228435692275,6400.0,-1622.8023050170505,-0.027222838478370252,Inf,15.0
east-west,3.0,15.0,400.0,0.02,393.9048402904939,163.73228435692275,6400.0,-1956.435543753838,-0.027222838478370252,Inf,15.0
east-west,3.0,15.0,400.0,0.03,393.9048402904939,163.73228435692275,6400.0,-2256.5890588763696,-0.027222838478370252,Inf,15.0
east-west,3.0,15.0,400.0,0.04,393.9048402904939,163.73228435692275,6400.0,-2527.266826080666,-0.027222838478370252,Inf,15.0
east-west,3.0,30.0,100.0,0.0,480.03269003544824,107.95834761275941,3400.0,2874.768845775395,0.09414146603415466,7.563429601770414,15.0
east-west,3.0,30.0,100.0,0.01,480.03269003544824,107.95834761275941,3400.0,2421.738719084101,0.09414146603415466,7.563429601770414,15.0
east-west,3.0,30.0,100.0,0.02,480.03269003544824,107.95834761275941,3400.0,2015.1561014195177,0.09414146603415466,7.563429601770414,15.0
east-west,3.0,30.0,100.0,0.03,480.03269003544824,107.95834761275941,3400.0,1649.3735962296687,0.09414146603415466,7.563429601770414,15.0
east-west,3.0,30.0,100.0,0.04,480.03269003544824,107.95834761275941,3400.0,1319.5117528767294,0.09414146603415466,7.563429601770414,15.0
east-west,3.0,30.0,150.0,0.0,480.03269003544824,107.95834761275941,4900.0,1374.7688457753943,0.034402193259271546,11.304978301587404,15.0
east-west,3.0,30.0,150.0,0.01,480.03269003544824,107.95834761275941,4900.0,921.7387190841009,0.034402193259271546,11.304978301587404,15.0
east-west,3.0,30.0,150.0,0.02,480.03269003544824,107.95834761275941,4900.0,515.1561014195172,0.034402193259271546,11.304978301587404,15.0
east-west,3.0,30.0,150.0,0.03,480.03269003544824,107.95834761275941,4900.0,149.37359622966852,0.034402193259271546,11.304978301587404,15.0
east-west,3.0,30.0,150.0,0.04,480.03269003544824,107.95834761275941,4900.0,-180.48824712327072,0.034402193259271546,11.304978301587404,15.0
east-west,3.0,30.0,200.0,0.0,480.03269003544824,107.95834761275941,6400.0,-125.23115422460569,-0.00258069853798622,Inf,15.0
east-west,3.0,30.0,200.0,0.01,480.03269003544824,107.95834761275941,6400.0,-578.2612809158986,-0.00258069853798622,Inf,15.0
east-west,3.0,30.0,200.0,0.02,480.03269003544824,107.95834761275941,6400.0,-984.8438985804837,-0.00258069853798622,Inf,15.0
east-west,3.0,30.0,200.0,0.03,480.03269003544824,107.95834761275941,6400.0,-1350.6264037703327,-0.00258069853798622,Inf,15.0
east-west,3.0,30.0,200.0,0.04,480.03269003544824,107.95834761275941,6400.0,-1680.4882471232706,-0.00258069853798622,Inf,15.0
east-west,3.0,30.0,250.0,0.0,480.03269003544824,107.95834761275941,7900.0,-1625.231154224605,-0.02875130005244534,Inf,15.0
east-west,3.0,30.0,250.0,0.01,480.03269003544824,107.95834761275941,7900.0,-2078.261280915898,-0.02875130005244534,Inf,15.0
east-west,3.0,30.0,250.0,0.02,480.03269003544824,107.95834761275941,7900.0,-2484.843898580485,-0.02875130005244534,Inf,15.0
east-west,3.0,30.0,250.0,0.03,480.03269003544824,107.95834761275941,7900.0,-2850.6264037703318,-0.02875130005244534,Inf,15.0
east-west,3.0,30.0,250.0,0.04,480.03269003544824,107.95834761275941,7900.0,-3180.4882471232722,-0.02875130005244534,Inf,15.0
east-west,3.0,30.0,300.0,0.0,480.03269003544824,107.95834761275941,9400.0,-3125.231154224605,-0.048737932453349286,Inf,15.0
east-west,3.0,30.0,300.0,0.01,480.03269003544824,107.95834761275941,9400.0,-3578.261280915898,-0.048737932453349286,Inf,15.0
east-west,3.0,30.0,300.0,0.02,480.03269003544824,107.95834761275941,9400.0,-3984.843898580483,-0.048737932453349286,Inf,15.0
east-west,3.0,30.0,300.0,0.03,480.03269003544824,107.95834761275941,9400.0,-4350.626403770331,-0.048737932453349286,Inf,15.0
east-west,3.0,30.0,300.0,0.04,480.03269003544824,107.95834761275941,9400.0,-4680.488247123272,-0.048737932453349286,Inf,15.0
east-west,3.0,30.0,350.0,0.0,480.03269003544824,107.95834761275941,10900.0,-4625.231154224606,-0.06477066345886048,Inf,15.0
east-west,3.0,30.0,350.0,0.01,480.03269003544824,107.95834761275941,10900.0,-5078.2612809159,-0.06477066345886048,Inf,15.0
east-west,3.0,30.0,350.0,0.02,480.03269003544824,107.95834761275941,10900.0,-5484.8438985804805,-0.06477066345886048,Inf,15.0
east-west,3.0,30.0,350.0,0.03,480.03269003544824,107.95834761275941,10900.0,-5850.6264037703295,-0.06477066345886048,Inf,15.0
east-west,3.0,30.0,350.0,0.04,480.03269003544824,107.95834761275941,10900.0,-6180.48824712327,-0.06477066345886048,Inf,15.0
east-west,3.0,30.0,400.0,0.0,480.03269003544824,107.95834761275941,12400.0,-6125.231154224604,-0.0780796729391516,Inf,15.0
east-west,3.0,30.0,400.0,0.01,480.03269003544824,107.95834761275941,12400.0,-6578.261280915898,-0.0780796729391516,Inf,15.0
east-west,3.0,30.0,400.0,0.02,480.03269003544824,107.95834761275941,12400.0,-6984.843898580477,-0.0780796729391516,Inf,15.0
east-west,3.0,30.0,400.0,0.03,480.03269003544824,107.95834761275941,12400.0,-7350.62640377033,-0.0780796729391516,Inf,15.0
east-west,3.0,30.0,400.0,0.04,480.03269003544824,107.95834761275941,12400.0,-7680.48824712327,-0.0780796729391516,Inf,15.0
east-west,6.0,2.5,100.0,0.0,179.71569083319105,330.2046618114937,650.0,1699.1617161611146,0.24923457950513686,3.7186885010374056,15.0
east-west,6.0,2.5,100.0,0.01,179.71569083319105,330.2046618114937,650.0,1529.5553041882933,0.24923457950513686,3.7186885010374056,15.0
east-west,6.0,2.5,100.0,0.02,179.71569083319105,330.2046618114937,650.0,1377.3380124680937,0.24923457950513686,3.7186885010374056,15.0
east-west,6.0,2.5,100.0,0.03,179.71569083319105,330.2046618114937,650.0,1240.3955562990468,0.24923457950513686,3.7186885010374056,15.0
east-west,6.0,2.5,100.0,0.04,179.71569083319105,330.2046618114937,650.0,1116.90115625453,0.24923457950513686,3.7186885010374056,15.0
east-west,6.0,2.5,150.0,0.0,179.71569083319105,330.2046618114937,775.0,1574.161716161114,0.2008992051352379,4.467031428256467,15.0
east-west,6.0,2.5,150.0,0.01,179.71569083319105,330.2046618114937,775.0,1404.5553041882933,0.2008992051352379,4.467031428256467,15.0
east-west,6.0,2.5,150.0,0.02,179.71569083319105,330.2046618114937,775.0,1252.3380124680937,0.2008992051352379,4.467031428256467,15.0
east-west,6.0,2.5,150.0,0.03,179.71569083319105,330.2046618114937,775.0,1115.3955562990468,0.2008992051352379,4.467031428256467,15.0
east-west,6.0,2.5,150.0,0.04,179.71569083319105,330.2046618114937,775.0,991.90115625453,0.2008992051352379,4.467031428256467,15.0
east-west,6.0,2.5,200.0,0.0,179.71569083319105,330.2046618114937,900.0,1449.1617161611146,0.16470458215249434,5.225627965790577,15.0
east-west,6.0,2.5,200.0,0.01,179.71569083319105,330.2046618114937,900.0,1279.5553041882931,0.16470458215249434,5.225627965790577,15.0
east-west,6.0,2.5,200.0,0.02,179.71569083319105,330.2046618114937,900.0,1127.3380124680937,0.16470458215249434,5.225627965790577,15.0
east-west,6.0,2.5,200.0,0.03,179.71569083319105,330.2046618114937,900.0,990.3955562990469,0.16470458215249434,5.225627965790577,15.0
east-west,6.0,2.5,200.0,0.04,179.71569083319105,330.2046618114937,900.0,866.90115625453,0.16470458215249434,5.225627965790577,15.0
east-west,6.0,2.5,250.0,0.0,179.71569083319105,330.2046618114937,1025.0,1324.1617161611146,0.1362786188777454,5.995101412952105,15.0
east-west,6.0,2.5,250.0,0.01,179.71569083319105,330.2046618114937,1025.0,1154.5553041882931,0.1362786188777454,5.995101412952105,15.0
east-west,6.0,2.5,250.0,0.02,179.71569083319105,330.2046618114937,1025.0,1002.3380124680937,0.1362786188777454,5.995101412952105,15.0
east-west,6.0,2.5,250.0,0.03,179.71569083319105,330.2046618114937,1025.0,865.3955562990468,0.1362786188777454,5.995101412952105,15.0
east-west,6.0,2.5,250.0,0.04,179.71569083319105,330.2046618114937,1025.0,741.90115625453,0.1362786188777454,5.995101412952105,15.0
east-west,6.0,2.5,300.0,0.0,179.71569083319105,330.2046618114937,1150.0,1199.1617161611146,0.11315763075316676,6.780178428687382,15.0
east-west,6.0,2.5,300.0,0.01,179.71569083319105,330.2046618114937,1150.0,1029.5553041882931,0.11315763075316676,6.780178428687382,15.0
east-west,6.0,2.5,300.0,0.02,179.71569083319105,330.2046618114937,1150.0,877.3380124680936,0.11315763075316676,6.780178428687382,15.0
east-west,6.0,2.5,300.0,0.03,179.71569083319105,330.2046618114937,1150.0,740.3955562990468,0.11315763075316676,6.780178428687382,15.0
east-west,6.0,2.5,300.0,0.04,179.71569083319105,330.2046618114937,1150.0,616.9011562545298,0.11315763075316676,6.780178428687382,15.0
east-west,6.0,2.5,350.0,0.0,179.71569083319105,330.2046618114937,1275.0,1074.1617161611146,0.09384252168452115,7.576893281211123,15.0
east-west,6.0,2.5,350.0,0.01,179.71569083319105,330.2046618114937,1275.0,904.5553041882932,0.09384252168452115,7.576893281211123,15.0
east-west,6.0,2.5,350.0,0.02,179.71569083319105,330.2046618114937,1275.0,752.3380124680937,0.09384252168452115,7.576893281211123,15.0
east-west,6.0,2.5,350.0,0.03,179.71569083319105,330.2046618114937,1275.0,615.395556299047,0.09384252168452115,7.576893281211123,15.0
east-west,6.0,2.5,350.0,0.04,179.71569083319105,330.2046618114937,1275.0,491.90115625452995,0.09384252168452115,7.576893281211123,15.0
east-west,6.0,2.5,400.0,0.0,179.71569083319105,330.2046618114937,1400.0,949.1617161611146,0.0773653108674898,8.385810498215763,15.0
east-west,6.0,2.5,400.0,0.01,179.71569083319105,330.2046618114937,1400.0,779.5553041882932,0.0773653108674898,8.385810498215763,15.0
east-west,6.0,2.5,400.0,0.02,179.71569083319105,330.2046618114937,1400.0,627.3380124680937,0.0773653108674898,8.385810498215763,15.0
east-west,6.0,2.5,400.0,0.03,179.71569083319105,330.2046618114937,1400.0,490.39555629904703,0.0773653108674898,8.385810498215763,15.0
east-west,6.0,2.5,400.0,0.04,179.71569083319105,330.2046618114937,1400.0,366.9011562545299,0.0773653108674898,8.385810498215763,15.0
east-west,6.0,7.5,100.0,0.0,384.42730435423096,266.3227806736503,1150.0,3875.0587572467502,0.3099841318413519,3.054253384322422,15.0
east-west,6.0,7.5,100.0,0.01,384.42730435423096,266.3227806736503,1150.0,3512.2560689916468,0.3099841318413519,3.054253384322422,15.0
east-west,6.0,7.5,100.0,0.02,384.42730435423096,266.3227806736503,1150.0,3186.650203077513,0.3099841318413519,3.054253384322422,15.0
east-west,6.0,7.5,100.0,0.03,384.42730435423096,266.3227806736503,1150.0,2893.7185228628023,0.3099841318413519,3.054253384322422,15.0
east-west,6.0,7.5,100.0,0.04,384.42730435423096,266.3227806736503,1150.0,2629.5533901921012,0.3099841318413519,3.054253384322422,15.0
east-west,6.0,7.5,150.0,0.0,384.42730435423096,266.3227806736503,1525.0,3500.0587572467502,0.22299325405045684,4.092531238312187,15.0
east-west,6.0,7.5,150.0,0.01,384.42730435423096,266.3227806736503,1525.0,3137.2560689916468,0.22299325405045684,4.092531238312187,15.0
east-west,6.0,7.5,150.0,0.02,384.42730435423096,266.3227806736503,1525.0,2811.650203077513,0.22299325405045684,4.092531238312187,15.0
east-west,6.0,7.5,150.0,0.03,384.42730435423096,266.3227806736503,1525.0,2518.7185228628027,0.22299325405045684,4.092531238312187,15.0
east-west,6.0,7.5,150.0,0.04,384.42730435423096,266.3227806736503,1525.0,2254.553390192101,0.22299325405045684,4.092531238312187,15.0
east-west,6.0,7.5,200.0,0.0,384.42730435423096,266.3227806736503,1900.0,3125.0587572467502,0.1677317554041428,5.153173513920725,15.0
east-west,6.0,7.5,200.0,0.01,384.42730435423096,266.3227806736503,1900.0,2762.2560689916468,0.1677317554041428,5.153173513920725,15.0
east-west,6.0,7.5,200.0,0.02,384.42730435423096,266.3227806736503,1900.0,2436.6502030775127,0.1677317554041428,5.153173513920725,15.0
east-west,6.0,7.5,200.0,0.03,384.42730435423096,266.3227806736503,1900.0,2143.7185228628027,0.1677317554041428,5.153173513920725,15.0
east-west,6.0,7.5,200.0,0.04,384.42730435423096,266.3227806736503,1900.0,1879.5533901921012,0.1677317554041428,5.153173513920725,15.0
east-west,6.0,7.5,250.0,0.0,384.42730435423096,266.3227806736503,2275.0,2750.0587572467502,0.12866808153506315,6.23707710222036,15.0
east-west,6.0,7.5,250.0,0.01,384.42730435423096,266.3227806736503,2275.0,2387.2560689916468,0.12866808153506315,6.23707710222036,15.0
east-west,6.0,7.5,250.0,0.02,384.42730435423096,266.3227806736503,2275.0,2061.650203077513,0.12866808153506315,6.23707710222036,15.0
east-west,6.0,7.5,250.0,0.03,384.42730435423096,266.3227806736503,2275.0,1768.7185228628027,0.12866808153506315,6.23707710222036,15.0
east-west,6.0,7.5,250.0,0.04,384.42730435423096,266.3227806736503,2275.0,1504.5533901921012,0.12866808153506315,6.23707710222036,15.0
east-west,6.0,7.5,300.0,0.0,384.42730435423096,266.3227806736503,2650.0,2375.0587572467502,0.09910174634834443,7.345166187454375,15.0
east-west,6.0,7.5,300.0,0.01,384.42730435423096,266.3227806736503,2650.0,2012.2560689916468,0.09910174634834443,7.345166187454375,15.0
east-west,6.0,7.5,300.0,0.02,384.42730435423096,266.3227806736503,2650.0,1686.6502030775132,0.09910174634834443,7.345166187454375,15.0
east-west,6.0,7.5,300.0,0.03,384.42730435423096,266.3227806736503,2650.0,1393.718522862803,0.09910174634834443,7.345166187454375,15.0
east-west,6.0,7.5,300.0,0.04,384.42730435423096,266.3227806736503,2650.0,1129.5533901921012,0.09910174634834443,7.345166187454375,15.0
east-west,6.0,7.5,350.0,0.0,384.42730435423096,266.3227806736503,3025.0,2000.05875724675,0.0756469312221304,8.478392987495019,15.0
east-west,6.0,7.5,350.0,0.01,384.42730435423096,266.3227806736503,3025.0,1637.2560689916472,0.0756469312221304,8.478392987495019,15.0
east-west,6.0,7.5,350.0,0.02,384.42730435423096,266.3227806736503,3025.0,1311.650203077513,0.0756469312221304,8.478392987495019,15.0
east-west,6.0,7.5,350.0,0.03,384.42730435423096,266.3227806736503,3025.0,1018.7185228628027,0.0756469312221304,8.478392987495019,15.0
east-west,6.0,7.5,350.0,0.04,384.42730435423096,266.3227806736503,3025.0,754.5533901921013,0.0756469312221304,8.478392987495019,15.0
east-west,6.0,7.5,400.0,0.0,384.42730435423096,266.3227806736503,3400.0,1625.05875724675,0.05639526069534548,9.637738513156872,15.0
east-west,6.0,7.5,400.0,0.01,384.42730435423096,266.3227806736503,3400.0,1262.2560689916468,0.05639526069534548,9.637738513156872,15.0
east-west,6.0,7.5,400.0,0.02,384.42730435423096,266.3227806736503,3400.0,936.6502030775131,0.05639526069534548,9.637738513156872,15.0
east-west,6.0,7.5,400.0,0.03,384.42730435423096,266.3227806736503,3400.0,643.7185228628022,0.05639526069534548,9.637738513156872,15.0
east-west,6.0,7.5,400.0,0.04,384.42730435423096,266.3227806736503,3400.0,379.55339019210123,0.05639526069534548,9.637738513156872,15.0
east-west,6.0,12.5,100.0,0.0,502.9827740264165,225.0980993632592,1650.0,4924.761898381504,0.27923802041692847,3.3612763757111916,15.0
east-west,6.0,12.5,100.0,0.01,502.9827740264165,225.0980993632592,1650.0,4450.072664563076,0.27923802041692847,3.3612763757111916,15.0
east-west,6.0,12.5,100.0,0.02,502.9827740264165,225.0980993632592,1650.0,4024.0515681899255,0.27923802041692847,3.3612763757111916,15.0
east-west,6.0,12.5,100.0,0.03,502.9827740264165,225.0980993632592,1650.0,3640.7812139623084,0.27923802041692847,3.3612763757111916,15.0
east-west,6.0,12.5,100.0,0.04,502.9827740264165,225.0980993632592,1650.0,3295.1488675425744,0.27923802041692847,3.3612763757111916,15.0
east-west,6.0,12.5,150.0,0.0,502.9827740264165,225.0980993632592,2275.0,4299.761898381504,0.18890889083369522,4.695411819554646,15.0
east-west,6.0,12.5,150.0,0.01,502.9827740264165,225.0980993632592,2275.0,3825.0726645630766,0.18890889083369522,4.695411819554646,15.0
east-west,6.0,12.5,150.0,0.02,502.9827740264165,225.0980993632592,2275.0,3399.0515681899255,0.18890889083369522,4.695411819554646,15.0
east-west,6.0,12.5,150.0,0.03,502.9827740264165,225.0980993632592,2275.0,3015.7812139623084,0.18890889083369522,4.695411819554646,15.0
east-west,6.0,12.5,150.0,0.04,502.9827740264165,225.0980993632592,2275.0,2670.1488675425744,0.18890889083369522,4.695411819554646,15.0
east-west,6.0,12.5,200.0,0.0,502.9827740264165,225.0980993632592,2900.0,3674.7618983815037,0.134023966762088,6.065162889841727,15.0
east-west,6.0,12.5,200.0,0.01,502.9827740264165,225.0980993632592,2900.0,3200.072664563076,0.134023966762088,6.065162889841727,15.0
east-west,6.0,12.5,200.0,0.02,502.9827740264165,225.0980993632592,2900.0,2774.0515681899255,0.134023966762088,6.065162889841727,15.0
east-west,6.0,12.5,200.0,0.03,502.9827740264165,225.0980993632592,2900.0,2390.781213962308,0.134023966762088,6.065162889841727,15.0
east-west,6.0,12.5,200.0,0.04,502.9827740264165,225.0980993632592,2900.0,2045.1488675425749,0.134023966762088,6.065162889841727,15.0
east-west,6.0,12.5,250.0,0.0,502.9827740264165,225.0980993632592,3525.0,3049.7618983815037,0.09606997265338346,7.4774297478658385,15.0
east-west,6.0,12.5,250.0,0.01,502.9827740264165,225.0980993632592,3525.0,2575.072664563076,0.09606997265338346,7.4774297478658385,15.0
east-west,6.0,12.5,250.0,0.02,502.9827740264165,225.0980993632592,3525.0,2149.0515681899255,0.09606997265338346,7.4774297478658385,15.0
east-west,6.0,12.5,250.0,0.03,502.9827740264165,225.0980993632592,3525.0,1765.7812139623084,0.09606997265338346,7.4774297478658385,15.0
east-west,6.0,12.5,250.0,0.04,502.9827740264165,225.0980993632592,3525.0,1420.1488675425749,0.09606997265338346,7.4774297478658385,15.0
east-west,6.0,12.5,300.0,0.0,502.9827740264165,225.0980993632592,4150.0,2424.761898381503,0.0676848329880118,8.92732134108217,15.0
east-west,6.0,12.5,300.0,0.01,502.9827740264165,225.0980993632592,4150.0,1950.0726645630762,0.0676848329880118,8.92732134108217,15.0
east-west,6.0,12.5,300.0,0.02,502.9827740264165,225.0980993632592,4150.0,1524.0515681899255,0.0676848329880118,8.92732134108217,15.0
east-west,6.0,12.5,300.0,0.03,502.9827740264165,225.0980993632592,4150.0,1140.7812139623084,0.0676848329880118,8.92732134108217,15.0
east-west,6.0,12.5,300.0,0.04,502.9827740264165,225.0980993632592,4150.0,795.1488675425749,0.0676848329880118,8.92732134108217,15.0
east-west,6.0,12.5,350.0,0.0,502.9827740264165,225.0980993632592,4775.0,1799.7618983815032,0.04532202735775167,10.424695578219124,15.0
east-west,6.0,12.5,350.0,0.01,502.9827740264165,225.0980993632592,4775.0,1325.0726645630762,0.04532202735775167,10.424695578219124,15.0
east-west,6.0,12.5,350.0,0.02,502.9827740264165,225.0980993632592,4775.0,899.0515681899255,0.04532202735775167,10.424695578219124,15.0
east-west,6.0,12.5,350.0,0.03,502.9827740264165,225.0980993632592,4775.0,515.7812139623081,0.04532202735775167,10.424695578219124,15.0
east-west,6.0,12.5,350.0,0.04,502.9827740264165,225.0980993632592,4775.0,170.14886754257466,0.04532202735775167,10.424695578219124,15.0
east-west,6.0,12.5,400.0,0.0,502.9827740264165,225.0980993632592,5400.0,1174.7618983815041,0.027042443892098846,11.964770127201593,15.0
east-west,6.0,12.5,400.0,0.01,502.9827740264165,225.0980993632592,5400.0,700.072664563076,0.027042443892098846,11.964770127201593,15.0
east-west,6.0,12.5,400.0,0.02,502.9827740264165,225.0980993632592,5400.0,274.0515681899254,0.027042443892098846,11.964770127201593,15.0
east-west,6.0,12.5,400.0,0.03,502.9827740264165,225.0980993632592,5400.0,-109.21878603769261,0.027042443892098846,11.964770127201593,15.0
east-west,6.0,12.5,400.0,0.04,502.9827740264165,225.0980993632592,5400.0,-454.8511324574253,0.027042443892098846,11.964770127201593,15.0
east-west,6.0,15.0,100.0,0.0,543.822854613895,208.0063992611674,1900.0,5208.604844182429,0.25959039687686297,3.5879616030276136,15.0
east-west,6.0,15.0,100.0,0.01,543.822854613895,208.0063992611674,1900.0,4695.372845950891,0.25959039687686297,3.5879616030276136,15.0
east-west,6.0,15.0,100.0,0.02,543.822854613895,208.0063992611674,1900.0,4234.760632731795,0.25959039687686297,3.5879616030276136,15.0
east-west,6.0,15.0,100.0,0.03,543.822854613895,208.0063992611674,1900.0,3820.370341675834,0.25959039687686297,3.5879616030276136,15.0
east-west,6.0,15.0,100.0,0.04,543.822854613895,208.0063992611674,1900.0,3446.6741059733235,0.25959039687686297,3.5879616030276136,15.0
east-west,6.0,15.0,150.0,0.0,543.822854613895,208.0063992611674,2650.0,4458.60484418243,0.17102132675914156,5.076278982987054,15.0
east-west,6.0,15.0,150.0,0.01,543.822854613895,208.0063992611674,2650.0,3945.372845950891,0.17102132675914156,5.076278982987054,15.0
east-west,6.0,15.0,150.0,0.02,543.822854613895,208.0063992611674,2650.0,3484.760632731795,0.17102132675914156,5.076278982987054,15.0
east-west,6.0,15.0,150.0,0.03,543.822854613895,208.0063992611674,2650.0,3070.3703416758344,0.17102132675914156,5.076278982987054,15.0
east-west,6.0,15.0,150.0,0.04,543.822854613895,208.0063992611674,2650.0,2696.6741059733235,0.17102132675914156,5.076278982987054,15.0
east-west,6.0,15.0,200.0,0.0,543.822854613895,208.0063992611674,3400.0,3708.6048441824296,0.11768524623362392,6.614279623598501,15.0
east-west,6.0,15.0,200.0,0.01,543.822854613895,208.0063992611674,3400.0,3195.372845950892,0.11768524623362392,6.614279623598501,15.0
east-west,6.0,15.0,200.0,0.02,543.822854613895,208.0063992611674,3400.0,2734.760632731795,0.11768524623362392,6.614279623598501,15.0
east-west,6.0,15.0,200.0,0.03,543.822854613895,208.0063992611674,3400.0,2320.3703416758344,0.11768524623362392,6.614279623598501,15.0
east-west,6.0,15.0,200.0,0.04,543.822854613895,208.0063992611674,3400.0,1946.6741059733245,0.11768524623362392,6.614279623598501,15.0
east-west,6.0,15.0,250.0,0.0,543.822854613895,208.0063992611674,4150.0,2958.6048441824296,0.08091780438624306,8.19901261301202,15.0
east-west,6.0,15.0,250.0,0.01,543.822854613895,208.0063992611674,4150.0,2445.372845950891,0.08091780438624306,8.19901261301202,15.0
east-west,6.0,15.0,250.0,0.02,543.822854613895,208.0063992611674,4150.0,1984.760632731795,0.08091780438624306,8.19901261301202,15.0
east-west,6.0,15.0,250.0,0.03,543.822854613895,208.0063992611674,4150.0,1570.3703416758344,0.08091780438624306,8.19901261301202,15.0
east-west,6.0,15.0,250.0,0.04,543.822854613895,208.0063992611674,4150.0,1196.674105973324,0.08091780438624306,8.19901261301202,15.0
east-west,6.0,15.0,300.0,0.0,543.822854613895,208.0063992611674,4900.0,2208.60484418243,0.053447069167094644,9.836793984091432,15.0
east-west,6.0,15.0,300.0,0.01,543.822854613895,208.0063992611674,4900.0,1695.372845950891,0.053447069167094644,9.836793984091432,15.0
east-west,6.0,15.0,300.0,0.02,543.822854613895,208.0063992611674,4900.0,1234.7606327317944,0.053447069167094644,9.836793984091432,15.0
east-west,6.0,15.0,300.0,0.03,543.822854613895,208.0063992611674,4900.0,820.3703416758341,0.053447069167094644,9.836793984091432,15.0
east-west,6.0,15.0,300.0,0.04,543.822854613895,208.0063992611674,4900.0,446.67410597332423,0.053447069167094644,9.836793984091432,15.0
east-west,6.0,15.0,350.0,0.0,543.822854613895,208.0063992611674,5650.0,1458.6048441824291,0.03180647399411519,11.531988792730061,15.0
east-west,6.0,15.0,350.0,0.01,543.822854613895,208.0063992611674,5650.0,945.3728459508909,0.03180647399411519,11.531988792730061,15.0
east-west,6.0,15.0,350.0,0.02,543.822854613895,208.0063992611674,5650.0,484.76063273179557,0.03180647399411519,11.531988792730061,15.0
east-west,6.0,15.0,350.0,0.03,543.822854613895,208.0063992611674,5650.0,70.37034167583414,0.03180647399411519,11.531988792730061,15.0
east-west,6.0,15.0,350.0,0.04,543.822854613895,208.0063992611674,5650.0,-303.32589402667634,0.03180647399411519,11.531988792730061,15.0
east-west,6.0,15.0,400.0,0.0,543.822854613895,208.0063992611674,6400.0,708.6048441824289,0.01411167231451367,13.285632245788351,15.0
east-west,6.0,15.0,400.0,0.01,543.822854613895,208.0063992611674,6400.0,195.37284595089125,0.01411167231451367,13.285632245788351,15.0
east-west,6.0,15.0,400.0,0.02,543.822854613895,208.0063992611674,6400.0,-265.2393672682045,0.01411167231451367,13.285632245788351,15.0
east-west,6.0,15.0,400.0,0.03,543.822854613895,208.0063992611674,6400.0,-679.6296583241666,0.01411167231451367,13.285632245788351,15.0
east-west,6.0,15.0,400.0,0.04,543.822854613895,208.0063992611674,6400.0,-1053.325894026676,0.01411167231451367,13.285632245788351,15.0
east-west,6.0,25.0,100.0,0.0,627.4437642924722,152.1989988411719,2900.0,5301.659316926332,0.18361241080995905,4.802647128689966,15.0
east-west,6.0,25.0,100.0,0.01,627.4437642924722,152.1989988411719,2900.0,4709.51021139752,0.18361241080995905,4.802647128689966,15.0
east-west,6.0,25.0,100.0,0.02,627.4437642924722,152.1989988411719,2900.0,4178.071971004943,0.18361241080995905,4.802647128689966,15.0
east-west,6.0,25.0,100.0,0.03,627.4437642924722,152.1989988411719,2900.0,3699.962965654284,0.18361241080995905,4.802647128689966,15.0
east-west,6.0,25.0,100.0,0.04,627.4437642924722,152.1989988411719,2900.0,3268.805336213385,0.18361241080995905,4.802647128689966,15.0
east-west,6.0,25.0,150.0,0.0,627.4437642924722,152.1989988411719,4150.0,4051.6593169263338,0.1068296550937668,7.023516448377048,15.0
east-west,6.0,25.0,150.0,0.01,627.4437642924722,152.1989988411719,4150.0,3459.5102113975204,0.1068296550937668,7.023516448377048,15.0
east-west,6.0,25.0,150.0,0.02,627.4437642924722,152.1989988411719,4150.0,2928.0719710049434,0.1068296550937668,7.023516448377048,15.0
east-west,6.0,25.0,150.0,0.03,627.4437642924722,152.1989988411719,4150.0,2449.962965654284,0.1068296550937668,7.023516448377048,15.0
east-west,6.0,25.0,150.0,0.04,627.4437642924722,152.1989988411719,4150.0,2018.8053362133846,0.1068296550937668,7.023516448377048,15.0
east-west,6.0,25.0,200.0,0.0,627.4437642924722,152.1989988411719,5400.0,2801.659316926333,0.060775741838255556,9.352309293689455,15.0
east-west,6.0,25.0,200.0,0.01,627.4437642924722,152.1989988411719,5400.0,2209.510211397521,0.060775741838255556,9.352309293689455,15.0
east-west,6.0,25.0,200.0,0.02,627.4437642924722,152.1989988411719,5400.0,1678.0719710049432,0.060775741838255556,9.352309293689455,15.0
east-west,6.0,25.0,200.0,0.03,627.4437642924722,152.1989988411719,5400.0,1199.962965654285,0.060775741838255556,9.352309293689455,15.0
east-west,6.0,25.0,200.0,0.04,627.4437642924722,152.1989988411719,5400.0,768.8053362133851,0.060775741838255556,9.352309293689455,15.0
east-west,6.0,25.0,250.0,0.0,627.4437642924722,152.1989988411719,6650.0,1551.6593169263335,0.028903247049330158,11.793183540660873,15.0
east-west,6.0,25.0,250.0,0.01,627.4437642924722,152.1989988411719,6650.0,959.5102113975207,0.028903247049330158,11.793183540660873,15.0
east-west,6.0,25.0,250.0,0.02,627.4437642924722,152.1989988411719,6650.0,428.07197100494375,0.028903247049330158,11.793183540660873,15.0
east-west,6.0,25.0,250.0,0.03,627.4437642924722,152.1989988411719,6650.0,-50.03703434571497,0.028903247049330158,11.793183540660873,15.0
east-west,6.0,25.0,250.0,0.04,627.4437642924722,152.1989988411719,6650.0,-481.1946637866155,0.028903247049330158,11.793183540660873,15.0
east-west,6.0,25.0,300.0,0.0,627.4437642924722,152.1989988411719,7900.0,301.6593169263341,0.004957608634746804,14.362064344985264,15.0
east-west,6.0,25.0,300.0,0.01,627.4437642924722,152.1989988411719,7900.0,-290.4897886024786,0.004957608634746804,14.362064344985264,15.0
east-west,6.0,25.0,300.0,0.02,627.4437642924722,152.1989988411719,7900.0,-821.9280289950568,0.004957608634746804,14.362064344985264,15.0
east-west,6.0,25.0,300.0,0.03,627.4437642924722,152.1989988411719,7900.0,-1300.0370343457153,0.004957608634746804,14.362064344985264,15.0
east-west,6.0,25.0,300.0,0.04,627.4437642924722,152.1989988411719,7900.0,-1731.194663786615,0.004957608634746804,14.362064344985264,15.0
east-west,6.0,25.0,350.0,0.0,627.4437642924722,152.1989988411719,9150.0,-948.3406830736674,-0.014010598039685986,Inf,15.0
east-west,6.0,25.0,350.0,0.01,627.4437642924722,152.1989988411719,9150.0,-1540.48978860248,-0.014010598039685986,Inf,15.0
east-west,6.0,25.0,350.0,0.02,627.4437642924722,152.1989988411719,9150.0,-2071.928028995057,-0.014010598039685986,Inf,15.0
east-west,6.0,25.0,350.0,0.03,627.4437642924722,152.1989988411719,9150.0,-2550.0370343457143,-0.014010598039685986,Inf,15.0
east-west,6.0,25.0,350.0,0.04,627.4437642924722,152.1989988411719,9150.0,-2981.194663786614,-0.014010598039685986,Inf,15.0
east-west,6.0,25.0,400.0,0.0,627.4437642924722,152.1989988411719,10400.0,-2198.3406830736662,-0.02959953770472913,Inf,15.0
east-west,6.0,25.0,400.0,0.01,627.4437642924722,152.1989988411719,10400.0,-2790.48978860248,-0.02959953770472913,Inf,15.0
east-west,6.0,25.0,400.0,0.02,627.4437642924722,152.1989988411719,10400.0,-3321.9280289950575,-0.02959953770472913,Inf,15.0
east-west,6.0,25.0,400.0,0.03,627.4437642924722,152.1989988411719,10400.0,-3800.0370343457153,-0.02959953770472913,Inf,15.0
east-west,6.0,25.0,400.0,0.04,627.4437642924722,152.1989988411719,10400.0,-4231.194663786614,-0.02959953770472913,Inf,15.0
east-west,9.0,2.5,100.0,0.0,183.32518559868043,338.989328916157,650.0,1746.3433889380449,0.2551478352817229,3.6430272677823115,15.0
east-west,9.0,2.5,100.0,0.01,183.32518559868043,338.989328916157,650.0,1573.3305217282261,0.2551478352817229,3.6430272677823115,15.0
east-west,9.0,2.5,100.0,0.02,183.32518559868043,338.989328916157,650.0,1418.0560260703303,0.2551478352817229,3.6430272677823115,15.0
east-west,9.0,2.5,100.0,0.03,183.32518559868043,338.989328916157,650.0,1278.3631529709432,0.2551478352817229,3.6430272677823115,15.0
east-west,9.0,2.5,100.0,0.04,183.32518559868043,338.989328916157,650.0,1152.3884331031468,0.2551478352817229,3.6430272677823115,15.0
east-west,9.0,2.5,150.0,0.0,183.32518559868043,338.989328916157,775.0,1621.3433889380449,0.20603053323494797,4.374978907420206,15.0
east-west,9.0,2.5,150.0,0.01,183.32518559868043,338.989328916157,775.0,1448.3305217282261,0.20603053323494797,4.374978907420206,15.0
east-west,9.0,2.5,150.0,0.02,183.32518559868043,338.989328916157,775.0,1293.0560260703303,0.20603053323494797,4.374978907420206,15.0
east-west,9.0,2.5,150.0,0.03,183.32518559868043,338.989328916157,775.0,1153.3631529709432,0.20603053323494797,4.374978907420206,15.0
east-west,9.0,2.5,150.0,0.04,183.32518559868043,338.989328916157,775.0,1027.3884331031468,0.20603053323494797,4.374978907420206,15.0
east-west,9.0,2.5,200.0,0.0,183.32518559868043,338.989328916157,900.0,1496.3433889380449,0.16928859640335298,5.116546637610676,15.0
east-west,9.0,2.5,200.0,0.01,183.32518559868043,338.989328916157,900.0,1323.3305217282261,0.16928859640335298,5.116546637610676,15.0
east-west,9.0,2.5,200.0,0.02,183.32518559868043,338.989328916157,900.0,1168.05602607033,0.16928859640335298,5.116546637610676,15.0
east-west,9.0,2.5,200.0,0.03,183.32518559868043,338.989328916157,900.0,1028.3631529709432,0.16928859640335298,5.116546637610676,15.0
east-west,9.0,2.5,200.0,0.04,183.32518559868043,338.989328916157,900.0,902.3884331031467,0.16928859640335298,5.116546637610676,15.0
east-west,9.0,2.5,250.0,0.0,183.32518559868043,338.989328916157,1025.0,1371.3433889380449,0.14045909802008733,5.8708699003027744,15.0
east-west,9.0,2.5,250.0,0.01,183.32518559868043,338.989328916157,1025.0,1198.3305217282261,0.14045909802008733,5.8708699003027744,15.0
east-west,9.0,2.5,250.0,0.02,183.32518559868043,338.989328916157,1025.0,1043.05602607033,0.14045909802008733,5.8708699003027744,15.0
east-west,9.0,2.5,250.0,0.03,183.32518559868043,338.989328916157,1025.0,903.363152970943,0.14045909802008733,5.8708699003027744,15.0
east-west,9.0,2.5,250.0,0.04,183.32518559868043,338.989328916157,1025.0,777.3884331031467,0.14045909802008733,5.8708699003027744,15.0
east-west,9.0,2.5,300.0,0.0,183.32518559868043,338.989328916157,1150.0,1246.3433889380449,0.11702848178958439,6.637952207137625,15.0
east-west,9.0,2.5,300.0,0.01,183.32518559868043,338.989328916157,1150.0,1073.3305217282261,0.11702848178958439,6.637952207137625,15.0
east-west,9.0,2.5,300.0,0.02,183.32518559868043,338.989328916157,1150.0,918.0560260703302,0.11702848178958439,6.637952207137625,15.0
east-west,9.0,2.5,300.0,0.03,183.32518559868043,338.989328916157,1150.0,778.3631529709431,0.11702848178958439,6.637952207137625,15.0
east-west,9.0,2.5,300.0,0.04,183.32518559868043,338.989328916157,1150.0,652.3884331031467,0.11702848178958439,6.637952207137625,15.0
east-west,9.0,2.5,350.0,0.0,183.32518559868043,338.989328916157,1275.0,1121.3433889380449,0.09746822356252546,7.415989614417921,15.0
east-west,9.0,2.5,350.0,0.01,183.32518559868043,338.989328916157,1275.0,948.3305217282262,0.09746822356252546,7.415989614417921,15.0
east-west,9.0,2.5,350.0,0.02,183.32518559868043,338.989328916157,1275.0,793.0560260703304,0.09746822356252546,7.415989614417921,15.0
east-west,9.0,2.5,350.0,0.03,183.32518559868043,338.989328916157,1275.0,653.3631529709434,0.09746822356252546,7.415989614417921,15.0
east-west,9.0,2.5,350.0,0.04,183.32518559868043,338.989328916157,1275.0,527.3884331031467,0.09746822356252546,7.415989614417921,15.0
east-west,9.0,2.5,400.0,0.0,183.32518559868043,338.989328916157,1400.0,996.3433889380449,0.08079195224349628,8.205526277719178,15.0
east-west,9.0,2.5,400.0,0.01,183.32518559868043,338.989328916157,1400.0,823.3305217282264,0.08079195224349628,8.205526277719178,15.0
east-west,9.0,2.5,400.0,0.02,183.32518559868043,338.989328916157,1400.0,668.0560260703304,0.08079195224349628,8.205526277719178,15.0
east-west,9.0,2.5,400.0,0.03,183.32518559868043,338.989328916157,1400.0,528.3631529709432,0.08079195224349628,8.205526277719178,15.0
east-west,9.0,2.5,400.0,0.04,183.32518559868043,338.989328916157,1400.0,402.3884331031466,0.08079195224349628,8.205526277719178,15.0
east-west,9.0,5.0,100.0,0.0,318.0141209116957,309.6409818152567,900.0,3256.935850068882,0.32971649335005626,2.8851135039715947,15.0
east-west,9.0,5.0,100.0,0.01,318.0141209116957,309.6409818152567,900.0,2956.810503447994,0.32971649335005626,2.8851135039715947,15.0
east-west,9.0,5.0,100.0,0.02,318.0141209116957,309.6409818152567,900.0,2687.455902358159,0.32971649335005626,2.8851135039715947,15.0
east-west,9.0,5.0,100.0,0.03,318.0141209116957,309.6409818152567,900.0,2445.1307352445656,0.32971649335005626,2.8851135039715947,15.0
east-west,9.0,5.0,100.0,0.04,318.0141209116957,309.6409818152567,900.0,2226.602442664221,0.32971649335005626,2.8851135039715947,15.0
east-west,9.0,5.0,150.0,0.0,318.0141209116957,309.6409818152567,1150.0,3006.9358500688813,0.24928614023158835,3.7180167520388654,15.0
east-west,9.0,5.0,150.0,0.01,318.0141209116957,309.6409818152567,1150.0,2706.810503447994,0.24928614023158835,3.7180167520388654,15.0
east-west,9.0,5.0,150.0,0.02,318.0141209116957,309.6409818152567,1150.0,2437.4559023581587,0.24928614023158835,3.7180167520388654,15.0
east-west,9.0,5.0,150.0,0.03,318.0141209116957,309.6409818152567,1150.0,2195.1307352445656,0.24928614023158835,3.7180167520388654,15.0
east-west,9.0,5.0,150.0,0.04,318.0141209116957,309.6409818152567,1150.0,1976.6024426642211,0.24928614023158835,3.7180167520388654,15.0
east-west,9.0,5.0,200.0,0.0,318.0141209116957,309.6409818152567,1400.0,2756.935850068881,0.19565496693212703,4.5645557372184316,15.0
east-west,9.0,5.0,200.0,0.01,318.0141209116957,309.6409818152567,1400.0,2456.810503447994,0.19565496693212703,4.5645557372184316,15.0
east-west,9.0,5.0,200.0,0.02,318.0141209116957,309.6409818152567,1400.0,2187.4559023581587,0.19565496693212703,4.5645557372184316,15.0
east-west,9.0,5.0,200.0,0.03,318.0141209116957,309.6409818152567,1400.0,1945.1307352445654,0.19565496693212703,4.5645557372184316,15.0
east-west,9.0,5.0,200.0,0.04,318.0141209116957,309.6409818152567,1400.0,1726.602442664221,0.19565496693212703,4.5645557372184316,15.0
east-west,9.0,5.0,250.0,0.0,318.0141209116957,309.6409818152567,1650.0,2506.935850068881,0.1567022796419245,5.425356614857622,15.0
east-west,9.0,5.0,250.0,0.01,318.0141209116957,309.6409818152567,1650.0,2206.8105034479936,0.1567022796419245,5.425356614857622,15.0
east-west,9.0,5.0,250.0,0.02,318.0141209116957,309.6409818152567,1650.0,1937.4559023581587,0.1567022796419245,5.425356614857622,15.0
east-west,9.0,5.0,250.0,0.03,318.0141209116957,309.6409818152567,1650.0,1695.1307352445654,0.1567022796419245,5.425356614857622,15.0
east-west,9.0,5.0,250.0,0.04,318.0141209116957,309.6409818152567,1650.0,1476.602442664221,0.1567022796419245,5.425356614857622,15.0
east-west,9.0,5.0,300.0,0.0,318.0141209116957,309.6409818152567,1900.0,2256.935850068881,0.1267330653138105,6.3010654184740815,15.0
east-west,9.0,5.0,300.0,0.01,318.0141209116957,309.6409818152567,1900.0,1956.8105034479938,0.1267330653138105,6.3010654184740815,15.0
east-west,9.0,5.0,300.0,0.02,318.0141209116957,309.6409818152567,1900.0,1687.4559023581587,0.1267330653138105,6.3010654184740815,15.0
east-west,9.0,5.0,300.0,0.03,318.0141209116957,309.6409818152567,1900.0,1445.1307352445656,0.1267330653138105,6.3010654184740815,15.0
east-west,9.0,5.0,300.0,0.04,318.0141209116957,309.6409818152567,1900.0,1226.6024426642207,0.1267330653138105,6.3010654184740815,15.0
east-west,9.0,5.0,350.0,0.0,318.0141209116957,309.6409818152567,2150.0,2006.9358500688809,0.10270843148564032,7.19234861032026,15.0
east-west,9.0,5.0,350.0,0.01,318.0141209116957,309.6409818152567,2150.0,1706.8105034479938,0.10270843148564032,7.19234861032026,15.0
east-west,9.0,5.0,350.0,0.02,318.0141209116957,309.6409818152567,2150.0,1437.4559023581587,0.10270843148564032,7.19234861032026,15.0
east-west,9.0,5.0,350.0,0.03,318.0141209116957,309.6409818152567,2150.0,1195.1307352445656,0.10270843148564032,7.19234861032026,15.0
east-west,9.0,5.0,350.0,0.04,318.0141209116957,309.6409818152567,2150.0,976.6024426642206,0.10270843148564032,7.19234861032026,15.0
east-west,9.0,5.0,400.0,0.0,318.0141209116957,309.6409818152567,2400.0,1756.9358500688809,0.0828510528610763,8.099893646140805,15.0
east-west,9.0,5.0,400.0,0.01,318.0141209116957,309.6409818152567,2400.0,1456.8105034479938,0.0828510528610763,8.099893646140805,15.0
east-west,9.0,5.0,400.0,0.02,318.0141209116957,309.6409818152567,2400.0,1187.4559023581583,0.0828510528610763,8.099893646140805,15.0
east-west,9.0,5.0,400.0,0.03,318.0141209116957,309.6409818152567,2400.0,945.1307352445657,0.0828510528610763,8.099893646140805,15.0
east-west,9.0,5.0,400.0,0.04,318.0141209116957,309.6409818152567,2400.0,726.6024426642205,0.0828510528610763,8.099893646140805,15.0
east-west,9.0,10.0,100.0,0.0,494.52466950688137,268.589166754841,1400.0,5064.201405658452,0.32959562614350024,2.8860905204923113,15.0
east-west,9.0,10.0,100.0,0.01,494.52466950688137,268.589166754841,1400.0,4597.494495214231,0.32959562614350024,2.8860905204923113,15.0
east-west,9.0,10.0,100.0,0.02,494.52466950688137,268.589166754841,1400.0,4178.637324022466,0.32959562614350024,2.8860905204923113,15.0
east-west,9.0,10.0,100.0,0.03,494.52466950688137,268.589166754841,1400.0,3801.8120030697382,0.32959562614350024,2.8860905204923113,15.0
east-west,9.0,10.0,100.0,0.04,494.52466950688137,268.589166754841,1400.0,3461.9917732120657,0.32959562614350024,2.8860905204923113,15.0
east-west,9.0,10.0,150.0,0.0,494.52466950688137,268.589166754841,1900.0,4564.201405658452,0.231853689403897,3.9580120119513724,15.0
east-west,9.0,10.0,150.0,0.01,494.52466950688137,268.589166754841,1900.0,4097.494495214231,0.231853689403897,3.9580120119513724,15.0
east-west,9.0,10.0,150.0,0.02,494.52466950688137,268.589166754841,1900.0,3678.637324022466,0.231853689403897,3.9580120119513724,15.0
east-west,9.0,10.0,150.0,0.03,494.52466950688137,268.589166754841,1900.0,3301.812003069738,0.231853689403897,3.9580120119513724,15.0
east-west,9.0,10.0,150.0,0.04,494.52466950688137,268.589166754841,1900.0,2961.9917732120657,0.231853689403897,3.9580120119513724,15.0
east-west,9.0,10.0,200.0,0.0,494.52466950688137,268.589166754841,2400.0,4064.2014056584517,0.17197167023183277,5.054412939052157,15.0
east-west,9.0,10.0,200.0,0.01,494.52466950688137,268.589166754841,2400.0,3597.4944952142314,0.17197167023183277,5.054412939052157,15.0
east-west,9.0,10.0,200.0,0.02,494.52466950688137,268.589166754841,2400.0,3178.637324022466,0.17197167023183277,5.054412939052157,15.0
east-west,9.0,10.0,200.0,0.03,494.52466950688137,268.589166754841,2400.0,2801.8120030697382,0.17197167023183277,5.054412939052157,15.0
east-west,9.0,10.0,200.0,0.04,494.52466950688137,268.589166754841,2400.0,2461.9917732120657,0.17197167023183277,5.054412939052157,15.0
east-west,9.0,10.0,250.0,0.0,494.52466950688137,268.589166754841,2900.0,3564.2014056584517,0.13052924350337886,6.176482971997224,15.0
east-west,9.0,10.0,250.0,0.01,494.52466950688137,268.589166754841,2900.0,3097.4944952142314,0.13052924350337886,6.176482971997224,15.0
east-west,9.0,10.0,250.0,0.02,494.52466950688137,268.589166754841,2900.0,2678.637324022466,0.13052924350337886,6.176482971997224,15.0
east-west,9.0,10.0,250.0,0.03,494.52466950688137,268.589166754841,2900.0,2301.8120030697387,0.13052924350337886,6.176482971997224,15.0
east-west,9.0,10.0,250.0,0.04,494.52466950688137,268.589166754841,2900.0,1961.9917732120657,0.13052924350337886,6.176482971997224,15.0
east-west,9.0,10.0,300.0,0.0,494.52466950688137,268.589166754841,3400.0,3064.201405658452,0.09958666355279083,7.324337449044567,15.0
east-west,9.0,10.0,300.0,0.01,494.52466950688137,268.589166754841,3400.0,2597.494495214232,0.09958666355279083,7.324337449044567,15.0
east-west,9.0,10.0,300.0,0.02,494.52466950688137,268.589166754841,3400.0,2178.637324022466,0.09958666355279083,7.324337449044567,15.0
east-west,9.0,10.0,300.0,0.03,494.52466950688137,268.589166754841,3400.0,1801.8120030697385,0.09958666355279083,7.324337449044567,15.0
east-west,9.0,10.0,300.0,0.04,494.52466950688137,268.589166754841,3400.0,1461.9917732120655,0.09958666355279083,7.324337449044567,15.0
east-west,9.0,10.0,350.0,0.0,494.52466950688137,268.589166754841,3900.0,2564.201405658452,0.07526856249579673,8.498977955154235,15.0
east-west,9.0,10.0,350.0,0.01,494.52466950688137,268.589166754841,3900.0,2097.494495214232,0.07526856249579673,8.498977955154235,15.0
east-west,9.0,10.0,350.0,0.02,494.52466950688137,268.589166754841,3900.0,1678.6373240224661,0.07526856249579673,8.498977955154235,15.0
east-west,9.0,10.0,350.0,0.03,494.52466950688137,268.589166754841,3900.0,1301.812003069739,0.07526856249579673,8.498977955154235,15.0
east-west,9.0,10.0,350.0,0.04,494.52466950688137,268.589166754841,3900.0,961.991773212065,0.07526856249579673,8.498977955154235,15.0
east-west,9.0,10.0,400.0,0.0,494.52466950688137,268.589166754841,4400.0,2064.2014056584517,0.05544258403447026,9.701436217261282,15.0
east-west,9.0,10.0,400.0,0.01,494.52466950688137,268.589166754841,4400.0,1597.4944952142312,0.05544258403447026,9.701436217261282,15.0
east-west,9.0,10.0,400.0,0.02,494.52466950688137,268.589166754841,4400.0,1178.6373240224661,0.05544258403447026,9.701436217261282,15.0
east-west,9.0,10.0,400.0,0.03,494.52466950688137,268.589166754841,4400.0,801.8120030697388,0.05544258403447026,9.701436217261282,15.0
east-west,9.0,10.0,400.0,0.04,494.52466950688137,268.589166754841,4400.0,461.99177321206525,0.05544258403447026,9.701436217261282,15.0
east-west,9.0,12.5,100.0,0.0,559.8633218751982,251.01666889150619,1650.0,5668.278531687904,0.31519847294024195,3.00716950011495,15.0
east-west,9.0,12.5,100.0,0.01,559.8633218751982,251.01666889150619,1650.0,5139.908366688935,0.31519847294024195,3.00716950011495,15.0
east-west,9.0,12.5,100.0,0.02,559.8633218751982,251.01666889150619,1650.0,4665.710047141993,0.31519847294024195,3.00716950011495,15.0
east-west,9.0,12.5,100.0,0.03,559.8633218751982,251.01666889150619,1650.0,4239.097000384078,0.31519847294024195,3.00716950011495,15.0
east-west,9.0,12.5,100.0,0.04,559.8633218751982,251.01666889150619,1650.0,3854.3783109843716,0.31519847294024195,3.00716950011495,15.0
east-west,9.0,12.5,150.0,0.0,559.8633218751982,251.01666889150619,2275.0,5043.278531687905,0.21647940923671732,4.197209505404089,15.0
east-west,9.0,12.5,150.0,0.01,559.8633218751982,251.01666889150619,2275.0,4514.908366688935,0.21647940923671732,4.197209505404089,15.0
east-west,9.0,12.5,150.0,0.02,559.8633218751982,251.01666889150619,2275.0,4040.7100471419926,0.21647940923671732,4.197209505404089,15.0
east-west,9.0,12.5,150.0,0.03,559.8633218751982,251.01666889150619,2275.0,3614.097000384077,0.21647940923671732,4.197209505404089,15.0
east-west,9.0,12.5,150.0,0.04,559.8633218751982,251.01666889150619,2275.0,3229.3783109843716,0.21647940923671732,4.197209505404089,15.0
east-west,9.0,12.5,200.0,0.0,559.8633218751982,251.01666889150619,2900.0,4418.278531687905,0.15707314744835682,5.415827915948631,15.0
east-west,9.0,12.5,200.0,0.01,559.8633218751982,251.01666889150619,2900.0,3889.9083666889346,0.15707314744835682,5.415827915948631,15.0
east-west,9.0,12.5,200.0,0.02,559.8633218751982,251.01666889150619,2900.0,3415.7100471419926,0.15707314744835682,5.415827915948631,15.0
east-west,9.0,12.5,200.0,0.03,559.8633218751982,251.01666889150619,2900.0,2989.097000384077,0.15707314744835682,5.415827915948631,15.0
east-west,9.0,12.5,200.0,0.04,559.8633218751982,251.01666889150619,2900.0,2604.3783109843716,0.15707314744835682,5.415827915948631,15.0
east-west,9.0,12.5,250.0,0.0,559.8633218751982,251.01666889150619,3525.0,3793.2785316879053,0.11630692105202112,6.664112046912981,15.0
east-west,9.0,12.5,250.0,0.01,559.8633218751982,251.01666889150619,3525.0,3264.9083666889346,0.11630692105202112,6.664112046912981,15.0
east-west,9.0,12.5,250.0,0.02,559.8633218751982,251.01666889150619,3525.0,2790.7100471419926,0.11630692105202112,6.664112046912981,15.0
east-west,9.0,12.5,250.0,0.03,559.8633218751982,251.01666889150619,3525.0,2364.0970003840766,0.11630692105202112,6.664112046912981,15.0
east-west,9.0,12.5,250.0,0.04,559.8633218751982,251.01666889150619,3525.0,1979.3783109843719,0.11630692105202112,6.664112046912981,15.0
east-west,9.0,12.5,300.0,0.0,559.8633218751982,251.01666889150619,4150.0,3168.2785316879053,0.0860025160421184,7.943181690962946,15.0
east-west,9.0,12.5,300.0,0.01,559.8633218751982,251.01666889150619,4150.0,2639.908366688934,0.0860025160421184,7.943181690962946,15.0
east-west,9.0,12.5,300.0,0.02,559.8633218751982,251.01666889150619,4150.0,2165.710047141992,0.0860025160421184,7.943181690962946,15.0
east-west,9.0,12.5,300.0,0.03,559.8633218751982,251.01666889150619,4150.0,1739.0970003840766,0.0860025160421184,7.943181690962946,15.0
east-west,9.0,12.5,300.0,0.04,559.8633218751982,251.01666889150619,4150.0,1354.3783109843714,0.0860025160421184,7.943181690962946,15.0
east-west,9.0,12.5,350.0,0.0,559.8633218751982,251.01666889150619,4775.0,2543.2785316879053,0.06224286978305024,9.259377541855851,15.0
east-west,9.0,12.5,350.0,0.01,559.8633218751982,251.01666889150619,4775.0,2014.9083666889355,0.06224286978305024,9.259377541855851,15.0
east-west,9.0,12.5,350.0,0.02,559.8633218751982,251.01666889150619,4775.0,1540.7100471419924,0.06224286978305024,9.259377541855851,15.0
east-west,9.0,12.5,350.0,0.03,559.8633218751982,251.01666889150619,4775.0,1114.0970003840764,0.06224286978305024,9.259377541855851,15.0
east-west,9.0,12.5,350.0,0.04,559.8633218751982,251.01666889150619,4775.0,729.3783109843712,0.06224286978305024,9.259377541855851,15.0
east-west,9.0,12.5,400.0,0.0,559.8633218751982,251.01666889150619,5400.0,1918.2785316879051,0.04289789390795415,10.610535035820291,15.0
east-west,9.0,12.5,400.0,0.01,559.8633218751982,251.01666889150619,5400.0,1389.9083666889355,0.04289789390795415,10.610535035820291,15.0
east-west,9.0,12.5,400.0,0.02,559.8633218751982,251.01666889150619,5400.0,915.7100471419924,0.04289789390795415,10.610535035820291,15.0
east-west,9.0,12.5,400.0,0.03,559.8633218751982,251.01666889150619,5400.0,489.097000384077,0.04289789390795415,10.610535035820291,15.0
east-west,9.0,12.5,400.0,0.04,559.8633218751982,251.01666889150619,5400.0,104.37831098437121,0.04289789390795415,10.610535035820291,15.0
east-west,9.0,20.0,100.0,0.0,704.1077050330387,212.195704225145,2400.0,6803.775458053626,0.26716491669712006,3.4974218137212394,15.0
east-west,9.0,20.0,100.0,0.01,704.1077050330387,212.195704225145,2400.0,6139.2748741623955,0.26716491669712006,3.4974218137212394,15.0
east-west,9.0,20.0,100.0,0.02,704.1077050330387,212.195704225145,2400.0,5542.903085797326,0.26716491669712006,3.4974218137212394,15.0
east-west,9.0,20.0,100.0,0.03,704.1077050330387,212.195704225145,2400.0,5006.376541633342,0.26716491669712006,3.4974218137212394,15.0
east-west,9.0,20.0,100.0,0.04,704.1077050330387,212.195704225145,2400.0,4522.538106621646,0.26716491669712006,3.4974218137212394,15.0
east-west,9.0,20.0,150.0,0.0,704.1077050330387,212.195704225145,3400.0,5803.775458053626,0.1731511817852583,5.027487513282338,15.0
east-west,9.0,20.0,150.0,0.01,704.1077050330387,212.195704225145,3400.0,5139.2748741623955,0.1731511817852583,5.027487513282338,15.0
east-west,9.0,20.0,150.0,0.02,704.1077050330387,212.195704225145,3400.0,4542.903085797326,0.1731511817852583,5.027487513282338,15.0
east-west,9.0,20.0,150.0,0.03,704.1077050330387,212.195704225145,3400.0,4006.3765416333417,0.1731511817852583,5.027487513282338,15.0
east-west,9.0,20.0,150.0,0.04,704.1077050330387,212.195704225145,3400.0,3522.5381066216464,0.1731511817852583,5.027487513282338,15.0
east-west,9.0,20.0,200.0,0.0,704.1077050330387,212.195704225145,4400.0,4803.775458053627,0.11777924730554838,6.610902134518223,15.0
east-west,9.0,20.0,200.0,0.01,704.1077050330387,212.195704225145,4400.0,4139.2748741623955,0.11777924730554838,6.610902134518223,15.0
east-west,9.0,20.0,200.0,0.02,704.1077050330387,212.195704225145,4400.0,3542.9030857973257,0.11777924730554838,6.610902134518223,15.0
east-west,9.0,20.0,200.0,0.03,704.1077050330387,212.195704225145,4400.0,3006.3765416333413,0.11777924730554838,6.610902134518223,15.0
east-west,9.0,20.0,200.0,0.04,704.1077050330387,212.195704225145,4400.0,2522.5381066216464,0.11777924730554838,6.610902134518223,15.0
east-west,9.0,20.0,250.0,0.0,704.1077050330387,212.195704225145,5400.0,3803.7754580536266,0.0800550149530738,8.243819189255092,15.0
east-west,9.0,20.0,250.0,0.01,704.1077050330387,212.195704225145,5400.0,3139.2748741623955,0.0800550149530738,8.243819189255092,15.0
east-west,9.0,20.0,250.0,0.02,704.1077050330387,212.195704225145,5400.0,2542.9030857973253,0.0800550149530738,8.243819189255092,15.0
east-west,9.0,20.0,250.0,0.03,704.1077050330387,212.195704225145,5400.0,2006.3765416333422,0.0800550149530738,8.243819189255092,15.0
east-west,9.0,20.0,250.0,0.04,704.1077050330387,212.195704225145,5400.0,1522.538106621646,0.0800550149530738,8.243819189255092,15.0
east-west,9.0,20.0,300.0,0.0,704.1077050330387,212.195704225145,6400.0,2803.7754580536257,0.05206900672723772,9.931824499361404,15.0
east-west,9.0,20.0,300.0,0.01,704.1077050330387,212.195704225145,6400.0,2139.2748741623955,0.05206900672723772,9.931824499361404,15.0
east-west,9.0,20.0,300.0,0.02,704.1077050330387,212.195704225145,6400.0,1542.9030857973248,0.05206900672723772,9.931824499361404,15.0
east-west,9.0,20.0,300.0,0.03,704.1077050330387,212.195704225145,6400.0,1006.3765416333422,0.05206900672723772,9.931824499361404,15.0
east-west,9.0,20.0,300.0,0.04,704.1077050330387,212.195704225145,6400.0,522.5381066216462,0.05206900672723772,9.931824499361404,15.0
east-west,9.0,20.0,350.0,0.0,704.1077050330387,212.195704225145,7400.0,1803.7754580536257,0.03012533861664502,11.682280373710421,15.0
east-west,9.0,20.0,350.0,0.01,704.1077050330387,212.195704225145,7400.0,1139.274874162396,0.03012533861664502,11.682280373710421,15.0
east-west,9.0,20.0,350.0,0.02,704.1077050330387,212.195704225145,7400.0,542.9030857973258,0.03012533861664502,11.682280373710421,15.0
east-west,9.0,20.0,350.0,0.03,704.1077050330387,212.195704225145,7400.0,6.376541633342299,0.03012533861664502,11.682280373710421,15.0
east-west,9.0,20.0,350.0,0.04,704.1077050330387,212.195704225145,7400.0,-477.4618933783539,0.03012533861664502,11.682280373710421,15.0
east-west,9.0,20.0,400.0,0.0,704.1077050330387,212.195704225145,8400.0,803.7754580536258,0.01224129452746206,13.495580465897234,15.0
east-west,9.0,20.0,400.0,0.01,704.1077050330387,212.195704225145,8400.0,139.27487416239586,0.01224129452746206,13.495580465897234,15.0
east-west,9.0,20.0,400.0,0.02,704.1077050330387,212.195704225145,8400.0,-457.0969142026745,0.01224129452746206,13.495580465897234,15.0
east-west,9.0,20.0,400.0,0.03,704.1077050330387,212.195704225145,8400.0,-993.6234583666583,0.01224129452746206,13.495580465897234,15.0
east-west,9.0,20.0,400.0,0.04,704.1077050330387,212.195704225145,8400.0,-1477.461893378354,0.01224129452746206,13.495580465897234,15.0
east-west,9.0,25.0,100.0,0.0,768.2155147701613,190.78956755191706,2900.0,7141.763569404311,0.23683308593623442,3.886729103046479,15.0
east-west,9.0,25.0,100.0,0.01,768.2155147701613,190.78956755191706,2900.0,6416.761336833769,0.23683308593623442,3.886729103046479,15.0
east-west,9.0,25.0,100.0,0.02,768.2155147701613,190.78956755191706,2900.0,5766.090910820213,0.23683308593623442,3.886729103046479,15.0
east-west,9.0,25.0,100.0,0.03,768.2155147701613,190.78956755191706,2900.0,5180.714536770378,0.23683308593623442,3.886729103046479,15.0
east-west,9.0,25.0,100.0,0.04,768.2155147701613,190.78956755191706,2900.0,4652.823434654604,0.23683308593623442,3.886729103046479,15.0
east-west,9.0,25.0,150.0,0.0,768.2155147701613,190.78956755191706,4150.0,5891.763569404311,0.14782669888801472,5.661750166093399,15.0
east-west,9.0,25.0,150.0,0.01,768.2155147701613,190.78956755191706,4150.0,5166.761336833768,0.14782669888801472,5.661750166093399,15.0
east-west,9.0,25.0,150.0,0.02,768.2155147701613,190.78956755191706,4150.0,4516.090910820213,0.14782669888801472,5.661750166093399,15.0
east-west,9.0,25.0,150.0,0.03,768.2155147701613,190.78956755191706,4150.0,3930.714536770377,0.14782669888801472,5.661750166093399,15.0
east-west,9.0,25.0,150.0,0.04,768.2155147701613,190.78956755191706,4150.0,3402.8234346546037,0.14782669888801472,5.661750166093399,15.0
east-west,9.0,25.0,200.0,0.0,768.2155147701613,190.78956755191706,5400.0,4641.763569404311,0.09552196638563024,7.5017178997004,15.0
east-west,9.0,25.0,200.0,0.01,768.2155147701613,190.78956755191706,5400.0,3916.761336833768,0.09552196638563024,7.5017178997004,15.0
east-west,9.0,25.0,200.0,0.02,768.2155147701613,190.78956755191706,5400.0,3266.0909108202122,0.09552196638563024,7.5017178997004,15.0
east-west,9.0,25.0,200.0,0.03,768.2155147701613,190.78956755191706,5400.0,2680.7145367703774,0.09552196638563024,7.5017178997004,15.0
east-west,9.0,25.0,200.0,0.04,768.2155147701613,190.78956755191706,5400.0,2152.823434654604,0.09552196638563024,7.5017178997004,15.0
east-west,9.0,25.0,250.0,0.0,768.2155147701613,190.78956755191706,6650.0,3391.763569404312,0.05983844519362714,9.412370669485304,15.0
east-west,9.0,25.0,250.0,0.01,768.2155147701613,190.78956755191706,6650.0,2666.761336833768,0.05983844519362714,9.412370669485304,15.0
east-west,9.0,25.0,250.0,0.02,768.2155147701613,190.78956755191706,6650.0,2016.0909108202113,0.05983844519362714,9.412370669485304,15.0
east-west,9.0,25.0,250.0,0.03,768.2155147701613,190.78956755191706,6650.0,1430.7145367703777,0.05983844519362714,9.412370669485304,15.0
east-west,9.0,25.0,250.0,0.04,768.2155147701613,190.78956755191706,6650.0,902.823434654604,0.05983844519362714,9.412370669485304,15.0
east-west,9.0,25.0,300.0,0.0,768.2155147701613,190.78956755191706,7900.0,2141.7635694043115,0.03330943890414142,11.399809640270945,15.0
east-west,9.0,25.0,300.0,0.01,768.2155147701613,190.78956755191706,7900.0,1416.761336833768,0.03330943890414142,11.399809640270945,15.0
east-west,9.0,25.0,300.0,0.02,768.2155147701613,190.78956755191706,7900.0,766.0909108202125,0.03330943890414142,11.399809640270945,15.0
east-west,9.0,25.0,300.0,0.03,768.2155147701613,190.78956755191706,7900.0,180.71453677037778,0.03330943890414142,11.399809640270945,15.0
east-west,9.0,25.0,300.0,0.04,768.2155147701613,190.78956755191706,7900.0,-347.17656534539594,0.03330943890414142,11.399809640270945,15.0
east-west,9.0,25.0,350.0,0.0,768.2155147701613,190.78956755191706,9150.0,891.7635694043103,0.012462596290901844,13.470518938497538,15.0
east-west,9.0,25.0,350.0,0.01,768.2155147701613,190.78956755191706,9150.0,166.76133683376872,0.012462596290901844,13.470518938497538,15.0
east-west,9.0,25.0,350.0,0.02,768.2155147701613,190.78956755191706,9150.0,-483.9090891797874,0.012462596290901844,13.470518938497538,15.0
east-west,9.0,25.0,350.0,0.03,768.2155147701613,190.78956755191706,9150.0,-1069.2854632296232,0.012462596290901844,13.470518938497538,15.0
east-west,9.0,25.0,350.0,0.04,768.2155147701613,190.78956755191706,9150.0,-1597.176565345395,0.012462596290901844,13.470518938497538,15.0
east-west,9.0,25.0,400.0,0.0,768.2155147701613,190.78956755191706,10400.0,-358.2364305956895,-0.00456211454221906,Inf,15.0
east-west,9.0,25.0,400.0,0.01,768.2155147701613,190.78956755191706,10400.0,-1083.238663166232,-0.00456211454221906,Inf,15.0
east-west,9.0,25.0,400.0,0.02,768.2155147701613,190.78956755191706,10400.0,-1733.9090891797896,-0.00456211454221906,Inf,15.0
east-west,9.0,25.0,400.0,0.03,768.2155147701613,190.78956755191706,10400.0,-2319.285463229622,-0.00456211454221906,Inf,15.0
east-west,9.0,25.0,400.0,0.04,768.2155147701613,190.78956755191706,10400.0,-2847.176565345396,-0.00456211454221906,Inf,15.0
east-west,12.0,5.0,100.0,0.0,323.42416760876495,317.3017374821394,900.0,3327.6535182061352,0.3359147854560069,2.8358219513434473,15.0
east-west,12.0,5.0,100.0,0.01,323.42416760876495,317.3017374821394,900.0,3022.4224481804563,0.3359147854560069,2.8358219513434473,15.0
east-west,12.0,5.0,100.0,0.02,323.42416760876495,317.3017374821394,900.0,2748.4855946868947,0.3359147854560069,2.8358219513434473,15.0
east-west,12.0,5.0,100.0,0.03,323.42416760876495,317.3017374821394,900.0,2502.0379990905626,0.3359147854560069,2.8358219513434473,15.0
east-west,12.0,5.0,100.0,0.04,323.42416760876495,317.3017374821394,900.0,2279.792109744071,0.3359147854560069,2.8358219513434473,15.0
east-west,12.0,5.0,150.0,0.0,323.42416760876495,317.3017374821394,1150.0,3077.6535182061352,0.2542967816706915,3.6537477208343647,15.0
east-west,12.0,5.0,150.0,0.01,323.42416760876495,317.3017374821394,1150.0,2772.4224481804563,0.2542967816706915,3.6537477208343647,15.0
east-west,12.0,5.0,150.0,0.02,323.42416760876495,317.3017374821394,1150.0,2498.4855946868947,0.2542967816706915,3.6537477208343647,15.0
east-west,12.0,5.0,150.0,0.03,323.42416760876495,317.3017374821394,1150.0,2252.0379990905626,0.2542967816706915,3.6537477208343647,15.0
east-west,12.0,5.0,150.0,0.04,323.42416760876495,317.3017374821394,1150.0,2029.7921097440708,0.2542967816706915,3.6537477208343647,15.0
east-west,12.0,5.0,200.0,0.0,323.42416760876495,317.3017374821394,1400.0,2827.6535182061352,0.19993377608047913,4.484718431374331,15.0
east-west,12.0,5.0,200.0,0.01,323.42416760876495,317.3017374821394,1400.0,2522.4224481804563,0.19993377608047913,4.484718431374331,15.0
east-west,12.0,5.0,200.0,0.02,323.42416760876495,317.3017374821394,1400.0,2248.4855946868947,0.19993377608047913,4.484718431374331,15.0
east-west,12.0,5.0,200.0,0.03,323.42416760876495,317.3017374821394,1400.0,2002.0379990905624,0.19993377608047913,4.484718431374331,15.0
east-west,12.0,5.0,200.0,0.04,323.42416760876495,317.3017374821394,1400.0,1779.7921097440706,0.19993377608047913,4.484718431374331,15.0
east-west,12.0,5.0,250.0,0.0,323.42416760876495,317.3017374821394,1650.0,2577.6535182061352,0.16048835022198316,5.329342362202545,15.0
east-west,12.0,5.0,250.0,0.01,323.42416760876495,317.3017374821394,1650.0,2272.4224481804563,0.16048835022198316,5.329342362202545,15.0
east-west,12.0,5.0,250.0,0.02,323.42416760876495,317.3017374821394,1650.0,1998.4855946868943,0.16048835022198316,5.329342362202545,15.0
east-west,12.0,5.0,250.0,0.03,323.42416760876495,317.3017374821394,1650.0,1752.0379990905624,0.16048835022198316,5.329342362202545,15.0
east-west,12.0,5.0,250.0,0.04,323.42416760876495,317.3017374821394,1650.0,1529.7921097440703,0.16048835022198316,5.329342362202545,15.0
east-west,12.0,5.0,300.0,0.0,323.42416760876495,317.3017374821394,1900.0,2327.6535182061352,0.13016567694292908,6.188247187153954,15.0
east-west,12.0,5.0,300.0,0.01,323.42416760876495,317.3017374821394,1900.0,2022.4224481804563,0.13016567694292908,6.188247187153954,15.0
east-west,12.0,5.0,300.0,0.02,323.42416760876495,317.3017374821394,1900.0,1748.4855946868943,0.13016567694292908,6.188247187153954,15.0
east-west,12.0,5.0,300.0,0.03,323.42416760876495,317.3017374821394,1900.0,1502.0379990905624,0.13016567694292908,6.188247187153954,15.0
east-west,12.0,5.0,300.0,0.04,323.42416760876495,317.3017374821394,1900.0,1279.7921097440703,0.13016567694292908,6.188247187153954,15.0
east-west,12.0,5.0,350.0,0.0,323.42416760876495,317.3017374821394,2150.0,2077.6535182061352,0.1058752258156789,7.062080512931284,15.0
east-west,12.0,5.0,350.0,0.01,323.42416760876495,317.3017374821394,2150.0,1772.4224481804563,0.1058752258156789,7.062080512931284,15.0
east-west,12.0,5.0,350.0,0.02,323.42416760876495,317.3017374821394,2150.0,1498.4855946868943,0.1058752258156789,7.062080512931284,15.0
east-west,12.0,5.0,350.0,0.03,323.42416760876495,317.3017374821394,2150.0,1252.0379990905622,0.1058752258156789,7.062080512931284,15.0
east-west,12.0,5.0,350.0,0.04,323.42416760876495,317.3017374821394,2150.0,1029.7921097440703,0.1058752258156789,7.062080512931284,15.0
east-west,12.0,5.0,400.0,0.0,323.42416760876495,317.3017374821394,2400.0,1827.653518206135,0.08581053420722234,7.952480222644247,15.0
east-west,12.0,5.0,400.0,0.01,323.42416760876495,317.3017374821394,2400.0,1522.422448180456,0.08581053420722234,7.952480222644247,15.0
east-west,12.0,5.0,400.0,0.02,323.42416760876495,317.3017374821394,2400.0,1248.4855946868943,0.08581053420722234,7.952480222644247,15.0
east-west,12.0,5.0,400.0,0.03,323.42416760876495,317.3017374821394,2400.0,1002.0379990905625,0.08581053420722234,7.952480222644247,15.0
east-west,12.0,5.0,400.0,0.04,323.42416760876495,317.3017374821394,2400.0,779.7921097440706,0.08581053420722234,7.952480222644247,15.0
east-west,12.0,10.0,100.0,0.0,514.137052059742,284.04109000418487,1400.0,5320.565544161251,0.34402538920558523,2.7736457206543923,15.0
east-west,12.0,10.0,100.0,0.01,514.137052059742,284.04109000418487,1400.0,4835.349477284404,0.34402538920558523,2.7736457206543923,15.0
east-west,12.0,10.0,100.0,0.02,514.137052059742,284.04109000418487,1400.0,4399.880825244548,0.34402538920558523,2.7736457206543923,15.0
east-west,12.0,10.0,100.0,0.03,514.137052059742,284.04109000418487,1400.0,4008.110967030416,0.34402538920558523,2.7736457206543923,15.0
east-west,12.0,10.0,100.0,0.04,514.137052059742,284.04109000418487,1400.0,3654.813786965556,0.34402538920558523,2.7736457206543923,15.0
east-west,12.0,10.0,150.0,0.0,514.137052059742,284.04109000418487,1900.0,4820.565544161251,0.24294343486569675,3.802293994683117,15.0
east-west,12.0,10.0,150.0,0.01,514.137052059742,284.04109000418487,1900.0,4335.349477284404,0.24294343486569675,3.802293994683117,15.0
east-west,12.0,10.0,150.0,0.02,514.137052059742,284.04109000418487,1900.0,3899.880825244548,0.24294343486569675,3.802293994683117,15.0
east-west,12.0,10.0,150.0,0.03,514.137052059742,284.04109000418487,1900.0,3508.110967030416,0.24294343486569675,3.802293994683117,15.0
east-west,12.0,10.0,150.0,0.04,514.137052059742,284.04109000418487,1900.0,3154.813786965556,0.24294343486569675,3.802293994683117,15.0
east-west,12.0,10.0,200.0,0.0,514.137052059742,284.04109000418487,2400.0,4320.565544161251,0.18121183463894558,4.852614024286252,15.0
east-west,12.0,10.0,200.0,0.01,514.137052059742,284.04109000418487,2400.0,3835.3494772844037,0.18121183463894558,4.852614024286252,15.0
east-west,12.0,10.0,200.0,0.02,514.137052059742,284.04109000418487,2400.0,3399.880825244548,0.18121183463894558,4.852614024286252,15.0
east-west,12.0,10.0,200.0,0.03,514.137052059742,284.04109000418487,2400.0,3008.1109670304154,0.18121183463894558,4.852614024286252,15.0
east-west,12.0,10.0,200.0,0.04,514.137052059742,284.04109000418487,2400.0,2654.8137869655566,0.18121183463894558,4.852614024286252,15.0
east-west,12.0,10.0,250.0,0.0,514.137052059742,284.04109000418487,2900.0,3820.5655441612507,0.13860418492642448,5.925478439106557,15.0
east-west,12.0,10.0,250.0,0.01,514.137052059742,284.04109000418487,2900.0,3335.349477284404,0.13860418492642448,5.925478439106557,15.0
east-west,12.0,10.0,250.0,0.02,514.137052059742,284.04109000418487,2900.0,2899.8808252445483,0.13860418492642448,5.925478439106557,15.0
east-west,12.0,10.0,250.0,0.03,514.137052059742,284.04109000418487,2900.0,2508.110967030416,0.13860418492642448,5.925478439106557,15.0
east-west,12.0,10.0,250.0,0.04,514.137052059742,284.04109000418487,2900.0,2154.8137869655566,0.13860418492642448,5.925478439106557,15.0
east-west,12.0,10.0,300.0,0.0,514.137052059742,284.04109000418487,3400.0,3320.5655441612516,0.10686160297202144,7.022231081822412,15.0
east-west,12.0,10.0,300.0,0.01,514.137052059742,284.04109000418487,3400.0,2835.349477284404,0.10686160297202144,7.022231081822412,15.0
east-west,12.0,10.0,300.0,0.02,514.137052059742,284.04109000418487,3400.0,2399.8808252445483,0.10686160297202144,7.022231081822412,15.0
east-west,12.0,10.0,300.0,0.03,514.137052059742,284.04109000418487,3400.0,2008.1109670304156,0.10686160297202144,7.022231081822412,15.0
east-west,12.0,10.0,300.0,0.04,514.137052059742,284.04109000418487,3400.0,1654.8137869655568,0.10686160297202144,7.022231081822412,15.0
east-west,12.0,10.0,350.0,0.0,514.137052059742,284.04109000418487,3900.0,2820.5655441612516,0.08195977268459498,8.14537206314751,15.0
east-west,12.0,10.0,350.0,0.01,514.137052059742,284.04109000418487,3900.0,2335.3494772844047,0.08195977268459498,8.14537206314751,15.0
east-west,12.0,10.0,350.0,0.02,514.137052059742,284.04109000418487,3900.0,1899.8808252445485,0.08195977268459498,8.14537206314751,15.0
east-west,12.0,10.0,350.0,0.03,514.137052059742,284.04109000418487,3900.0,1508.110967030416,0.08195977268459498,8.14537206314751,15.0
east-west,12.0,10.0,350.0,0.04,514.137052059742,284.04109000418487,3900.0,1154.8137869655566,0.08195977268459498,8.14537206314751,15.0
east-west,12.0,10.0,400.0,0.0,514.137052059742,284.04109000418487,4400.0,2320.5655441612516,0.06168825134664695,9.294354604276041,15.0
east-west,12.0,10.0,400.0,0.01,514.137052059742,284.04109000418487,4400.0,1835.3494772844044,0.06168825134664695,9.294354604276041,15.0
east-west,12.0,10.0,400.0,0.02,514.137052059742,284.04109000418487,4400.0,1399.8808252445483,0.06168825134664695,9.294354604276041,15.0
east-west,12.0,10.0,400.0,0.03,514.137052059742,284.04109000418487,4400.0,1008.1109670304165,0.06168825134664695,9.294354604276041,15.0
east-west,12.0,10.0,400.0,0.04,514.137052059742,284.04109000418487,4400.0,654.8137869655567,0.06168825134664695,9.294354604276041,15.0
east-west,12.0,15.0,100.0,0.0,652.4230637232184,256.25388436985475,1900.0,6628.177350199789,0.31941365079396744,2.97065886567628,15.0
east-west,12.0,15.0,100.0,0.01,652.4230637232184,256.25388436985475,1900.0,6012.454068535316,0.31941365079396744,2.97065886567628,15.0
east-west,12.0,15.0,100.0,0.02,652.4230637232184,256.25388436985475,1900.0,5459.858625392172,0.31941365079396744,2.97065886567628,15.0
east-west,12.0,15.0,100.0,0.03,652.4230637232184,256.25388436985475,1900.0,4962.715519003537,0.31941365079396744,2.97065886567628,15.0
east-west,12.0,15.0,100.0,0.04,652.4230637232184,256.25388436985475,1900.0,4514.392979907668,0.31941365079396744,2.97065886567628,15.0
east-west,12.0,15.0,150.0,0.0,652.4230637232184,256.25388436985475,2650.0,5878.1773501997895,0.21659236235759172,4.195355406319175,15.0
east-west,12.0,15.0,150.0,0.01,652.4230637232184,256.25388436985475,2650.0,5262.454068535317,0.21659236235759172,4.195355406319175,15.0
east-west,12.0,15.0,150.0,0.02,652.4230637232184,256.25388436985475,2650.0,4709.858625392172,0.21659236235759172,4.195355406319175,15.0
east-west,12.0,15.0,150.0,0.03,652.4230637232184,256.25388436985475,2650.0,4212.715519003537,0.21659236235759172,4.195355406319175,15.0
east-west,12.0,15.0,150.0,0.04,652.4230637232184,256.25388436985475,2650.0,3764.3929799076677,0.21659236235759172,4.195355406319175,15.0
east-west,12.0,15.0,200.0,0.0,652.4230637232184,256.25388436985475,3400.0,5128.1773501997895,0.15572163654740045,5.450683599926043,15.0
east-west,12.0,15.0,200.0,0.01,652.4230637232184,256.25388436985475,3400.0,4512.454068535316,0.15572163654740045,5.450683599926043,15.0
east-west,12.0,15.0,200.0,0.02,652.4230637232184,256.25388436985475,3400.0,3959.858625392172,0.15572163654740045,5.450683599926043,15.0
east-west,12.0,15.0,200.0,0.03,652.4230637232184,256.25388436985475,3400.0,3462.715519003538,0.15572163654740045,5.450683599926043,15.0
east-west,12.0,15.0,200.0,0.04,652.4230637232184,256.25388436985475,3400.0,3014.3929799076677,0.15572163654740045,5.450683599926043,15.0
east-west,12.0,15.0,250.0,0.0,652.4230637232184,256.25388436985475,4150.0,4378.1773501997895,0.11431462670349213,6.737176644664586,15.0
east-west,12.0,15.0,250.0,0.01,652.4230637232184,256.25388436985475,4150.0,3762.4540685353163,0.11431462670349213,6.737176644664586,15.0
east-west,12.0,15.0,250.0,0.02,652.4230637232184,256.25388436985475,4150.0,3209.8586253921726,0.11431462670349213,6.737176644664586,15.0
east-west,12.0,15.0,250.0,0.03,652.4230637232184,256.25388436985475,4150.0,2712.715519003538,0.11431462670349213,6.737176644664586,15.0
east-west,12.0,15.0,250.0,0.04,652.4230637232184,256.25388436985475,4150.0,2264.3929799076677,0.11431462670349213,6.737176644664586,15.0
east-west,12.0,15.0,300.0,0.0,652.4230637232184,256.25388436985475,4900.0,3628.17735019979,0.08369554865190645,8.057143094731519,15.0
east-west,12.0,15.0,300.0,0.01,652.4230637232184,256.25388436985475,4900.0,3012.4540685353163,0.08369554865190645,8.057143094731519,15.0
east-west,12.0,15.0,300.0,0.02,652.4230637232184,256.25388436985475,4900.0,2459.858625392172,0.08369554865190645,8.057143094731519,15.0
east-west,12.0,15.0,300.0,0.03,652.4230637232184,256.25388436985475,4900.0,1962.7155190035378,0.08369554865190645,8.057143094731519,15.0
east-west,12.0,15.0,300.0,0.04,652.4230637232184,256.25388436985475,4900.0,1514.3929799076668,0.08369554865190645,8.057143094731519,15.0
east-west,12.0,15.0,350.0,0.0,652.4230637232184,256.25388436985475,5650.0,2878.1773501997905,0.05977138904840325,9.416688424567688,15.0
east-west,12.0,15.0,350.0,0.01,652.4230637232184,256.25388436985475,5650.0,2262.454068535316,0.05977138904840325,9.416688424567688,15.0
east-west,12.0,15.0,350.0,0.02,652.4230637232184,256.25388436985475,5650.0,1709.858625392172,0.05977138904840325,9.416688424567688,15.0
east-west,12.0,15.0,350.0,0.03,652.4230637232184,256.25388436985475,5650.0,1212.7155190035378,0.05977138904840325,9.416688424567688,15.0
east-west,12.0,15.0,350.0,0.04,652.4230637232184,256.25388436985475,5650.0,764.3929799076666,0.05977138904840325,9.416688424567688,15.0
east-west,12.0,15.0,400.0,0.0,652.4230637232184,256.25388436985475,6400.0,2128.1773501997905,0.040338525656219655,10.811709930675919,15.0
east-west,12.0,15.0,400.0,0.01,652.4230637232184,256.25388436985475,6400.0,1512.4540685353159,0.040338525656219655,10.811709930675919,15.0
east-west,12.0,15.0,400.0,0.02,652.4230637232184,256.25388436985475,6400.0,959.8586253921719,0.040338525656219655,10.811709930675919,15.0
east-west,12.0,15.0,400.0,0.03,652.4230637232184,256.25388436985475,6400.0,462.7155190035367,0.040338525656219655,10.811709930675919,15.0
east-west,12.0,15.0,400.0,0.04,652.4230637232184,256.25388436985475,6400.0,14.392979907667154,0.040338525656219655,10.811709930675919,15.0
east-west,12.0,20.0,100.0,0.0,762.313997690189,234.19260180975812,2400.0,7564.621624105778,0.2926402812467631,3.2208996401231547,15.0
east-west,12.0,20.0,100.0,0.01,762.313997690189,234.19260180975812,2400.0,6845.188939372099,0.2926402812467631,3.2208996401231547,15.0
east-west,12.0,20.0,100.0,0.02,762.313997690189,234.19260180975812,2400.0,6199.517035984972,0.2926402812467631,3.2208996401231547,15.0
east-west,12.0,20.0,100.0,0.03,762.313997690189,234.19260180975812,2400.0,5618.637588387737,0.2926402812467631,3.2208996401231547,15.0
east-west,12.0,20.0,100.0,0.04,762.313997690189,234.19260180975812,2400.0,5094.80180446797,0.2926402812467631,3.2208996401231547,15.0
east-west,12.0,20.0,150.0,0.0,762.313997690189,234.19260180975812,3400.0,6564.621624105778,0.19238508227969298,4.627203328393609,15.0
east-west,12.0,20.0,150.0,0.01,762.313997690189,234.19260180975812,3400.0,5845.188939372099,0.19238508227969298,4.627203328393609,15.0
east-west,12.0,20.0,150.0,0.02,762.313997690189,234.19260180975812,3400.0,5199.517035984972,0.19238508227969298,4.627203328393609,15.0
east-west,12.0,20.0,150.0,0.03,762.313997690189,234.19260180975812,3400.0,4618.637588387737,0.19238508227969298,4.627203328393609,15.0
east-west,12.0,20.0,150.0,0.04,762.313997690189,234.19260180975812,3400.0,4094.801804467969,0.19238508227969298,4.627203328393609,15.0
east-west,12.0,20.0,200.0,0.0,762.313997690189,234.19260180975812,4400.0,5564.621624105778,0.13379789306579593,6.0722688713124615,15.0
east-west,12.0,20.0,200.0,0.01,762.313997690189,234.19260180975812,4400.0,4845.1889393721,0.13379789306579593,6.0722688713124615,15.0
east-west,12.0,20.0,200.0,0.02,762.313997690189,234.19260180975812,4400.0,4199.517035984972,0.13379789306579593,6.0722688713124615,15.0
east-west,12.0,20.0,200.0,0.03,762.313997690189,234.19260180975812,4400.0,3618.637588387737,0.13379789306579593,6.0722688713124615,15.0
east-west,12.0,20.0,200.0,0.04,762.313997690189,234.19260180975812,4400.0,3094.8018044679693,0.13379789306579593,6.0722688713124615,15.0
east-west,12.0,20.0,250.0,0.0,762.313997690189,234.19260180975812,5400.0,4564.621624105778,0.09411984673191616,7.5644020769655596,15.0
east-west,12.0,20.0,250.0,0.01,762.313997690189,234.19260180975812,5400.0,3845.1889393721003,0.09411984673191616,7.5644020769655596,15.0
east-west,12.0,20.0,250.0,0.02,762.313997690189,234.19260180975812,5400.0,3199.5170359849712,0.09411984673191616,7.5644020769655596,15.0
east-west,12.0,20.0,250.0,0.03,762.313997690189,234.19260180975812,5400.0,2618.637588387737,0.09411984673191616,7.5644020769655596,15.0
east-west,12.0,20.0,250.0,0.04,762.313997690189,234.19260180975812,5400.0,2094.8018044679693,0.09411984673191616,7.5644020769655596,15.0
east-west,12.0,20.0,300.0,0.0,762.313997690189,234.19260180975812,6400.0,3564.6216241057796,0.06481774064552148,9.099405009328631,15.0
east-west,12.0,20.0,300.0,0.01,762.313997690189,234.19260180975812,6400.0,2845.188939372101,0.06481774064552148,9.099405009328631,15.0
east-west,12.0,20.0,300.0,0.02,762.313997690189,234.19260180975812,6400.0,2199.5170359849712,0.06481774064552148,9.099405009328631,15.0
east-west,12.0,20.0,300.0,0.03,762.313997690189,234.19260180975812,6400.0,1618.637588387737,0.06481774064552148,9.099405009328631,15.0
east-west,12.0,20.0,300.0,0.04,762.313997690189,234.19260180975812,6400.0,1094.8018044679698,0.06481774064552148,9.099405009328631,15.0
east-west,12.0,20.0,350.0,0.0,762.313997690189,234.19260180975812,7400.0,2564.6216241057796,0.04192360829564671,10.686507179143975,15.0
east-west,12.0,20.0,350.0,0.01,762.313997690189,234.19260180975812,7400.0,1845.1889393721008,0.04192360829564671,10.686507179143975,15.0
east-west,12.0,20.0,350.0,0.02,762.313997690189,234.19260180975812,7400.0,1199.5170359849722,0.04192360829564671,10.686507179143975,15.0
east-west,12.0,20.0,350.0,0.03,762.313997690189,234.19260180975812,7400.0,618.6375883877365,0.04192360829564671,10.686507179143975,15.0
east-west,12.0,20.0,350.0,0.04,762.313997690189,234.19260180975812,7400.0,94.80180446797061,0.04192360829564671,10.686507179143975,15.0
east-west,12.0,20.0,400.0,0.0,762.313997690189,234.19260180975812,8400.0,1564.6216241057807,0.02331805431866536,12.324853018080857,15.0
east-west,12.0,20.0,400.0,0.01,762.313997690189,234.19260180975812,8400.0,845.1889393721003,0.02331805431866536,12.324853018080857,15.0
east-west,12.0,20.0,400.0,0.02,762.313997690189,234.19260180975812,8400.0,199.51703598497227,0.02331805431866536,12.324853018080857,15.0
east-west,12.0,20.0,400.0,0.03,762.313997690189,234.19260180975812,8400.0,-381.3624116122633,0.02331805431866536,12.324853018080857,15.0
east-west,12.0,20.0,400.0,0.04,762.313997690189,234.19260180975812,8400.0,-905.1981955320296,0.02331805431866536,12.324853018080857,15.0
east-west,12.0,30.0,100.0,0.0,923.2818333575432,198.76639122285886,3400.0,8668.719910292957,0.24396559095178866,3.788485097472762,15.0
east-west,12.0,30.0,100.0,0.01,923.2818333575432,198.76639122285886,3400.0,7797.37407360244,0.24396559095178866,3.788485097472762,15.0
east-west,12.0,30.0,100.0,0.02,923.2818333575432,198.76639122285886,3400.0,7015.3641137787745,0.24396559095178866,3.788485097472762,15.0
east-west,12.0,30.0,100.0,0.03,923.2818333575432,198.76639122285886,3400.0,6311.827981735645,0.24396559095178866,3.788485097472762,15.0
east-west,12.0,30.0,100.0,0.04,923.2818333575432,198.76639122285886,3400.0,5677.3806746926375,0.24396559095178866,3.788485097472762,15.0
east-west,12.0,30.0,150.0,0.0,923.2818333575432,198.76639122285886,4900.0,7168.719910292956,0.15169624529366443,5.55668047491275,15.0
east-west,12.0,30.0,150.0,0.01,923.2818333575432,198.76639122285886,4900.0,6297.37407360244,0.15169624529366443,5.55668047491275,15.0
east-west,12.0,30.0,150.0,0.02,923.2818333575432,198.76639122285886,4900.0,5515.3641137787745,0.15169624529366443,5.55668047491275,15.0
east-west,12.0,30.0,150.0,0.03,923.2818333575432,198.76639122285886,4900.0,4811.827981735643,0.15169624529366443,5.55668047491275,15.0
east-west,12.0,30.0,150.0,0.04,923.2818333575432,198.76639122285886,4900.0,4177.3806746926375,0.15169624529366443,5.55668047491275,15.0
east-west,12.0,30.0,200.0,0.0,923.2818333575432,198.76639122285886,6400.0,5668.719910292957,0.09807813543765569,7.389426667481288,15.0
east-west,12.0,30.0,200.0,0.01,923.2818333575432,198.76639122285886,6400.0,4797.374073602439,0.09807813543765569,7.389426667481288,15.0
east-west,12.0,30.0,200.0,0.02,923.2818333575432,198.76639122285886,6400.0,4015.3641137787754,0.09807813543765569,7.389426667481288,15.0
east-west,12.0,30.0,200.0,0.03,923.2818333575432,198.76639122285886,6400.0,3311.827981735644,0.09807813543765569,7.389426667481288,15.0
east-west,12.0,30.0,200.0,0.04,923.2818333575432,198.76639122285886,6400.0,2677.3806746926375,0.09807813543765569,7.389426667481288,15.0
east-west,12.0,30.0,250.0,0.0,923.2818333575432,198.76639122285886,7900.0,4168.719910292957,0.06171851839645593,9.292441000983066,15.0
east-west,12.0,30.0,250.0,0.01,923.2818333575432,198.76639122285886,7900.0,3297.3740736024392,0.06171851839645593,9.292441000983066,15.0
east-west,12.0,30.0,250.0,0.02,923.2818333575432,198.76639122285886,7900.0,2515.3641137787754,0.06171851839645593,9.292441000983066,15.0
east-west,12.0,30.0,250.0,0.03,923.2818333575432,198.76639122285886,7900.0,1811.827981735644,0.06171851839645593,9.292441000983066,15.0
east-west,12.0,30.0,250.0,0.04,923.2818333575432,198.76639122285886,7900.0,1177.3806746926373,0.06171851839645593,9.292441000983066,15.0
east-west,12.0,30.0,300.0,0.0,923.2818333575432,198.76639122285886,9400.0,2668.7199102929562,0.03478738649883802,11.271802538377937,15.0
east-west,12.0,30.0,300.0,0.01,923.2818333575432,198.76639122285886,9400.0,1797.3740736024388,0.03478738649883802,11.271802538377937,15.0
east-west,12.0,30.0,300.0,0.02,923.2818333575432,198.76639122285886,9400.0,1015.3641137787757,0.03478738649883802,11.271802538377937,15.0
east-west,12.0,30.0,300.0,0.03,923.2818333575432,198.76639122285886,9400.0,311.827981735643,0.03478738649883802,11.271802538377937,15.0
east-west,12.0,30.0,300.0,0.04,923.2818333575432,198.76639122285886,9400.0,-322.6193253073627,0.03478738649883802,11.271802538377937,15.0
east-west,12.0,30.0,350.0,0.0,923.2818333575432,198.76639122285886,10900.0,1168.7199102929549,0.013677684075003586,13.333972190381415,15.0
east-west,12.0,30.0,350.0,0.01,923.2818333575432,198.76639122285886,10900.0,297.3740736024405,0.013677684075003586,13.333972190381415,15.0
east-west,12.0,30.0,350.0,0.02,923.2818333575432,198.76639122285886,10900.0,-484.63588622122484,0.013677684075003586,13.333972190381415,15.0
east-west,12.0,30.0,350.0,0.03,923.2818333575432,198.76639122285886,10900.0,-1188.1720182643571,0.013677684075003586,13.333972190381415,15.0
east-west,12.0,30.0,350.0,0.04,923.2818333575432,198.76639122285886,10900.0,-1822.6193253073623,0.013677684075003586,13.333972190381415,15.0
east-west,12.0,30.0,400.0,0.0,923.2818333575432,198.76639122285886,12400.0,-331.2800897070432,-0.003530626403533914,Inf,15.0
east-west,12.0,30.0,400.0,0.01,923.2818333575432,198.76639122285886,12400.0,-1202.625926397559,-0.003530626403533914,Inf,15.0
east-west,12.0,30.0,400.0,0.02,923.2818333575432,198.76639122285886,12400.0,-1984.6358862212267,-0.003530626403533914,Inf,15.0
east-west,12.0,30.0,400.0,0.03,923.2818333575432,198.76639122285886,12400.0,-2688.1720182643585,-0.003530626403533914,Inf,15.0
east-west,12.0,30.0,400.0,0.04,923.2818333575432,198.76639122285886,12400.0,-3322.6193253073625,-0.003530626403533914,Inf,15.0
east-west+small-connection,0.0,2.5,100.0,0.0,92.43998428810278,274.6100970204259,650.0,558.3334021941735,0.09546204429547281,7.504380873312084,15.0
east-west+small-connection,0.0,2.5,100.0,0.01,92.43998428810278,274.6100970204259,650.0,471.09330654508784,0.09546204429547281,7.504380873312084,15.0
east-west+small-connection,0.0,2.5,100.0,0.02,92.43998428810278,274.6100970204259,650.0,392.7976163370846,0.09546204429547281,7.504380873312084,15.0
east-west+small-connection,0.0,2.5,100.0,0.03,92.43998428810278,274.6100970204259,650.0,322.358811367124,0.09546204429547281,7.504380873312084,15.0
east-west+small-connection,0.0,2.5,100.0,0.04,92.43998428810278,274.6100970204259,650.0,258.83725491950264,0.09546204429547281,7.504380873312084,15.0
east-west+small-connection,0.0,2.5,150.0,0.0,92.43998428810278,274.6100970204259,775.0,433.33340219417346,0.06504612757741135,9.085404800310592,15.0
east-west+small-connection,0.0,2.5,150.0,0.01,92.43998428810278,274.6100970204259,775.0,346.0933065450879,0.06504612757741135,9.085404800310592,15.0
east-west+small-connection,0.0,2.5,150.0,0.02,92.43998428810278,274.6100970204259,775.0,267.7976163370846,0.06504612757741135,9.085404800310592,15.0
east-west+small-connection,0.0,2.5,150.0,0.03,92.43998428810278,274.6100970204259,775.0,197.358811367124,0.06504612757741135,9.085404800310592,15.0
east-west+small-connection,0.0,2.5,150.0,0.04,92.43998428810278,274.6100970204259,775.0,133.8372549195027,0.06504612757741135,9.085404800310592,15.0
east-west+small-connection,0.0,2.5,200.0,0.0,92.43998428810278,274.6100970204259,900.0,308.33340219417346,0.04147541377784359,10.721706800657572,15.0
east-west+small-connection,0.0,2.5,200.0,0.01,92.43998428810278,274.6100970204259,900.0,221.09330654508787,0.04147541377784359,10.721706800657572,15.0
east-west+small-connection,0.0,2.5,200.0,0.02,92.43998428810278,274.6100970204259,900.0,142.7976163370846,0.04147541377784359,10.721706800657572,15.0
east-west+small-connection,0.0,2.5,200.0,0.03,92.43998428810278,274.6100970204259,900.0,72.358811367124,0.04147541377784359,10.721706800657572,15.0
east-west+small-connection,0.0,2.5,200.0,0.04,92.43998428810278,274.6100970204259,900.0,8.837254919502733,0.04147541377784359,10.721706800657572,15.0
east-west+small-connection,0.0,2.5,250.0,0.0,92.43998428810278,274.6100970204259,1025.0,183.33340219417346,0.022429509403812012,12.413029997044438,15.0
east-west+small-connection,0.0,2.5,250.0,0.01,92.43998428810278,274.6100970204259,1025.0,96.09330654508794,0.022429509403812012,12.413029997044438,15.0
east-west+small-connection,0.0,2.5,250.0,0.02,92.43998428810278,274.6100970204259,1025.0,17.79761633708455,0.022429509403812012,12.413029997044438,15.0
east-west+small-connection,0.0,2.5,250.0,0.03,92.43998428810278,274.6100970204259,1025.0,-52.64118863287599,0.022429509403812012,12.413029997044438,15.0
east-west+small-connection,0.0,2.5,250.0,0.04,92.43998428810278,274.6100970204259,1025.0,-116.16274508049726,0.022429509403812012,12.413029997044438,15.0
east-west+small-connection,0.0,2.5,300.0,0.0,92.43998428810278,274.6100970204259,1150.0,58.33340219417346,0.006564064743044983,14.162678227818907,15.0
east-west+small-connection,0.0,2.5,300.0,0.01,92.43998428810278,274.6100970204259,1150.0,-28.906693454912038,0.006564064743044983,14.162678227818907,15.0
east-west+small-connection,0.0,2.5,300.0,0.02,92.43998428810278,274.6100970204259,1150.0,-107.20238366291542,0.006564064743044983,14.162678227818907,15.0
east-west+small-connection,0.0,2.5,300.0,0.03,92.43998428810278,274.6100970204259,1150.0,-177.64118863287607,0.006564064743044983,14.162678227818907,15.0
east-west+small-connection,0.0,2.5,300.0,0.04,92.43998428810278,274.6100970204259,1150.0,-241.1627450804973,0.006564064743044983,14.162678227818907,15.0
east-west+small-connection,0.0,2.5,350.0,0.0,92.43998428810278,274.6100970204259,1275.0,-66.66659780582668,-0.006960728503124812,Inf,15.0
east-west+small-connection,0.0,2.5,350.0,0.01,92.43998428810278,274.6100970204259,1275.0,-153.90669345491196,-0.006960728503124812,Inf,15.0
east-west+small-connection,0.0,2.5,350.0,0.02,92.43998428810278,274.6100970204259,1275.0,-232.20238366291542,-0.006960728503124812,Inf,15.0
east-west+small-connection,0.0,2.5,350.0,0.03,92.43998428810278,274.6100970204259,1275.0,-302.64118863287587,-0.006960728503124812,Inf,15.0
east-west+small-connection,0.0,2.5,350.0,0.04,92.43998428810278,274.6100970204259,1275.0,-366.1627450804973,-0.006960728503124812,Inf,15.0
east-west+small-connection,0.0,2.5,400.0,0.0,92.43998428810278,274.6100970204259,1400.0,-191.66659780582657,-0.018700467837181857,Inf,15.0
east-west+small-connection,0.0,2.5,400.0,0.01,92.43998428810278,274.6100970204259,1400.0,-278.90669345491204,-0.018700467837181857,Inf,15.0
east-west+small-connection,0.0,2.5,400.0,0.02,92.43998428810278,274.6100970204259,1400.0,-357.20238366291517,-0.018700467837181857,Inf,15.0
east-west+small-connection,0.0,2.5,400.0,0.03,92.43998428810278,274.6100970204259,1400.0,-427.6411886328759,-0.018700467837181857,Inf,15.0
east-west+small-connection,0.0,2.5,400.0,0.04,92.43998428810278,274.6100970204259,1400.0,-491.16274508049725,-0.018700467837181857,Inf,15.0
east-west+small-connection,0.0,7.5,100.0,0.0,197.3874132847095,208.2828785343688,1150.0,1430.158429076206,0.131868096916894,6.13346062675892,15.0
east-west+small-connection,0.0,7.5,100.0,0.01,197.3874132847095,208.2828785343688,1150.0,1243.8743557122957,0.131868096916894,6.13346062675892,15.0
east-west+small-connection,0.0,7.5,100.0,0.02,197.3874132847095,208.2828785343688,1150.0,1076.6893017498003,0.131868096916894,6.13346062675892,15.0
east-west+small-connection,0.0,7.5,100.0,0.03,197.3874132847095,208.2828785343688,1150.0,926.281081595266,0.131868096916894,6.13346062675892,15.0
east-west+small-connection,0.0,7.5,100.0,0.04,197.3874132847095,208.2828785343688,1150.0,790.6432857694136,0.131868096916894,6.13346062675892,15.0
east-west+small-connection,0.0,7.5,150.0,0.0,197.3874132847095,208.2828785343688,1525.0,1055.1584290762062,0.07878552673357941,8.310397071739065,15.0
east-west+small-connection,0.0,7.5,150.0,0.01,197.3874132847095,208.2828785343688,1525.0,868.8743557122957,0.07878552673357941,8.310397071739065,15.0
east-west+small-connection,0.0,7.5,150.0,0.02,197.3874132847095,208.2828785343688,1525.0,701.6893017498,0.07878552673357941,8.310397071739065,15.0
east-west+small-connection,0.0,7.5,150.0,0.03,197.3874132847095,208.2828785343688,1525.0,551.2810815952658,0.07878552673357941,8.310397071739065,15.0
east-west+small-connection,0.0,7.5,150.0,0.04,197.3874132847095,208.2828785343688,1525.0,415.6432857694136,0.07878552673357941,8.310397071739065,15.0
east-west+small-connection,0.0,7.5,200.0,0.0,197.3874132847095,208.2828785343688,1900.0,680.1584290762064,0.043205468979021985,10.586705062149449,15.0
east-west+small-connection,0.0,7.5,200.0,0.01,197.3874132847095,208.2828785343688,1900.0,493.8743557122958,0.043205468979021985,10.586705062149449,15.0
east-west+small-connection,0.0,7.5,200.0,0.02,197.3874132847095,208.2828785343688,1900.0,326.68930174980017,0.043205468979021985,10.586705062149449,15.0
east-west+small-connection,0.0,7.5,200.0,0.03,197.3874132847095,208.2828785343688,1900.0,176.28108159526573,0.043205468979021985,10.586705062149449,15.0
east-west+small-connection,0.0,7.5,200.0,0.04,197.3874132847095,208.2828785343688,1900.0,40.643285769413765,0.043205468979021985,10.586705062149449,15.0
east-west+small-connection,0.0,7.5,250.0,0.0,197.3874132847095,208.2828785343688,2275.0,305.1584290762063,0.016999031154026567,12.970278518327865,15.0
east-west+small-connection,0.0,7.5,250.0,0.01,197.3874132847095,208.2828785343688,2275.0,118.8743557122958,0.016999031154026567,12.970278518327865,15.0
east-west+small-connection,0.0,7.5,250.0,0.02,197.3874132847095,208.2828785343688,2275.0,-48.310698250199934,0.016999031154026567,12.970278518327865,15.0
east-west+small-connection,0.0,7.5,250.0,0.03,197.3874132847095,208.2828785343688,2275.0,-198.7189184047343,0.016999031154026567,12.970278518327865,15.0
east-west+small-connection,0.0,7.5,250.0,0.04,197.3874132847095,208.2828785343688,2275.0,-334.35671423058596,0.016999031154026567,12.970278518327865,15.0
east-west+small-connection,0.0,7.5,300.0,0.0,197.3874132847095,208.2828785343688,2650.0,-69.8415709237942,-0.0034825872517132545,Inf,15.0
east-west+small-connection,0.0,7.5,300.0,0.01,197.3874132847095,208.2828785343688,2650.0,-256.1256442877041,-0.0034825872517132545,Inf,15.0
east-west+small-connection,0.0,7.5,300.0,0.02,197.3874132847095,208.2828785343688,2650.0,-423.3106982501996,-0.0034825872517132545,Inf,15.0
east-west+small-connection,0.0,7.5,300.0,0.03,197.3874132847095,208.2828785343688,2650.0,-573.7189184047343,-0.0034825872517132545,Inf,15.0
east-west+small-connection,0.0,7.5,300.0,0.04,197.3874132847095,208.2828785343688,2650.0,-709.3567142305867,-0.0034825872517132545,Inf,15.0
east-west+small-connection,0.0,7.5,350.0,0.0,197.3874132847095,208.2828785343688,3025.0,-444.84157092379485,-0.020152485147821773,Inf,15.0
east-west+small-connection,0.0,7.5,350.0,0.01,197.3874132847095,208.2828785343688,3025.0,-631.1256442877041,-0.020152485147821773,Inf,15.0
east-west+small-connection,0.0,7.5,350.0,0.02,197.3874132847095,208.2828785343688,3025.0,-798.3106982501995,-0.020152485147821773,Inf,15.0
east-west+small-connection,0.0,7.5,350.0,0.03,197.3874132847095,208.2828785343688,3025.0,-948.7189184047344,-0.020152485147821773,Inf,15.0
east-west+small-connection,0.0,7.5,350.0,0.04,197.3874132847095,208.2828785343688,3025.0,-1084.3567142305867,-0.020152485147821773,Inf,15.0
east-west+small-connection,0.0,7.5,400.0,0.0,197.3874132847095,208.2828785343688,3400.0,-819.8415709237947,-0.034124744130446125,Inf,15.0
east-west+small-connection,0.0,7.5,400.0,0.01,197.3874132847095,208.2828785343688,3400.0,-1006.1256442877041,-0.034124744130446125,Inf,15.0
east-west+small-connection,0.0,7.5,400.0,0.02,197.3874132847095,208.2828785343688,3400.0,-1173.3106982501993,-0.034124744130446125,Inf,15.0
east-west+small-connection,0.0,7.5,400.0,0.03,197.3874132847095,208.2828785343688,3400.0,-1323.7189184047345,-0.034124744130446125,Inf,15.0
east-west+small-connection,0.0,7.5,400.0,0.04,197.3874132847095,208.2828785343688,3400.0,-1459.3567142305865,-0.034124744130446125,Inf,15.0
east-west+small-connection,0.0,10.0,100.0,0.0,226.6280600153243,184.60787816106753,1400.0,1562.378854776874,0.12004873004009362,6.530164077315871,15.0
east-west+small-connection,0.0,10.0,100.0,0.01,226.6280600153243,184.60787816106753,1400.0,1348.4989651948486,0.12004873004009362,6.530164077315871,15.0
east-west+small-connection,0.0,10.0,100.0,0.02,226.6280600153243,184.60787816106753,1400.0,1156.5473923332734,0.12004873004009362,6.530164077315871,15.0
east-west+small-connection,0.0,10.0,100.0,0.03,226.6280600153243,184.60787816106753,1400.0,983.8579458445373,0.12004873004009362,6.530164077315871,15.0
east-west+small-connection,0.0,10.0,100.0,0.04,226.6280600153243,184.60787816106753,1400.0,828.1269900493498,0.12004873004009362,6.530164077315871,15.0
east-west+small-connection,0.0,10.0,150.0,0.0,226.6280600153243,184.60787816106753,1900.0,1062.3788547768743,0.0650468534619835,9.085360351777512,15.0
east-west+small-connection,0.0,10.0,150.0,0.01,226.6280600153243,184.60787816106753,1900.0,848.4989651948487,0.0650468534619835,9.085360351777512,15.0
east-west+small-connection,0.0,10.0,150.0,0.02,226.6280600153243,184.60787816106753,1900.0,656.5473923332737,0.0650468534619835,9.085360351777512,15.0
east-west+small-connection,0.0,10.0,150.0,0.03,226.6280600153243,184.60787816106753,1900.0,483.85794584453737,0.0650468534619835,9.085360351777512,15.0
east-west+small-connection,0.0,10.0,150.0,0.04,226.6280600153243,184.60787816106753,1900.0,328.12699004934996,0.0650468534619835,9.085360351777512,15.0
east-west+small-connection,0.0,10.0,200.0,0.0,226.6280600153243,184.60787816106753,2400.0,562.3788547768739,0.029019833885754395,11.782542813052457,15.0
east-west+small-connection,0.0,10.0,200.0,0.01,226.6280600153243,184.60787816106753,2400.0,348.4989651948484,0.029019833885754395,11.782542813052457,15.0
east-west+small-connection,0.0,10.0,200.0,0.02,226.6280600153243,184.60787816106753,2400.0,156.54739233327368,0.029019833885754395,11.782542813052457,15.0
east-west+small-connection,0.0,10.0,200.0,0.03,226.6280600153243,184.60787816106753,2400.0,-16.14205415546239,0.029019833885754395,11.782542813052457,15.0
east-west+small-connection,0.0,10.0,200.0,0.04,226.6280600153243,184.60787816106753,2400.0,-171.87300995065,0.029019833885754395,11.782542813052457,15.0
east-west+small-connection,0.0,10.0,250.0,0.0,226.6280600153243,184.60787816106753,2900.0,62.37885477687419,0.002805114233775557,14.634776548526077,15.0
east-west+small-connection,0.0,10.0,250.0,0.01,226.6280600153243,184.60787816106753,2900.0,-151.50103480515193,0.002805114233775557,14.634776548526077,15.0
east-west+small-connection,0.0,10.0,250.0,0.02,226.6280600153243,184.60787816106753,2900.0,-343.4526076667262,0.002805114233775557,14.634776548526077,15.0
east-west+small-connection,0.0,10.0,250.0,0.03,226.6280600153243,184.60787816106753,2900.0,-516.1420541554627,0.002805114233775557,14.634776548526077,15.0
east-west+small-connection,0.0,10.0,250.0,0.04,226.6280600153243,184.60787816106753,2900.0,-671.8730099506504,0.002805114233775557,14.634776548526077,15.0
east-west+small-connection,0.0,10.0,300.0,0.0,226.6280600153243,184.60787816106753,3400.0,-437.62114522312584,-0.017535730569494548,Inf,15.0
east-west+small-connection,0.0,10.0,300.0,0.01,226.6280600153243,184.60787816106753,3400.0,-651.5010348051517,-0.017535730569494548,Inf,15.0
east-west+small-connection,0.0,10.0,300.0,0.02,226.6280600153243,184.60787816106753,3400.0,-843.4526076667262,-0.017535730569494548,Inf,15.0
east-west+small-connection,0.0,10.0,300.0,0.03,226.6280600153243,184.60787816106753,3400.0,-1016.1420541554621,-0.017535730569494548,Inf,15.0
east-west+small-connection,0.0,10.0,300.0,0.04,226.6280600153243,184.60787816106753,3400.0,-1171.873009950651,-0.017535730569494548,Inf,15.0
east-west+small-connection,0.0,10.0,350.0,0.0,226.6280600153243,184.60787816106753,3900.0,-937.6211452231263,-0.034014868851090285,Inf,15.0
east-west+small-connection,0.0,10.0,350.0,0.01,226.6280600153243,184.60787816106753,3900.0,-1151.5010348051524,-0.034014868851090285,Inf,15.0
east-west+small-connection,0.0,10.0,350.0,0.02,226.6280600153243,184.60787816106753,3900.0,-1343.4526076667257,-0.034014868851090285,Inf,15.0
east-west+small-connection,0.0,10.0,350.0,0.03,226.6280600153243,184.60787816106753,3900.0,-1516.1420541554617,-0.034014868851090285,Inf,15.0
east-west+small-connection,0.0,10.0,350.0,0.04,226.6280600153243,184.60787816106753,3900.0,-1671.8730099506508,-0.034014868851090285,Inf,15.0
east-west+small-connection,0.0,10.0,400.0,0.0,226.6280600153243,184.60787816106753,4400.0,-1437.6211452231264,-0.047784339730187114,Inf,15.0
east-west+small-connection,0.0,10.0,400.0,0.01,226.6280600153243,184.60787816106753,4400.0,-1651.5010348051514,-0.047784339730187114,Inf,15.0
east-west+small-connection,0.0,10.0,400.0,0.02,226.6280600153243,184.60787816106753,4400.0,-1843.4526076667248,-0.047784339730187114,Inf,15.0
east-west+small-connection,0.0,10.0,400.0,0.03,226.6280600153243,184.60787816106753,4400.0,-2016.142054155462,-0.047784339730187114,Inf,15.0
east-west+small-connection,0.0,10.0,400.0,0.04,226.6280600153243,184.60787816106753,4400.0,-2171.8730099506506,-0.047784339730187114,Inf,15.0
east-west+small-connection,0.0,12.5,100.0,0.0,249.2756072203872,166.43437999730241,1650.0,1608.4172842118824,0.10668543809870693,7.029323185223924,15.0
east-west+small-connection,0.0,12.5,100.0,0.01,249.2756072203872,166.43437999730241,1650.0,1373.1638061377917,0.10668543809870693,7.029323185223924,15.0
east-west+small-connection,0.0,12.5,100.0,0.02,249.2756072203872,166.43437999730241,1650.0,1162.0300000294842,0.10668543809870693,7.029323185223924,15.0
east-west+small-connection,0.0,12.5,100.0,0.03,249.2756072203872,166.43437999730241,1650.0,972.0832360183481,0.10668543809870693,7.029323185223924,15.0
east-west+small-connection,0.0,12.5,100.0,0.04,249.2756072203872,166.43437999730241,1650.0,800.7896699602366,0.10668543809870693,7.029323185223924,15.0
east-west+small-connection,0.0,12.5,150.0,0.0,249.2756072203872,166.43437999730241,2275.0,983.4172842118824,0.05143307128866349,9.976113718721713,15.0
east-west+small-connection,0.0,12.5,150.0,0.01,249.2756072203872,166.43437999730241,2275.0,748.1638061377918,0.05143307128866349,9.976113718721713,15.0
east-west+small-connection,0.0,12.5,150.0,0.02,249.2756072203872,166.43437999730241,2275.0,537.0300000294839,0.05143307128866349,9.976113718721713,15.0
east-west+small-connection,0.0,12.5,150.0,0.03,249.2756072203872,166.43437999730241,2275.0,347.083236018348,0.05143307128866349,9.976113718721713,15.0
east-west+small-connection,0.0,12.5,150.0,0.04,249.2756072203872,166.43437999730241,2275.0,175.78966996023627,0.05143307128866349,9.976113718721713,15.0
east-west+small-connection,0.0,12.5,200.0,0.0,249.2756072203872,166.43437999730241,2900.0,358.4172842118825,0.01570284675015723,13.110307534396172,15.0
east-west+small-connection,0.0,12.5,200.0,0.01,249.2756072203872,166.43437999730241,2900.0,123.16380613779211,0.01570284675015723,13.110307534396172,15.0
east-west+small-connection,0.0,12.5,200.0,0.02,249.2756072203872,166.43437999730241,2900.0,-87.96999997051614,0.01570284675015723,13.110307534396172,15.0
east-west+small-connection,0.0,12.5,200.0,0.03,249.2756072203872,166.43437999730241,2900.0,-277.9167639816522,0.01570284675015723,13.110307534396172,15.0
east-west+small-connection,0.0,12.5,200.0,0.04,249.2756072203872,166.43437999730241,2900.0,-449.2103300397632,0.01570284675015723,13.110307534396172,15.0
east-west+small-connection,0.0,12.5,250.0,0.0,249.2756072203872,166.43437999730241,3525.0,-266.582715788117,-0.010136964890014099,Inf,15.0
east-west+small-connection,0.0,12.5,250.0,0.01,249.2756072203872,166.43437999730241,3525.0,-501.8361938622078,-0.010136964890014099,Inf,15.0
east-west+small-connection,0.0,12.5,250.0,0.02,249.2756072203872,166.43437999730241,3525.0,-712.9699999705157,-0.010136964890014099,Inf,15.0
east-west+small-connection,0.0,12.5,250.0,0.03,249.2756072203872,166.43437999730241,3525.0,-902.9167639816519,-0.010136964890014099,Inf,15.0
east-west+small-connection,0.0,12.5,250.0,0.04,249.2756072203872,166.43437999730241,3525.0,-1074.2103300397632,-0.010136964890014099,Inf,15.0
east-west+small-connection,0.0,12.5,300.0,0.0,249.2756072203872,166.43437999730241,4150.0,-891.582715788117,-0.030120515852011684,Inf,15.0
east-west+small-connection,0.0,12.5,300.0,0.01,249.2756072203872,166.43437999730241,4150.0,-1126.836193862208,-0.030120515852011684,Inf,15.0
east-west+small-connection,0.0,12.5,300.0,0.02,249.2756072203872,166.43437999730241,4150.0,-1337.9699999705158,-0.030120515852011684,Inf,15.0
east-west+small-connection,0.0,12.5,300.0,0.03,249.2756072203872,166.43437999730241,4150.0,-1527.9167639816517,-0.030120515852011684,Inf,15.0
east-west+small-connection,0.0,12.5,300.0,0.04,249.2756072203872,166.43437999730241,4150.0,-1699.2103300397637,-0.030120515852011684,Inf,15.0
east-west+small-connection,0.0,12.5,350.0,0.0,249.2756072203872,166.43437999730241,4775.0,-1516.582715788117,-0.046278986161238204,Inf,15.0
east-west+small-connection,0.0,12.5,350.0,0.01,249.2756072203872,166.43437999730241,4775.0,-1751.8361938622074,-0.046278986161238204,Inf,15.0
east-west+small-connection,0.0,12.5,350.0,0.02,249.2756072203872,166.43437999730241,4775.0,-1962.9699999705158,-0.046278986161238204,Inf,15.0
east-west+small-connection,0.0,12.5,350.0,0.03,249.2756072203872,166.43437999730241,4775.0,-2152.916763981652,-0.046278986161238204,Inf,15.0
east-west+small-connection,0.0,12.5,350.0,0.04,249.2756072203872,166.43437999730241,4775.0,-2324.2103300397634,-0.046278986161238204,Inf,15.0
east-west+small-connection,0.0,12.5,400.0,0.0,249.2756072203872,166.43437999730241,5400.0,-2141.582715788117,-0.059764707226421805,Inf,15.0
east-west+small-connection,0.0,12.5,400.0,0.01,249.2756072203872,166.43437999730241,5400.0,-2376.8361938622074,-0.059764707226421805,Inf,15.0
east-west+small-connection,0.0,12.5,400.0,0.02,249.2756072203872,166.43437999730241,5400.0,-2587.969999970516,-0.059764707226421805,Inf,15.0
east-west+small-connection,0.0,12.5,400.0,0.03,249.2756072203872,166.43437999730241,5400.0,-2777.916763981652,-0.059764707226421805,Inf,15.0
east-west+small-connection,0.0,12.5,400.0,0.04,249.2756072203872,166.43437999730241,5400.0,-2949.2103300397634,-0.059764707226421805,Inf,15.0
east-west+small-connection,0.0,20.0,100.0,0.0,306.8954204301724,135.08124960704623,2400.0,1611.5972578538003,0.07670384071789152,8.42127439251477,15.0
east-west+small-connection,0.0,20.0,100.0,0.01,306.8954204301724,135.08124960704623,2400.0,1321.965168030518,0.07670384071789152,8.42127439251477,15.0
east-west+small-connection,0.0,20.0,100.0,0.02,306.8954204301724,135.08124960704623,2400.0,1062.0279887968322,0.07670384071789152,8.42127439251477,15.0
east-west+small-connection,0.0,20.0,100.0,0.03,306.8954204301724,135.08124960704623,2400.0,828.1752157534991,0.07670384071789152,8.42127439251477,15.0
east-west+small-connection,0.0,20.0,100.0,0.04,306.8954204301724,135.08124960704623,2400.0,617.2873091565623,0.07670384071789152,8.42127439251477,15.0
east-west+small-connection,0.0,20.0,150.0,0.0,306.8954204301724,135.08124960704623,3400.0,611.5972578538001,0.02255207239466353,12.400818156827503,15.0
east-west+small-connection,0.0,20.0,150.0,0.01,306.8954204301724,135.08124960704623,3400.0,321.9651680305181,0.02255207239466353,12.400818156827503,15.0
east-west+small-connection,0.0,20.0,150.0,0.02,306.8954204301724,135.08124960704623,3400.0,62.027988796832545,0.02255207239466353,12.400818156827503,15.0
east-west+small-connection,0.0,20.0,150.0,0.03,306.8954204301724,135.08124960704623,3400.0,-171.82478424650088,0.02255207239466353,12.400818156827503,15.0
east-west+small-connection,0.0,20.0,150.0,0.04,306.8954204301724,135.08124960704623,3400.0,-382.7126908434377,0.02255207239466353,12.400818156827503,15.0
east-west+small-connection,0.0,20.0,200.0,0.0,306.8954204301724,135.08124960704623,4400.0,-388.4027421462001,-0.011877112237900804,Inf,15.0
east-west+small-connection,0.0,20.0,200.0,0.01,306.8954204301724,135.08124960704623,4400.0,-678.0348319694824,-0.011877112237900804,Inf,15.0
east-west+small-connection,0.0,20.0,200.0,0.02,306.8954204301724,135.08124960704623,4400.0,-937.972011203168,-0.011877112237900804,Inf,15.0
east-west+small-connection,0.0,20.0,200.0,0.03,306.8954204301724,135.08124960704623,4400.0,-1171.8247842465005,-0.011877112237900804,Inf,15.0
east-west+small-connection,0.0,20.0,200.0,0.04,306.8954204301724,135.08124960704623,4400.0,-1382.7126908434377,-0.011877112237900804,Inf,15.0
east-west+small-connection,0.0,20.0,250.0,0.0,306.8954204301724,135.08124960704623,5400.0,-1388.4027421461994,-0.03660008622622746,Inf,15.0
east-west+small-connection,0.0,20.0,250.0,0.01,306.8954204301724,135.08124960704623,5400.0,-1678.0348319694822,-0.03660008622622746,Inf,15.0
east-west+small-connection,0.0,20.0,250.0,0.02,306.8954204301724,135.08124960704623,5400.0,-1937.9720112031682,-0.03660008622622746,Inf,15.0
east-west+small-connection,0.0,20.0,250.0,0.03,306.8954204301724,135.08124960704623,5400.0,-2171.8247842465007,-0.03660008622622746,Inf,15.0
east-west+small-connection,0.0,20.0,250.0,0.04,306.8954204301724,135.08124960704623,5400.0,-2382.7126908434384,-0.03660008622622746,Inf,15.0
east-west+small-connection,0.0,20.0,300.0,0.0,306.8954204301724,135.08124960704623,6400.0,-2388.4027421461988,-0.05565703999508066,Inf,15.0
east-west+small-connection,0.0,20.0,300.0,0.01,306.8954204301724,135.08124960704623,6400.0,-2678.034831969483,-0.05565703999508066,Inf,15.0
east-west+small-connection,0.0,20.0,300.0,0.02,306.8954204301724,135.08124960704623,6400.0,-2937.972011203168,-0.05565703999508066,Inf,15.0
east-west+small-connection,0.0,20.0,300.0,0.03,306.8954204301724,135.08124960704623,6400.0,-3171.8247842465003,-0.05565703999508066,Inf,15.0
east-west+small-connection,0.0,20.0,300.0,0.04,306.8954204301724,135.08124960704623,6400.0,-3382.712690843438,-0.05565703999508066,Inf,15.0
east-west+small-connection,0.0,20.0,350.0,0.0,306.8954204301724,135.08124960704623,7400.0,-3388.4027421461997,-0.0710422090958455,Inf,15.0
east-west+small-connection,0.0,20.0,350.0,0.01,306.8954204301724,135.08124960704623,7400.0,-3678.034831969483,-0.0710422090958455,Inf,15.0
east-west+small-connection,0.0,20.0,350.0,0.02,306.8954204301724,135.08124960704623,7400.0,-3937.9720112031678,-0.0710422090958455,Inf,15.0
east-west+small-connection,0.0,20.0,350.0,0.03,306.8954204301724,135.08124960704623,7400.0,-4171.824784246499,-0.0710422090958455,Inf,15.0
east-west+small-connection,0.0,20.0,350.0,0.04,306.8954204301724,135.08124960704623,7400.0,-4382.7126908434375,-0.0710422090958455,Inf,15.0
east-west+small-connection,0.0,20.0,400.0,0.0,306.8954204301724,135.08124960704623,8400.0,-4388.4027421462,-0.08387372983547896,Inf,15.0
east-west+small-connection,0.0,20.0,400.0,0.01,306.8954204301724,135.08124960704623,8400.0,-4678.034831969482,-0.08387372983547896,Inf,15.0
east-west+small-connection,0.0,20.0,400.0,0.02,306.8954204301724,135.08124960704623,8400.0,-4937.972011203167,-0.08387372983547896,Inf,15.0
east-west+small-connection,0.0,20.0,400.0,0.03,306.8954204301724,135.08124960704623,8400.0,-5171.824784246499,-0.08387372983547896,Inf,15.0
east-west+small-connection,0.0,20.0,400.0,0.04,306.8954204301724,135.08124960704623,8400.0,-5382.7126908434375,-0.08387372983547896,Inf,15.0
east-west+small-connection,0.0,25.0,100.0,0.0,321.9660070321596,114.49059090773648,2900.0,1308.5931068046837,0.053501804495643845,9.833045902216375,15.0
east-west+small-connection,0.0,25.0,100.0,0.01,321.9660070321596,114.49059090773648,2900.0,1004.7381736223249,0.053501804495643845,9.833045902216375,15.0
east-west+small-connection,0.0,25.0,100.0,0.02,321.9660070321596,114.49059090773648,2900.0,732.036366733959,0.053501804495643845,9.833045902216375,15.0
east-west+small-connection,0.0,25.0,100.0,0.03,321.9660070321596,114.49059090773648,2900.0,486.6998821926684,0.053501804495643845,9.833045902216375,15.0
east-west+small-connection,0.0,25.0,100.0,0.04,321.9660070321596,114.49059090773648,2900.0,265.4559903052833,0.053501804495643845,9.833045902216375,15.0
east-west+small-connection,0.0,25.0,150.0,0.0,321.9660070321596,114.49059090773648,4150.0,58.59310680468374,0.0018449088496924467,14.758525405687816,15.0
east-west+small-connection,0.0,25.0,150.0,0.01,321.9660070321596,114.49059090773648,4150.0,-245.26182637767465,0.0018449088496924467,14.758525405687816,15.0
east-west+small-connection,0.0,25.0,150.0,0.02,321.9660070321596,114.49059090773648,4150.0,-517.9636332660415,0.0018449088496924467,14.758525405687816,15.0
east-west+small-connection,0.0,25.0,150.0,0.03,321.9660070321596,114.49059090773648,4150.0,-763.3001178073316,0.0018449088496924467,14.758525405687816,15.0
east-west+small-connection,0.0,25.0,150.0,0.04,321.9660070321596,114.49059090773648,4150.0,-984.5440096947167,0.0018449088496924467,14.758525405687816,15.0
east-west+small-connection,0.0,25.0,200.0,0.0,321.9660070321596,114.49059090773648,5400.0,-1191.4068931953177,-0.03099560077833223,Inf,15.0
east-west+small-connection,0.0,25.0,200.0,0.01,321.9660070321596,114.49059090773648,5400.0,-1495.2618263776758,-0.03099560077833223,Inf,15.0
east-west+small-connection,0.0,25.0,200.0,0.02,321.9660070321596,114.49059090773648,5400.0,-1767.9636332660405,-0.03099560077833223,Inf,15.0
east-west+small-connection,0.0,25.0,200.0,0.03,321.9660070321596,114.49059090773648,5400.0,-2013.3001178073305,-0.03099560077833223,Inf,15.0
east-west+small-connection,0.0,25.0,200.0,0.04,321.9660070321596,114.49059090773648,5400.0,-2234.5440096947173,-0.03099560077833223,Inf,15.0
east-west+small-connection,0.0,25.0,250.0,0.0,321.9660070321596,114.49059090773648,6650.0,-2441.4068931953175,-0.054609612641571416,Inf,15.0
east-west+small-connection,0.0,25.0,250.0,0.01,321.9660070321596,114.49059090773648,6650.0,-2745.2618263776776,-0.054609612641571416,Inf,15.0
east-west+small-connection,0.0,25.0,250.0,0.02,321.9660070321596,114.49059090773648,6650.0,-3017.96363326604,-0.054609612641571416,Inf,15.0
east-west+small-connection,0.0,25.0,250.0,0.03,321.9660070321596,114.49059090773648,6650.0,-3263.300117807331,-0.054609612641571416,Inf,15.0
east-west+small-connection,0.0,25.0,250.0,0.04,321.9660070321596,114.49059090773648,6650.0,-3484.544009694717,-0.054609612641571416,Inf,15.0
east-west+small-connection,0.0,25.0,300.0,0.0,321.9660070321596,114.49059090773648,7900.0,-3691.406893195318,-0.07283990372164573,Inf,15.0
east-west+small-connection,0.0,25.0,300.0,0.01,321.9660070321596,114.49059090773648,7900.0,-3995.2618263776767,-0.07283990372164573,Inf,15.0
east-west+small-connection,0.0,25.0,300.0,0.02,321.9660070321596,114.49059090773648,7900.0,-4267.963633266041,-0.07283990372164573,Inf,15.0
east-west+small-connection,0.0,25.0,300.0,0.03,321.9660070321596,114.49059090773648,7900.0,-4513.30011780733,-0.07283990372164573,Inf,15.0
east-west+small-connection,0.0,25.0,300.0,0.04,321.9660070321596,114.49059090773648,7900.0,-4734.544009694717,-0.07283990372164573,Inf,15.0
east-west+small-connection,0.0,25.0,350.0,0.0,321.9660070321596,114.49059090773648,9150.0,-4941.406893195317,-0.08757926215114598,Inf,15.0
east-west+small-connection,0.0,25.0,350.0,0.01,321.9660070321596,114.49059090773648,9150.0,-5245.261826377675,-0.08757926215114598,Inf,15.0
east-west+small-connection,0.0,25.0,350.0,0.02,321.9660070321596,114.49059090773648,9150.0,-5517.963633266041,-0.08757926215114598,Inf,15.0
east-west+small-connection,0.0,25.0,350.0,0.03,321.9660070321596,114.49059090773648,9150.0,-5763.30011780733,-0.08757926215114598,Inf,15.0
east-west+small-connection,0.0,25.0,350.0,0.04,321.9660070321596,114.49059090773648,9150.0,-5984.544009694719,-0.08757926215114598,Inf,15.0
east-west+small-connection,0.0,25.0,400.0,0.0,321.9660070321596,114.49059090773648,10400.0,-6191.406893195317,-0.099888463869133,Inf,15.0
east-west+small-connection,0.0,25.0,400.0,0.01,321.9660070321596,114.49059090773648,10400.0,-6495.261826377673,-0.099888463869133,Inf,15.0
east-west+small-connection,0.0,25.0,400.0,0.02,321.9660070321596,114.49059090773648,10400.0,-6767.963633266043,-0.099888463869133,Inf,15.0
east-west+small-connection,0.0,25.0,400.0,0.03,321.9660070321596,114.49059090773648,10400.0,-7013.300117807327,-0.099888463869133,Inf,15.0
east-west+small-connection,0.0,25.0,400.0,0.04,321.9660070321596,114.49059090773648,10400.0,-7234.544009694715,-0.099888463869133,Inf,15.0
efficient,0.0,7.5,100.0,0.0,227.4127934723606,241.2376833788021,1150.0,1822.6365333697327,0.16248527342809665,5.2798069562141325,15.0
efficient,0.0,7.5,100.0,0.01,227.4127934723606,241.2376833788021,1150.0,1608.0160527720536,0.16248527342809665,5.2798069562141325,15.0
efficient,0.0,7.5,100.0,0.02,227.4127934723606,241.2376833788021,1150.0,1415.3998189618521,0.16248527342809665,5.2798069562141325,15.0
efficient,0.0,7.5,100.0,0.03,227.4127934723606,241.2376833788021,1150.0,1242.1124095098025,0.16248527342809665,5.2798069562141325,15.0
efficient,0.0,7.5,100.0,0.04,227.4127934723606,241.2376833788021,1150.0,1085.8422120545113,0.16248527342809665,5.2798069562141325,15.0
efficient,0.0,7.5,150.0,0.0,227.4127934723606,241.2376833788021,1525.0,1447.6365333697324,0.10423317663298348,7.129179353160109,15.0
efficient,0.0,7.5,150.0,0.01,227.4127934723606,241.2376833788021,1525.0,1233.0160527720539,0.10423317663298348,7.129179353160109,15.0
efficient,0.0,7.5,150.0,0.02,227.4127934723606,241.2376833788021,1525.0,1040.3998189618526,0.10423317663298348,7.129179353160109,15.0
efficient,0.0,7.5,150.0,0.03,227.4127934723606,241.2376833788021,1525.0,867.1124095098027,0.10423317663298348,7.129179353160109,15.0
efficient,0.0,7.5,150.0,0.04,227.4127934723606,241.2376833788021,1525.0,710.8422120545113,0.10423317663298348,7.129179353160109,15.0
efficient,0.0,7.5,200.0,0.0,227.4127934723606,241.2376833788021,1900.0,1072.6365333697324,0.06561505202817666,9.050661706856626,15.0
efficient,0.0,7.5,200.0,0.01,227.4127934723606,241.2376833788021,1900.0,858.0160527720542,0.06561505202817666,9.050661706856626,15.0
efficient,0.0,7.5,200.0,0.02,227.4127934723606,241.2376833788021,1900.0,665.3998189618525,0.06561505202817666,9.050661706856626,15.0
efficient,0.0,7.5,200.0,0.03,227.4127934723606,241.2376833788021,1900.0,492.1124095098027,0.06561505202817666,9.050661706856626,15.0
efficient,0.0,7.5,200.0,0.04,227.4127934723606,241.2376833788021,1900.0,335.8422120545114,0.06561505202817666,9.050661706856626,15.0
efficient,0.0,7.5,250.0,0.0,227.4127934723606,241.2376833788021,2275.0,697.6365333697327,0.03739685563351368,11.050456699817236,15.0
efficient,0.0,7.5,250.0,0.01,227.4127934723606,241.2376833788021,2275.0,483.01605277205397,0.03739685563351368,11.050456699817236,15.0
efficient,0.0,7.5,250.0,0.02,227.4127934723606,241.2376833788021,2275.0,290.3998189618523,0.03739685563351368,11.050456699817236,15.0
efficient,0.0,7.5,250.0,0.03,227.4127934723606,241.2376833788021,2275.0,117.11240950980246,0.03739685563351368,11.050456699817236,15.0
efficient,0.0,7.5,250.0,0.04,227.4127934723606,241.2376833788021,2275.0,-39.15778794548892,0.03739685563351368,11.050456699817236,15.0
efficient,0.0,7.5,300.0,0.0,227.4127934723606,241.2376833788021,2650.0,322.6365333697328,0.015475680118919345,13.13515592532197,15.0
efficient,0.0,7.5,300.0,0.01,227.4127934723606,241.2376833788021,2650.0,108.01605277205385,0.015475680118919345,13.13515592532197,15.0
efficient,0.0,7.5,300.0,0.02,227.4127934723606,241.2376833788021,2650.0,-84.60018103814764,0.015475680118919345,13.13515592532197,15.0
efficient,0.0,7.5,300.0,0.03,227.4127934723606,241.2376833788021,2650.0,-257.88759049019785,0.015475680118919345,13.13515592532197,15.0
efficient,0.0,7.5,300.0,0.04,227.4127934723606,241.2376833788021,2650.0,-414.15778794548885,0.015475680118919345,13.13515592532197,15.0
efficient,0.0,7.5,350.0,0.0,227.4127934723606,241.2376833788021,3025.0,-52.36346663026751,-0.002281568551961241,Inf,15.0
efficient,0.0,7.5,350.0,0.01,227.4127934723606,241.2376833788021,3025.0,-266.9839472279458,-0.002281568551961241,Inf,15.0
efficient,0.0,7.5,350.0,0.02,227.4127934723606,241.2376833788021,3025.0,-459.60018103814775,-0.002281568551961241,Inf,15.0
efficient,0.0,7.5,350.0,0.03,227.4127934723606,241.2376833788021,3025.0,-632.8875904901979,-0.002281568551961241,Inf,15.0
efficient,0.0,7.5,350.0,0.04,227.4127934723606,241.2376833788021,3025.0,-789.1577879454883,-0.002281568551961241,Inf,15.0
efficient,0.0,7.5,400.0,0.0,227.4127934723606,241.2376833788021,3400.0,-427.3634666302674,-0.017108410876763333,Inf,15.0
efficient,0.0,7.5,400.0,0.01,227.4127934723606,241.2376833788021,3400.0,-641.9839472279456,-0.017108410876763333,Inf,15.0
efficient,0.0,7.5,400.0,0.02,227.4127934723606,241.2376833788021,3400.0,-834.600181038147,-0.017108410876763333,Inf,15.0
efficient,0.0,7.5,400.0,0.03,227.4127934723606,241.2376833788021,3400.0,-1007.8875904901976,-0.017108410876763333,Inf,15.0
efficient,0.0,7.5,400.0,0.04,227.4127934723606,241.2376833788021,3400.0,-1164.1577879454883,-0.017108410876763333,Inf,15.0
efficient,0.0,12.5,100.0,0.0,292.1777252982081,191.2533908956354,1650.0,2169.2142455867597,0.13835346799627807,5.932921984821561,15.0
efficient,0.0,12.5,100.0,0.01,292.1777252982081,191.2533908956354,1650.0,1893.4719583303513,0.13835346799627807,5.932921984821561,15.0
efficient,0.0,12.5,100.0,0.02,292.1777252982081,191.2533908956354,1650.0,1646.0005114039832,0.13835346799627807,5.932921984821561,15.0
efficient,0.0,12.5,100.0,0.03,292.1777252982081,191.2533908956354,1650.0,1423.3625483261812,0.13835346799627807,5.932921984821561,15.0
efficient,0.0,12.5,100.0,0.04,292.1777252982081,191.2533908956354,1650.0,1222.5881322204398,0.13835346799627807,5.932921984821561,15.0
efficient,0.0,12.5,150.0,0.0,292.1777252982081,191.2533908956354,2275.0,1544.21424558676,0.07744726846300176,8.381431559951455,15.0
efficient,0.0,12.5,150.0,0.01,292.1777252982081,191.2533908956354,2275.0,1268.4719583303513,0.07744726846300176,8.381431559951455,15.0
efficient,0.0,12.5,150.0,0.02,292.1777252982081,191.2533908956354,2275.0,1021.0005114039832,0.07744726846300176,8.381431559951455,15.0
efficient,0.0,12.5,150.0,0.03,292.1777252982081,191.2533908956354,2275.0,798.3625483261812,0.07744726846300176,8.381431559951455,15.0
efficient,0.0,12.5,150.0,0.04,292.1777252982081,191.2533908956354,2275.0,597.5881322204399,0.07744726846300176,8.381431559951455,15.0
efficient,0.0,12.5,200.0,0.0,292.1777252982081,191.2533908956354,2900.0,919.2142455867605,0.038573134305722706,10.953533234081352,15.0
efficient,0.0,12.5,200.0,0.01,292.1777252982081,191.2533908956354,2900.0,643.4719583303518,0.038573134305722706,10.953533234081352,15.0
efficient,0.0,12.5,200.0,0.02,292.1777252982081,191.2533908956354,2900.0,396.0005114039824,0.038573134305722706,10.953533234081352,15.0
efficient,0.0,12.5,200.0,0.03,292.1777252982081,191.2533908956354,2900.0,173.36254832618107,0.038573134305722706,10.953533234081352,15.0
efficient,0.0,12.5,200.0,0.04,292.1777252982081,191.2533908956354,2900.0,-27.411867779560737,0.038573134305722706,10.953533234081352,15.0
efficient,0.0,12.5,250.0,0.0,292.1777252982081,191.2533908956354,3525.0,294.21424558676034,0.010710482976456267,13.670584102299538,15.0
efficient,0.0,12.5,250.0,0.01,292.1777252982081,191.2533908956354,3525.0,18.47195833035198,0.010710482976456267,13.670584102299538,15.0
efficient,0.0,12.5,250.0,0.02,292.1777252982081,191.2533908956354,3525.0,-228.99948859601758,0.010710482976456267,13.670584102299538,15.0
efficient,0.0,12.5,250.0,0.03,292.1777252982081,191.2533908956354,3525.0,-451.6374516738194,0.010710482976456267,13.670584102299538,15.0
efficient,0.0,12.5,250.0,0.04,292.1777252982081,191.2533908956354,3525.0,-652.4118677795607,0.010710482976456267,13.670584102299538,15.0
efficient,0.0,12.5,300.0,0.0,292.1777252982081,191.2533908956354,4150.0,-330.7857544132394,-0.010697011683053627,Inf,15.0
efficient,0.0,12.5,300.0,0.01,292.1777252982081,191.2533908956354,4150.0,-606.5280416696478,-0.010697011683053627,Inf,15.0
efficient,0.0,12.5,300.0,0.02,292.1777252982081,191.2533908956354,4150.0,-853.9994885960173,-0.010697011683053627,Inf,15.0
efficient,0.0,12.5,300.0,0.03,292.1777252982081,191.2533908956354,4150.0,-1076.6374516738194,-0.010697011683053627,Inf,15.0
efficient,0.0,12.5,300.0,0.04,292.1777252982081,191.2533908956354,4150.0,-1277.4118677795607,-0.010697011683053627,Inf,15.0
efficient,0.0,12.5,350.0,0.0,292.1777252982081,191.2533908956354,4775.0,-955.7857544132396,-0.027920462407897785,Inf,15.0
efficient,0.0,12.5,350.0,0.01,292.1777252982081,191.2533908956354,4775.0,-1231.5280416696482,-0.027920462407897785,Inf,15.0
efficient,0.0,12.5,350.0,0.02,292.1777252982081,191.2533908956354,4775.0,-1478.9994885960164,-0.027920462407897785,Inf,15.0
efficient,0.0,12.5,350.0,0.03,292.1777252982081,191.2533908956354,4775.0,-1701.6374516738192,-0.027920462407897785,Inf,15.0
efficient,0.0,12.5,350.0,0.04,292.1777252982081,191.2533908956354,4775.0,-1902.4118677795598,-0.027920462407897785,Inf,15.0
efficient,0.0,12.5,400.0,0.0,292.1777252982081,191.2533908956354,5400.0,-1580.7857544132394,-0.04223806502258759,Inf,15.0
efficient,0.0,12.5,400.0,0.01,292.1777252982081,191.2533908956354,5400.0,-1856.5280416696487,-0.04223806502258759,Inf,15.0
efficient,0.0,12.5,400.0,0.02,292.1777252982081,191.2533908956354,5400.0,-2103.9994885960164,-0.04223806502258759,Inf,15.0
efficient,0.0,12.5,400.0,0.03,292.1777252982081,191.2533908956354,5400.0,-2326.6374516738188,-0.04223806502258759,Inf,15.0
efficient,0.0,12.5,400.0,0.04,292.1777252982081,191.2533908956354,5400.0,-2527.41186777956,-0.04223806502258759,Inf,15.0
efficient,0.0,15.0,100.0,0.0,318.7138767782541,176.10628594683442,1900.0,2266.0827402750556,0.12717812753232233,6.2862574214879885,15.0
efficient,0.0,15.0,100.0,0.01,318.7138767782541,176.10628594683442,1900.0,1965.2970001112699,0.12717812753232233,6.2862574214879885,15.0
efficient,0.0,15.0,100.0,0.02,318.7138767782541,176.10628594683442,1900.0,1695.3497131942868,0.12717812753232233,6.2862574214879885,15.0
efficient,0.0,15.0,100.0,0.03,318.7138767782541,176.10628594683442,1900.0,1452.4913356156476,0.12717812753232233,6.2862574214879885,15.0
efficient,0.0,15.0,100.0,0.04,318.7138767782541,176.10628594683442,1900.0,1233.4821950330077,0.12717812753232233,6.2862574214879885,15.0
efficient,0.0,15.0,150.0,0.0,318.7138767782541,176.10628594683442,2650.0,1516.0827402750558,0.06640940401729603,9.00246582890538,15.0
efficient,0.0,15.0,150.0,0.01,318.7138767782541,176.10628594683442,2650.0,1215.29700011127,0.06640940401729603,9.00246582890538,15.0
efficient,0.0,15.0,150.0,0.02,318.7138767782541,176.10628594683442,2650.0,945.3497131942868,0.06640940401729603,9.00246582890538,15.0
efficient,0.0,15.0,150.0,0.03,318.7138767782541,176.10628594683442,2650.0,702.491335615648,0.06640940401729603,9.00246582890538,15.0
efficient,0.0,15.0,150.0,0.04,318.7138767782541,176.10628594683442,2650.0,483.48219503300777,0.06640940401729603,9.00246582890538,15.0
efficient,0.0,15.0,200.0,0.0,318.7138767782541,176.10628594683442,3400.0,766.0827402750559,0.027959970938066417,11.87974970617496,15.0
efficient,0.0,15.0,200.0,0.01,318.7138767782541,176.10628594683442,3400.0,465.29700011126954,0.027959970938066417,11.87974970617496,15.0
efficient,0.0,15.0,200.0,0.02,318.7138767782541,176.10628594683442,3400.0,195.34971319428624,0.027959970938066417,11.87974970617496,15.0
efficient,0.0,15.0,200.0,0.03,318.7138767782541,176.10628594683442,3400.0,-47.508664384352414,0.027959970938066417,11.87974970617496,15.0
efficient,0.0,15.0,200.0,0.04,318.7138767782541,176.10628594683442,3400.0,-266.51780496699166,0.027959970938066417,11.87974970617496,15.0
efficient,0.0,15.0,250.0,0.0,318.7138767782541,176.10628594683442,4150.0,16.082740275055073,0.0005078068851838126,14.93304330390586,15.0
efficient,0.0,15.0,250.0,0.01,318.7138767782541,176.10628594683442,4150.0,-284.70299988873046,0.0005078068851838126,14.93304330390586,15.0
efficient,0.0,15.0,250.0,0.02,318.7138767782541,176.10628594683442,4150.0,-554.6502868057137,0.0005078068851838126,14.93304330390586,15.0
efficient,0.0,15.0,250.0,0.03,318.7138767782541,176.10628594683442,4150.0,-797.5086643843526,0.0005078068851838126,14.93304330390586,15.0
efficient,0.0,15.0,250.0,0.04,318.7138767782541,176.10628594683442,4150.0,-1016.5178049669918,0.0005078068851838126,14.93304330390586,15.0
efficient,0.0,15.0,300.0,0.0,318.7138767782541,176.10628594683442,4900.0,-733.917259724945,-0.020543863847500517,Inf,15.0
efficient,0.0,15.0,300.0,0.01,318.7138767782541,176.10628594683442,4900.0,-1034.7029998887306,-0.020543863847500517,Inf,15.0
efficient,0.0,15.0,300.0,0.02,318.7138767782541,176.10628594683442,4900.0,-1304.6502868057132,-0.020543863847500517,Inf,15.0
efficient,0.0,15.0,300.0,0.03,318.7138767782541,176.10628594683442,4900.0,-1547.5086643843524,-0.020543863847500517,Inf,15.0
efficient,0.0,15.0,300.0,0.04,318.7138767782541,176.10628594683442,4900.0,-1766.517804966992,-0.020543863847500517,Inf,15.0
efficient,0.0,15.0,350.0,0.0,318.7138767782541,176.10628594683442,5650.0,-1483.9172597249437,-0.03746394293441317,Inf,15.0
efficient,0.0,15.0,350.0,0.01,318.7138767782541,176.10628594683442,5650.0,-1784.7029998887297,-0.03746394293441317,Inf,15.0
efficient,0.0,15.0,350.0,0.02,318.7138767782541,176.10628594683442,5650.0,-2054.6502868057128,-0.03746394293441317,Inf,15.0
efficient,0.0,15.0,350.0,0.03,318.7138767782541,176.10628594683442,5650.0,-2297.508664384352,-0.03746394293441317,Inf,15.0
efficient,0.0,15.0,350.0,0.04,318.7138767782541,176.10628594683442,5650.0,-2516.5178049669917,-0.03746394293441317,Inf,15.0
efficient,0.0,15.0,400.0,0.0,318.7138767782541,176.10628594683442,6400.0,-2233.917259724944,-0.051521826459503824,Inf,15.0
efficient,0.0,15.0,400.0,0.01,318.7138767782541,176.10628594683442,6400.0,-2534.7029998887306,-0.051521826459503824,Inf,15.0
efficient,0.0,15.0,400.0,0.02,318.7138767782541,176.10628594683442,6400.0,-2804.650286805714,-0.051521826459503824,Inf,15.0
efficient,0.0,15.0,400.0,0.03,318.7138767782541,176.10628594683442,6400.0,-3047.5086643843524,-0.051521826459503824,Inf,15.0
efficient,0.0,15.0,400.0,0.04,318.7138767782541,176.10628594683442,6400.0,-3266.5178049669917,-0.051521826459503824,Inf,15.0
efficient,0.0,25.0,100.0,0.0,400.36132616804457,135.9849052471304,2900.0,2333.3410383094006,0.09010199978725716,7.748432699147914,15.0
efficient,0.0,25.0,100.0,0.01,400.36132616804457,135.9849052471304,2900.0,1955.5006410172714,0.09010199978725716,7.748432699147914,15.0
efficient,0.0,25.0,100.0,0.02,400.36132616804457,135.9849052471304,2900.0,1616.3988269448844,0.09010199978725716,7.748432699147914,15.0
efficient,0.0,25.0,100.0,0.03,400.36132616804457,135.9849052471304,2900.0,1311.325501925992,0.09010199978725716,7.748432699147914,15.0
efficient,0.0,25.0,100.0,0.04,400.36132616804457,135.9849052471304,2900.0,1036.2110611839128,0.09010199978725716,7.748432699147914,15.0
efficient,0.0,25.0,150.0,0.0,400.36132616804457,135.9849052471304,4150.0,1083.341038309401,0.03214208557464639,11.502295929550739,15.0
efficient,0.0,25.0,150.0,0.01,400.36132616804457,135.9849052471304,4150.0,705.5006410172712,0.03214208557464639,11.502295929550739,15.0
efficient,0.0,25.0,150.0,0.02,400.36132616804457,135.9849052471304,4150.0,366.39882694488426,0.03214208557464639,11.502295929550739,15.0
efficient,0.0,25.0,150.0,0.03,400.36132616804457,135.9849052471304,4150.0,61.32550192599294,0.03214208557464639,11.502295929550739,15.0
efficient,0.0,25.0,150.0,0.04,400.36132616804457,135.9849052471304,4150.0,-213.78893881608744,0.03214208557464639,11.502295929550739,15.0
efficient,0.0,25.0,200.0,0.0,400.36132616804457,135.9849052471304,5400.0,-166.65896169059909,-0.004083406179968333,Inf,15.0
efficient,0.0,25.0,200.0,0.01,400.36132616804457,135.9849052471304,5400.0,-544.4993589827291,-0.004083406179968333,Inf,15.0
efficient,0.0,25.0,200.0,0.02,400.36132616804457,135.9849052471304,5400.0,-883.6011730551153,-0.004083406179968333,Inf,15.0
efficient,0.0,25.0,200.0,0.03,400.36132616804457,135.9849052471304,5400.0,-1188.6744980740068,-0.004083406179968333,Inf,15.0
efficient,0.0,25.0,200.0,0.04,400.36132616804457,135.9849052471304,5400.0,-1463.7889388160875,-0.004083406179968333,Inf,15.0
efficient,0.0,25.0,250.0,0.0,400.36132616804457,135.9849052471304,6650.0,-1416.6589616906,-0.029848166367046416,Inf,15.0
efficient,0.0,25.0,250.0,0.01,400.36132616804457,135.9849052471304,6650.0,-1794.4993589827284,-0.029848166367046416,Inf,15.0
efficient,0.0,25.0,250.0,0.02,400.36132616804457,135.9849052471304,6650.0,-2133.601173055116,-0.029848166367046416,Inf,15.0
efficient,0.0,25.0,250.0,0.03,400.36132616804457,135.9849052471304,6650.0,-2438.674498074009,-0.029848166367046416,Inf,15.0
efficient,0.0,25.0,250.0,0.04,400.36132616804457,135.9849052471304,6650.0,-2713.788938816086,-0.029848166367046416,Inf,15.0
efficient,0.0,25.0,300.0,0.0,400.36132616804457,135.9849052471304,7900.0,-2666.6589616906003,-0.049586361855740856,Inf,15.0
efficient,0.0,25.0,300.0,0.01,400.36132616804457,135.9849052471304,7900.0,-3044.499358982729,-0.049586361855740856,Inf,15.0
efficient,0.0,25.0,300.0,0.02,400.36132616804457,135.9849052471304,7900.0,-3383.601173055115,-0.049586361855740856,Inf,15.0
efficient,0.0,25.0,300.0,0.03,400.36132616804457,135.9849052471304,7900.0,-3688.6744980740095,-0.049586361855740856,Inf,15.0
efficient,0.0,25.0,300.0,0.04,400.36132616804457,135.9849052471304,7900.0,-3963.788938816087,-0.049586361855740856,Inf,15.0
efficient,0.0,25.0,350.0,0.0,400.36132616804457,135.9849052471304,9150.0,-3916.6589616906,-0.06545323516953866,Inf,15.0
efficient,0.0,25.0,350.0,0.01,400.36132616804457,135.9849052471304,9150.0,-4294.499358982729,-0.06545323516953866,Inf,15.0
efficient,0.0,25.0,350.0,0.02,400.36132616804457,135.9849052471304,9150.0,-4633.601173055115,-0.06545323516953866,Inf,15.0
efficient,0.0,25.0,350.0,0.03,400.36132616804457,135.9849052471304,9150.0,-4938.6744980740095,-0.06545323516953866,Inf,15.0
efficient,0.0,25.0,350.0,0.04,400.36132616804457,135.9849052471304,9150.0,-5213.788938816086,-0.06545323516953866,Inf,15.0
efficient,0.0,25.0,400.0,0.0,400.36132616804457,135.9849052471304,10400.0,-5166.6589616906,-0.07864456446943144,Inf,15.0
efficient,0.0,25.0,400.0,0.01,400.36132616804457,135.9849052471304,10400.0,-5544.499358982731,-0.07864456446943144,Inf,15.0
efficient,0.0,25.0,400.0,0.02,400.36132616804457,135.9849052471304,10400.0,-5883.601173055114,-0.07864456446943144,Inf,15.0
efficient,0.0,25.0,400.0,0.03,400.36132616804457,135.9849052471304,10400.0,-6188.6744980740095,-0.07864456446943144,Inf,15.0
efficient,0.0,25.0,400.0,0.04,400.36132616804457,135.9849052471304,10400.0,-6463.788938816087,-0.07864456446943144,Inf,15.0
efficient,0.0,30.0,100.0,0.0,430.93551473071807,123.00637848752231,3400.0,2232.992915900818,0.07519416697546596,8.503033940612193,15.0
efficient,0.0,30.0,100.0,0.01,430.93551473071807,123.00637848752231,3400.0,1826.2981742993281,0.07519416697546596,8.503033940612193,15.0
efficient,0.0,30.0,100.0,0.02,430.93551473071807,123.00637848752231,3400.0,1461.3003454828954,0.07519416697546596,8.503033940612193,15.0
efficient,0.0,30.0,100.0,0.03,430.93551473071807,123.00637848752231,3400.0,1132.9296419338543,0.07519416697546596,8.503033940612193,15.0
efficient,0.0,30.0,100.0,0.04,430.93551473071807,123.00637848752231,3400.0,836.8056774496328,0.07519416697546596,8.503033940612193,15.0
efficient,0.0,30.0,150.0,0.0,430.93551473071807,123.00637848752231,4900.0,732.9929159008184,0.01888776165154378,12.772822761205587,15.0
efficient,0.0,30.0,150.0,0.01,430.93551473071807,123.00637848752231,4900.0,326.2981742993288,0.01888776165154378,12.772822761205587,15.0
efficient,0.0,30.0,150.0,0.02,430.93551473071807,123.00637848752231,4900.0,-38.699654517103966,0.01888776165154378,12.772822761205587,15.0
efficient,0.0,30.0,150.0,0.03,430.93551473071807,123.00637848752231,4900.0,-367.0703580661456,0.01888776165154378,12.772822761205587,15.0
efficient,0.0,30.0,150.0,0.04,430.93551473071807,123.00637848752231,4900.0,-663.1943225503674,0.01888776165154378,12.772822761205587,15.0
efficient,0.0,30.0,200.0,0.0,430.93551473071807,123.00637848752231,6400.0,-767.0070840991812,-0.016282206377179358,Inf,15.0
efficient,0.0,30.0,200.0,0.01,430.93551473071807,123.00637848752231,6400.0,-1173.7018257006712,-0.016282206377179358,Inf,15.0
efficient,0.0,30.0,200.0,0.02,430.93551473071807,123.00637848752231,6400.0,-1538.6996545171037,-0.016282206377179358,Inf,15.0
efficient,0.0,30.0,200.0,0.03,430.93551473071807,123.00637848752231,6400.0,-1867.0703580661468,-0.016282206377179358,Inf,15.0
efficient,0.0,30.0,200.0,0.04,430.93551473071807,123.00637848752231,6400.0,-2163.1943225503683,-0.016282206377179358,Inf,15.0
efficient,0.0,30.0,250.0,0.0,430.93551473071807,123.00637848752231,7900.0,-2267.0070840991807,-0.04131242297041246,Inf,15.0
efficient,0.0,30.0,250.0,0.01,430.93551473071807,123.00637848752231,7900.0,-2673.7018257006707,-0.04131242297041246,Inf,15.0
efficient,0.0,30.0,250.0,0.02,430.93551473071807,123.00637848752231,7900.0,-3038.6996545171037,-0.04131242297041246,Inf,15.0
efficient,0.0,30.0,250.0,0.03,430.93551473071807,123.00637848752231,7900.0,-3367.0703580661475,-0.04131242297041246,Inf,15.0
efficient,0.0,30.0,250.0,0.04,430.93551473071807,123.00637848752231,7900.0,-3663.1943225503683,-0.04131242297041246,Inf,15.0
efficient,0.0,30.0,300.0,0.0,430.93551473071807,123.00637848752231,9400.0,-3767.007084099179,-0.06050492903355367,Inf,15.0
efficient,0.0,30.0,300.0,0.01,430.93551473071807,123.00637848752231,9400.0,-4173.701825700672,-0.06050492903355367,Inf,15.0
efficient,0.0,30.0,300.0,0.02,430.93551473071807,123.00637848752231,9400.0,-4538.699654517104,-0.06050492903355367,Inf,15.0
efficient,0.0,30.0,300.0,0.03,430.93551473071807,123.00637848752231,9400.0,-4867.070358066147,-0.06050492903355367,Inf,15.0
efficient,0.0,30.0,300.0,0.04,430.93551473071807,123.00637848752231,9400.0,-5163.1943225503655,-0.06050492903355367,Inf,15.0
efficient,0.0,30.0,350.0,0.0,430.93551473071807,123.00637848752231,10900.0,-5267.007084099181,-0.07594679135529792,Inf,15.0
efficient,0.0,30.0,350.0,0.01,430.93551473071807,123.00637848752231,10900.0,-5673.701825700668,-0.07594679135529792,Inf,15.0
efficient,0.0,30.0,350.0,0.02,430.93551473071807,123.00637848752231,10900.0,-6038.699654517105,-0.07594679135529792,Inf,15.0
efficient,0.0,30.0,350.0,0.03,430.93551473071807,123.00637848752231,10900.0,-6367.0703580661475,-0.07594679135529792,Inf,15.0
efficient,0.0,30.0,350.0,0.04,430.93551473071807,123.00637848752231,10900.0,-6663.194322550367,-0.07594679135529792,Inf,15.0
efficient,0.0,30.0,400.0,0.0,430.93551473071807,123.00637848752231,12400.0,-6767.007084099181,-0.08879527748827903,Inf,15.0
efficient,0.0,30.0,400.0,0.01,430.93551473071807,123.00637848752231,12400.0,-7173.701825700668,-0.08879527748827903,Inf,15.0
efficient,0.0,30.0,400.0,0.02,430.93551473071807,123.00637848752231,12400.0,-7538.699654517107,-0.08879527748827903,Inf,15.0
efficient,0.0,30.0,400.0,0.03,430.93551473071807,123.00637848752231,12400.0,-7867.070358066147,-0.08879527748827903,Inf,15.0
efficient,0.0,30.0,400.0,0.04,430.93551473071807,123.00637848752231,12400.0,-8163.194322550367,-0.08879527748827903,Inf,15.0
efficient,3.0,2.5,100.0,0.0,185.0502694220811,355.90593841828843,650.0,1768.8928995362212,0.2579671709149669,3.6079089683751264,15.0
efficient,3.0,2.5,100.0,0.01,185.0502694220811,355.90593841828843,650.0,1594.2519870717958,0.2579671709149669,3.6079089683751264,15.0
efficient,3.0,2.5,100.0,0.02,185.0502694220811,355.90593841828843,650.0,1437.5163636382956,0.2579671709149669,3.6079089683751264,15.0
efficient,3.0,2.5,100.0,0.03,185.0502694220811,355.90593841828843,650.0,1296.5089853069014,0.2579671709149669,3.6079089683751264,15.0
efficient,3.0,2.5,100.0,0.04,185.0502694220811,355.90593841828843,650.0,1169.3488475670774,0.2579671709149669,3.6079089683751264,15.0
efficient,3.0,2.5,150.0,0.0,185.0502694220811,355.90593841828843,775.0,1643.8928995362212,0.2084751028265418,4.332252561987604,15.0
efficient,3.0,2.5,150.0,0.01,185.0502694220811,355.90593841828843,775.0,1469.251987071796,0.2084751028265418,4.332252561987604,15.0
efficient,3.0,2.5,150.0,0.02,185.0502694220811,355.90593841828843,775.0,1312.5163636382956,0.2084751028265418,4.332252561987604,15.0
efficient,3.0,2.5,150.0,0.03,185.0502694220811,355.90593841828843,775.0,1171.5089853069014,0.2084751028265418,4.332252561987604,15.0
efficient,3.0,2.5,150.0,0.04,185.0502694220811,355.90593841828843,775.0,1044.3488475670774,0.2084751028265418,4.332252561987604,15.0
efficient,3.0,2.5,200.0,0.0,185.0502694220811,355.90593841828843,900.0,1518.8928995362212,0.17147087273278877,5.065916340192187,15.0
efficient,3.0,2.5,200.0,0.01,185.0502694220811,355.90593841828843,900.0,1344.251987071796,0.17147087273278877,5.065916340192187,15.0
efficient,3.0,2.5,200.0,0.02,185.0502694220811,355.90593841828843,900.0,1187.5163636382956,0.17147087273278877,5.065916340192187,15.0
efficient,3.0,2.5,200.0,0.03,185.0502694220811,355.90593841828843,900.0,1046.5089853069012,0.17147087273278877,5.065916340192187,15.0
efficient,3.0,2.5,200.0,0.04,185.0502694220811,355.90593841828843,900.0,919.3488475670775,0.17147087273278877,5.065916340192187,15.0
efficient,3.0,2.5,250.0,0.0,185.0502694220811,355.90593841828843,1025.0,1393.8928995362212,0.14244802996894573,5.813207617131717,15.0
efficient,3.0,2.5,250.0,0.01,185.0502694220811,355.90593841828843,1025.0,1219.251987071796,0.14244802996894573,5.813207617131717,15.0
efficient,3.0,2.5,250.0,0.02,185.0502694220811,355.90593841828843,1025.0,1062.5163636382956,0.14244802996894573,5.813207617131717,15.0
efficient,3.0,2.5,250.0,0.03,185.0502694220811,355.90593841828843,1025.0,921.5089853069013,0.14244802996894573,5.813207617131717,15.0
efficient,3.0,2.5,250.0,0.04,185.0502694220811,355.90593841828843,1025.0,794.3488475670778,0.14244802996894573,5.813207617131717,15.0
efficient,3.0,2.5,300.0,0.0,185.0502694220811,355.90593841828843,1150.0,1268.8928995362212,0.1188691063463738,6.571937647011477,15.0
efficient,3.0,2.5,300.0,0.01,185.0502694220811,355.90593841828843,1150.0,1094.251987071796,0.1188691063463738,6.571937647011477,15.0
efficient,3.0,2.5,300.0,0.02,185.0502694220811,355.90593841828843,1150.0,937.5163636382954,0.1188691063463738,6.571937647011477,15.0
efficient,3.0,2.5,300.0,0.03,185.0502694220811,355.90593841828843,1150.0,796.5089853069014,0.1188691063463738,6.571937647011477,15.0
efficient,3.0,2.5,300.0,0.04,185.0502694220811,355.90593841828843,1150.0,669.3488475670778,0.1188691063463738,6.571937647011477,15.0
efficient,3.0,2.5,350.0,0.0,185.0502694220811,355.90593841828843,1275.0,1143.8928995362214,0.09919146264187695,7.341305884017886,15.0
efficient,3.0,2.5,350.0,0.01,185.0502694220811,355.90593841828843,1275.0,969.2519870717963,0.09919146264187695,7.341305884017886,15.0
efficient,3.0,2.5,350.0,0.02,185.0502694220811,355.90593841828843,1275.0,812.5163636382952,0.09919146264187695,7.341305884017886,15.0
efficient,3.0,2.5,350.0,0.03,185.0502694220811,355.90593841828843,1275.0,671.5089853069013,0.09919146264187695,7.341305884017886,15.0
efficient,3.0,2.5,350.0,0.04,185.0502694220811,355.90593841828843,1275.0,544.3488475670778,0.09919146264187695,7.341305884017886,15.0
efficient,3.0,2.5,400.0,0.0,185.0502694220811,355.90593841828843,1400.0,1018.8928995362214,0.08241990537720761,8.12184702797124,15.0
efficient,3.0,2.5,400.0,0.01,185.0502694220811,355.90593841828843,1400.0,844.2519870717961,0.08241990537720761,8.12184702797124,15.0
efficient,3.0,2.5,400.0,0.02,185.0502694220811,355.90593841828843,1400.0,687.5163636382953,0.08241990537720761,8.12184702797124,15.0
efficient,3.0,2.5,400.0,0.03,185.0502694220811,355.90593841828843,1400.0,546.5089853069013,0.08241990537720761,8.12184702797124,15.0
efficient,3.0,2.5,400.0,0.04,185.0502694220811,355.90593841828843,1400.0,419.34884756707777,0.08241990537720761,8.12184702797124,15.0
efficient,3.0,10.0,100.0,0.0,452.09506036958203,247.82918173679508,1400.0,4509.580866100006,0.298165770798796,3.16605949194918,15.0
efficient,3.0,10.0,100.0,0.01,452.09506036958203,247.82918173679508,1400.0,4082.9168352386587,0.298165770798796,3.16605949194918,15.0
efficient,3.0,10.0,100.0,0.02,452.09506036958203,247.82918173679508,1400.0,3699.9970947836514,0.298165770798796,3.16605949194918,15.0
efficient,3.0,10.0,100.0,0.03,452.09506036958203,247.82918173679508,1400.0,3355.502923451841,0.298165770798796,3.16605949194918,15.0
efficient,3.0,10.0,100.0,0.04,452.09506036958203,247.82918173679508,1400.0,3044.8388518586,0.298165770798796,3.16605949194918,15.0
efficient,3.0,10.0,150.0,0.0,452.09506036958203,247.82918173679508,1900.0,4009.580866100005,0.2075643999246039,4.348086560266008,15.0
efficient,3.0,10.0,150.0,0.01,452.09506036958203,247.82918173679508,1900.0,3582.9168352386587,0.2075643999246039,4.348086560266008,15.0
efficient,3.0,10.0,150.0,0.02,452.09506036958203,247.82918173679508,1900.0,3199.997094783652,0.2075643999246039,4.348086560266008,15.0
efficient,3.0,10.0,150.0,0.03,452.09506036958203,247.82918173679508,1900.0,2855.502923451841,0.2075643999246039,4.348086560266008,15.0
efficient,3.0,10.0,150.0,0.04,452.09506036958203,247.82918173679508,1900.0,2544.8388518585994,0.2075643999246039,4.348086560266008,15.0
efficient,3.0,10.0,200.0,0.0,452.09506036958203,247.82918173679508,2400.0,3509.580866100005,0.15163575048825345,5.558298798596622,15.0
efficient,3.0,10.0,200.0,0.01,452.09506036958203,247.82918173679508,2400.0,3082.9168352386587,0.15163575048825345,5.558298798596622,15.0
efficient,3.0,10.0,200.0,0.02,452.09506036958203,247.82918173679508,2400.0,2699.997094783652,0.15163575048825345,5.558298798596622,15.0
efficient,3.0,10.0,200.0,0.03,452.09506036958203,247.82918173679508,2400.0,2355.502923451841,0.15163575048825345,5.558298798596622,15.0
efficient,3.0,10.0,200.0,0.04,452.09506036958203,247.82918173679508,2400.0,2044.8388518585996,0.15163575048825345,5.558298798596622,15.0
efficient,3.0,10.0,250.0,0.0,452.09506036958203,247.82918173679508,2900.0,3009.580866100005,0.11268755914626008,6.797770809020587,15.0
efficient,3.0,10.0,250.0,0.01,452.09506036958203,247.82918173679508,2900.0,2582.9168352386587,0.11268755914626008,6.797770809020587,15.0
efficient,3.0,10.0,250.0,0.02,452.09506036958203,247.82918173679508,2900.0,2199.9970947836514,0.11268755914626008,6.797770809020587,15.0
efficient,3.0,10.0,250.0,0.03,452.09506036958203,247.82918173679508,2900.0,1855.5029234518406,0.11268755914626008,6.797770809020587,15.0
efficient,3.0,10.0,250.0,0.04,452.09506036958203,247.82918173679508,2900.0,1544.8388518585998,0.11268755914626008,6.797770809020587,15.0
efficient,3.0,10.0,300.0,0.0,452.09506036958203,247.82918173679508,3400.0,2509.580866100005,0.08346088914952013,8.068989097956344,15.0
efficient,3.0,10.0,300.0,0.01,452.09506036958203,247.82918173679508,3400.0,2082.9168352386587,0.08346088914952013,8.068989097956344,15.0
efficient,3.0,10.0,300.0,0.02,452.09506036958203,247.82918173679508,3400.0,1699.9970947836516,0.08346088914952013,8.068989097956344,15.0
efficient,3.0,10.0,300.0,0.03,452.09506036958203,247.82918173679508,3400.0,1355.502923451841,0.08346088914952013,8.068989097956344,15.0
efficient,3.0,10.0,300.0,0.04,452.09506036958203,247.82918173679508,3400.0,1044.8388518586,0.08346088914952013,8.068989097956344,15.0
efficient,3.0,10.0,350.0,0.0,452.09506036958203,247.82918173679508,3900.0,2009.5808661000053,0.0603974659243391,9.376483703998716,15.0
efficient,3.0,10.0,350.0,0.01,452.09506036958203,247.82918173679508,3900.0,1582.9168352386585,0.0603974659243391,9.376483703998716,15.0
efficient,3.0,10.0,350.0,0.02,452.09506036958203,247.82918173679508,3900.0,1199.9970947836514,0.0603974659243391,9.376483703998716,15.0
efficient,3.0,10.0,350.0,0.03,452.09506036958203,247.82918173679508,3900.0,855.5029234518407,0.0603974659243391,9.376483703998716,15.0
efficient,3.0,10.0,350.0,0.04,452.09506036958203,247.82918173679508,3900.0,544.8388518585999,0.0603974659243391,9.376483703998716,15.0
efficient,3.0,10.0,400.0,0.0,452.09506036958203,247.82918173679508,4400.0,1509.5808661000049,0.04153109652220845,10.717325033195689,15.0
efficient,3.0,10.0,400.0,0.01,452.09506036958203,247.82918173679508,4400.0,1082.916835238659,0.04153109652220845,10.717325033195689,15.0
efficient,3.0,10.0,400.0,0.02,452.09506036958203,247.82918173679508,4400.0,699.9970947836514,0.04153109652220845,10.717325033195689,15.0
efficient,3.0,10.0,400.0,0.03,452.09506036958203,247.82918173679508,4400.0,355.50292345184056,0.04153109652220845,10.717325033195689,15.0
efficient,3.0,10.0,400.0,0.04,452.09506036958203,247.82918173679508,4400.0,44.83885185860021,0.04153109652220845,10.717325033195689,15.0
efficient,3.0,12.5,100.0,0.0,491.34423834350434,222.44450657532659,1650.0,4772.628257007643,0.2718149380440762,3.4438355004510304,15.0
efficient,3.0,12.5,100.0,0.01,491.34423834350434,222.44450657532659,1650.0,4308.922873673526,0.2718149380440762,3.4438355004510304,15.0
efficient,3.0,12.5,100.0,0.02,491.34423834350434,222.44450657532659,1650.0,3892.759494080855,0.2718149380440762,3.4438355004510304,15.0
efficient,3.0,12.5,100.0,0.03,491.34423834350434,222.44450657532659,1650.0,3518.357645742957,0.2718149380440762,3.4438355004510304,15.0
efficient,3.0,12.5,100.0,0.04,491.34423834350434,222.44450657532659,1650.0,3180.7228980576156,0.2718149380440762,3.4438355004510304,15.0
efficient,3.0,12.5,150.0,0.0,491.34423834350434,222.44450657532659,2275.0,4147.628257007643,0.1831808298241525,4.811566432283857,15.0
efficient,3.0,12.5,150.0,0.01,491.34423834350434,222.44450657532659,2275.0,3683.9228736735263,0.1831808298241525,4.811566432283857,15.0
efficient,3.0,12.5,150.0,0.02,491.34423834350434,222.44450657532659,2275.0,3267.759494080855,0.1831808298241525,4.811566432283857,15.0
efficient,3.0,12.5,150.0,0.03,491.34423834350434,222.44450657532659,2275.0,2893.357645742957,0.1831808298241525,4.811566432283857,15.0
efficient,3.0,12.5,150.0,0.04,491.34423834350434,222.44450657532659,2275.0,2555.7228980576156,0.1831808298241525,4.811566432283857,15.0
efficient,3.0,12.5,200.0,0.0,491.34423834350434,222.44450657532659,2900.0,3522.6282570076432,0.12921015429884608,6.2193332570031705,15.0
efficient,3.0,12.5,200.0,0.01,491.34423834350434,222.44450657532659,2900.0,3058.9228736735263,0.12921015429884608,6.2193332570031705,15.0
efficient,3.0,12.5,200.0,0.02,491.34423834350434,222.44450657532659,2900.0,2642.759494080855,0.12921015429884608,6.2193332570031705,15.0
efficient,3.0,12.5,200.0,0.03,491.34423834350434,222.44450657532659,2900.0,2268.357645742957,0.12921015429884608,6.2193332570031705,15.0
efficient,3.0,12.5,200.0,0.04,491.34423834350434,222.44450657532659,2900.0,1930.7228980576156,0.12921015429884608,6.2193332570031705,15.0
efficient,3.0,12.5,250.0,0.0,491.34423834350434,222.44450657532659,3525.0,2897.6282570076432,0.09182612301125453,7.668650910513301,15.0
efficient,3.0,12.5,250.0,0.01,491.34423834350434,222.44450657532659,3525.0,2433.9228736735263,0.09182612301125453,7.668650910513301,15.0
efficient,3.0,12.5,250.0,0.02,491.34423834350434,222.44450657532659,3525.0,2017.759494080855,0.09182612301125453,7.668650910513301,15.0
efficient,3.0,12.5,250.0,0.03,491.34423834350434,222.44450657532659,3525.0,1643.3576457429572,0.09182612301125453,7.668650910513301,15.0
efficient,3.0,12.5,250.0,0.04,491.34423834350434,222.44450657532659,3525.0,1305.7228980576158,0.09182612301125453,7.668650910513301,15.0
efficient,3.0,12.5,300.0,0.0,491.34423834350434,222.44450657532659,4150.0,2272.6282570076432,0.06383097133986491,9.16024629151427,15.0
efficient,3.0,12.5,300.0,0.01,491.34423834350434,222.44450657532659,4150.0,1808.922873673527,0.06383097133986491,9.16024629151427,15.0
efficient,3.0,12.5,300.0,0.02,491.34423834350434,222.44450657532659,4150.0,1392.759494080855,0.06383097133986491,9.16024629151427,15.0
efficient,3.0,12.5,300.0,0.03,491.34423834350434,222.44450657532659,4150.0,1018.3576457429572,0.06383097133986491,9.16024629151427,15.0
efficient,3.0,12.5,300.0,0.04,491.34423834350434,222.44450657532659,4150.0,680.7228980576153,0.06383097133986491,9.16024629151427,15.0
efficient,3.0,12.5,350.0,0.0,491.34423834350434,222.44450657532659,4775.0,1647.6282570076432,0.04175270630162964,10.699910503093214,15.0
efficient,3.0,12.5,350.0,0.01,491.34423834350434,222.44450657532659,4775.0,1183.922873673527,0.04175270630162964,10.699910503093214,15.0
efficient,3.0,12.5,350.0,0.02,491.34423834350434,222.44450657532659,4775.0,767.7594940808553,0.04175270630162964,10.699910503093214,15.0
efficient,3.0,12.5,350.0,0.03,491.34423834350434,222.44450657532659,4775.0,393.3576457429559,0.04175270630162964,10.699910503093214,15.0
efficient,3.0,12.5,350.0,0.04,491.34423834350434,222.44450657532659,4775.0,55.722898057615225,0.04175270630162964,10.699910503093214,15.0
efficient,3.0,12.5,400.0,0.0,491.34423834350434,222.44450657532659,5400.0,1022.6282570076429,0.023690644049411506,12.288122183941672,15.0
efficient,3.0,12.5,400.0,0.01,491.34423834350434,222.44450657532659,5400.0,558.9228736735272,0.023690644049411506,12.288122183941672,15.0
efficient,3.0,12.5,400.0,0.02,491.34423834350434,222.44450657532659,5400.0,142.759494080855,0.023690644049411506,12.288122183941672,15.0
efficient,3.0,12.5,400.0,0.03,491.34423834350434,222.44450657532659,5400.0,-231.64235425704413,0.023690644049411506,12.288122183941672,15.0
efficient,3.0,12.5,400.0,0.04,491.34423834350434,222.44450657532659,5400.0,-569.2771019423835,0.023690644049411506,12.288122183941672,15.0
efficient,3.0,20.0,100.0,0.0,559.554927923411,170.46534026326663,2400.0,4914.247346310183,0.2022859854543912,4.441831338628561,15.0
efficient,3.0,20.0,100.0,0.01,559.554927923411,170.46534026326663,2400.0,4386.168227637742,0.2022859854543912,4.441831338628561,15.0
efficient,3.0,20.0,100.0,0.02,559.554927923411,170.46534026326663,2400.0,3912.2311145102635,0.2022859854543912,4.441831338628561,15.0
efficient,3.0,20.0,100.0,0.03,559.554927923411,170.46534026326663,2400.0,3485.853062398779,0.2022859854543912,4.441831338628561,15.0
efficient,3.0,20.0,100.0,0.04,559.554927923411,170.46534026326663,2400.0,3101.3462906445316,0.2022859854543912,4.441831338628561,15.0
efficient,3.0,20.0,150.0,0.0,559.554927923411,170.46534026326663,3400.0,3914.247346310183,0.1233376276874798,6.41584920694246,15.0
efficient,3.0,20.0,150.0,0.01,559.554927923411,170.46534026326663,3400.0,3386.168227637743,0.1233376276874798,6.41584920694246,15.0
efficient,3.0,20.0,150.0,0.02,559.554927923411,170.46534026326663,3400.0,2912.231114510264,0.1233376276874798,6.41584920694246,15.0
efficient,3.0,20.0,150.0,0.03,559.554927923411,170.46534026326663,3400.0,2485.853062398779,0.1233376276874798,6.41584920694246,15.0
efficient,3.0,20.0,150.0,0.04,559.554927923411,170.46534026326663,3400.0,2101.346290644532,0.1233376276874798,6.41584920694246,15.0
efficient,3.0,20.0,200.0,0.0,559.554927923411,170.46534026326663,4400.0,2914.247346310183,0.07576506992141382,8.471980535480014,15.0
efficient,3.0,20.0,200.0,0.01,559.554927923411,170.46534026326663,4400.0,2386.1682276377423,0.07576506992141382,8.471980535480014,15.0
efficient,3.0,20.0,200.0,0.02,559.554927923411,170.46534026326663,4400.0,1912.2311145102635,0.07576506992141382,8.471980535480014,15.0
efficient,3.0,20.0,200.0,0.03,559.554927923411,170.46534026326663,4400.0,1485.8530623987785,0.07576506992141382,8.471980535480014,15.0
efficient,3.0,20.0,200.0,0.04,559.554927923411,170.46534026326663,4400.0,1101.3462906445316,0.07576506992141382,8.471980535480014,15.0
efficient,3.0,20.0,250.0,0.0,559.554927923411,170.46534026326663,5400.0,1914.247346310183,0.04281408516672337,10.617041036637204,15.0
efficient,3.0,20.0,250.0,0.01,559.554927923411,170.46534026326663,5400.0,1386.1682276377426,0.04281408516672337,10.617041036637204,15.0
efficient,3.0,20.0,250.0,0.02,559.554927923411,170.46534026326663,5400.0,912.2311145102628,0.04281408516672337,10.617041036637204,15.0
efficient,3.0,20.0,250.0,0.03,559.554927923411,170.46534026326663,5400.0,485.85306239877866,0.04281408516672337,10.617041036637204,15.0
efficient,3.0,20.0,250.0,0.04,559.554927923411,170.46534026326663,5400.0,101.3462906445306,0.04281408516672337,10.617041036637204,15.0
efficient,3.0,20.0,300.0,0.0,559.554927923411,170.46534026326663,6400.0,914.247346310182,0.01806578648928673,12.858268880067078,15.0
efficient,3.0,20.0,300.0,0.01,559.554927923411,170.46534026326663,6400.0,386.1682276377425,0.01806578648928673,12.858268880067078,15.0
efficient,3.0,20.0,300.0,0.02,559.554927923411,170.46534026326663,6400.0,-87.76888548973756,0.01806578648928673,12.858268880067078,15.0
efficient,3.0,20.0,300.0,0.03,559.554927923411,170.46534026326663,6400.0,-514.1469376012215,0.01806578648928673,12.858268880067078,15.0
efficient,3.0,20.0,300.0,0.04,559.554927923411,170.46534026326663,6400.0,-898.653709355469,0.01806578648928673,12.858268880067078,15.0
efficient,3.0,20.0,350.0,0.0,559.554927923411,170.46534026326663,7400.0,-85.75265368981752,-0.0015249434585488174,Inf,15.0
efficient,3.0,20.0,350.0,0.01,559.554927923411,170.46534026326663,7400.0,-613.831772362258,-0.0015249434585488174,Inf,15.0
efficient,3.0,20.0,350.0,0.02,559.554927923411,170.46534026326663,7400.0,-1087.7688854897374,-0.0015249434585488174,Inf,15.0
efficient,3.0,20.0,350.0,0.03,559.554927923411,170.46534026326663,7400.0,-1514.146937601222,-0.0015249434585488174,Inf,15.0
efficient,3.0,20.0,350.0,0.04,559.554927923411,170.46534026326663,7400.0,-1898.653709355468,-0.0015249434585488174,Inf,15.0
efficient,3.0,20.0,400.0,0.0,559.554927923411,170.46534026326663,8400.0,-1085.7526536898172,-0.01761289693488783,Inf,15.0
efficient,3.0,20.0,400.0,0.01,559.554927923411,170.46534026326663,8400.0,-1613.831772362258,-0.01761289693488783,Inf,15.0
efficient,3.0,20.0,400.0,0.02,559.554927923411,170.46534026326663,8400.0,-2087.7688854897374,-0.01761289693488783,Inf,15.0
efficient,3.0,20.0,400.0,0.03,559.554927923411,170.46534026326663,8400.0,-2514.1469376012215,-0.01761289693488783,Inf,15.0
efficient,3.0,20.0,400.0,0.04,559.554927923411,170.46534026326663,8400.0,-2898.6537093554666,-0.01761289693488783,Inf,15.0
efficient,3.0,25.0,100.0,0.0,590.828274975767,148.04514522629236,2900.0,4823.038305469141,0.1693333235311138,5.11550065282166,15.0
efficient,3.0,25.0,100.0,0.01,590.828274975767,148.04514522629236,2900.0,4265.445012717965,0.1693333235311138,5.11550065282166,15.0
efficient,3.0,25.0,100.0,0.02,590.828274975767,148.04514522629236,2900.0,3765.019704991196,0.1693333235311138,5.11550065282166,15.0
efficient,3.0,25.0,100.0,0.03,590.828274975767,148.04514522629236,2900.0,3314.811519082703,0.1693333235311138,5.11550065282166,15.0
efficient,3.0,25.0,100.0,0.04,590.828274975767,148.04514522629236,2900.0,2908.8147860807235,0.1693333235311138,5.11550065282166,15.0
efficient,3.0,25.0,150.0,0.0,590.828274975767,148.04514522629236,4150.0,3573.0383054691406,0.09565790320044007,7.495682034937105,15.0
efficient,3.0,25.0,150.0,0.01,590.828274975767,148.04514522629236,4150.0,3015.4450127179653,0.09565790320044007,7.495682034937105,15.0
efficient,3.0,25.0,150.0,0.02,590.828274975767,148.04514522629236,4150.0,2515.019704991196,0.09565790320044007,7.495682034937105,15.0
efficient,3.0,25.0,150.0,0.03,590.828274975767,148.04514522629236,4150.0,2064.811519082703,0.09565790320044007,7.495682034937105,15.0
efficient,3.0,25.0,150.0,0.04,590.828274975767,148.04514522629236,4150.0,1658.8147860807233,0.09565790320044007,7.495682034937105,15.0
efficient,3.0,25.0,200.0,0.0,590.828274975767,148.04514522629236,5400.0,2323.038305469141,0.05120555619152521,9.992026220728967,15.0
efficient,3.0,25.0,200.0,0.01,590.828274975767,148.04514522629236,5400.0,1765.4450127179648,0.05120555619152521,9.992026220728967,15.0
efficient,3.0,25.0,200.0,0.02,590.828274975767,148.04514522629236,5400.0,1265.0197049911958,0.05120555619152521,9.992026220728967,15.0
efficient,3.0,25.0,200.0,0.03,590.828274975767,148.04514522629236,5400.0,814.811519082703,0.05120555619152521,9.992026220728967,15.0
efficient,3.0,25.0,200.0,0.04,590.828274975767,148.04514522629236,5400.0,408.814786080724,0.05120555619152521,9.992026220728967,15.0
efficient,3.0,25.0,250.0,0.0,590.828274975767,148.04514522629236,6650.0,1073.0383054691408,0.020317240935772474,12.625986006564128,15.0
efficient,3.0,25.0,250.0,0.01,590.828274975767,148.04514522629236,6650.0,515.445012717965,0.020317240935772474,12.625986006564128,15.0
efficient,3.0,25.0,250.0,0.02,590.828274975767,148.04514522629236,6650.0,15.019704991194828,0.020317240935772474,12.625986006564128,15.0
efficient,3.0,25.0,250.0,0.03,590.828274975767,148.04514522629236,6650.0,-435.18848091729734,0.020317240935772474,12.625986006564128,15.0
efficient,3.0,25.0,250.0,0.04,590.828274975767,148.04514522629236,6650.0,-841.1852139192749,0.020317240935772474,12.625986006564128,15.0
efficient,3.0,25.0,300.0,0.0,590.828274975767,148.04514522629236,7900.0,-176.96169453085935,-0.002956666221787201,Inf,15.0
efficient,3.0,25.0,300.0,0.01,590.828274975767,148.04514522629236,7900.0,-734.5549872820354,-0.002956666221787201,Inf,15.0
efficient,3.0,25.0,300.0,0.02,590.828274975767,148.04514522629236,7900.0,-1234.9802950088047,-0.002956666221787201,Inf,15.0
efficient,3.0,25.0,300.0,0.03,590.828274975767,148.04514522629236,7900.0,-1685.188480917297,-0.002956666221787201,Inf,15.0
efficient,3.0,25.0,300.0,0.04,590.828274975767,148.04514522629236,7900.0,-2091.1852139192747,-0.002956666221787201,Inf,15.0
efficient,3.0,25.0,350.0,0.0,590.828274975767,148.04514522629236,9150.0,-1426.9616945308592,-0.02143352858696891,Inf,15.0
efficient,3.0,25.0,350.0,0.01,590.828274975767,148.04514522629236,9150.0,-1984.5549872820359,-0.02143352858696891,Inf,15.0
efficient,3.0,25.0,350.0,0.02,590.828274975767,148.04514522629236,9150.0,-2484.980295008805,-0.02143352858696891,Inf,15.0
efficient,3.0,25.0,350.0,0.03,590.828274975767,148.04514522629236,9150.0,-2935.188480917297,-0.02143352858696891,Inf,15.0
efficient,3.0,25.0,350.0,0.04,590.828274975767,148.04514522629236,9150.0,-3341.1852139192742,-0.02143352858696891,Inf,15.0
efficient,3.0,25.0,400.0,0.0,590.828274975767,148.04514522629236,10400.0,-2676.961694530859,-0.03664507446414991,Inf,15.0
efficient,3.0,25.0,400.0,0.01,590.828274975767,148.04514522629236,10400.0,-3234.554987282037,-0.03664507446414991,Inf,15.0
efficient,3.0,25.0,400.0,0.02,590.828274975767,148.04514522629236,10400.0,-3734.980295008806,-0.03664507446414991,Inf,15.0
efficient,3.0,25.0,400.0,0.03,590.828274975767,148.04514522629236,10400.0,-4185.188480917296,-0.03664507446414991,Inf,15.0
efficient,3.0,25.0,400.0,0.04,590.828274975767,148.04514522629236,10400.0,-4591.185213919275,-0.03664507446414991,Inf,15.0
efficient,6.0,5.0,100.0,0.0,343.5671735180534,326.6560881206043,900.0,3590.953723720345,0.35890789025031145,2.66594654558434,15.0
efficient,6.0,5.0,100.0,0.01,343.5671735180534,326.6560881206043,900.0,3266.7127222702993,0.35890789025031145,2.66594654558434,15.0
efficient,6.0,5.0,100.0,0.02,343.5671735180534,326.6560881206043,900.0,2975.7149555509595,0.35890789025031145,2.66594654558434,15.0
efficient,6.0,5.0,100.0,0.03,343.5671735180534,326.6560881206043,900.0,2713.9184903536643,0.35890789025031145,2.66594654558434,15.0
efficient,6.0,5.0,100.0,0.04,343.5671735180534,326.6560881206043,900.0,2477.831024802401,0.35890789025031145,2.66594654558434,15.0
efficient,6.0,5.0,150.0,0.0,343.5671735180534,326.6560881206043,1150.0,3340.953723720345,0.2728369000255315,3.4322548448445986,15.0
efficient,6.0,5.0,150.0,0.01,343.5671735180534,326.6560881206043,1150.0,3016.7127222702993,0.2728369000255315,3.4322548448445986,15.0
efficient,6.0,5.0,150.0,0.02,343.5671735180534,326.6560881206043,1150.0,2725.714955550959,0.2728369000255315,3.4322548448445986,15.0
efficient,6.0,5.0,150.0,0.03,343.5671735180534,326.6560881206043,1150.0,2463.918490353665,0.2728369000255315,3.4322548448445986,15.0
efficient,6.0,5.0,150.0,0.04,343.5671735180534,326.6560881206043,1150.0,2227.831024802401,0.2728369000255315,3.4322548448445986,15.0
efficient,6.0,5.0,200.0,0.0,343.5671735180534,326.6560881206043,1400.0,3090.953723720345,0.2157284511622719,4.209572001573379,15.0
efficient,6.0,5.0,200.0,0.01,343.5671735180534,326.6560881206043,1400.0,2766.7127222702993,0.2157284511622719,4.209572001573379,15.0
efficient,6.0,5.0,200.0,0.02,343.5671735180534,326.6560881206043,1400.0,2475.714955550959,0.2157284511622719,4.209572001573379,15.0
efficient,6.0,5.0,200.0,0.03,343.5671735180534,326.6560881206043,1400.0,2213.9184903536648,0.2157284511622719,4.209572001573379,15.0
efficient,6.0,5.0,200.0,0.04,343.5671735180534,326.6560881206043,1400.0,1977.8310248024009,0.2157284511622719,4.209572001573379,15.0
efficient,6.0,5.0,250.0,0.0,343.5671735180534,326.6560881206043,1650.0,2840.953723720345,0.174435091697137,4.998475794121658,15.0
efficient,6.0,5.0,250.0,0.01,343.5671735180534,326.6560881206043,1650.0,2516.7127222702993,0.174435091697137,4.998475794121658,15.0
efficient,6.0,5.0,250.0,0.02,343.5671735180534,326.6560881206043,1650.0,2225.714955550959,0.174435091697137,4.998475794121658,15.0
efficient,6.0,5.0,250.0,0.03,343.5671735180534,326.6560881206043,1650.0,1963.9184903536645,0.174435091697137,4.998475794121658,15.0
efficient,6.0,5.0,250.0,0.04,343.5671735180534,326.6560881206043,1650.0,1727.8310248024009,0.174435091697137,4.998475794121658,15.0
efficient,6.0,5.0,300.0,0.0,343.5671735180534,326.6560881206043,1900.0,2590.953723720346,0.1427877846247747,5.803448557826467,15.0
efficient,6.0,5.0,300.0,0.01,343.5671735180534,326.6560881206043,1900.0,2266.7127222702993,0.1427877846247747,5.803448557826467,15.0
efficient,6.0,5.0,300.0,0.02,343.5671735180534,326.6560881206043,1900.0,1975.714955550959,0.1427877846247747,5.803448557826467,15.0
efficient,6.0,5.0,300.0,0.03,343.5671735180534,326.6560881206043,1900.0,1713.9184903536645,0.1427877846247747,5.803448557826467,15.0
efficient,6.0,5.0,300.0,0.04,343.5671735180534,326.6560881206043,1900.0,1477.8310248024013,0.1427877846247747,5.803448557826467,15.0
efficient,6.0,5.0,350.0,0.0,343.5671735180534,326.6560881206043,2150.0,2340.953723720346,0.11750204423511823,6.620869824258867,15.0
efficient,6.0,5.0,350.0,0.01,343.5671735180534,326.6560881206043,2150.0,2016.7127222702993,0.11750204423511823,6.620869824258867,15.0
efficient,6.0,5.0,350.0,0.02,343.5671735180534,326.6560881206043,2150.0,1725.714955550959,0.11750204423511823,6.620869824258867,15.0
efficient,6.0,5.0,350.0,0.03,343.5671735180534,326.6560881206043,2150.0,1463.9184903536645,0.11750204423511823,6.620869824258867,15.0
efficient,6.0,5.0,350.0,0.04,343.5671735180534,326.6560881206043,2150.0,1227.8310248024009,0.11750204423511823,6.620869824258867,15.0
efficient,6.0,5.0,400.0,0.0,343.5671735180534,326.6560881206043,2400.0,2090.953723720346,0.09666186067495228,7.45132892307467,15.0
efficient,6.0,5.0,400.0,0.01,343.5671735180534,326.6560881206043,2400.0,1766.712722270299,0.09666186067495228,7.45132892307467,15.0
efficient,6.0,5.0,400.0,0.02,343.5671735180534,326.6560881206043,2400.0,1475.714955550959,0.09666186067495228,7.45132892307467,15.0
efficient,6.0,5.0,400.0,0.03,343.5671735180534,326.6560881206043,2400.0,1213.9184903536643,0.09666186067495228,7.45132892307467,15.0
efficient,6.0,5.0,400.0,0.04,343.5671735180534,326.6560881206043,2400.0,977.8310248024013,0.09666186067495228,7.45132892307467,15.0
efficient,6.0,10.0,100.0,0.0,544.2144675935622,286.9739374370053,1400.0,5713.723830816934,0.36605777852077603,2.6169462916257533,15.0
efficient,6.0,10.0,100.0,0.01,544.2144675935622,286.9739374370053,1400.0,5200.122248426911,0.36605777852077603,2.6169462916257533,15.0
efficient,6.0,10.0,100.0,0.02,544.2144675935622,286.9739374370053,1400.0,4739.178343150815,0.36605777852077603,2.6169462916257533,15.0
efficient,6.0,10.0,100.0,0.03,544.2144675935622,286.9739374370053,1400.0,4324.489644966047,0.36605777852077603,2.6169462916257533,15.0
efficient,6.0,10.0,100.0,0.04,544.2144675935622,286.9739374370053,1400.0,3950.5243063835965,0.36605777852077603,2.6169462916257533,15.0
efficient,6.0,10.0,150.0,0.0,544.2144675935622,286.9739374370053,1900.0,5213.723830816934,0.25980898568016747,3.585290412209054,15.0
efficient,6.0,10.0,150.0,0.01,544.2144675935622,286.9739374370053,1900.0,4700.12224842691,0.25980898568016747,3.585290412209054,15.0
efficient,6.0,10.0,150.0,0.02,544.2144675935622,286.9739374370053,1900.0,4239.178343150816,0.25980898568016747,3.585290412209054,15.0
efficient,6.0,10.0,150.0,0.03,544.2144675935622,286.9739374370053,1900.0,3824.489644966047,0.25980898568016747,3.585290412209054,15.0
efficient,6.0,10.0,150.0,0.04,544.2144675935622,286.9739374370053,1900.0,3450.5243063835965,0.25980898568016747,3.585290412209054,15.0
efficient,6.0,10.0,200.0,0.0,544.2144675935622,286.9739374370053,2400.0,4713.723830816934,0.1952145353516209,4.572910158583916,15.0
efficient,6.0,10.0,200.0,0.01,544.2144675935622,286.9739374370053,2400.0,4200.12224842691,0.1952145353516209,4.572910158583916,15.0
efficient,6.0,10.0,200.0,0.02,544.2144675935622,286.9739374370053,2400.0,3739.1783431508156,0.1952145353516209,4.572910158583916,15.0
efficient,6.0,10.0,200.0,0.03,544.2144675935622,286.9739374370053,2400.0,3324.489644966047,0.1952145353516209,4.572910158583916,15.0
efficient,6.0,10.0,200.0,0.04,544.2144675935622,286.9739374370053,2400.0,2950.5243063835965,0.1952145353516209,4.572910158583916,15.0
efficient,6.0,10.0,250.0,0.0,544.2144675935622,286.9739374370053,2900.0,4213.723830816935,0.15080479075023273,5.580605475442962,15.0
efficient,6.0,10.0,250.0,0.01,544.2144675935622,286.9739374370053,2900.0,3700.12224842691,0.15080479075023273,5.580605475442962,15.0
efficient,6.0,10.0,250.0,0.02,544.2144675935622,286.9739374370053,2900.0,3239.1783431508165,0.15080479075023273,5.580605475442962,15.0
efficient,6.0,10.0,250.0,0.03,544.2144675935622,286.9739374370053,2900.0,2824.489644966047,0.15080479075023273,5.580605475442962,15.0
efficient,6.0,10.0,250.0,0.04,544.2144675935622,286.9739374370053,2900.0,2450.5243063835965,0.15080479075023273,5.580605475442962,15.0
efficient,6.0,10.0,300.0,0.0,544.2144675935622,286.9739374370053,3400.0,3713.7238308169353,0.11782662282600306,6.609200930116919,15.0
efficient,6.0,10.0,300.0,0.01,544.2144675935622,286.9739374370053,3400.0,3200.1222484269106,0.11782662282600306,6.609200930116919,15.0
efficient,6.0,10.0,300.0,0.02,544.2144675935622,286.9739374370053,3400.0,2739.1783431508156,0.11782662282600306,6.609200930116919,15.0
efficient,6.0,10.0,300.0,0.03,544.2144675935622,286.9739374370053,3400.0,2324.489644966046,0.11782662282600306,6.609200930116919,15.0
efficient,6.0,10.0,300.0,0.04,544.2144675935622,286.9739374370053,3400.0,1950.5243063835965,0.11782662282600306,6.609200930116919,15.0
efficient,6.0,10.0,350.0,0.0,544.2144675935622,286.9739374370053,3900.0,3213.7238308169353,0.09202458108807997,7.659546384408788,15.0
efficient,6.0,10.0,350.0,0.01,544.2144675935622,286.9739374370053,3900.0,2700.1222484269106,0.09202458108807997,7.659546384408788,15.0
efficient,6.0,10.0,350.0,0.02,544.2144675935622,286.9739374370053,3900.0,2239.1783431508165,0.09202458108807997,7.659546384408788,15.0
efficient,6.0,10.0,350.0,0.03,544.2144675935622,286.9739374370053,3900.0,1824.489644966046,0.09202458108807997,7.659546384408788,15.0
efficient,6.0,10.0,350.0,0.04,544.2144675935622,286.9739374370053,3900.0,1450.5243063835965,0.09202458108807997,7.659546384408788,15.0
efficient,6.0,10.0,400.0,0.0,544.2144675935622,286.9739374370053,4400.0,2713.7238308169353,0.07106696990884466,8.732517683594654,15.0
efficient,6.0,10.0,400.0,0.01,544.2144675935622,286.9739374370053,4400.0,2200.1222484269106,0.07106696990884466,8.732517683594654,15.0
efficient,6.0,10.0,400.0,0.02,544.2144675935622,286.9739374370053,4400.0,1739.1783431508159,0.07106696990884466,8.732517683594654,15.0
efficient,6.0,10.0,400.0,0.03,544.2144675935622,286.9739374370053,4400.0,1324.4896449660462,0.07106696990884466,8.732517683594654,15.0
efficient,6.0,10.0,400.0,0.04,544.2144675935622,286.9739374370053,4400.0,950.5243063835967,0.07106696990884466,8.732517683594654,15.0
efficient,6.0,15.0,100.0,0.0,685.4563188296136,255.8528812950098,1900.0,7059.973026450199,0.3373633739460229,2.824527403019521,15.0
efficient,6.0,15.0,100.0,0.01,685.4563188296136,255.8528812950098,1900.0,6413.074660137281,0.3373633739460229,2.824527403019521,15.0
efficient,6.0,15.0,100.0,0.02,685.4563188296136,255.8528812950098,1900.0,5832.500398863753,0.3373633739460229,2.824527403019521,15.0
efficient,6.0,15.0,100.0,0.03,685.4563188296136,255.8528812950098,1900.0,5310.186117556802,0.3373633739460229,2.824527403019521,15.0
efficient,6.0,15.0,100.0,0.04,685.4563188296136,255.8528812950098,1900.0,4839.164269335675,0.3373633739460229,2.824527403019521,15.0
efficient,6.0,15.0,150.0,0.0,685.4563188296136,255.8528812950098,2650.0,6309.973026450199,0.23011308997147356,3.9834738749702296,15.0
efficient,6.0,15.0,150.0,0.01,685.4563188296136,255.8528812950098,2650.0,5663.07466013728,0.23011308997147356,3.9834738749702296,15.0
efficient,6.0,15.0,150.0,0.02,685.4563188296136,255.8528812950098,2650.0,5082.500398863753,0.23011308997147356,3.9834738749702296,15.0
efficient,6.0,15.0,150.0,0.03,685.4563188296136,255.8528812950098,2650.0,4560.186117556801,0.23011308997147356,3.9834738749702296,15.0
efficient,6.0,15.0,150.0,0.04,685.4563188296136,255.8528812950098,2650.0,4089.164269335675,0.23011308997147356,3.9834738749702296,15.0
efficient,6.0,15.0,200.0,0.0,685.4563188296136,255.8528812950098,3400.0,5559.973026450198,0.16690299345546455,5.172846126956167,15.0
efficient,6.0,15.0,200.0,0.01,685.4563188296136,255.8528812950098,3400.0,4913.07466013728,0.16690299345546455,5.172846126956167,15.0
efficient,6.0,15.0,200.0,0.02,685.4563188296136,255.8528812950098,3400.0,4332.500398863753,0.16690299345546455,5.172846126956167,15.0
efficient,6.0,15.0,200.0,0.03,685.4563188296136,255.8528812950098,3400.0,3810.1861175568015,0.16690299345546455,5.172846126956167,15.0
efficient,6.0,15.0,200.0,0.04,685.4563188296136,255.8528812950098,3400.0,3339.164269335675,0.16690299345546455,5.172846126956167,15.0
efficient,6.0,15.0,250.0,0.0,685.4563188296136,255.8528812950098,4150.0,4809.973026450198,0.12406080347005106,6.391130572388181,15.0
efficient,6.0,15.0,250.0,0.01,685.4563188296136,255.8528812950098,4150.0,4163.07466013728,0.12406080347005106,6.391130572388181,15.0
efficient,6.0,15.0,250.0,0.02,685.4563188296136,255.8528812950098,4150.0,3582.5003988637527,0.12406080347005106,6.391130572388181,15.0
efficient,6.0,15.0,250.0,0.03,685.4563188296136,255.8528812950098,4150.0,3060.1861175568015,0.12406080347005106,6.391130572388181,15.0
efficient,6.0,15.0,250.0,0.04,685.4563188296136,255.8528812950098,4150.0,2589.164269335675,0.12406080347005106,6.391130572388181,15.0
efficient,6.0,15.0,300.0,0.0,685.4563188296136,255.8528812950098,4900.0,4059.973026450198,0.09247205288983586,7.639077254190615,15.0
efficient,6.0,15.0,300.0,0.01,685.4563188296136,255.8528812950098,4900.0,3413.074660137279,0.09247205288983586,7.639077254190615,15.0
efficient,6.0,15.0,300.0,0.02,685.4563188296136,255.8528812950098,4900.0,2832.5003988637527,0.09247205288983586,7.639077254190615,15.0
efficient,6.0,15.0,300.0,0.03,685.4563188296136,255.8528812950098,4900.0,2310.186117556802,0.09247205288983586,7.639077254190615,15.0
efficient,6.0,15.0,300.0,0.04,685.4563188296136,255.8528812950098,4900.0,1839.1642693356737,0.09247205288983586,7.639077254190615,15.0
efficient,6.0,15.0,350.0,0.0,685.4563188296136,255.8528812950098,5650.0,3309.973026450198,0.06784755038165767,8.917805961917352,15.0
efficient,6.0,15.0,350.0,0.01,685.4563188296136,255.8528812950098,5650.0,2663.074660137279,0.06784755038165767,8.917805961917352,15.0
efficient,6.0,15.0,350.0,0.02,685.4563188296136,255.8528812950098,5650.0,2082.500398863752,0.06784755038165767,8.917805961917352,15.0
efficient,6.0,15.0,350.0,0.03,685.4563188296136,255.8528812950098,5650.0,1560.1861175568017,0.06784755038165767,8.917805961917352,15.0
efficient,6.0,15.0,350.0,0.04,685.4563188296136,255.8528812950098,5650.0,1089.1642693356735,0.06784755038165767,8.917805961917352,15.0
efficient,6.0,15.0,400.0,0.0,685.4563188296136,255.8528812950098,6400.0,2559.973026450198,0.04788373715784068,10.23313248642933,15.0
efficient,6.0,15.0,400.0,0.01,685.4563188296136,255.8528812950098,6400.0,1913.07466013728,0.04788373715784068,10.23313248642933,15.0
efficient,6.0,15.0,400.0,0.02,685.4563188296136,255.8528812950098,6400.0,1332.5003988637516,0.04788373715784068,10.23313248642933,15.0
efficient,6.0,15.0,400.0,0.03,685.4563188296136,255.8528812950098,6400.0,810.1861175568017,0.04788373715784068,10.23313248642933,15.0
efficient,6.0,15.0,400.0,0.04,685.4563188296136,255.8528812950098,6400.0,339.1642693356736,0.04788373715784068,10.23313248642933,15.0
efficient,6.0,20.0,100.0,0.0,779.6994914648849,228.99059680117094,2400.0,7791.876886029352,0.3001978059664089,3.1463133683860547,15.0
efficient,6.0,20.0,100.0,0.01,779.6994914648849,228.99059680117094,2400.0,7056.036667786321,0.3001978059664089,3.1463133683860547,15.0
efficient,6.0,20.0,100.0,0.02,779.6994914648849,228.99059680117094,2400.0,6395.639434822608,0.3001978059664089,3.1463133683860547,15.0
efficient,6.0,20.0,100.0,0.03,779.6994914648849,228.99059680117094,2400.0,5801.5123280578255,0.3001978059664089,3.1463133683860547,15.0
efficient,6.0,20.0,100.0,0.04,779.6994914648849,228.99059680117094,2400.0,5265.7298347927035,0.3001978059664089,3.1463133683860547,15.0
efficient,6.0,20.0,150.0,0.0,779.6994914648849,228.99059680117094,3400.0,6791.876886029352,0.19806023514755905,4.519383037617189,15.0
efficient,6.0,20.0,150.0,0.01,779.6994914648849,228.99059680117094,3400.0,6056.036667786321,0.19806023514755905,4.519383037617189,15.0
efficient,6.0,20.0,150.0,0.02,779.6994914648849,228.99059680117094,3400.0,5395.639434822608,0.19806023514755905,4.519383037617189,15.0
efficient,6.0,20.0,150.0,0.03,779.6994914648849,228.99059680117094,3400.0,4801.5123280578255,0.19806023514755905,4.519383037617189,15.0
efficient,6.0,20.0,150.0,0.04,779.6994914648849,228.99059680117094,3400.0,4265.729834792702,0.19806023514755905,4.519383037617189,15.0
efficient,6.0,20.0,200.0,0.0,779.6994914648849,228.99059680117094,4400.0,5791.876886029352,0.13850424523603577,5.9284437581670515,15.0
efficient,6.0,20.0,200.0,0.01,779.6994914648849,228.99059680117094,4400.0,5056.036667786322,0.13850424523603577,5.9284437581670515,15.0
efficient,6.0,20.0,200.0,0.02,779.6994914648849,228.99059680117094,4400.0,4395.639434822607,0.13850424523603577,5.9284437581670515,15.0
efficient,6.0,20.0,200.0,0.03,779.6994914648849,228.99059680117094,4400.0,3801.5123280578237,0.13850424523603577,5.9284437581670515,15.0
efficient,6.0,20.0,200.0,0.04,779.6994914648849,228.99059680117094,4400.0,3265.729834792702,0.13850424523603577,5.9284437581670515,15.0
efficient,6.0,20.0,250.0,0.0,779.6994914648849,228.99059680117094,5400.0,4791.876886029353,0.0982386804182703,7.382458338352038,15.0
efficient,6.0,20.0,250.0,0.01,779.6994914648849,228.99059680117094,5400.0,4056.0366677863217,0.0982386804182703,7.382458338352038,15.0
efficient,6.0,20.0,250.0,0.02,779.6994914648849,228.99059680117094,5400.0,3395.639434822607,0.0982386804182703,7.382458338352038,15.0
efficient,6.0,20.0,250.0,0.03,779.6994914648849,228.99059680117094,5400.0,2801.512328057824,0.0982386804182703,7.382458338352038,15.0
efficient,6.0,20.0,250.0,0.04,779.6994914648849,228.99059680117094,5400.0,2265.7298347927017,0.0982386804182703,7.382458338352038,15.0
efficient,6.0,20.0,300.0,0.0,779.6994914648849,228.99059680117094,6400.0,3791.8768860293526,0.06854167603508297,8.87737913001762,15.0
efficient,6.0,20.0,300.0,0.01,779.6994914648849,228.99059680117094,6400.0,3056.0366677863212,0.06854167603508297,8.87737913001762,15.0
efficient,6.0,20.0,300.0,0.02,779.6994914648849,228.99059680117094,6400.0,2395.6394348226067,0.06854167603508297,8.87737913001762,15.0
efficient,6.0,20.0,300.0,0.03,779.6994914648849,228.99059680117094,6400.0,1801.5123280578239,0.06854167603508297,8.87737913001762,15.0
efficient,6.0,20.0,300.0,0.04,779.6994914648849,228.99059680117094,6400.0,1265.7298347927024,0.06854167603508297,8.87737913001762,15.0
efficient,6.0,20.0,350.0,0.0,779.6994914648849,228.99059680117094,7400.0,2791.8768860293526,0.0453629334606,10.421598097394044,15.0
efficient,6.0,20.0,350.0,0.01,779.6994914648849,228.99059680117094,7400.0,2056.0366677863217,0.0453629334606,10.421598097394044,15.0
efficient,6.0,20.0,350.0,0.02,779.6994914648849,228.99059680117094,7400.0,1395.639434822607,0.0453629334606,10.421598097394044,15.0
efficient,6.0,20.0,350.0,0.03,779.6994914648849,228.99059680117094,7400.0,801.5123280578238,0.0453629334606,10.421598097394044,15.0
efficient,6.0,20.0,350.0,0.04,779.6994914648849,228.99059680117094,7400.0,265.72983479270255,0.0453629334606,10.421598097394044,15.0
efficient,6.0,20.0,400.0,0.0,779.6994914648849,228.99059680117094,8400.0,1791.8768860293526,0.026541724117183724,12.011746389269186,15.0
efficient,6.0,20.0,400.0,0.01,779.6994914648849,228.99059680117094,8400.0,1056.0366677863221,0.026541724117183724,12.011746389269186,15.0
efficient,6.0,20.0,400.0,0.02,779.6994914648849,228.99059680117094,8400.0,395.6394348226071,0.026541724117183724,12.011746389269186,15.0
efficient,6.0,20.0,400.0,0.03,779.6994914648849,228.99059680117094,8400.0,-198.4876719421763,0.026541724117183724,12.011746389269186,15.0
efficient,6.0,20.0,400.0,0.04,779.6994914648849,228.99059680117094,8400.0,-734.2701652072981,0.026541724117183724,12.011746389269186,15.0
efficient,6.0,30.0,100.0,0.0,888.8440379612495,182.5319176938064,3400.0,8218.564722624606,0.2330915954998635,3.940077060670623,15.0
efficient,6.0,30.0,100.0,0.01,888.8440379612495,182.5319176938064,3400.0,7379.719503361204,0.2330915954998635,3.940077060670623,15.0
efficient,6.0,30.0,100.0,0.02,888.8440379612495,182.5319176938064,3400.0,6626.877992456692,0.2330915954998635,3.940077060670623,15.0
efficient,6.0,30.0,100.0,0.03,888.8440379612495,182.5319176938064,3400.0,5949.5832879970485,0.2330915954998635,3.940077060670623,15.0
efficient,6.0,30.0,100.0,0.04,888.8440379612495,182.5319176938064,3400.0,5338.800441533995,0.2330915954998635,3.940077060670623,15.0
efficient,6.0,30.0,150.0,0.0,888.8440379612495,182.5319176938064,4900.0,6718.564722624604,0.14346203094843574,5.78415941128409,15.0
efficient,6.0,30.0,150.0,0.01,888.8440379612495,182.5319176938064,4900.0,5879.719503361204,0.14346203094843574,5.78415941128409,15.0
efficient,6.0,30.0,150.0,0.02,888.8440379612495,182.5319176938064,4900.0,5126.877992456692,0.14346203094843574,5.78415941128409,15.0
efficient,6.0,30.0,150.0,0.03,888.8440379612495,182.5319176938064,4900.0,4449.583287997048,0.14346203094843574,5.78415941128409,15.0
efficient,6.0,30.0,150.0,0.04,888.8440379612495,182.5319176938064,4900.0,3838.800441533995,0.14346203094843574,5.78415941128409,15.0
efficient,6.0,30.0,200.0,0.0,888.8440379612495,182.5319176938064,6400.0,5218.564722624605,0.09117160148117527,7.698792916403204,15.0
efficient,6.0,30.0,200.0,0.01,888.8440379612495,182.5319176938064,6400.0,4379.719503361204,0.09117160148117527,7.698792916403204,15.0
efficient,6.0,30.0,200.0,0.02,888.8440379612495,182.5319176938064,6400.0,3626.8779924566916,0.09117160148117527,7.698792916403204,15.0
efficient,6.0,30.0,200.0,0.03,888.8440379612495,182.5319176938064,6400.0,2949.5832879970485,0.09117160148117527,7.698792916403204,15.0
efficient,6.0,30.0,200.0,0.04,888.8440379612495,182.5319176938064,6400.0,2338.8004415339956,0.09117160148117527,7.698792916403204,15.0
efficient,6.0,30.0,250.0,0.0,888.8440379612495,182.5319176938064,7900.0,3718.5647226246047,0.05561207170222441,9.690060704765854,15.0
efficient,6.0,30.0,250.0,0.01,888.8440379612495,182.5319176938064,7900.0,2879.719503361204,0.05561207170222441,9.690060704765854,15.0
efficient,6.0,30.0,250.0,0.02,888.8440379612495,182.5319176938064,7900.0,2126.8779924566916,0.05561207170222441,9.690060704765854,15.0
efficient,6.0,30.0,250.0,0.03,888.8440379612495,182.5319176938064,7900.0,1449.583287997048,0.05561207170222441,9.690060704765854,15.0
efficient,6.0,30.0,250.0,0.04,888.8440379612495,182.5319176938064,7900.0,838.8004415339958,0.05561207170222441,9.690060704765854,15.0
efficient,6.0,30.0,300.0,0.0,888.8440379612495,182.5319176938064,9400.0,2218.5647226246047,0.029218640447221507,11.76442760698835,15.0
efficient,6.0,30.0,300.0,0.01,888.8440379612495,182.5319176938064,9400.0,1379.7195033612038,0.029218640447221507,11.76442760698835,15.0
efficient,6.0,30.0,300.0,0.02,888.8440379612495,182.5319176938064,9400.0,626.8779924566909,0.029218640447221507,11.76442760698835,15.0
efficient,6.0,30.0,300.0,0.03,888.8440379612495,182.5319176938064,9400.0,-50.416712002951044,0.029218640447221507,11.76442760698835,15.0
efficient,6.0,30.0,300.0,0.04,888.8440379612495,182.5319176938064,9400.0,-661.1995584660036,0.029218640447221507,11.76442760698835,15.0
efficient,6.0,30.0,350.0,0.0,888.8440379612495,182.5319176938064,10900.0,718.5647226246022,0.008497365171816625,13.928761290651419,15.0
efficient,6.0,30.0,350.0,0.01,888.8440379612495,182.5319176938064,10900.0,-120.28049663879904,0.008497365171816625,13.928761290651419,15.0
efficient,6.0,30.0,350.0,0.02,888.8440379612495,182.5319176938064,10900.0,-873.1220075433093,0.008497365171816625,13.928761290651419,15.0
efficient,6.0,30.0,350.0,0.03,888.8440379612495,182.5319176938064,10900.0,-1550.416712002951,0.008497365171816625,13.928761290651419,15.0
efficient,6.0,30.0,350.0,0.04,888.8440379612495,182.5319176938064,10900.0,-2161.1995584660035,0.008497365171816625,13.928761290651419,15.0
efficient,6.0,30.0,400.0,0.0,888.8440379612495,182.5319176938064,12400.0,-781.4352773753963,-0.008415657568696899,Inf,15.0
efficient,6.0,30.0,400.0,0.01,888.8440379612495,182.5319176938064,12400.0,-1620.280496638797,-0.008415657568696899,Inf,15.0
efficient,6.0,30.0,400.0,0.02,888.8440379612495,182.5319176938064,12400.0,-2373.122007543308,-0.008415657568696899,Inf,15.0
efficient,6.0,30.0,400.0,0.03,888.8440379612495,182.5319176938064,12400.0,-3050.416712002949,-0.008415657568696899,Inf,15.0
efficient,6.0,30.0,400.0,0.04,888.8440379612495,182.5319176938064,12400.0,-3661.199558466005,-0.008415657568696899,Inf,15.0
efficient,9.0,7.5,100.0,0.0,470.09748685656524,318.0160618757524,1150.0,4994.900391652614,0.3865370103869189,2.485528010924934,15.0
efficient,9.0,7.5,100.0,0.01,470.09748685656524,318.0160618757524,1150.0,4551.246597965851,0.3865370103869189,2.485528010924934,15.0
efficient,9.0,7.5,100.0,0.02,470.09748685656524,318.0160618757524,1150.0,4153.07899244388,0.3865370103869189,2.485528010924934,15.0
efficient,9.0,7.5,100.0,0.03,470.09748685656524,318.0160618757524,1150.0,3794.8670623081466,0.3865370103869189,2.485528010924934,15.0
efficient,9.0,7.5,100.0,0.04,470.09748685656524,318.0160618757524,1150.0,3471.8323465711,0.3865370103869189,2.485528010924934,15.0
efficient,9.0,7.5,150.0,0.0,470.09748685656524,318.0160618757524,1525.0,4619.900391652614,0.28283105443310885,3.3225781590567363,15.0
efficient,9.0,7.5,150.0,0.01,470.09748685656524,318.0160618757524,1525.0,4176.246597965851,0.28283105443310885,3.3225781590567363,15.0
efficient,9.0,7.5,150.0,0.02,470.09748685656524,318.0160618757524,1525.0,3778.078992443881,0.28283105443310885,3.3225781590567363,15.0
efficient,9.0,7.5,150.0,0.03,470.09748685656524,318.0160618757524,1525.0,3419.8670623081466,0.28283105443310885,3.3225781590567363,15.0
efficient,9.0,7.5,150.0,0.04,470.09748685656524,318.0160618757524,1525.0,3096.8323465711005,0.28283105443310885,3.3225781590567363,15.0
efficient,9.0,7.5,200.0,0.0,470.09748685656524,318.0160618757524,1900.0,4244.900391652614,0.2179241416119066,4.173599730139806,15.0
efficient,9.0,7.5,200.0,0.01,470.09748685656524,318.0160618757524,1900.0,3801.246597965852,0.2179241416119066,4.173599730139806,15.0
efficient,9.0,7.5,200.0,0.02,470.09748685656524,318.0160618757524,1900.0,3403.078992443881,0.2179241416119066,4.173599730139806,15.0
efficient,9.0,7.5,200.0,0.03,470.09748685656524,318.0160618757524,1900.0,3044.8670623081466,0.2179241416119066,4.173599730139806,15.0
efficient,9.0,7.5,200.0,0.04,470.09748685656524,318.0160618757524,1900.0,2721.8323465711005,0.2179241416119066,4.173599730139806,15.0
efficient,9.0,7.5,250.0,0.0,470.09748685656524,318.0160618757524,2275.0,3869.900391652614,0.17263547840049104,5.039230853828909,15.0
efficient,9.0,7.5,250.0,0.01,470.09748685656524,318.0160618757524,2275.0,3426.246597965852,0.17263547840049104,5.039230853828909,15.0
efficient,9.0,7.5,250.0,0.02,470.09748685656524,318.0160618757524,2275.0,3028.078992443881,0.17263547840049104,5.039230853828909,15.0
efficient,9.0,7.5,250.0,0.03,470.09748685656524,318.0160618757524,2275.0,2669.8670623081466,0.17263547840049104,5.039230853828909,15.0
efficient,9.0,7.5,250.0,0.04,470.09748685656524,318.0160618757524,2275.0,2346.8323465711005,0.17263547840049104,5.039230853828909,15.0
efficient,9.0,7.5,300.0,0.0,470.09748685656524,318.0160618757524,2650.0,3494.9003916526144,0.13873072424114063,5.921727289147809,15.0
efficient,9.0,7.5,300.0,0.01,470.09748685656524,318.0160618757524,2650.0,3051.2465979658514,0.13873072424114063,5.921727289147809,15.0
efficient,9.0,7.5,300.0,0.02,470.09748685656524,318.0160618757524,2650.0,2653.078992443881,0.13873072424114063,5.921727289147809,15.0
efficient,9.0,7.5,300.0,0.03,470.09748685656524,318.0160618757524,2650.0,2294.8670623081466,0.13873072424114063,5.921727289147809,15.0
efficient,9.0,7.5,300.0,0.04,470.09748685656524,318.0160618757524,2650.0,1971.8323465711007,0.13873072424114063,5.921727289147809,15.0
efficient,9.0,7.5,350.0,0.0,470.09748685656524,318.0160618757524,3025.0,3119.900391652614,0.11207938747787008,6.820636453537461,15.0
efficient,9.0,7.5,350.0,0.01,470.09748685656524,318.0160618757524,3025.0,2676.246597965852,0.11207938747787008,6.820636453537461,15.0
efficient,9.0,7.5,350.0,0.02,470.09748685656524,318.0160618757524,3025.0,2278.0789924438805,0.11207938747787008,6.820636453537461,15.0
efficient,9.0,7.5,350.0,0.03,470.09748685656524,318.0160618757524,3025.0,1919.8670623081466,0.11207938747787008,6.820636453537461,15.0
efficient,9.0,7.5,350.0,0.04,470.09748685656524,318.0160618757524,3025.0,1596.8323465711003,0.11207938747787008,6.820636453537461,15.0
efficient,9.0,7.5,400.0,0.0,470.09748685656524,318.0160618757524,3400.0,2744.9003916526144,0.09037193220058945,7.735860224683063,15.0
efficient,9.0,7.5,400.0,0.01,470.09748685656524,318.0160618757524,3400.0,2301.2465979658514,0.09037193220058945,7.735860224683063,15.0
efficient,9.0,7.5,400.0,0.02,470.09748685656524,318.0160618757524,3400.0,1903.0789924438802,0.09037193220058945,7.735860224683063,15.0
efficient,9.0,7.5,400.0,0.03,470.09748685656524,318.0160618757524,3400.0,1544.8670623081466,0.09037193220058945,7.735860224683063,15.0
efficient,9.0,7.5,400.0,0.04,470.09748685656524,318.0160618757524,3400.0,1221.8323465711005,0.09037193220058945,7.735860224683063,15.0
efficient,9.0,10.0,100.0,0.0,571.8131921032948,304.8109763464413,1400.0,6074.481796538019,0.3861879797294341,2.4876635236055744,15.0
efficient,9.0,10.0,100.0,0.01,571.8131921032948,304.8109763464413,1400.0,5534.833959547628,0.3861879797294341,2.4876635236055744,15.0
efficient,9.0,10.0,100.0,0.02,571.8131921032948,304.8109763464413,1400.0,5050.514226149197,0.3861879797294341,2.4876635236055744,15.0
efficient,9.0,10.0,100.0,0.03,571.8131921032948,304.8109763464413,1400.0,4614.795438137695,0.3861879797294341,2.4876635236055744,15.0
efficient,9.0,10.0,100.0,0.04,571.8131921032948,304.8109763464413,1400.0,4221.865211684175,0.3861879797294341,2.4876635236055744,15.0
efficient,9.0,10.0,150.0,0.0,571.8131921032948,304.8109763464413,1900.0,5574.481796538019,0.27515398833218335,3.4062545089741127,15.0
efficient,9.0,10.0,150.0,0.01,571.8131921032948,304.8109763464413,1900.0,5034.833959547627,0.27515398833218335,3.4062545089741127,15.0
efficient,9.0,10.0,150.0,0.02,571.8131921032948,304.8109763464413,1900.0,4550.514226149198,0.27515398833218335,3.4062545089741127,15.0
efficient,9.0,10.0,150.0,0.03,571.8131921032948,304.8109763464413,1900.0,4114.795438137694,0.27515398833218335,3.4062545089741127,15.0
efficient,9.0,10.0,150.0,0.04,571.8131921032948,304.8109763464413,1900.0,3721.865211684175,0.27515398833218335,3.4062545089741127,15.0
efficient,9.0,10.0,200.0,0.0,571.8131921032948,304.8109763464413,2400.0,5074.481796538019,0.20790551446235433,4.342144225305796,15.0
efficient,9.0,10.0,200.0,0.01,571.8131921032948,304.8109763464413,2400.0,4534.833959547627,0.20790551446235433,4.342144225305796,15.0
efficient,9.0,10.0,200.0,0.02,571.8131921032948,304.8109763464413,2400.0,4050.514226149198,0.20790551446235433,4.342144225305796,15.0
efficient,9.0,10.0,200.0,0.03,571.8131921032948,304.8109763464413,2400.0,3614.795438137694,0.20790551446235433,4.342144225305796,15.0
efficient,9.0,10.0,200.0,0.04,571.8131921032948,304.8109763464413,2400.0,3221.865211684175,0.20790551446235433,4.342144225305796,15.0
efficient,9.0,10.0,250.0,0.0,571.8131921032948,304.8109763464413,2900.0,4574.481796538019,0.16182620622608165,5.296072649547321,15.0
efficient,9.0,10.0,250.0,0.01,571.8131921032948,304.8109763464413,2900.0,4034.8339595476273,0.16182620622608165,5.296072649547321,15.0
efficient,9.0,10.0,250.0,0.02,571.8131921032948,304.8109763464413,2900.0,3550.514226149198,0.16182620622608165,5.296072649547321,15.0
efficient,9.0,10.0,250.0,0.03,571.8131921032948,304.8109763464413,2900.0,3114.795438137694,0.16182620622608165,5.296072649547321,15.0
efficient,9.0,10.0,250.0,0.04,571.8131921032948,304.8109763464413,2900.0,2721.865211684174,0.16182620622608165,5.296072649547321,15.0
efficient,9.0,10.0,300.0,0.0,571.8131921032948,304.8109763464413,3400.0,4074.481796538018,0.12770484115888847,6.268802756983501,15.0
efficient,9.0,10.0,300.0,0.01,571.8131921032948,304.8109763464413,3400.0,3534.8339595476273,0.12770484115888847,6.268802756983501,15.0
efficient,9.0,10.0,300.0,0.02,571.8131921032948,304.8109763464413,3400.0,3050.514226149198,0.12770484115888847,6.268802756983501,15.0
efficient,9.0,10.0,300.0,0.03,571.8131921032948,304.8109763464413,3400.0,2614.795438137694,0.12770484115888847,6.268802756983501,15.0
efficient,9.0,10.0,300.0,0.04,571.8131921032948,304.8109763464413,3400.0,2221.865211684174,0.12770484115888847,6.268802756983501,15.0
efficient,9.0,10.0,350.0,0.0,571.8131921032948,304.8109763464413,3900.0,3574.481796538018,0.10107119095682714,7.2611211517496255,15.0
efficient,9.0,10.0,350.0,0.01,571.8131921032948,304.8109763464413,3900.0,3034.8339595476277,0.10107119095682714,7.2611211517496255,15.0
efficient,9.0,10.0,350.0,0.02,571.8131921032948,304.8109763464413,3900.0,2550.514226149198,0.10107119095682714,7.2611211517496255,15.0
efficient,9.0,10.0,350.0,0.03,571.8131921032948,304.8109763464413,3900.0,2114.795438137694,0.10107119095682714,7.2611211517496255,15.0
efficient,9.0,10.0,350.0,0.04,571.8131921032948,304.8109763464413,3900.0,1721.865211684174,0.10107119095682714,7.2611211517496255,15.0
efficient,9.0,10.0,400.0,0.0,571.8131921032948,304.8109763464413,4400.0,3074.481796538018,0.07948077154411802,8.27383871350038,15.0
efficient,9.0,10.0,400.0,0.01,571.8131921032948,304.8109763464413,4400.0,2534.8339595476277,0.07948077154411802,8.27383871350038,15.0
efficient,9.0,10.0,400.0,0.02,571.8131921032948,304.8109763464413,4400.0,2050.514226149198,0.07948077154411802,8.27383871350038,15.0
efficient,9.0,10.0,400.0,0.03,571.8131921032948,304.8109763464413,4400.0,1614.795438137694,0.07948077154411802,8.27383871350038,15.0
efficient,9.0,10.0,400.0,0.04,571.8131921032948,304.8109763464413,4400.0,1221.865211684174,0.07948077154411802,8.27383871350038,15.0
efficient,9.0,15.0,100.0,0.0,742.3056331855358,282.35345530078337,1900.0,7803.081389753312,0.3680652637223647,2.603490829239937,15.0
efficient,9.0,15.0,100.0,0.01,742.3056331855358,282.35345530078337,1900.0,7102.531568821596,0.3680652637223647,2.603490829239937,15.0
efficient,9.0,15.0,100.0,0.02,742.3056331855358,282.35345530078337,1900.0,6473.806538812794,0.3680652637223647,2.603490829239937,15.0
efficient,9.0,15.0,100.0,0.03,742.3056331855358,282.35345530078337,1900.0,5908.173364740648,0.3680652637223647,2.603490829239937,15.0
efficient,9.0,15.0,100.0,0.04,742.3056331855358,282.35345530078337,1900.0,5398.086636114374,0.3680652637223647,2.603490829239937,15.0
efficient,9.0,15.0,150.0,0.0,742.3056331855358,282.35345530078337,2650.0,7053.081389753312,0.2531018731876429,3.6688944332323676,15.0
efficient,9.0,15.0,150.0,0.01,742.3056331855358,282.35345530078337,2650.0,6352.531568821596,0.2531018731876429,3.6688944332323676,15.0
efficient,9.0,15.0,150.0,0.02,742.3056331855358,282.35345530078337,2650.0,5723.806538812794,0.2531018731876429,3.6688944332323676,15.0
efficient,9.0,15.0,150.0,0.03,742.3056331855358,282.35345530078337,2650.0,5158.173364740647,0.2531018731876429,3.6688944332323676,15.0
efficient,9.0,15.0,150.0,0.04,742.3056331855358,282.35345530078337,2650.0,4648.0866361143735,0.2531018731876429,3.6688944332323676,15.0
efficient,9.0,15.0,200.0,0.0,742.3056331855358,282.35345530078337,3400.0,6303.081389753313,0.185815783468223,4.757540878691695,15.0
efficient,9.0,15.0,200.0,0.01,742.3056331855358,282.35345530078337,3400.0,5602.531568821595,0.185815783468223,4.757540878691695,15.0
efficient,9.0,15.0,200.0,0.02,742.3056331855358,282.35345530078337,3400.0,4973.806538812794,0.185815783468223,4.757540878691695,15.0
efficient,9.0,15.0,200.0,0.03,742.3056331855358,282.35345530078337,3400.0,4408.173364740647,0.185815783468223,4.757540878691695,15.0
efficient,9.0,15.0,200.0,0.04,742.3056331855358,282.35345530078337,3400.0,3898.0866361143753,0.185815783468223,4.757540878691695,15.0
efficient,9.0,15.0,250.0,0.0,742.3056331855358,282.35345530078337,4150.0,5553.081389753313,0.14047683542387737,5.870351612873131,15.0
efficient,9.0,15.0,250.0,0.01,742.3056331855358,282.35345530078337,4150.0,4852.531568821595,0.14047683542387737,5.870351612873131,15.0
efficient,9.0,15.0,250.0,0.02,742.3056331855358,282.35345530078337,4150.0,4223.806538812795,0.14047683542387737,5.870351612873131,15.0
efficient,9.0,15.0,250.0,0.03,742.3056331855358,282.35345530078337,4150.0,3658.1733647406472,0.14047683542387737,5.870351612873131,15.0
efficient,9.0,15.0,250.0,0.04,742.3056331855358,282.35345530078337,4150.0,3148.0866361143744,0.14047683542387737,5.870351612873131,15.0
efficient,9.0,15.0,300.0,0.0,742.3056331855358,282.35345530078337,4900.0,4803.081389753313,0.10720481500767899,7.00844491085734,15.0
efficient,9.0,15.0,300.0,0.01,742.3056331855358,282.35345530078337,4900.0,4102.531568821595,0.10720481500767899,7.00844491085734,15.0
efficient,9.0,15.0,300.0,0.02,742.3056331855358,282.35345530078337,4900.0,3473.8065388127957,0.10720481500767899,7.00844491085734,15.0
efficient,9.0,15.0,300.0,0.03,742.3056331855358,282.35345530078337,4900.0,2908.1733647406472,0.10720481500767899,7.00844491085734,15.0
efficient,9.0,15.0,300.0,0.04,742.3056331855358,282.35345530078337,4900.0,2398.0866361143744,0.10720481500767899,7.00844491085734,15.0
efficient,9.0,15.0,350.0,0.0,742.3056331855358,282.35345530078337,5650.0,4053.0813897533126,0.08136732631608364,8.175808306808438,15.0
efficient,9.0,15.0,350.0,0.01,742.3056331855358,282.35345530078337,5650.0,3352.531568821595,0.08136732631608364,8.175808306808438,15.0
efficient,9.0,15.0,350.0,0.02,742.3056331855358,282.35345530078337,5650.0,2723.806538812796,0.08136732631608364,8.175808306808438,15.0
efficient,9.0,15.0,350.0,0.03,742.3056331855358,282.35345530078337,5650.0,2158.1733647406477,0.08136732631608364,8.175808306808438,15.0
efficient,9.0,15.0,350.0,0.04,742.3056331855358,282.35345530078337,5650.0,1648.0866361143749,0.08136732631608364,8.175808306808438,15.0
efficient,9.0,15.0,400.0,0.0,742.3056331855358,282.35345530078337,6400.0,3303.0813897533117,0.06048590424344405,9.370824000923783,15.0
efficient,9.0,15.0,400.0,0.01,742.3056331855358,282.35345530078337,6400.0,2602.5315688215946,0.06048590424344405,9.370824000923783,15.0
efficient,9.0,15.0,400.0,0.02,742.3056331855358,282.35345530078337,6400.0,1973.8065388127948,0.06048590424344405,9.370824000923783,15.0
efficient,9.0,15.0,400.0,0.03,742.3056331855358,282.35345530078337,6400.0,1408.1733647406477,0.06048590424344405,9.370824000923783,15.0
efficient,9.0,15.0,400.0,0.04,742.3056331855358,282.35345530078337,6400.0,898.0866361143746,0.06048590424344405,9.370824000923783,15.0
efficient,9.0,25.0,100.0,0.0,979.8521161360931,243.20869565849694,2900.0,9908.180899812933,0.31371482771051884,3.0204318431401873,15.0
efficient,9.0,25.0,100.0,0.01,979.8521161360931,243.20869565849694,2900.0,8983.446944133613,0.31371482771051884,3.0204318431401873,15.0
efficient,9.0,25.0,100.0,0.02,979.8521161360931,243.20869565849694,2900.0,8153.522552373176,0.31371482771051884,3.0204318431401873,15.0
efficient,9.0,25.0,100.0,0.03,979.8521161360931,243.20869565849694,2900.0,7406.88014822906,0.31371482771051884,3.0204318431401873,15.0
efficient,9.0,25.0,100.0,0.04,979.8521161360931,243.20869565849694,2900.0,6733.559701619348,0.31371482771051884,3.0204318431401873,15.0
efficient,9.0,25.0,150.0,0.0,979.8521161360931,243.20869565849694,4150.0,8658.180899812935,0.20554706921773572,4.383513885990704,15.0
efficient,9.0,25.0,150.0,0.01,979.8521161360931,243.20869565849694,4150.0,7733.446944133611,0.20554706921773572,4.383513885990704,15.0
efficient,9.0,25.0,150.0,0.02,979.8521161360931,243.20869565849694,4150.0,6903.522552373176,0.20554706921773572,4.383513885990704,15.0
efficient,9.0,25.0,150.0,0.03,979.8521161360931,243.20869565849694,4150.0,6156.88014822906,0.20554706921773572,4.383513885990704,15.0
efficient,9.0,25.0,150.0,0.04,979.8521161360931,243.20869565849694,4150.0,5483.559701619347,0.20554706921773572,4.383513885990704,15.0
efficient,9.0,25.0,200.0,0.0,979.8521161360931,243.20869565849694,5400.0,7408.180899812933,0.14352961041128476,5.782231750730522,15.0
efficient,9.0,25.0,200.0,0.01,979.8521161360931,243.20869565849694,5400.0,6483.446944133611,0.14352961041128476,5.782231750730522,15.0
efficient,9.0,25.0,200.0,0.02,979.8521161360931,243.20869565849694,5400.0,5653.522552373176,0.14352961041128476,5.782231750730522,15.0
efficient,9.0,25.0,200.0,0.03,979.8521161360931,243.20869565849694,5400.0,4906.88014822906,0.14352961041128476,5.782231750730522,15.0
efficient,9.0,25.0,200.0,0.04,979.8521161360931,243.20869565849694,5400.0,4233.559701619347,0.14352961041128476,5.782231750730522,15.0
efficient,9.0,25.0,250.0,0.0,979.8521161360931,243.20869565849694,6650.0,6158.180899812934,0.10199166298522692,7.222335448496288,15.0
efficient,9.0,25.0,250.0,0.01,979.8521161360931,243.20869565849694,6650.0,5233.446944133611,0.10199166298522692,7.222335448496288,15.0
efficient,9.0,25.0,250.0,0.02,979.8521161360931,243.20869565849694,6650.0,4403.522552373175,0.10199166298522692,7.222335448496288,15.0
efficient,9.0,25.0,250.0,0.03,979.8521161360931,243.20869565849694,6650.0,3656.8801482290596,0.10199166298522692,7.222335448496288,15.0
efficient,9.0,25.0,250.0,0.04,979.8521161360931,243.20869565849694,6650.0,2983.559701619347,0.10199166298522692,7.222335448496288,15.0
efficient,9.0,25.0,300.0,0.0,979.8521161360931,243.20869565849694,7900.0,4908.180899812934,0.07153677787348721,8.705945416813092,15.0
efficient,9.0,25.0,300.0,0.01,979.8521161360931,243.20869565849694,7900.0,3983.446944133611,0.07153677787348721,8.705945416813092,15.0
efficient,9.0,25.0,300.0,0.02,979.8521161360931,243.20869565849694,7900.0,3153.5225523731756,0.07153677787348721,8.705945416813092,15.0
efficient,9.0,25.0,300.0,0.03,979.8521161360931,243.20869565849694,7900.0,2406.880148229059,0.07153677787348721,8.705945416813092,15.0
efficient,9.0,25.0,300.0,0.04,979.8521161360931,243.20869565849694,7900.0,1733.5597016193474,0.07153677787348721,8.705945416813092,15.0
efficient,9.0,25.0,350.0,0.0,979.8521161360931,243.20869565849694,9150.0,3658.180899812935,0.047862223491112216,10.234721043588738,15.0
efficient,9.0,25.0,350.0,0.01,979.8521161360931,243.20869565849694,9150.0,2733.4469441336105,0.047862223491112216,10.234721043588738,15.0
efficient,9.0,25.0,350.0,0.02,979.8521161360931,243.20869565849694,9150.0,1903.5225523731756,0.047862223491112216,10.234721043588738,15.0
efficient,9.0,25.0,350.0,0.03,979.8521161360931,243.20869565849694,9150.0,1156.8801482290587,0.047862223491112216,10.234721043588738,15.0
efficient,9.0,25.0,350.0,0.04,979.8521161360931,243.20869565849694,9150.0,483.55970161934664,0.047862223491112216,10.234721043588738,15.0
efficient,9.0,25.0,400.0,0.0,979.8521161360931,243.20869565849694,10400.0,2408.1808998129336,0.028694420404481433,11.81227503390611,15.0
efficient,9.0,25.0,400.0,0.01,979.8521161360931,243.20869565849694,10400.0,1483.4469441336123,0.028694420404481433,11.81227503390611,15.0
efficient,9.0,25.0,400.0,0.02,979.8521161360931,243.20869565849694,10400.0,653.5225523731756,0.028694420404481433,11.81227503390611,15.0
efficient,9.0,25.0,400.0,0.03,979.8521161360931,243.20869565849694,10400.0,-93.1198517709413,0.028694420404481433,11.81227503390611,15.0
efficient,9.0,25.0,400.0,0.04,979.8521161360931,243.20869565849694,10400.0,-766.4402983806546,0.028694420404481433,11.81227503390611,15.0
efficient,9.0,30.0,100.0,0.0,1069.1510932852439,226.3577153909908,3400.0,10575.456486260437,0.2893212796177157,3.2546697021769653,15.0
efficient,9.0,30.0,100.0,0.01,1069.1510932852439,226.3577153909908,3400.0,9566.446755678588,0.2893212796177157,3.2546697021769653,15.0
efficient,9.0,30.0,100.0,0.02,1069.1510932852439,226.3577153909908,3400.0,8660.887073577007,0.2893212796177157,3.2546697021769653,15.0
efficient,9.0,30.0,100.0,0.03,1069.1510932852439,226.3577153909908,3400.0,7846.199296168633,0.2893212796177157,3.2546697021769653,15.0
efficient,9.0,30.0,100.0,0.04,1069.1510932852439,226.3577153909908,3400.0,7111.515684459109,0.2893212796177157,3.2546697021769653,15.0
efficient,9.0,30.0,150.0,0.0,1069.1510932852439,226.3577153909908,4900.0,9075.456486260437,0.1856689678704151,4.760524225273618,15.0
efficient,9.0,30.0,150.0,0.01,1069.1510932852439,226.3577153909908,4900.0,8066.446755678588,0.1856689678704151,4.760524225273618,15.0
efficient,9.0,30.0,150.0,0.02,1069.1510932852439,226.3577153909908,4900.0,7160.887073577007,0.1856689678704151,4.760524225273618,15.0
efficient,9.0,30.0,150.0,0.03,1069.1510932852439,226.3577153909908,4900.0,6346.199296168634,0.1856689678704151,4.760524225273618,15.0
efficient,9.0,30.0,150.0,0.04,1069.1510932852439,226.3577153909908,4900.0,5611.51568445911,0.1856689678704151,4.760524225273618,15.0
efficient,9.0,30.0,200.0,0.0,1069.1510932852439,226.3577153909908,6400.0,7575.456486260437,0.12634489560397066,6.314024959157457,15.0
efficient,9.0,30.0,200.0,0.01,1069.1510932852439,226.3577153909908,6400.0,6566.446755678588,0.12634489560397066,6.314024959157457,15.0
efficient,9.0,30.0,200.0,0.02,1069.1510932852439,226.3577153909908,6400.0,5660.887073577007,0.12634489560397066,6.314024959157457,15.0
efficient,9.0,30.0,200.0,0.03,1069.1510932852439,226.3577153909908,6400.0,4846.199296168633,0.12634489560397066,6.314024959157457,15.0
efficient,9.0,30.0,200.0,0.04,1069.1510932852439,226.3577153909908,6400.0,4111.515684459109,0.12634489560397066,6.314024959157457,15.0
efficient,9.0,30.0,250.0,0.0,1069.1510932852439,226.3577153909908,7900.0,6075.456486260437,0.08656293213292279,7.916130732386194,15.0
efficient,9.0,30.0,250.0,0.01,1069.1510932852439,226.3577153909908,7900.0,5066.446755678588,0.08656293213292279,7.916130732386194,15.0
efficient,9.0,30.0,250.0,0.02,1069.1510932852439,226.3577153909908,7900.0,4160.887073577007,0.08656293213292279,7.916130732386194,15.0
efficient,9.0,30.0,250.0,0.03,1069.1510932852439,226.3577153909908,7900.0,3346.1992961686324,0.08656293213292279,7.916130732386194,15.0
efficient,9.0,30.0,250.0,0.04,1069.1510932852439,226.3577153909908,7900.0,2611.51568445911,0.08656293213292279,7.916130732386194,15.0
efficient,9.0,30.0,300.0,0.0,1069.1510932852439,226.3577153909908,9400.0,4575.456486260437,0.057342204763093554,9.575006243486433,15.0
efficient,9.0,30.0,300.0,0.01,1069.1510932852439,226.3577153909908,9400.0,3566.446755678587,0.057342204763093554,9.575006243486433,15.0
efficient,9.0,30.0,300.0,0.02,1069.1510932852439,226.3577153909908,9400.0,2660.887073577006,0.057342204763093554,9.575006243486433,15.0
efficient,9.0,30.0,300.0,0.03,1069.1510932852439,226.3577153909908,9400.0,1846.199296168632,0.057342204763093554,9.575006243486433,15.0
efficient,9.0,30.0,300.0,0.04,1069.1510932852439,226.3577153909908,9400.0,1111.5156844591097,0.057342204763093554,9.575006243486433,15.0
efficient,9.0,30.0,350.0,0.0,1069.1510932852439,226.3577153909908,10900.0,3075.4564862604375,0.0345851960195929,11.289200420906273,15.0
efficient,9.0,30.0,350.0,0.01,1069.1510932852439,226.3577153909908,10900.0,2066.446755678587,0.0345851960195929,11.289200420906273,15.0
efficient,9.0,30.0,350.0,0.02,1069.1510932852439,226.3577153909908,10900.0,1160.8870735770065,0.0345851960195929,11.289200420906273,15.0
efficient,9.0,30.0,350.0,0.03,1069.1510932852439,226.3577153909908,10900.0,346.19929616863226,0.0345851960195929,11.289200420906273,15.0
efficient,9.0,30.0,350.0,0.04,1069.1510932852439,226.3577153909908,10900.0,-388.4843155408902,0.0345851960195929,11.289200420906273,15.0
efficient,9.0,30.0,400.0,0.0,1069.1510932852439,226.3577153909908,12400.0,1575.456486260438,0.016129002822880614,13.06385511506635,15.0
efficient,9.0,30.0,400.0,0.01,1069.1510932852439,226.3577153909908,12400.0,566.4467556785871,0.016129002822880614,13.06385511506635,15.0
efficient,9.0,30.0,400.0,0.02,1069.1510932852439,226.3577153909908,12400.0,-339.11292642299463,0.016129002822880614,13.06385511506635,15.0
efficient,9.0,30.0,400.0,0.03,1069.1510932852439,226.3577153909908,12400.0,-1153.800703831369,0.016129002822880614,13.06385511506635,15.0
efficient,9.0,30.0,400.0,0.04,1069.1510932852439,226.3577153909908,12400.0,-1888.4843155408917,0.016129002822880614,13.06385511506635,15.0
efficient,12.0,2.5,100.0,0.0,197.73367647173552,371.0113522733319,650.0,1934.6846238614598,0.2785735242610552,3.368521894032116,15.0
efficient,12.0,2.5,100.0,0.01,197.73367647173552,371.0113522733319,650.0,1748.0737651374204,0.2785735242610552,3.368521894032116,15.0
efficient,12.0,2.5,100.0,0.02,197.73367647173552,371.0113522733319,650.0,1580.5954299132434,0.2785735242610552,3.368521894032116,15.0
efficient,12.0,2.5,100.0,0.03,197.73367647173552,371.0113522733319,650.0,1429.9233589447238,0.2785735242610552,3.368521894032116,15.0
efficient,12.0,2.5,100.0,0.04,197.73367647173552,371.0113522733319,650.0,1294.0476230461877,0.2785735242610552,3.368521894032116,15.0
efficient,12.0,2.5,150.0,0.0,197.73367647173552,371.0113522733319,775.0,1809.6846238614598,0.22630557380018212,4.041004551601681,15.0
efficient,12.0,2.5,150.0,0.01,197.73367647173552,371.0113522733319,775.0,1623.0737651374204,0.22630557380018212,4.041004551601681,15.0
efficient,12.0,2.5,150.0,0.02,197.73367647173552,371.0113522733319,775.0,1455.5954299132434,0.22630557380018212,4.041004551601681,15.0
efficient,12.0,2.5,150.0,0.03,197.73367647173552,371.0113522733319,775.0,1304.9233589447238,0.22630557380018212,4.041004551601681,15.0
efficient,12.0,2.5,150.0,0.04,197.73367647173552,371.0113522733319,775.0,1169.0476230461877,0.22630557380018212,4.041004551601681,15.0
efficient,12.0,2.5,200.0,0.0,197.73367647173552,371.0113522733319,900.0,1684.6846238614596,0.18735884990878265,4.726374517456303,15.0
efficient,12.0,2.5,200.0,0.01,197.73367647173552,371.0113522733319,900.0,1498.0737651374204,0.18735884990878265,4.726374517456303,15.0
efficient,12.0,2.5,200.0,0.02,197.73367647173552,371.0113522733319,900.0,1330.5954299132434,0.18735884990878265,4.726374517456303,15.0
efficient,12.0,2.5,200.0,0.03,197.73367647173552,371.0113522733319,900.0,1179.9233589447238,0.18735884990878265,4.726374517456303,15.0
efficient,12.0,2.5,200.0,0.04,197.73367647173552,371.0113522733319,900.0,1044.0476230461877,0.18735884990878265,4.726374517456303,15.0
efficient,12.0,2.5,250.0,0.0,197.73367647173552,371.0113522733319,1025.0,1559.6846238614596,0.15690489599853208,5.420147431949926,15.0
efficient,12.0,2.5,250.0,0.01,197.73367647173552,371.0113522733319,1025.0,1373.0737651374204,0.15690489599853208,5.420147431949926,15.0
efficient,12.0,2.5,250.0,0.02,197.73367647173552,371.0113522733319,1025.0,1205.5954299132434,0.15690489599853208,5.420147431949926,15.0
efficient,12.0,2.5,250.0,0.03,197.73367647173552,371.0113522733319,1025.0,1054.9233589447238,0.15690489599853208,5.420147431949926,15.0
efficient,12.0,2.5,250.0,0.04,197.73367647173552,371.0113522733319,1025.0,919.0476230461878,0.15690489599853208,5.420147431949926,15.0
efficient,12.0,2.5,300.0,0.0,197.73367647173552,371.0113522733319,1150.0,1434.6846238614594,0.13222900694656334,6.121943408127396,15.0
efficient,12.0,2.5,300.0,0.01,197.73367647173552,371.0113522733319,1150.0,1248.0737651374207,0.13222900694656334,6.121943408127396,15.0
efficient,12.0,2.5,300.0,0.02,197.73367647173552,371.0113522733319,1150.0,1080.5954299132434,0.13222900694656334,6.121943408127396,15.0
efficient,12.0,2.5,300.0,0.03,197.73367647173552,371.0113522733319,1150.0,929.9233589447239,0.13222900694656334,6.121943408127396,15.0
efficient,12.0,2.5,300.0,0.04,197.73367647173552,371.0113522733319,1150.0,794.0476230461877,0.13222900694656334,6.121943408127396,15.0
efficient,12.0,2.5,350.0,0.0,197.73367647173552,371.0113522733319,1275.0,1309.6846238614598,0.11168380621402543,6.835573110183437,15.0
efficient,12.0,2.5,350.0,0.01,197.73367647173552,371.0113522733319,1275.0,1123.0737651374204,0.11168380621402543,6.835573110183437,15.0
efficient,12.0,2.5,350.0,0.02,197.73367647173552,371.0113522733319,1275.0,955.5954299132434,0.11168380621402543,6.835573110183437,15.0
efficient,12.0,2.5,350.0,0.03,197.73367647173552,371.0113522733319,1275.0,804.9233589447238,0.11168380621402543,6.835573110183437,15.0
efficient,12.0,2.5,350.0,0.04,197.73367647173552,371.0113522733319,1275.0,669.0476230461876,0.11168380621402543,6.835573110183437,15.0
efficient,12.0,2.5,400.0,0.0,197.73367647173552,371.0113522733319,1400.0,1184.6846238614598,0.09420859900361385,7.560411032897427,15.0
efficient,12.0,2.5,400.0,0.01,197.73367647173552,371.0113522733319,1400.0,998.0737651374204,0.09420859900361385,7.560411032897427,15.0
efficient,12.0,2.5,400.0,0.02,197.73367647173552,371.0113522733319,1400.0,830.5954299132435,0.09420859900361385,7.560411032897427,15.0
efficient,12.0,2.5,400.0,0.03,197.73367647173552,371.0113522733319,1400.0,679.9233589447238,0.09420859900361385,7.560411032897427,15.0
efficient,12.0,2.5,400.0,0.04,197.73367647173552,371.0113522733319,1400.0,544.0476230461877,0.09420859900361385,7.560411032897427,15.0
efficient,12.0,7.5,100.0,0.0,475.7539082126541,325.4216392237851,1150.0,5068.838557199513,0.3915482425760046,2.455243738224996,15.0
efficient,12.0,7.5,100.0,0.01,475.7539082126541,325.4216392237851,1150.0,4619.846524395372,0.3915482425760046,2.455243738224996,15.0
efficient,12.0,7.5,100.0,0.02,475.7539082126541,325.4216392237851,1150.0,4216.887989736049,0.3915482425760046,2.455243738224996,15.0
efficient,12.0,7.5,100.0,0.03,475.7539082126541,325.4216392237851,1150.0,3854.365894861562,0.3915482425760046,2.455243738224996,15.0
efficient,12.0,7.5,100.0,0.04,475.7539082126541,325.4216392237851,1150.0,3527.4442822234682,0.3915482425760046,2.455243738224996,15.0
efficient,12.0,7.5,150.0,0.0,475.7539082126541,325.4216392237851,1525.0,4693.838557199514,0.2867186848930442,3.2815989967963946,15.0
efficient,12.0,7.5,150.0,0.01,475.7539082126541,325.4216392237851,1525.0,4244.846524395372,0.2867186848930442,3.2815989967963946,15.0
efficient,12.0,7.5,150.0,0.02,475.7539082126541,325.4216392237851,1525.0,3841.887989736049,0.2867186848930442,3.2815989967963946,15.0
efficient,12.0,7.5,150.0,0.03,475.7539082126541,325.4216392237851,1525.0,3479.365894861562,0.2867186848930442,3.2815989967963946,15.0
efficient,12.0,7.5,150.0,0.04,475.7539082126541,325.4216392237851,1525.0,3152.4442822234682,0.2867186848930442,3.2815989967963946,15.0
efficient,12.0,7.5,200.0,0.0,475.7539082126541,325.4216392237851,1900.0,4318.838557199514,0.22116215652345994,4.121501765406016,15.0
efficient,12.0,7.5,200.0,0.01,475.7539082126541,325.4216392237851,1900.0,3869.846524395372,0.22116215652345994,4.121501765406016,15.0
efficient,12.0,7.5,200.0,0.02,475.7539082126541,325.4216392237851,1900.0,3466.887989736049,0.22116215652345994,4.121501765406016,15.0
efficient,12.0,7.5,200.0,0.03,475.7539082126541,325.4216392237851,1900.0,3104.365894861562,0.22116215652345994,4.121501765406016,15.0
efficient,12.0,7.5,200.0,0.04,475.7539082126541,325.4216392237851,1900.0,2777.4442822234682,0.22116215652345994,4.121501765406016,15.0
efficient,12.0,7.5,250.0,0.0,475.7539082126541,325.4216392237851,2275.0,3943.838557199514,0.17545462571140652,4.976065778978976,15.0
efficient,12.0,7.5,250.0,0.01,475.7539082126541,325.4216392237851,2275.0,3494.8465243953724,0.17545462571140652,4.976065778978976,15.0
efficient,12.0,7.5,250.0,0.02,475.7539082126541,325.4216392237851,2275.0,3091.887989736049,0.17545462571140652,4.976065778978976,15.0
efficient,12.0,7.5,250.0,0.03,475.7539082126541,325.4216392237851,2275.0,2729.365894861562,0.17545462571140652,4.976065778978976,15.0
efficient,12.0,7.5,250.0,0.04,475.7539082126541,325.4216392237851,2275.0,2402.444282223468,0.17545462571140652,4.976065778978976,15.0
efficient,12.0,7.5,300.0,0.0,475.7539082126541,325.4216392237851,2650.0,3568.838557199514,0.14125859109707783,5.8475814209713635,15.0
efficient,12.0,7.5,300.0,0.01,475.7539082126541,325.4216392237851,2650.0,3119.8465243953724,0.14125859109707783,5.8475814209713635,15.0
efficient,12.0,7.5,300.0,0.02,475.7539082126541,325.4216392237851,2650.0,2716.887989736049,0.14125859109707783,5.8475814209713635,15.0
efficient,12.0,7.5,300.0,0.03,475.7539082126541,325.4216392237851,2650.0,2354.365894861562,0.14125859109707783,5.8475814209713635,15.0
efficient,12.0,7.5,300.0,0.04,475.7539082126541,325.4216392237851,2650.0,2027.4442822234682,0.14125859109707783,5.8475814209713635,15.0
efficient,12.0,7.5,350.0,0.0,475.7539082126541,325.4216392237851,3025.0,3193.838557199514,0.11439321901692545,6.734270935157119,15.0
efficient,12.0,7.5,350.0,0.01,475.7539082126541,325.4216392237851,3025.0,2744.846524395373,0.11439321901692545,6.734270935157119,15.0
efficient,12.0,7.5,350.0,0.02,475.7539082126541,325.4216392237851,3025.0,2341.887989736049,0.11439321901692545,6.734270935157119,15.0
efficient,12.0,7.5,350.0,0.03,475.7539082126541,325.4216392237851,3025.0,1979.3658948615619,0.11439321901692545,6.734270935157119,15.0
efficient,12.0,7.5,350.0,0.04,475.7539082126541,325.4216392237851,3025.0,1652.4442822234682,0.11439321901692545,6.734270935157119,15.0
efficient,12.0,7.5,400.0,0.0,475.7539082126541,325.4216392237851,3400.0,2818.838557199514,0.09252178913003258,7.636807176110568,15.0
efficient,12.0,7.5,400.0,0.01,475.7539082126541,325.4216392237851,3400.0,2369.846524395373,0.09252178913003258,7.636807176110568,15.0
efficient,12.0,7.5,400.0,0.02,475.7539082126541,325.4216392237851,3400.0,1966.8879897360487,0.09252178913003258,7.636807176110568,15.0
efficient,12.0,7.5,400.0,0.03,475.7539082126541,325.4216392237851,3400.0,1604.3658948615619,0.09252178913003258,7.636807176110568,15.0
efficient,12.0,7.5,400.0,0.04,475.7539082126541,325.4216392237851,3400.0,1277.4442822234682,0.09252178913003258,7.636807176110568,15.0
efficient,12.0,12.5,100.0,0.0,676.3566808463236,304.41497358622604,1650.0,7191.026700271526,0.3876914193590847,2.4784893966367667,15.0
efficient,12.0,12.5,100.0,0.01,676.3566808463236,304.41497358622604,1650.0,6552.716103570944,0.3876914193590847,2.4784893966367667,15.0
efficient,12.0,12.5,100.0,0.02,676.3566808463236,304.41497358622604,1650.0,5979.849139545804,0.3876914193590847,2.4784893966367667,15.0
efficient,12.0,12.5,100.0,0.03,676.3566808463236,304.41497358622604,1650.0,5464.468736799504,0.3876914193590847,2.4784893966367667,15.0
efficient,12.0,12.5,100.0,0.04,676.3566808463236,304.41497358622604,1650.0,4999.699844723488,0.3876914193590847,2.4784893966367667,15.0
efficient,12.0,12.5,150.0,0.0,676.3566808463236,304.41497358622604,2275.0,6566.026700271525,0.2713038696565353,3.4496530560766905,15.0
efficient,12.0,12.5,150.0,0.01,676.3566808463236,304.41497358622604,2275.0,5927.716103570944,0.2713038696565353,3.4496530560766905,15.0
efficient,12.0,12.5,150.0,0.02,676.3566808463236,304.41497358622604,2275.0,5354.849139545804,0.2713038696565353,3.4496530560766905,15.0
efficient,12.0,12.5,150.0,0.03,676.3566808463236,304.41497358622604,2275.0,4839.468736799504,0.2713038696565353,3.4496530560766905,15.0
efficient,12.0,12.5,150.0,0.04,676.3566808463236,304.41497358622604,2275.0,4374.699844723489,0.2713038696565353,3.4496530560766905,15.0
efficient,12.0,12.5,200.0,0.0,676.3566808463236,304.41497358622604,2900.0,5941.026700271526,0.20237261802102002,4.440265090872081,15.0
efficient,12.0,12.5,200.0,0.01,676.3566808463236,304.41497358622604,2900.0,5302.716103570944,0.20237261802102002,4.440265090872081,15.0
efficient,12.0,12.5,200.0,0.02,676.3566808463236,304.41497358622604,2900.0,4729.849139545804,0.20237261802102002,4.440265090872081,15.0
efficient,12.0,12.5,200.0,0.03,676.3566808463236,304.41497358622604,2900.0,4214.468736799503,0.20237261802102002,4.440265090872081,15.0
efficient,12.0,12.5,200.0,0.04,676.3566808463236,304.41497358622604,2900.0,3749.6998447234896,0.20237261802102002,4.440265090872081,15.0
efficient,12.0,12.5,250.0,0.0,676.3566808463236,304.41497358622604,3525.0,5316.026700271525,0.1557043674755834,5.451131322399612,15.0
efficient,12.0,12.5,250.0,0.01,676.3566808463236,304.41497358622604,3525.0,4677.716103570944,0.1557043674755834,5.451131322399612,15.0
efficient,12.0,12.5,250.0,0.02,676.3566808463236,304.41497358622604,3525.0,4104.849139545804,0.1557043674755834,5.451131322399612,15.0
efficient,12.0,12.5,250.0,0.03,676.3566808463236,304.41497358622604,3525.0,3589.468736799503,0.1557043674755834,5.451131322399612,15.0
efficient,12.0,12.5,250.0,0.04,676.3566808463236,304.41497358622604,3525.0,3124.6998447234896,0.1557043674755834,5.451131322399612,15.0
efficient,12.0,12.5,300.0,0.0,676.3566808463236,304.41497358622604,4150.0,4691.026700271525,0.1213923748005481,6.483082362589712,15.0
efficient,12.0,12.5,300.0,0.01,676.3566808463236,304.41497358622604,4150.0,4052.716103570943,0.1213923748005481,6.483082362589712,15.0
efficient,12.0,12.5,300.0,0.02,676.3566808463236,304.41497358622604,4150.0,3479.849139545803,0.1213923748005481,6.483082362589712,15.0
efficient,12.0,12.5,300.0,0.03,676.3566808463236,304.41497358622604,4150.0,2964.468736799503,0.1213923748005481,6.483082362589712,15.0
efficient,12.0,12.5,300.0,0.04,676.3566808463236,304.41497358622604,4150.0,2499.6998447234896,0.1213923748005481,6.483082362589712,15.0
efficient,12.0,12.5,350.0,0.0,676.3566808463236,304.41497358622604,4775.0,4066.0267002715254,0.09473120151656522,7.53697429016683,15.0
efficient,12.0,12.5,350.0,0.01,676.3566808463236,304.41497358622604,4775.0,3427.7161035709437,0.09473120151656522,7.53697429016683,15.0
efficient,12.0,12.5,350.0,0.02,676.3566808463236,304.41497358622604,4775.0,2854.8491395458036,0.09473120151656522,7.53697429016683,15.0
efficient,12.0,12.5,350.0,0.03,676.3566808463236,304.41497358622604,4775.0,2339.468736799503,0.09473120151656522,7.53697429016683,15.0
efficient,12.0,12.5,350.0,0.04,676.3566808463236,304.41497358622604,4775.0,1874.6998447234894,0.09473120151656522,7.53697429016683,15.0
efficient,12.0,12.5,400.0,0.0,676.3566808463236,304.41497358622604,5400.0,3441.0267002715254,0.07318416355745624,8.613689344166257,15.0
efficient,12.0,12.5,400.0,0.01,676.3566808463236,304.41497358622604,5400.0,2802.7161035709432,0.07318416355745624,8.613689344166257,15.0
efficient,12.0,12.5,400.0,0.02,676.3566808463236,304.41497358622604,5400.0,2229.849139545804,0.07318416355745624,8.613689344166257,15.0
efficient,12.0,12.5,400.0,0.03,676.3566808463236,304.41497358622604,5400.0,1714.468736799504,0.07318416355745624,8.613689344166257,15.0
efficient,12.0,12.5,400.0,0.04,676.3566808463236,304.41497358622604,5400.0,1249.6998447234894,0.07318416355745624,8.613689344166257,15.0
efficient,12.0,15.0,100.0,0.0,760.8557384947387,295.21768893107276,1900.0,8045.5599236036705,0.37804042505946406,2.538513366000517,15.0
efficient,12.0,15.0,100.0,0.01,760.8557384947387,295.21768893107276,1900.0,7327.503468784697,0.37804042505946406,2.538513366000517,15.0
efficient,12.0,15.0,100.0,0.02,760.8557384947387,295.21768893107276,1900.0,6683.066695531887,0.37804042505946406,2.538513366000517,15.0
efficient,12.0,15.0,100.0,0.03,760.8557384947387,295.21768893107276,1900.0,6103.298434136757,0.37804042505946406,2.538513366000517,15.0
efficient,12.0,15.0,100.0,0.04,760.8557384947387,295.21768893107276,1900.0,5580.464715443554,0.37804042505946406,2.538513366000517,15.0
efficient,12.0,15.0,150.0,0.0,760.8557384947387,295.21768893107276,2650.0,7295.5599236036705,0.26053708022598576,3.5764184517154707,15.0
efficient,12.0,15.0,150.0,0.01,760.8557384947387,295.21768893107276,2650.0,6577.503468784697,0.26053708022598576,3.5764184517154707,15.0
efficient,12.0,15.0,150.0,0.02,760.8557384947387,295.21768893107276,2650.0,5933.066695531887,0.26053708022598576,3.5764184517154707,15.0
efficient,12.0,15.0,150.0,0.03,760.8557384947387,295.21768893107276,2650.0,5353.298434136759,0.26053708022598576,3.5764184517154707,15.0
efficient,12.0,15.0,150.0,0.04,760.8557384947387,295.21768893107276,2650.0,4830.464715443554,0.26053708022598576,3.5764184517154707,15.0
efficient,12.0,15.0,200.0,0.0,760.8557384947387,295.21768893107276,3400.0,6545.5599236036705,0.19190769759856036,4.636471053063104,15.0
efficient,12.0,15.0,200.0,0.01,760.8557384947387,295.21768893107276,3400.0,5827.503468784698,0.19190769759856036,4.636471053063104,15.0
efficient,12.0,15.0,200.0,0.02,760.8557384947387,295.21768893107276,3400.0,5183.066695531887,0.19190769759856036,4.636471053063104,15.0
efficient,12.0,15.0,200.0,0.03,760.8557384947387,295.21768893107276,3400.0,4603.298434136759,0.19190769759856036,4.636471053063104,15.0
efficient,12.0,15.0,200.0,0.04,760.8557384947387,295.21768893107276,3400.0,4080.4647154435534,0.19190769759856036,4.636471053063104,15.0
efficient,12.0,15.0,250.0,0.0,760.8557384947387,295.21768893107276,4150.0,5795.5599236036705,0.14574669353491224,5.719559363065612,15.0
efficient,12.0,15.0,250.0,0.01,760.8557384947387,295.21768893107276,4150.0,5077.503468784698,0.14574669353491224,5.719559363065612,15.0
efficient,12.0,15.0,250.0,0.02,760.8557384947387,295.21768893107276,4150.0,4433.066695531887,0.14574669353491224,5.719559363065612,15.0
efficient,12.0,15.0,250.0,0.03,760.8557384947387,295.21768893107276,4150.0,3853.298434136759,0.14574669353491224,5.719559363065612,15.0
efficient,12.0,15.0,250.0,0.04,760.8557384947387,295.21768893107276,4150.0,3330.464715443554,0.14574669353491224,5.719559363065612,15.0
efficient,12.0,15.0,300.0,0.0,760.8557384947387,295.21768893107276,4900.0,5045.559923603671,0.11192132603919383,6.826598603233543,15.0
efficient,12.0,15.0,300.0,0.01,760.8557384947387,295.21768893107276,4900.0,4327.503468784698,0.11192132603919383,6.826598603233543,15.0
efficient,12.0,15.0,300.0,0.02,760.8557384947387,295.21768893107276,4900.0,3683.066695531887,0.11192132603919383,6.826598603233543,15.0
efficient,12.0,15.0,300.0,0.03,760.8557384947387,295.21768893107276,4900.0,3103.2984341367596,0.11192132603919383,6.826598603233543,15.0
efficient,12.0,15.0,300.0,0.04,760.8557384947387,295.21768893107276,4900.0,2580.4647154435534,0.11192132603919383,6.826598603233543,15.0
efficient,12.0,15.0,350.0,0.0,760.8557384947387,295.21768893107276,5650.0,4295.5599236036705,0.08568577094443405,7.958531756843122,15.0
efficient,12.0,15.0,350.0,0.01,760.8557384947387,295.21768893107276,5650.0,3577.5034687846974,0.08568577094443405,7.958531756843122,15.0
efficient,12.0,15.0,350.0,0.02,760.8557384947387,295.21768893107276,5650.0,2933.066695531887,0.08568577094443405,7.958531756843122,15.0
efficient,12.0,15.0,350.0,0.03,760.8557384947387,295.21768893107276,5650.0,2353.29843413676,0.08568577094443405,7.958531756843122,15.0
efficient,12.0,15.0,350.0,0.04,760.8557384947387,295.21768893107276,5650.0,1830.464715443553,0.08568577094443405,7.958531756843122,15.0
efficient,12.0,15.0,400.0,0.0,760.8557384947387,295.21768893107276,6400.0,3545.5599236036705,0.06450372078663116,9.11870440906741,15.0
efficient,12.0,15.0,400.0,0.01,760.8557384947387,295.21768893107276,6400.0,2827.503468784698,0.06450372078663116,9.11870440906741,15.0
efficient,12.0,15.0,400.0,0.02,760.8557384947387,295.21768893107276,6400.0,2183.0666955318866,0.06450372078663116,9.11870440906741,15.0
efficient,12.0,15.0,400.0,0.03,760.8557384947387,295.21768893107276,6400.0,1603.2984341367587,0.06450372078663116,9.11870440906741,15.0
efficient,12.0,15.0,400.0,0.04,760.8557384947387,295.21768893107276,6400.0,1080.4647154435531,0.06450372078663116,9.11870440906741,15.0
efficient,12.0,25.0,100.0,0.0,1040.628090939046,264.0954449185558,2900.0,10702.616781329747,0.33537600529438816,2.84004426207548,15.0
efficient,12.0,25.0,100.0,0.01,1040.628090939046,264.0954449185558,2900.0,9720.525591161384,0.33537600529438816,2.84004426207548,15.0
efficient,12.0,25.0,100.0,0.02,1040.628090939046,264.0954449185558,2900.0,8839.124590746074,0.33537600529438816,2.84004426207548,15.0
efficient,12.0,25.0,100.0,0.03,1040.628090939046,264.0954449185558,2900.0,8046.171198245858,0.33537600529438816,2.84004426207548,15.0
efficient,12.0,25.0,100.0,0.04,1040.628090939046,264.0954449185558,2900.0,7331.0876061332965,0.33537600529438816,2.84004426207548,15.0
efficient,12.0,25.0,150.0,0.0,1040.628090939046,264.0954449185558,4150.0,9452.616781329749,0.22154988707337112,4.115338047461535,15.0
efficient,12.0,25.0,150.0,0.01,1040.628090939046,264.0954449185558,4150.0,8470.525591161384,0.22154988707337112,4.115338047461535,15.0
efficient,12.0,25.0,150.0,0.02,1040.628090939046,264.0954449185558,4150.0,7589.124590746074,0.22154988707337112,4.115338047461535,15.0
efficient,12.0,25.0,150.0,0.03,1040.628090939046,264.0954449185558,4150.0,6796.171198245858,0.22154988707337112,4.115338047461535,15.0
efficient,12.0,25.0,150.0,0.04,1040.628090939046,264.0954449185558,4150.0,6081.0876061332965,0.22154988707337112,4.115338047461535,15.0
efficient,12.0,25.0,200.0,0.0,1040.628090939046,264.0954449185558,5400.0,8202.616781329749,0.1566711138733171,5.426158594089874,15.0
efficient,12.0,25.0,200.0,0.01,1040.628090939046,264.0954449185558,5400.0,7220.525591161384,0.1566711138733171,5.426158594089874,15.0
efficient,12.0,25.0,200.0,0.02,1040.628090939046,264.0954449185558,5400.0,6339.124590746075,0.1566711138733171,5.426158594089874,15.0
efficient,12.0,25.0,200.0,0.03,1040.628090939046,264.0954449185558,5400.0,5546.171198245858,0.1566711138733171,5.426158594089874,15.0
efficient,12.0,25.0,200.0,0.04,1040.628090939046,264.0954449185558,5400.0,4831.087606133297,0.1566711138733171,5.426158594089874,15.0
efficient,12.0,25.0,250.0,0.0,1040.628090939046,264.0954449185558,6650.0,6952.616781329749,0.11341859290688315,6.7704423125308395,15.0
efficient,12.0,25.0,250.0,0.01,1040.628090939046,264.0954449185558,6650.0,5970.525591161384,0.11341859290688315,6.7704423125308395,15.0
efficient,12.0,25.0,250.0,0.02,1040.628090939046,264.0954449185558,6650.0,5089.124590746073,0.11341859290688315,6.7704423125308395,15.0
efficient,12.0,25.0,250.0,0.03,1040.628090939046,264.0954449185558,6650.0,4296.171198245857,0.11341859290688315,6.7704423125308395,15.0
efficient,12.0,25.0,250.0,0.04,1040.628090939046,264.0954449185558,6650.0,3581.087606133297,0.11341859290688315,6.7704423125308395,15.0
efficient,12.0,25.0,300.0,0.0,1040.628090939046,264.0954449185558,7900.0,5702.616781329748,0.08182122290278668,8.152475093785934,15.0
efficient,12.0,25.0,300.0,0.01,1040.628090939046,264.0954449185558,7900.0,4720.525591161384,0.08182122290278668,8.152475093785934,15.0
efficient,12.0,25.0,300.0,0.02,1040.628090939046,264.0954449185558,7900.0,3839.1245907460734,0.08182122290278668,8.152475093785934,15.0
efficient,12.0,25.0,300.0,0.03,1040.628090939046,264.0954449185558,7900.0,3046.1711982458573,0.08182122290278668,8.152475093785934,15.0
efficient,12.0,25.0,300.0,0.04,1040.628090939046,264.0954449185558,7900.0,2331.0876061332974,0.08182122290278668,8.152475093785934,15.0
efficient,12.0,25.0,350.0,0.0,1040.628090939046,264.0954449185558,9150.0,4452.616781329748,0.05732866224454419,9.575899335749966,15.0
efficient,12.0,25.0,350.0,0.01,1040.628090939046,264.0954449185558,9150.0,3470.525591161385,0.05732866224454419,9.575899335749966,15.0
efficient,12.0,25.0,350.0,0.02,1040.628090939046,264.0954449185558,9150.0,2589.1245907460734,0.05732866224454419,9.575899335749966,15.0
efficient,12.0,25.0,350.0,0.03,1040.628090939046,264.0954449185558,9150.0,1796.1711982458569,0.05732866224454419,9.575899335749966,15.0
efficient,12.0,25.0,350.0,0.04,1040.628090939046,264.0954449185558,9150.0,1081.0876061332976,0.05732866224454419,9.575899335749966,15.0
efficient,12.0,25.0,400.0,0.0,1040.628090939046,264.0954449185558,10400.0,3202.6167813297493,0.037544234803331675,11.03812995040757,15.0
efficient,12.0,25.0,400.0,0.01,1040.628090939046,264.0954449185558,10400.0,2220.525591161385,0.037544234803331675,11.03812995040757,15.0
efficient,12.0,25.0,400.0,0.02,1040.628090939046,264.0954449185558,10400.0,1339.1245907460732,0.037544234803331675,11.03812995040757,15.0
efficient,12.0,25.0,400.0,0.03,1040.628090939046,264.0954449185558,10400.0,546.1711982458578,0.037544234803331675,11.03812995040757,15.0
efficient,12.0,25.0,400.0,0.04,1040.628090939046,264.0954449185558,10400.0,-168.9123938667022,0.037544234803331675,11.03812995040757,15.0
high-mileage,0.0,2.5,100.0,0.0,93.24899988494599,276.87753156588894,650.0,568.9084858670027,0.09705406981490335,7.434108653016621,15.0
high-mileage,0.0,2.5,100.0,0.01,93.24899988494599,276.87753156588894,650.0,480.9048829694711,0.09705406981490335,7.434108653016621,15.0
high-mileage,0.0,2.5,100.0,0.02,93.24899988494599,276.87753156588894,650.0,401.92396509692753,0.09705406981490335,7.434108653016621,15.0
high-mileage,0.0,2.5,100.0,0.03,93.24899988494599,276.87753156588894,650.0,330.8686942947564,0.09705406981490335,7.434108653016621,15.0
high-mileage,0.0,2.5,100.0,0.04,93.24899988494599,276.87753156588894,650.0,266.79121034133055,0.09705406981490335,7.434108653016621,15.0
high-mileage,0.0,2.5,150.0,0.0,93.24899988494599,276.87753156588894,775.0,443.9084858670027,0.06648059888952952,8.998200674902522,15.0
high-mileage,0.0,2.5,150.0,0.01,93.24899988494599,276.87753156588894,775.0,355.9048829694711,0.06648059888952952,8.998200674902522,15.0
high-mileage,0.0,2.5,150.0,0.02,93.24899988494599,276.87753156588894,775.0,276.92396509692753,0.06648059888952952,8.998200674902522,15.0
high-mileage,0.0,2.5,150.0,0.03,93.24899988494599,276.87753156588894,775.0,205.86869429475638,0.06648059888952952,8.998200674902522,15.0
high-mileage,0.0,2.5,150.0,0.04,93.24899988494599,276.87753156588894,775.0,141.7912103413305,0.06648059888952952,8.998200674902522,15.0
high-mileage,0.0,2.5,200.0,0.0,93.24899988494599,276.87753156588894,900.0,318.9084858670026,0.04279752469814862,10.618327259254565,15.0
high-mileage,0.0,2.5,200.0,0.01,93.24899988494599,276.87753156588894,900.0,230.9048829694711,0.04279752469814862,10.618327259254565,15.0
high-mileage,0.0,2.5,200.0,0.02,93.24899988494599,276.87753156588894,900.0,151.92396509692753,0.04279752469814862,10.618327259254565,15.0
high-mileage,0.0,2.5,200.0,0.03,93.24899988494599,276.87753156588894,900.0,80.86869429475642,0.04279752469814862,10.618327259254565,15.0
high-mileage,0.0,2.5,200.0,0.04,93.24899988494599,276.87753156588894,900.0,16.791210341330498,0.04279752469814862,10.618327259254565,15.0
high-mileage,0.0,2.5,250.0,0.0,93.24899988494599,276.87753156588894,1025.0,193.90848586700258,0.023667114692316256,12.290437524072434,15.0
high-mileage,0.0,2.5,250.0,0.01,93.24899988494599,276.87753156588894,1025.0,105.90488296947109,0.023667114692316256,12.290437524072434,15.0
high-mileage,0.0,2.5,250.0,0.02,93.24899988494599,276.87753156588894,1025.0,26.92396509692751,0.023667114692316256,12.290437524072434,15.0
high-mileage,0.0,2.5,250.0,0.03,93.24899988494599,276.87753156588894,1025.0,-44.13130570524357,0.023667114692316256,12.290437524072434,15.0
high-mileage,0.0,2.5,250.0,0.04,93.24899988494599,276.87753156588894,1025.0,-108.20878965866942,0.023667114692316256,12.290437524072434,15.0
high-mileage,0.0,2.5,300.0,0.0,93.24899988494599,276.87753156588894,1150.0,68.90848586700265,0.007735555170620445,14.019464176846439,15.0
high-mileage,0.0,2.5,300.0,0.01,93.24899988494599,276.87753156588894,1150.0,-19.095117030528996,0.007735555170620445,14.019464176846439,15.0
high-mileage,0.0,2.5,300.0,0.02,93.24899988494599,276.87753156588894,1150.0,-98.07603490307227,0.007735555170620445,14.019464176846439,15.0
high-mileage,0.0,2.5,300.0,0.03,93.24899988494599,276.87753156588894,1150.0,-169.13130570524368,0.007735555170620445,14.019464176846439,15.0
high-mileage,0.0,2.5,300.0,0.04,93.24899988494599,276.87753156588894,1150.0,-233.20878965866913,0.007735555170620445,14.019464176846439,15.0
high-mileage,0.0,2.5,350.0,0.0,93.24899988494599,276.87753156588894,1275.0,-56.09151413299713,-0.005842558631480925,Inf,15.0
high-mileage,0.0,2.5,350.0,0.01,93.24899988494599,276.87753156588894,1275.0,-144.09511703052897,-0.005842558631480925,Inf,15.0
high-mileage,0.0,2.5,350.0,0.02,93.24899988494599,276.87753156588894,1275.0,-223.0760349030723,-0.005842558631480925,Inf,15.0
high-mileage,0.0,2.5,350.0,0.03,93.24899988494599,276.87753156588894,1275.0,-294.1313057052437,-0.005842558631480925,Inf,15.0
high-mileage,0.0,2.5,350.0,0.04,93.24899988494599,276.87753156588894,1275.0,-358.2087896586691,-0.005842558631480925,Inf,15.0
high-mileage,0.0,2.5,400.0,0.0,93.24899988494599,276.87753156588894,1400.0,-181.0915141329972,-0.01762634492119565,Inf,15.0
high-mileage,0.0,2.5,400.0,0.01,93.24899988494599,276.87753156588894,1400.0,-269.09511703052897,-0.01762634492119565,Inf,15.0
high-mileage,0.0,2.5,400.0,0.02,93.24899988494599,276.87753156588894,1400.0,-348.07603490307207,-0.01762634492119565,Inf,15.0
high-mileage,0.0,2.5,400.0,0.03,93.24899988494599,276.87753156588894,1400.0,-419.1313057052438,-0.01762634492119565,Inf,15.0
high-mileage,0.0,2.5,400.0,0.04,93.24899988494599,276.87753156588894,1400.0,-483.20878965866905,-0.01762634492119565,Inf,15.0
high-mileage,0.0,10.0,100.0,0.0,233.11078879407955,186.35178018440712,1400.0,1647.1181348736966,0.12568266967184394,6.336230334748581,15.0
high-mileage,0.0,10.0,100.0,0.01,233.11078879407955,186.35178018440712,1400.0,1427.1201797913238,0.12568266967184394,6.336230334748581,15.0
high-mileage,0.0,10.0,100.0,0.02,233.11078879407955,186.35178018440712,1400.0,1229.677804134045,0.12568266967184394,6.336230334748581,15.0
high-mileage,0.0,10.0,100.0,0.03,233.11078879407955,186.35178018440712,1400.0,1052.0485507896874,0.12568266967184394,6.336230334748581,15.0
high-mileage,0.0,10.0,100.0,0.04,233.11078879407955,186.35178018440712,1400.0,891.8628882436752,0.12568266967184394,6.336230334748581,15.0
high-mileage,0.0,10.0,150.0,0.0,233.11078879407955,186.35178018440712,1900.0,1147.1181348736964,0.06971566623828945,8.809605046570182,15.0
high-mileage,0.0,10.0,150.0,0.01,233.11078879407955,186.35178018440712,1900.0,927.1201797913236,0.06971566623828945,8.809605046570182,15.0
high-mileage,0.0,10.0,150.0,0.02,233.11078879407955,186.35178018440712,1900.0,729.6778041340452,0.06971566623828945,8.809605046570182,15.0
high-mileage,0.0,10.0,150.0,0.03,233.11078879407955,186.35178018440712,1900.0,552.0485507896879,0.06971566623828945,8.809605046570182,15.0
high-mileage,0.0,10.0,150.0,0.04,233.11078879407955,186.35178018440712,1900.0,391.86288824367546,0.06971566623828945,8.809605046570182,15.0
high-mileage,0.0,10.0,200.0,0.0,233.11078879407955,186.35178018440712,2400.0,647.1181348736969,0.033138418356253335,11.41474748676058,15.0
high-mileage,0.0,10.0,200.0,0.01,233.11078879407955,186.35178018440712,2400.0,427.12017979132384,0.033138418356253335,11.41474748676058,15.0
high-mileage,0.0,10.0,200.0,0.02,233.11078879407955,186.35178018440712,2400.0,229.67780413404506,0.033138418356253335,11.41474748676058,15.0
high-mileage,0.0,10.0,200.0,0.03,233.11078879407955,186.35178018440712,2400.0,52.04855078968795,0.033138418356253335,11.41474748676058,15.0
high-mileage,0.0,10.0,200.0,0.04,233.11078879407955,186.35178018440712,2400.0,-108.13711175632429,0.033138418356253335,11.41474748676058,15.0
high-mileage,0.0,10.0,250.0,0.0,233.11078879407955,186.35178018440712,2900.0,147.1181348736967,0.006564791803319796,14.162588777483949,15.0
high-mileage,0.0,10.0,250.0,0.01,233.11078879407955,186.35178018440712,2900.0,-72.87982020867611,0.006564791803319796,14.162588777483949,15.0
high-mileage,0.0,10.0,250.0,0.02,233.11078879407955,186.35178018440712,2900.0,-270.32219586595534,0.006564791803319796,14.162588777483949,15.0
high-mileage,0.0,10.0,250.0,0.03,233.11078879407955,186.35178018440712,2900.0,-447.95144921031226,0.006564791803319796,14.162588777483949,15.0
high-mileage,0.0,10.0,250.0,0.04,233.11078879407955,186.35178018440712,2900.0,-608.1371117563244,0.006564791803319796,14.162588777483949,15.0
high-mileage,0.0,10.0,300.0,0.0,233.11078879407955,186.35178018440712,3400.0,-352.88186512630307,-0.014030823001982128,Inf,15.0
high-mileage,0.0,10.0,300.0,0.01,233.11078879407955,186.35178018440712,3400.0,-572.8798202086762,-0.014030823001982128,Inf,15.0
high-mileage,0.0,10.0,300.0,0.02,233.11078879407955,186.35178018440712,3400.0,-770.3221958659558,-0.014030823001982128,Inf,15.0
high-mileage,0.0,10.0,300.0,0.03,233.11078879407955,186.35178018440712,3400.0,-947.9514492103121,-0.014030823001982128,Inf,15.0
high-mileage,0.0,10.0,300.0,0.04,233.11078879407955,186.35178018440712,3400.0,-1108.137111756324,-0.014030823001982128,Inf,15.0
high-mileage,0.0,10.0,350.0,0.0,233.11078879407955,186.35178018440712,3900.0,-852.881865126303,-0.030701555169704367,Inf,15.0
high-mileage,0.0,10.0,350.0,0.01,233.11078879407955,186.35178018440712,3900.0,-1072.8798202086762,-0.030701555169704367,Inf,15.0
high-mileage,0.0,10.0,350.0,0.02,233.11078879407955,186.35178018440712,3900.0,-1270.322195865956,-0.030701555169704367,Inf,15.0
high-mileage,0.0,10.0,350.0,0.03,233.11078879407955,186.35178018440712,3900.0,-1447.9514492103124,-0.030701555169704367,Inf,15.0
high-mileage,0.0,10.0,350.0,0.04,233.11078879407955,186.35178018440712,3900.0,-1608.1371117563237,-0.030701555169704367,Inf,15.0
high-mileage,0.0,10.0,400.0,0.0,233.11078879407955,186.35178018440712,4400.0,-1352.881865126303,-0.044621252045809065,Inf,15.0
high-mileage,0.0,10.0,400.0,0.01,233.11078879407955,186.35178018440712,4400.0,-1572.879820208676,-0.044621252045809065,Inf,15.0
high-mileage,0.0,10.0,400.0,0.02,233.11078879407955,186.35178018440712,4400.0,-1770.322195865956,-0.044621252045809065,Inf,15.0
high-mileage,0.0,10.0,400.0,0.03,233.11078879407955,186.35178018440712,4400.0,-1947.951449210313,-0.044621252045809065,Inf,15.0
high-mileage,0.0,10.0,400.0,0.04,233.11078879407955,186.35178018440712,4400.0,-2108.137111756324,-0.044621252045809065,Inf,15.0
high-mileage,0.0,12.5,100.0,0.0,259.2134259501113,168.1911665143307,1650.0,1738.3199276248363,0.1141771170221636,6.742265311336536,15.0
high-mileage,0.0,12.5,100.0,0.01,259.2134259501113,168.1911665143307,1650.0,1493.6876481240563,0.1141771170221636,6.742265311336536,15.0
high-mileage,0.0,12.5,100.0,0.02,259.2134259501113,168.1911665143307,1650.0,1274.1366145292018,0.1141771170221636,6.742265311336536,15.0
high-mileage,0.0,12.5,100.0,0.03,259.2134259501113,168.1911665143307,1650.0,1076.6172824273124,0.1141771170221636,6.742265311336536,15.0
high-mileage,0.0,12.5,100.0,0.04,259.2134259501113,168.1911665143307,1650.0,898.4947914373339,0.1141771170221636,6.742265311336536,15.0
high-mileage,0.0,12.5,150.0,0.0,259.2134259501113,168.1911665143307,2275.0,1113.3199276248363,0.05762397467435443,9.556450878430395,15.0
high-mileage,0.0,12.5,150.0,0.01,259.2134259501113,168.1911665143307,2275.0,868.6876481240563,0.05762397467435443,9.556450878430395,15.0
high-mileage,0.0,12.5,150.0,0.02,259.2134259501113,168.1911665143307,2275.0,649.1366145292017,0.05762397467435443,9.556450878430395,15.0
high-mileage,0.0,12.5,150.0,0.03,259.2134259501113,168.1911665143307,2275.0,451.61728242731243,0.05762397467435443,9.556450878430395,15.0
high-mileage,0.0,12.5,150.0,0.04,259.2134259501113,168.1911665143307,2275.0,273.494791437334,0.05762397467435443,9.556450878430395,15.0
high-mileage,0.0,12.5,200.0,0.0,259.2134259501113,168.1911665143307,2900.0,488.3199276248363,0.02116722498691383,12.539721255761625,15.0
high-mileage,0.0,12.5,200.0,0.01,259.2134259501113,168.1911665143307,2900.0,243.68764812405666,0.02116722498691383,12.539721255761625,15.0
high-mileage,0.0,12.5,200.0,0.02,259.2134259501113,168.1911665143307,2900.0,24.136614529201353,0.02116722498691383,12.539721255761625,15.0
high-mileage,0.0,12.5,200.0,0.03,259.2134259501113,168.1911665143307,2900.0,-173.38271757268797,0.02116722498691383,12.539721255761625,15.0
high-mileage,0.0,12.5,200.0,0.04,259.2134259501113,168.1911665143307,2900.0,-351.5052085626663,0.02116722498691383,12.539721255761625,15.0
high-mileage,0.0,12.5,250.0,0.0,259.2134259501113,168.1911665143307,3525.0,-136.68007237516386,-0.005141764892312096,Inf,15.0
high-mileage,0.0,12.5,250.0,0.01,259.2134259501113,168.1911665143307,3525.0,-381.3123518759433,-0.005141764892312096,Inf,15.0
high-mileage,0.0,12.5,250.0,0.02,259.2134259501113,168.1911665143307,3525.0,-600.8633854707982,-0.005141764892312096,Inf,15.0
high-mileage,0.0,12.5,250.0,0.03,259.2134259501113,168.1911665143307,3525.0,-798.3827175726875,-0.005141764892312096,Inf,15.0
high-mileage,0.0,12.5,250.0,0.04,259.2134259501113,168.1911665143307,3525.0,-976.505208562667,-0.005141764892312096,Inf,15.0
high-mileage,0.0,12.5,300.0,0.0,259.2134259501113,168.1911665143307,4150.0,-761.6800723751643,-0.02545658121099171,Inf,15.0
high-mileage,0.0,12.5,300.0,0.01,259.2134259501113,168.1911665143307,4150.0,-1006.3123518759437,-0.02545658121099171,Inf,15.0
high-mileage,0.0,12.5,300.0,0.02,259.2134259501113,168.1911665143307,4150.0,-1225.8633854707978,-0.02545658121099171,Inf,15.0
high-mileage,0.0,12.5,300.0,0.03,259.2134259501113,168.1911665143307,4150.0,-1423.382717572688,-0.02545658121099171,Inf,15.0
high-mileage,0.0,12.5,300.0,0.04,259.2134259501113,168.1911665143307,4150.0,-1601.5052085626671,-0.02545658121099171,Inf,15.0
high-mileage,0.0,12.5,350.0,0.0,259.2134259501113,168.1911665143307,4775.0,-1386.6800723751658,-0.041863427643227515,Inf,15.0
high-mileage,0.0,12.5,350.0,0.01,259.2134259501113,168.1911665143307,4775.0,-1631.312351875944,-0.041863427643227515,Inf,15.0
high-mileage,0.0,12.5,350.0,0.02,259.2134259501113,168.1911665143307,4775.0,-1850.863385470798,-0.041863427643227515,Inf,15.0
high-mileage,0.0,12.5,350.0,0.03,259.2134259501113,168.1911665143307,4775.0,-2048.382717572688,-0.041863427643227515,Inf,15.0
high-mileage,0.0,12.5,350.0,0.04,259.2134259501113,168.1911665143307,4775.0,-2226.505208562666,-0.041863427643227515,Inf,15.0
high-mileage,0.0,12.5,400.0,0.0,259.2134259501113,168.1911665143307,5400.0,-2011.6800723751653,-0.05554357119177672,Inf,15.0
high-mileage,0.0,12.5,400.0,0.01,259.2134259501113,168.1911665143307,5400.0,-2256.312351875943,-0.05554357119177672,Inf,15.0
high-mileage,0.0,12.5,400.0,0.02,259.2134259501113,168.1911665143307,5400.0,-2475.8633854707987,-0.05554357119177672,Inf,15.0
high-mileage,0.0,12.5,400.0,0.03,259.2134259501113,168.1911665143307,5400.0,-2673.382717572688,-0.05554357119177672,Inf,15.0
high-mileage,0.0,12.5,400.0,0.04,259.2134259501113,168.1911665143307,5400.0,-2851.5052085626653,-0.05554357119177672,Inf,15.0
high-mileage,0.0,20.0,100.0,0.0,328.4599135619435,138.47913484922773,2400.0,1893.4784973755973,0.08854756450184248,7.821430024803568,15.0
high-mileage,0.0,20.0,100.0,0.01,328.4599135619435,138.47913484922773,2400.0,1583.4949497072287,0.08854756450184248,7.821430024803568,15.0
high-mileage,0.0,20.0,100.0,0.02,328.4599135619435,138.47913484922773,2400.0,1305.2928725861136,0.08854756450184248,7.821430024803568,15.0
high-mileage,0.0,20.0,100.0,0.03,328.4599135619435,138.47913484922773,2400.0,1055.0080637989106,0.08854756450184248,7.821430024803568,15.0
high-mileage,0.0,20.0,100.0,0.04,328.4599135619435,138.47913484922773,2400.0,829.3017841972255,0.08854756450184248,7.821430024803568,15.0
high-mileage,0.0,20.0,150.0,0.0,328.4599135619435,138.47913484922773,3400.0,893.4784973755974,0.032344459036206044,11.484440632203889,15.0
high-mileage,0.0,20.0,150.0,0.01,328.4599135619435,138.47913484922773,3400.0,583.4949497072282,0.032344459036206044,11.484440632203889,15.0
high-mileage,0.0,20.0,150.0,0.02,328.4599135619435,138.47913484922773,3400.0,305.2928725861135,0.032344459036206044,11.484440632203889,15.0
high-mileage,0.0,20.0,150.0,0.03,328.4599135619435,138.47913484922773,3400.0,55.008063798910285,0.032344459036206044,11.484440632203889,15.0
high-mileage,0.0,20.0,150.0,0.04,328.4599135619435,138.47913484922773,3400.0,-170.6982158027744,0.032344459036206044,11.484440632203889,15.0
high-mileage,0.0,20.0,200.0,0.0,328.4599135619435,138.47913484922773,4400.0,-106.52150262440259,-0.003197096684439258,Inf,15.0
high-mileage,0.0,20.0,200.0,0.01,328.4599135619435,138.47913484922773,4400.0,-416.5050502927715,-0.003197096684439258,Inf,15.0
high-mileage,0.0,20.0,200.0,0.02,328.4599135619435,138.47913484922773,4400.0,-694.7071274138864,-0.003197096684439258,Inf,15.0
high-mileage,0.0,20.0,200.0,0.03,328.4599135619435,138.47913484922773,4400.0,-944.9919362010893,-0.003197096684439258,Inf,15.0
high-mileage,0.0,20.0,200.0,0.04,328.4599135619435,138.47913484922773,4400.0,-1170.6982158027745,-0.003197096684439258,Inf,15.0
high-mileage,0.0,20.0,250.0,0.0,328.4599135619435,138.47913484922773,5400.0,-1106.5215026244023,-0.028629455258807245,Inf,15.0
high-mileage,0.0,20.0,250.0,0.01,328.4599135619435,138.47913484922773,5400.0,-1416.5050502927704,-0.028629455258807245,Inf,15.0
high-mileage,0.0,20.0,250.0,0.02,328.4599135619435,138.47913484922773,5400.0,-1694.7071274138877,-0.028629455258807245,Inf,15.0
high-mileage,0.0,20.0,250.0,0.03,328.4599135619435,138.47913484922773,5400.0,-1944.9919362010896,-0.028629455258807245,Inf,15.0
high-mileage,0.0,20.0,250.0,0.04,328.4599135619435,138.47913484922773,5400.0,-2170.6982158027745,-0.028629455258807245,Inf,15.0
high-mileage,0.0,20.0,300.0,0.0,328.4599135619435,138.47913484922773,6400.0,-2106.5215026244023,-0.04818445386942477,Inf,15.0
high-mileage,0.0,20.0,300.0,0.01,328.4599135619435,138.47913484922773,6400.0,-2416.5050502927706,-0.04818445386942477,Inf,15.0
high-mileage,0.0,20.0,300.0,0.02,328.4599135619435,138.47913484922773,6400.0,-2694.7071274138875,-0.04818445386942477,Inf,15.0
high-mileage,0.0,20.0,300.0,0.03,328.4599135619435,138.47913484922773,6400.0,-2944.9919362010914,-0.04818445386942477,Inf,15.0
high-mileage,0.0,20.0,300.0,0.04,328.4599135619435,138.47913484922773,6400.0,-3170.6982158027745,-0.04818445386942477,Inf,15.0
high-mileage,0.0,20.0,350.0,0.0,328.4599135619435,138.47913484922773,7400.0,-3106.5215026244023,-0.06394216215165593,Inf,15.0
high-mileage,0.0,20.0,350.0,0.01,328.4599135619435,138.47913484922773,7400.0,-3416.5050502927706,-0.06394216215165593,Inf,15.0
high-mileage,0.0,20.0,350.0,0.02,328.4599135619435,138.47913484922773,7400.0,-3694.7071274138866,-0.06394216215165593,Inf,15.0
high-mileage,0.0,20.0,350.0,0.03,328.4599135619435,138.47913484922773,7400.0,-3944.99193620109,-0.06394216215165593,Inf,15.0
high-mileage,0.0,20.0,350.0,0.04,328.4599135619435,138.47913484922773,7400.0,-4170.698215802775,-0.06394216215165593,Inf,15.0
high-mileage,0.0,20.0,400.0,0.0,328.4599135619435,138.47913484922773,8400.0,-4106.521502624403,-0.07706510066327868,Inf,15.0
high-mileage,0.0,20.0,400.0,0.01,328.4599135619435,138.47913484922773,8400.0,-4416.50505029277,-0.07706510066327868,Inf,15.0
high-mileage,0.0,20.0,400.0,0.02,328.4599135619435,138.47913484922773,8400.0,-4694.707127413886,-0.07706510066327868,Inf,15.0
high-mileage,0.0,20.0,400.0,0.03,328.4599135619435,138.47913484922773,8400.0,-4944.99193620109,-0.07706510066327868,Inf,15.0
high-mileage,0.0,20.0,400.0,0.04,328.4599135619435,138.47913484922773,8400.0,-5170.698215802775,-0.07706510066327868,Inf,15.0
high-mileage,0.0,25.0,100.0,0.0,370.9259458918939,128.17824394571483,2900.0,1948.5751443310087,0.07674715571930271,8.418945452382186,15.0
high-mileage,0.0,25.0,100.0,0.01,370.9259458918939,128.17824394571483,2900.0,1598.514342746676,0.07674715571930271,8.418945452382186,15.0
high-mileage,0.0,25.0,100.0,0.02,370.9259458918939,128.17824394571483,2900.0,1284.343984829382,0.07674715571930271,8.418945452382186,15.0
high-mileage,0.0,25.0,100.0,0.03,370.9259458918939,128.17824394571483,2900.0,1001.7002721309154,0.07674715571930271,8.418945452382186,15.0
high-mileage,0.0,25.0,100.0,0.04,370.9259458918939,128.17824394571483,2900.0,746.8128055079704,0.07674715571930271,8.418945452382186,15.0
high-mileage,0.0,25.0,150.0,0.0,370.9259458918939,128.17824394571483,4150.0,698.5751443310085,0.021160603943020474,12.540390239141573,15.0
high-mileage,0.0,25.0,150.0,0.01,370.9259458918939,128.17824394571483,4150.0,348.51434274667577,0.021160603943020474,12.540390239141573,15.0
high-mileage,0.0,25.0,150.0,0.02,370.9259458918939,128.17824394571483,4150.0,34.34398482938212,0.021160603943020474,12.540390239141573,15.0
high-mileage,0.0,25.0,150.0,0.03,370.9259458918939,128.17824394571483,4150.0,-248.29972786908425,0.021160603943020474,12.540390239141573,15.0
high-mileage,0.0,25.0,150.0,0.04,370.9259458918939,128.17824394571483,4150.0,-503.1871944920298,0.021160603943020474,12.540390239141573,15.0
high-mileage,0.0,25.0,200.0,0.0,370.9259458918939,128.17824394571483,5400.0,-551.4248556689913,-0.013797562257169087,Inf,15.0
high-mileage,0.0,25.0,200.0,0.01,370.9259458918939,128.17824394571483,5400.0,-901.4856572533243,-0.013797562257169087,Inf,15.0
high-mileage,0.0,25.0,200.0,0.02,370.9259458918939,128.17824394571483,5400.0,-1215.6560151706176,-0.013797562257169087,Inf,15.0
high-mileage,0.0,25.0,200.0,0.03,370.9259458918939,128.17824394571483,5400.0,-1498.2997278690855,-0.013797562257169087,Inf,15.0
high-mileage,0.0,25.0,200.0,0.04,370.9259458918939,128.17824394571483,5400.0,-1753.1871944920294,-0.013797562257169087,Inf,15.0
high-mileage,0.0,25.0,250.0,0.0,370.9259458918939,128.17824394571483,6650.0,-1801.4248556689913,-0.038760549044461676,Inf,15.0
high-mileage,0.0,25.0,250.0,0.01,370.9259458918939,128.17824394571483,6650.0,-2151.4856572533236,-0.038760549044461676,Inf,15.0
high-mileage,0.0,25.0,250.0,0.02,370.9259458918939,128.17824394571483,6650.0,-2465.656015170618,-0.038760549044461676,Inf,15.0
high-mileage,0.0,25.0,250.0,0.03,370.9259458918939,128.17824394571483,6650.0,-2748.2997278690855,-0.038760549044461676,Inf,15.0
high-mileage,0.0,25.0,250.0,0.04,370.9259458918939,128.17824394571483,6650.0,-3003.1871944920294,-0.038760549044461676,Inf,15.0
high-mileage,0.0,25.0,300.0,0.0,370.9259458918939,128.17824394571483,7900.0,-3051.424855668992,-0.05793849962953236,Inf,15.0
high-mileage,0.0,25.0,300.0,0.01,370.9259458918939,128.17824394571483,7900.0,-3401.485657253323,-0.05793849962953236,Inf,15.0
high-mileage,0.0,25.0,300.0,0.02,370.9259458918939,128.17824394571483,7900.0,-3715.6560151706176,-0.05793849962953236,Inf,15.0
high-mileage,0.0,25.0,300.0,0.03,370.9259458918939,128.17824394571483,7900.0,-3998.2997278690855,-0.05793849962953236,Inf,15.0
high-mileage,0.0,25.0,300.0,0.04,370.9259458918939,128.17824394571483,7900.0,-4253.1871944920285,-0.05793849962953236,Inf,15.0
high-mileage,0.0,25.0,350.0,0.0,370.9259458918939,128.17824394571483,9150.0,-4301.424855668994,-0.07338759133914938,Inf,15.0
high-mileage,0.0,25.0,350.0,0.01,370.9259458918939,128.17824394571483,9150.0,-4651.4856572533245,-0.07338759133914938,Inf,15.0
high-mileage,0.0,25.0,350.0,0.02,370.9259458918939,128.17824394571483,9150.0,-4965.65601517062,-0.07338759133914938,Inf,15.0
high-mileage,0.0,25.0,350.0,0.03,370.9259458918939,128.17824394571483,9150.0,-5248.2997278690855,-0.07338759133914938,Inf,15.0
high-mileage,0.0,25.0,350.0,0.04,370.9259458918939,128.17824394571483,9150.0,-5503.1871944920285,-0.07338759133914938,Inf,15.0
high-mileage,0.0,25.0,400.0,0.0,370.9259458918939,128.17824394571483,10400.0,-5551.424855668994,-0.0862527978959273,Inf,15.0
high-mileage,0.0,25.0,400.0,0.01,370.9259458918939,128.17824394571483,10400.0,-5901.4856572533245,-0.0862527978959273,Inf,15.0
high-mileage,0.0,25.0,400.0,0.02,370.9259458918939,128.17824394571483,10400.0,-6215.65601517062,-0.0862527978959273,Inf,15.0
high-mileage,0.0,25.0,400.0,0.03,370.9259458918939,128.17824394571483,10400.0,-6498.299727869084,-0.0862527978959273,Inf,15.0
high-mileage,0.0,25.0,400.0,0.04,370.9259458918939,128.17824394571483,10400.0,-6753.187194492028,-0.0862527978959273,Inf,15.0
high-mileage,3.0,5.0,100.0,0.0,292.9242282559587,285.94998840384153,900.0,2928.9721924928904,0.3008192593204011,3.1403187822237872,15.0
high-mileage,3.0,5.0,100.0,0.01,292.9242282559587,285.94998840384153,900.0,2652.525394196827,0.3008192593204011,3.1403187822237872,15.0
high-mileage,3.0,5.0,100.0,0.02,292.9242282559587,285.94998840384153,900.0,2404.421667150882,0.3008192593204011,3.1403187822237872,15.0
high-mileage,3.0,5.0,100.0,0.03,292.9242282559587,285.94998840384153,900.0,2181.214872558714,0.3008192593204011,3.1403187822237872,15.0
high-mileage,3.0,5.0,100.0,0.04,292.9242282559587,285.94998840384153,900.0,1979.9274854682385,0.3008192593204011,3.1403187822237872,15.0
high-mileage,3.0,5.0,150.0,0.0,292.9242282559587,285.94998840384153,1150.0,2678.9721924928904,0.22584712279217906,4.048069685428703,15.0
high-mileage,3.0,5.0,150.0,0.01,292.9242282559587,285.94998840384153,1150.0,2402.525394196827,0.22584712279217906,4.048069685428703,15.0
high-mileage,3.0,5.0,150.0,0.02,292.9242282559587,285.94998840384153,1150.0,2154.421667150881,0.22584712279217906,4.048069685428703,15.0
high-mileage,3.0,5.0,150.0,0.03,292.9242282559587,285.94998840384153,1150.0,1931.2148725587144,0.22584712279217906,4.048069685428703,15.0
high-mileage,3.0,5.0,150.0,0.04,292.9242282559587,285.94998840384153,1150.0,1729.9274854682385,0.22584712279217906,4.048069685428703,15.0
high-mileage,3.0,5.0,200.0,0.0,292.9242282559587,285.94998840384153,1400.0,2428.9721924928904,0.17557801007362728,4.973365103282113,15.0
high-mileage,3.0,5.0,200.0,0.01,292.9242282559587,285.94998840384153,1400.0,2152.525394196827,0.17557801007362728,4.973365103282113,15.0
high-mileage,3.0,5.0,200.0,0.02,292.9242282559587,285.94998840384153,1400.0,1904.4216671508816,0.17557801007362728,4.973365103282113,15.0
high-mileage,3.0,5.0,200.0,0.03,292.9242282559587,285.94998840384153,1400.0,1681.2148725587144,0.17557801007362728,4.973365103282113,15.0
high-mileage,3.0,5.0,200.0,0.04,292.9242282559587,285.94998840384153,1400.0,1479.9274854682387,0.17557801007362728,4.973365103282113,15.0
high-mileage,3.0,5.0,250.0,0.0,292.9242282559587,285.94998840384153,1650.0,2178.9721924928904,0.13889035723569576,5.917000531770942,15.0
high-mileage,3.0,5.0,250.0,0.01,292.9242282559587,285.94998840384153,1650.0,1902.5253941968272,0.13889035723569576,5.917000531770942,15.0
high-mileage,3.0,5.0,250.0,0.02,292.9242282559587,285.94998840384153,1650.0,1654.4216671508814,0.13889035723569576,5.917000531770942,15.0
high-mileage,3.0,5.0,250.0,0.03,292.9242282559587,285.94998840384153,1650.0,1431.2148725587144,0.13889035723569576,5.917000531770942,15.0
high-mileage,3.0,5.0,250.0,0.04,292.9242282559587,285.94998840384153,1650.0,1229.9274854682387,0.13889035723569576,5.917000531770942,15.0
high-mileage,3.0,5.0,300.0,0.0,292.9242282559587,285.94998840384153,1900.0,1928.9721924928908,0.11054765939885663,6.8787546220209626,15.0
high-mileage,3.0,5.0,300.0,0.01,292.9242282559587,285.94998840384153,1900.0,1652.5253941968272,0.11054765939885663,6.8787546220209626,15.0
high-mileage,3.0,5.0,300.0,0.02,292.9242282559587,285.94998840384153,1900.0,1404.4216671508814,0.11054765939885663,6.8787546220209626,15.0
high-mileage,3.0,5.0,300.0,0.03,292.9242282559587,285.94998840384153,1900.0,1181.214872558715,0.11054765939885663,6.8787546220209626,15.0
high-mileage,3.0,5.0,300.0,0.04,292.9242282559587,285.94998840384153,1900.0,979.9274854682388,0.11054765939885663,6.8787546220209626,15.0
high-mileage,3.0,5.0,350.0,0.0,292.9242282559587,285.94998840384153,2150.0,1678.9721924928908,0.08774775126265003,7.859390386703607,15.0
high-mileage,3.0,5.0,350.0,0.01,292.9242282559587,285.94998840384153,2150.0,1402.5253941968272,0.08774775126265003,7.859390386703607,15.0
high-mileage,3.0,5.0,350.0,0.02,292.9242282559587,285.94998840384153,2150.0,1154.4216671508814,0.08774775126265003,7.859390386703607,15.0
high-mileage,3.0,5.0,350.0,0.03,292.9242282559587,285.94998840384153,2150.0,931.2148725587148,0.08774775126265003,7.859390386703607,15.0
high-mileage,3.0,5.0,350.0,0.04,292.9242282559587,285.94998840384153,2150.0,729.9274854682388,0.08774775126265003,7.859390386703607,15.0
high-mileage,3.0,5.0,400.0,0.0,292.9242282559587,285.94998840384153,2400.0,1428.9721924928908,0.06884675945486257,8.859694435566544,15.0
high-mileage,3.0,5.0,400.0,0.01,292.9242282559587,285.94998840384153,2400.0,1152.5253941968274,0.06884675945486257,8.859694435566544,15.0
high-mileage,3.0,5.0,400.0,0.02,292.9242282559587,285.94998840384153,2400.0,904.4216671508813,0.06884675945486257,8.859694435566544,15.0
high-mileage,3.0,5.0,400.0,0.03,292.9242282559587,285.94998840384153,2400.0,681.2148725587147,0.06884675945486257,8.859694435566544,15.0
high-mileage,3.0,5.0,400.0,0.04,292.9242282559587,285.94998840384153,2400.0,479.92748546823907,0.06884675945486257,8.859694435566544,15.0
high-mileage,3.0,10.0,100.0,0.0,425.464686010625,230.97337910319501,1400.0,4161.480732822457,0.2782557975853342,3.371996215693274,15.0
high-mileage,3.0,10.0,100.0,0.01,425.464686010625,230.97337910319501,1400.0,3759.949077568247,0.2782557975853342,3.371996215693274,15.0
high-mileage,3.0,10.0,100.0,0.02,425.464686010625,230.97337910319501,1400.0,3399.584982886973,0.2782557975853342,3.371996215693274,15.0
high-mileage,3.0,10.0,100.0,0.03,425.464686010625,230.97337910319501,1400.0,3075.3830234177412,0.2782557975853342,3.371996215693274,15.0
high-mileage,3.0,10.0,100.0,0.04,425.464686010625,230.97337910319501,1400.0,2783.018423001299,0.2782557975853342,3.371996215693274,15.0
high-mileage,3.0,10.0,150.0,0.0,425.464686010625,230.97337910319501,1900.0,3661.480732822457,0.1920720992506175,4.633275900727946,15.0
high-mileage,3.0,10.0,150.0,0.01,425.464686010625,230.97337910319501,1900.0,3259.949077568247,0.1920720992506175,4.633275900727946,15.0
high-mileage,3.0,10.0,150.0,0.02,425.464686010625,230.97337910319501,1900.0,2899.584982886973,0.1920720992506175,4.633275900727946,15.0
high-mileage,3.0,10.0,150.0,0.03,425.464686010625,230.97337910319501,1900.0,2575.3830234177417,0.1920720992506175,4.633275900727946,15.0
high-mileage,3.0,10.0,150.0,0.04,425.464686010625,230.97337910319501,1900.0,2283.0184230012983,0.1920720992506175,4.633275900727946,15.0
high-mileage,3.0,10.0,200.0,0.0,425.464686010625,230.97337910319501,2400.0,3161.480732822457,0.13859031660392468,5.925889785228551,15.0
high-mileage,3.0,10.0,200.0,0.01,425.464686010625,230.97337910319501,2400.0,2759.949077568247,0.13859031660392468,5.925889785228551,15.0
high-mileage,3.0,10.0,200.0,0.02,425.464686010625,230.97337910319501,2400.0,2399.5849828869736,0.13859031660392468,5.925889785228551,15.0
high-mileage,3.0,10.0,200.0,0.03,425.464686010625,230.97337910319501,2400.0,2075.3830234177417,0.13859031660392468,5.925889785228551,15.0
high-mileage,3.0,10.0,200.0,0.04,425.464686010625,230.97337910319501,2400.0,1783.0184230012987,0.13859031660392468,5.925889785228551,15.0
high-mileage,3.0,10.0,250.0,0.0,425.464686010625,230.97337910319501,2900.0,2661.480732822457,0.10118921282799867,7.256130607059998,15.0
high-mileage,3.0,10.0,250.0,0.01,425.464686010625,230.97337910319501,2900.0,2259.949077568246,0.10118921282799867,7.256130607059998,15.0
high-mileage,3.0,10.0,250.0,0.02,425.464686010625,230.97337910319501,2900.0,1899.5849828869739,0.10118921282799867,7.256130607059998,15.0
high-mileage,3.0,10.0,250.0,0.03,425.464686010625,230.97337910319501,2900.0,1575.383023417742,0.10118921282799867,7.256130607059998,15.0
high-mileage,3.0,10.0,250.0,0.04,425.464686010625,230.97337910319501,2900.0,1283.0184230012992,0.10118921282799867,7.256130607059998,15.0
high-mileage,3.0,10.0,300.0,0.0,425.464686010625,230.97337910319501,3400.0,2161.480732822457,0.0730296676613795,8.62228098497681,15.0
high-mileage,3.0,10.0,300.0,0.01,425.464686010625,230.97337910319501,3400.0,1759.9490775682464,0.0730296676613795,8.62228098497681,15.0
high-mileage,3.0,10.0,300.0,0.02,425.464686010625,230.97337910319501,3400.0,1399.5849828869739,0.0730296676613795,8.62228098497681,15.0
high-mileage,3.0,10.0,300.0,0.03,425.464686010625,230.97337910319501,3400.0,1075.383023417742,0.0730296676613795,8.62228098497681,15.0
high-mileage,3.0,10.0,300.0,0.04,425.464686010625,230.97337910319501,3400.0,783.018423001299,0.0730296676613795,8.62228098497681,15.0
high-mileage,3.0,10.0,350.0,0.0,425.464686010625,230.97337910319501,3900.0,1661.480732822457,0.050748593591234736,10.024585975544362,15.0
high-mileage,3.0,10.0,350.0,0.01,425.464686010625,230.97337910319501,3900.0,1259.9490775682464,0.050748593591234736,10.024585975544362,15.0
high-mileage,3.0,10.0,350.0,0.02,425.464686010625,230.97337910319501,3900.0,899.5849828869736,0.050748593591234736,10.024585975544362,15.0
high-mileage,3.0,10.0,350.0,0.03,425.464686010625,230.97337910319501,3900.0,575.3830234177419,0.050748593591234736,10.024585975544362,15.0
high-mileage,3.0,10.0,350.0,0.04,425.464686010625,230.97337910319501,3900.0,283.0184230012993,0.050748593591234736,10.024585975544362,15.0
high-mileage,3.0,10.0,400.0,0.0,425.464686010625,230.97337910319501,4400.0,1161.4807328224572,0.03248207618063128,11.4723199483727,15.0
high-mileage,3.0,10.0,400.0,0.01,425.464686010625,230.97337910319501,4400.0,759.9490775682461,0.03248207618063128,11.4723199483727,15.0
high-mileage,3.0,10.0,400.0,0.02,425.464686010625,230.97337910319501,4400.0,399.5849828869736,0.03248207618063128,11.4723199483727,15.0
high-mileage,3.0,10.0,400.0,0.03,425.464686010625,230.97337910319501,4400.0,75.38302341774184,0.03248207618063128,11.4723199483727,15.0
high-mileage,3.0,10.0,400.0,0.04,425.464686010625,230.97337910319501,4400.0,-216.98157699870058,0.03248207618063128,11.4723199483727,15.0
high-mileage,3.0,15.0,100.0,0.0,487.24509231823845,187.80188221560533,1900.0,4469.046085819004,0.2277168446730184,4.019388011305089,15.0
high-mileage,3.0,15.0,100.0,0.01,487.24509231823845,187.80188221560533,1900.0,4009.2092653592517,0.2277168446730184,4.019388011305089,15.0
high-mileage,3.0,15.0,100.0,0.02,487.24509231823845,187.80188221560533,1900.0,3596.517819148906,0.2277168446730184,4.019388011305089,15.0
high-mileage,3.0,15.0,100.0,0.03,487.24509231823845,187.80188221560533,1900.0,3225.239499548499,0.2277168446730184,4.019388011305089,15.0
high-mileage,3.0,15.0,100.0,0.04,487.24509231823845,187.80188221560533,1900.0,2890.4215430778713,0.2277168446730184,4.019388011305089,15.0
high-mileage,3.0,15.0,150.0,0.0,487.24509231823845,187.80188221560533,2650.0,3719.0460858190045,0.1463658206218735,5.702253038389485,15.0
high-mileage,3.0,15.0,150.0,0.01,487.24509231823845,187.80188221560533,2650.0,3259.2092653592517,0.1463658206218735,5.702253038389485,15.0
high-mileage,3.0,15.0,150.0,0.02,487.24509231823845,187.80188221560533,2650.0,2846.5178191489063,0.1463658206218735,5.702253038389485,15.0
high-mileage,3.0,15.0,150.0,0.03,487.24509231823845,187.80188221560533,2650.0,2475.2394995484988,0.1463658206218735,5.702253038389485,15.0
high-mileage,3.0,15.0,150.0,0.04,487.24509231823845,187.80188221560533,2650.0,2140.421543077871,0.1463658206218735,5.702253038389485,15.0
high-mileage,3.0,15.0,200.0,0.0,487.24509231823845,187.80188221560533,3400.0,2969.0460858190045,0.0968591366377233,7.442659886546318,15.0
high-mileage,3.0,15.0,200.0,0.01,487.24509231823845,187.80188221560533,3400.0,2509.2092653592513,0.0968591366377233,7.442659886546318,15.0
high-mileage,3.0,15.0,200.0,0.02,487.24509231823845,187.80188221560533,3400.0,2096.5178191489063,0.0968591366377233,7.442659886546318,15.0
high-mileage,3.0,15.0,200.0,0.03,487.24509231823845,187.80188221560533,3400.0,1725.2394995484985,0.0968591366377233,7.442659886546318,15.0
high-mileage,3.0,15.0,200.0,0.04,487.24509231823845,187.80188221560533,3400.0,1390.4215430778704,0.0968591366377233,7.442659886546318,15.0
high-mileage,3.0,15.0,250.0,0.0,487.24509231823845,187.80188221560533,4150.0,2219.046085819004,0.06246417864506036,9.245472558038738,15.0
high-mileage,3.0,15.0,250.0,0.01,487.24509231823845,187.80188221560533,4150.0,1759.2092653592508,0.06246417864506036,9.245472558038738,15.0
high-mileage,3.0,15.0,250.0,0.02,487.24509231823845,187.80188221560533,4150.0,1346.517819148906,0.06246417864506036,9.245472558038738,15.0
high-mileage,3.0,15.0,250.0,0.03,487.24509231823845,187.80188221560533,4150.0,975.2394995484988,0.06246417864506036,9.245472558038738,15.0
high-mileage,3.0,15.0,250.0,0.04,487.24509231823845,187.80188221560533,4150.0,640.4215430778709,0.06246417864506036,9.245472558038738,15.0
high-mileage,3.0,15.0,300.0,0.0,487.24509231823845,187.80188221560533,4900.0,1469.0460858190036,0.0366136001310428,11.1162787350926,15.0
high-mileage,3.0,15.0,300.0,0.01,487.24509231823845,187.80188221560533,4900.0,1009.2092653592508,0.0366136001310428,11.1162787350926,15.0
high-mileage,3.0,15.0,300.0,0.02,487.24509231823845,187.80188221560533,4900.0,596.5178191489056,0.0366136001310428,11.1162787350926,15.0
high-mileage,3.0,15.0,300.0,0.03,487.24509231823845,187.80188221560533,4900.0,225.2394995484987,0.0366136001310428,11.1162787350926,15.0
high-mileage,3.0,15.0,300.0,0.04,487.24509231823845,187.80188221560533,4900.0,-109.57845692212913,0.0366136001310428,11.1162787350926,15.0
high-mileage,3.0,15.0,350.0,0.0,487.24509231823845,187.80188221560533,5650.0,719.0460858190038,0.016155067816568426,13.06102079274628,15.0
high-mileage,3.0,15.0,350.0,0.01,487.24509231823845,187.80188221560533,5650.0,259.2092653592507,0.016155067816568426,13.06102079274628,15.0
high-mileage,3.0,15.0,350.0,0.02,487.24509231823845,187.80188221560533,5650.0,-153.48218085109391,0.016155067816568426,13.06102079274628,15.0
high-mileage,3.0,15.0,350.0,0.03,487.24509231823845,187.80188221560533,5650.0,-524.7605004515019,0.016155067816568426,13.06102079274628,15.0
high-mileage,3.0,15.0,350.0,0.04,487.24509231823845,187.80188221560533,5650.0,-859.5784569221296,0.016155067816568426,13.06102079274628,15.0
high-mileage,3.0,15.0,400.0,0.0,487.24509231823845,187.80188221560533,6400.0,-30.95391418099615,-0.0006352746822097383,Inf,15.0
high-mileage,3.0,15.0,400.0,0.01,487.24509231823845,187.80188221560533,6400.0,-490.79073464074935,-0.0006352746822097383,Inf,15.0
high-mileage,3.0,15.0,400.0,0.02,487.24509231823845,187.80188221560533,6400.0,-903.4821808510944,-0.0006352746822097383,Inf,15.0
high-mileage,3.0,15.0,400.0,0.03,487.24509231823845,187.80188221560533,6400.0,-1274.760500451502,-0.0006352746822097383,Inf,15.0
high-mileage,3.0,15.0,400.0,0.04,487.24509231823845,187.80188221560533,6400.0,-1609.5784569221296,-0.0006352746822097383,Inf,15.0
high-mileage,3.0,20.0,100.0,0.0,534.6258353947128,163.64479094917493,2400.0,4588.385594809516,0.1907711484769311,4.658662023599684,15.0
high-mileage,3.0,20.0,100.0,0.01,534.6258353947128,163.64479094917493,2400.0,4083.8332695847075,0.1907711484769311,4.658662023599684,15.0
high-mileage,3.0,20.0,100.0,0.02,534.6258353947128,163.64479094917493,2400.0,3631.0108344921186,0.1907711484769311,4.658662023599684,15.0
high-mileage,3.0,20.0,100.0,0.03,534.6258353947128,163.64479094917493,2400.0,3223.628626010749,0.1907711484769311,4.658662023599684,15.0
high-mileage,3.0,20.0,100.0,0.04,534.6258353947128,163.64479094917493,2400.0,2856.2522634668107,0.1907711484769311,4.658662023599684,15.0
high-mileage,3.0,20.0,150.0,0.0,534.6258353947128,163.64479094917493,3400.0,3588.385594809516,0.11435478219328044,6.735691776402153,15.0
high-mileage,3.0,20.0,150.0,0.01,534.6258353947128,163.64479094917493,3400.0,3083.8332695847075,0.11435478219328044,6.735691776402153,15.0
high-mileage,3.0,20.0,150.0,0.02,534.6258353947128,163.64479094917493,3400.0,2631.0108344921186,0.11435478219328044,6.735691776402153,15.0
high-mileage,3.0,20.0,150.0,0.03,534.6258353947128,163.64479094917493,3400.0,2223.6286260107495,0.11435478219328044,6.735691776402153,15.0
high-mileage,3.0,20.0,150.0,0.04,534.6258353947128,163.64479094917493,3400.0,1856.2522634668107,0.11435478219328044,6.735691776402153,15.0
high-mileage,3.0,20.0,200.0,0.0,534.6258353947128,163.64479094917493,4400.0,2588.385594809516,0.06810190293490331,8.902961286644556,15.0
high-mileage,3.0,20.0,200.0,0.01,534.6258353947128,163.64479094917493,4400.0,2083.8332695847075,0.06810190293490331,8.902961286644556,15.0
high-mileage,3.0,20.0,200.0,0.02,534.6258353947128,163.64479094917493,4400.0,1631.0108344921184,0.06810190293490331,8.902961286644556,15.0
high-mileage,3.0,20.0,200.0,0.03,534.6258353947128,163.64479094917493,4400.0,1223.62862601075,0.06810190293490331,8.902961286644556,15.0
high-mileage,3.0,20.0,200.0,0.04,534.6258353947128,163.64479094917493,4400.0,856.2522634668105,0.06810190293490331,8.902961286644556,15.0
high-mileage,3.0,20.0,250.0,0.0,534.6258353947128,163.64479094917493,5400.0,1588.3855948095165,0.035964740881823845,11.17120537942325,15.0
high-mileage,3.0,20.0,250.0,0.01,534.6258353947128,163.64479094917493,5400.0,1083.8332695847082,0.035964740881823845,11.17120537942325,15.0
high-mileage,3.0,20.0,250.0,0.02,534.6258353947128,163.64479094917493,5400.0,631.0108344921185,0.035964740881823845,11.17120537942325,15.0
high-mileage,3.0,20.0,250.0,0.03,534.6258353947128,163.64479094917493,5400.0,223.62862601074892,0.035964740881823845,11.17120537942325,15.0
high-mileage,3.0,20.0,250.0,0.04,534.6258353947128,163.64479094917493,5400.0,-143.74773653318903,0.035964740881823845,11.17120537942325,15.0
high-mileage,3.0,20.0,300.0,0.0,534.6258353947128,163.64479094917493,6400.0,588.3855948095161,0.01177230159745131,13.548889705881475,15.0
high-mileage,3.0,20.0,300.0,0.01,534.6258353947128,163.64479094917493,6400.0,83.83326958470838,0.01177230159745131,13.548889705881475,15.0
high-mileage,3.0,20.0,300.0,0.02,534.6258353947128,163.64479094917493,6400.0,-368.9891655078813,0.01177230159745131,13.548889705881475,15.0
high-mileage,3.0,20.0,300.0,0.03,534.6258353947128,163.64479094917493,6400.0,-776.3713739892509,0.01177230159745131,13.548889705881475,15.0
high-mileage,3.0,20.0,300.0,0.04,534.6258353947128,163.64479094917493,6400.0,-1143.7477365331888,0.01177230159745131,13.548889705881475,15.0
high-mileage,3.0,20.0,350.0,0.0,534.6258353947128,163.64479094917493,7400.0,-411.61440519048404,-0.007412019638393073,Inf,15.0
high-mileage,3.0,20.0,350.0,0.01,534.6258353947128,163.64479094917493,7400.0,-916.1667304152913,-0.007412019638393073,Inf,15.0
high-mileage,3.0,20.0,350.0,0.02,534.6258353947128,163.64479094917493,7400.0,-1368.989165507882,-0.007412019638393073,Inf,15.0
high-mileage,3.0,20.0,350.0,0.03,534.6258353947128,163.64479094917493,7400.0,-1776.37137398925,-0.007412019638393073,Inf,15.0
high-mileage,3.0,20.0,350.0,0.04,534.6258353947128,163.64479094917493,7400.0,-2143.7477365331893,-0.007412019638393073,Inf,15.0
high-mileage,3.0,20.0,400.0,0.0,534.6258353947128,163.64479094917493,8400.0,-1411.6144051904844,-0.02318811468711037,Inf,15.0
high-mileage,3.0,20.0,400.0,0.01,534.6258353947128,163.64479094917493,8400.0,-1916.1667304152927,-0.02318811468711037,Inf,15.0
high-mileage,3.0,20.0,400.0,0.02,534.6258353947128,163.64479094917493,8400.0,-2368.989165507882,-0.02318811468711037,Inf,15.0
high-mileage,3.0,20.0,400.0,0.03,534.6258353947128,163.64479094917493,8400.0,-2776.37137398925,-0.02318811468711037,Inf,15.0
high-mileage,3.0,20.0,400.0,0.04,534.6258353947128,163.64479094917493,8400.0,-3143.7477365331897,-0.02318811468711037,Inf,15.0
high-mileage,3.0,30.0,100.0,0.0,616.2017774899123,137.29087800894953,3400.0,4654.709182034244,0.1432723768705022,5.789574693098095,15.0
high-mileage,3.0,30.0,100.0,0.01,616.2017774899123,137.29087800894953,3400.0,4073.169684582435,0.1432723768705022,5.789574693098095,15.0
high-mileage,3.0,30.0,100.0,0.02,616.2017774899123,137.29087800894953,3400.0,3551.2532882575983,0.1432723768705022,5.789574693098095,15.0
high-mileage,3.0,30.0,100.0,0.03,616.2017774899123,137.29087800894953,3400.0,3081.7106205362543,0.1432723768705022,5.789574693098095,15.0
high-mileage,3.0,30.0,100.0,0.04,616.2017774899123,137.29087800894953,3400.0,2658.2780951697623,0.1432723768705022,5.789574693098095,15.0
high-mileage,3.0,30.0,150.0,0.0,616.2017774899123,137.29087800894953,4900.0,3154.709182034245,0.0738634327340315,8.576061518997221,15.0
high-mileage,3.0,30.0,150.0,0.01,616.2017774899123,137.29087800894953,4900.0,2573.169684582435,0.0738634327340315,8.576061518997221,15.0
high-mileage,3.0,30.0,150.0,0.02,616.2017774899123,137.29087800894953,4900.0,2051.253288257598,0.0738634327340315,8.576061518997221,15.0
high-mileage,3.0,30.0,150.0,0.03,616.2017774899123,137.29087800894953,4900.0,1581.7106205362538,0.0738634327340315,8.576061518997221,15.0
high-mileage,3.0,30.0,150.0,0.04,616.2017774899123,137.29087800894953,4900.0,1158.2780951697625,0.0738634327340315,8.576061518997221,15.0
high-mileage,3.0,30.0,200.0,0.0,616.2017774899123,137.29087800894953,6400.0,1654.7091820342453,0.031851636864333205,11.527987085040783,15.0
high-mileage,3.0,30.0,200.0,0.01,616.2017774899123,137.29087800894953,6400.0,1073.1696845824354,0.031851636864333205,11.527987085040783,15.0
high-mileage,3.0,30.0,200.0,0.02,616.2017774899123,137.29087800894953,6400.0,551.2532882575995,0.031851636864333205,11.527987085040783,15.0
high-mileage,3.0,30.0,200.0,0.03,616.2017774899123,137.29087800894953,6400.0,81.71062053625428,0.031851636864333205,11.527987085040783,15.0
high-mileage,3.0,30.0,200.0,0.04,616.2017774899123,137.29087800894953,6400.0,-341.72190483023786,0.031851636864333205,11.527987085040783,15.0
high-mileage,3.0,30.0,250.0,0.0,616.2017774899123,137.29087800894953,7900.0,154.70918203424503,0.0025552010282137317,14.666859001162287,15.0
high-mileage,3.0,30.0,250.0,0.01,616.2017774899123,137.29087800894953,7900.0,-426.8303154175652,0.0025552010282137317,14.666859001162287,15.0
high-mileage,3.0,30.0,250.0,0.02,616.2017774899123,137.29087800894953,7900.0,-948.7467117424015,0.0025552010282137317,14.666859001162287,15.0
high-mileage,3.0,30.0,250.0,0.03,616.2017774899123,137.29087800894953,7900.0,-1418.289379463746,0.0025552010282137317,14.666859001162287,15.0
high-mileage,3.0,30.0,250.0,0.04,616.2017774899123,137.29087800894953,7900.0,-1841.7219048302388,0.0025552010282137317,14.666859001162287,15.0
high-mileage,3.0,30.0,300.0,0.0,616.2017774899123,137.29087800894953,9400.0,-1345.2908179657538,-0.01958781583331052,Inf,15.0
high-mileage,3.0,30.0,300.0,0.01,616.2017774899123,137.29087800894953,9400.0,-1926.830315417567,-0.01958781583331052,Inf,15.0
high-mileage,3.0,30.0,300.0,0.02,616.2017774899123,137.29087800894953,9400.0,-2448.746711742402,-0.01958781583331052,Inf,15.0
high-mileage,3.0,30.0,300.0,0.03,616.2017774899123,137.29087800894953,9400.0,-2918.2893794637466,-0.01958781583331052,Inf,15.0
high-mileage,3.0,30.0,300.0,0.04,616.2017774899123,137.29087800894953,9400.0,-3341.721904830238,-0.01958781583331052,Inf,15.0
high-mileage,3.0,30.0,350.0,0.0,616.2017774899123,137.29087800894953,10900.0,-2845.2908179657547,-0.03721284995620698,Inf,15.0
high-mileage,3.0,30.0,350.0,0.01,616.2017774899123,137.29087800894953,10900.0,-3426.830315417567,-0.03721284995620698,Inf,15.0
high-mileage,3.0,30.0,350.0,0.02,616.2017774899123,137.29087800894953,10900.0,-3948.746711742403,-0.03721284995620698,Inf,15.0
high-mileage,3.0,30.0,350.0,0.03,616.2017774899123,137.29087800894953,10900.0,-4418.289379463747,-0.03721284995620698,Inf,15.0
high-mileage,3.0,30.0,350.0,0.04,616.2017774899123,137.29087800894953,10900.0,-4841.721904830239,-0.03721284995620698,Inf,15.0
high-mileage,3.0,30.0,400.0,0.0,616.2017774899123,137.29087800894953,12400.0,-4345.290817965756,-0.05175508891601998,Inf,15.0
high-mileage,3.0,30.0,400.0,0.01,616.2017774899123,137.29087800894953,12400.0,-4926.830315417566,-0.05175508891601998,Inf,15.0
high-mileage,3.0,30.0,400.0,0.02,616.2017774899123,137.29087800894953,12400.0,-5448.746711742401,-0.05175508891601998,Inf,15.0
high-mileage,3.0,30.0,400.0,0.03,616.2017774899123,137.29087800894953,12400.0,-5918.289379463747,-0.05175508891601998,Inf,15.0
high-mileage,3.0,30.0,400.0,0.04,616.2017774899123,137.29087800894953,12400.0,-6341.721904830239,-0.05175508891601998,Inf,15.0
high-mileage,6.0,7.5,100.0,0.0,419.1188626252688,286.54748441358714,1150.0,4328.5310177180845,0.3411563051621851,2.795347450159102,15.0
high-mileage,6.0,7.5,100.0,0.01,419.1188626252688,286.54748441358714,1150.0,3932.9882237058373,0.3411563051621851,2.795347450159102,15.0
high-mileage,6.0,7.5,100.0,0.02,419.1188626252688,286.54748441358714,1150.0,3577.9989743982514,0.3411563051621851,2.795347450159102,15.0
high-mileage,6.0,7.5,100.0,0.03,419.1188626252688,286.54748441358714,1150.0,3258.6325005606664,0.3411563051621851,2.795347450159102,15.0
high-mileage,6.0,7.5,100.0,0.04,419.1188626252688,286.54748441358714,1150.0,2970.628530249084,0.3411563051621851,2.795347450159102,15.0
high-mileage,6.0,7.5,150.0,0.0,419.1188626252688,286.54748441358714,1525.0,3953.5310177180845,0.24746983987342663,3.7418103195111345,15.0
high-mileage,6.0,7.5,150.0,0.01,419.1188626252688,286.54748441358714,1525.0,3557.9882237058373,0.24746983987342663,3.7418103195111345,15.0
high-mileage,6.0,7.5,150.0,0.02,419.1188626252688,286.54748441358714,1525.0,3202.9989743982514,0.24746983987342663,3.7418103195111345,15.0
high-mileage,6.0,7.5,150.0,0.03,419.1188626252688,286.54748441358714,1525.0,2883.6325005606673,0.24746983987342663,3.7418103195111345,15.0
high-mileage,6.0,7.5,150.0,0.04,419.1188626252688,286.54748441358714,1525.0,2595.6285302490846,0.24746983987342663,3.7418103195111345,15.0
high-mileage,6.0,7.5,200.0,0.0,419.1188626252688,286.54748441358714,1900.0,3578.5310177180845,0.18834774390468734,4.706581399503042,15.0
high-mileage,6.0,7.5,200.0,0.01,419.1188626252688,286.54748441358714,1900.0,3182.9882237058373,0.18834774390468734,4.706581399503042,15.0
high-mileage,6.0,7.5,200.0,0.02,419.1188626252688,286.54748441358714,1900.0,2827.9989743982514,0.18834774390468734,4.706581399503042,15.0
high-mileage,6.0,7.5,200.0,0.03,419.1188626252688,286.54748441358714,1900.0,2508.6325005606673,0.18834774390468734,4.706581399503042,15.0
high-mileage,6.0,7.5,200.0,0.04,419.1188626252688,286.54748441358714,1900.0,2220.628530249084,0.18834774390468734,4.706581399503042,15.0
high-mileage,6.0,7.5,250.0,0.0,419.1188626252688,286.54748441358714,2275.0,3203.5310177180845,0.14679051865696457,5.690430261885494,15.0
high-mileage,6.0,7.5,250.0,0.01,419.1188626252688,286.54748441358714,2275.0,2807.9882237058373,0.14679051865696457,5.690430261885494,15.0
high-mileage,6.0,7.5,250.0,0.02,419.1188626252688,286.54748441358714,2275.0,2452.998974398251,0.14679051865696457,5.690430261885494,15.0
high-mileage,6.0,7.5,250.0,0.03,419.1188626252688,286.54748441358714,2275.0,2133.632500560667,0.14679051865696457,5.690430261885494,15.0
high-mileage,6.0,7.5,250.0,0.04,419.1188626252688,286.54748441358714,2275.0,1845.6285302490842,0.14679051865696457,5.690430261885494,15.0
high-mileage,6.0,7.5,300.0,0.0,419.1188626252688,286.54748441358714,2650.0,2828.5310177180845,0.11548377688429462,6.694150264257107,15.0
high-mileage,6.0,7.5,300.0,0.01,419.1188626252688,286.54748441358714,2650.0,2432.9882237058373,0.11548377688429462,6.694150264257107,15.0
high-mileage,6.0,7.5,300.0,0.02,419.1188626252688,286.54748441358714,2650.0,2077.9989743982505,0.11548377688429462,6.694150264257107,15.0
high-mileage,6.0,7.5,300.0,0.03,419.1188626252688,286.54748441358714,2650.0,1758.6325005606668,0.11548377688429462,6.694150264257107,15.0
high-mileage,6.0,7.5,300.0,0.04,419.1188626252688,286.54748441358714,2650.0,1470.6285302490844,0.11548377688429462,6.694150264257107,15.0
high-mileage,6.0,7.5,350.0,0.0,419.1188626252688,286.54748441358714,3025.0,2453.5310177180845,0.09074446054772459,7.71855920039404,15.0
high-mileage,6.0,7.5,350.0,0.01,419.1188626252688,286.54748441358714,3025.0,2057.9882237058373,0.09074446054772459,7.71855920039404,15.0
high-mileage,6.0,7.5,350.0,0.02,419.1188626252688,286.54748441358714,3025.0,1702.9989743982508,0.09074446054772459,7.71855920039404,15.0
high-mileage,6.0,7.5,350.0,0.03,419.1188626252688,286.54748441358714,3025.0,1383.6325005606668,0.09074446054772459,7.71855920039404,15.0
high-mileage,6.0,7.5,350.0,0.04,419.1188626252688,286.54748441358714,3025.0,1095.6285302490844,0.09074446054772459,7.71855920039404,15.0
high-mileage,6.0,7.5,400.0,0.0,419.1188626252688,286.54748441358714,3400.0,2078.5310177180845,0.07050424836100883,8.764499967217004,15.0
high-mileage,6.0,7.5,400.0,0.01,419.1188626252688,286.54748441358714,3400.0,1682.9882237058373,0.07050424836100883,8.764499967217004,15.0
high-mileage,6.0,7.5,400.0,0.02,419.1188626252688,286.54748441358714,3400.0,1327.9989743982505,0.07050424836100883,8.764499967217004,15.0
high-mileage,6.0,7.5,400.0,0.03,419.1188626252688,286.54748441358714,3400.0,1008.6325005606673,0.07050424836100883,8.764499967217004,15.0
high-mileage,6.0,7.5,400.0,0.04,419.1188626252688,286.54748441358714,3400.0,720.6285302490846,0.07050424836100883,8.764499967217004,15.0
high-mileage,6.0,15.0,100.0,0.0,634.5033527850658,238.14976217910367,1900.0,6393.939044654979,0.3096357959504258,3.0574463259013527,15.0
high-mileage,6.0,15.0,100.0,0.01,634.5033527850658,238.14976217910367,1900.0,5795.127463141557,0.3096357959504258,3.0574463259013527,15.0
high-mileage,6.0,15.0,100.0,0.02,634.5033527850658,238.14976217910367,1900.0,5257.709825869277,0.3096357959504258,3.0574463259013527,15.0
high-mileage,6.0,15.0,100.0,0.03,634.5033527850658,238.14976217910367,1900.0,4774.221449450703,0.3096357959504258,3.0574463259013527,15.0
high-mileage,6.0,15.0,100.0,0.04,634.5033527850658,238.14976217910367,1900.0,4338.212715237527,0.3096357959504258,3.0574463259013527,15.0
high-mileage,6.0,15.0,150.0,0.0,634.5033527850658,238.14976217910367,2650.0,5643.939044654979,0.20919974067283983,4.319723605054171,15.0
high-mileage,6.0,15.0,150.0,0.01,634.5033527850658,238.14976217910367,2650.0,5045.127463141557,0.20919974067283983,4.319723605054171,15.0
high-mileage,6.0,15.0,150.0,0.02,634.5033527850658,238.14976217910367,2650.0,4507.709825869279,0.20919974067283983,4.319723605054171,15.0
high-mileage,6.0,15.0,150.0,0.03,634.5033527850658,238.14976217910367,2650.0,4024.2214494507034,0.20919974067283983,4.319723605054171,15.0
high-mileage,6.0,15.0,150.0,0.04,634.5033527850658,238.14976217910367,2650.0,3588.212715237527,0.20919974067283983,4.319723605054171,15.0
high-mileage,6.0,15.0,200.0,0.0,634.5033527850658,238.14976217910367,3400.0,4893.939044654979,0.14958890655970203,5.613506809667663,15.0
high-mileage,6.0,15.0,200.0,0.01,634.5033527850658,238.14976217910367,3400.0,4295.127463141557,0.14958890655970203,5.613506809667663,15.0
high-mileage,6.0,15.0,200.0,0.02,634.5033527850658,238.14976217910367,3400.0,3757.709825869277,0.14958890655970203,5.613506809667663,15.0
high-mileage,6.0,15.0,200.0,0.03,634.5033527850658,238.14976217910367,3400.0,3274.2214494507034,0.14958890655970203,5.613506809667663,15.0
high-mileage,6.0,15.0,200.0,0.04,634.5033527850658,238.14976217910367,3400.0,2838.212715237527,0.14958890655970203,5.613506809667663,15.0
high-mileage,6.0,15.0,250.0,0.0,634.5033527850658,238.14976217910367,4150.0,4143.939044654979,0.1089556845858203,6.939972659198717,15.0
high-mileage,6.0,15.0,250.0,0.01,634.5033527850658,238.14976217910367,4150.0,3545.127463141558,0.1089556845858203,6.939972659198717,15.0
high-mileage,6.0,15.0,250.0,0.02,634.5033527850658,238.14976217910367,4150.0,3007.709825869277,0.1089556845858203,6.939972659198717,15.0
high-mileage,6.0,15.0,250.0,0.03,634.5033527850658,238.14976217910367,4150.0,2524.2214494507034,0.1089556845858203,6.939972659198717,15.0
high-mileage,6.0,15.0,250.0,0.04,634.5033527850658,238.14976217910367,4150.0,2088.212715237527,0.1089556845858203,6.939972659198717,15.0
high-mileage,6.0,15.0,300.0,0.0,634.5033527850658,238.14976217910367,4900.0,3393.9390446549787,0.07886014734537121,8.30646202088609,15.0
high-mileage,6.0,15.0,300.0,0.01,634.5033527850658,238.14976217910367,4900.0,2795.127463141558,0.07886014734537121,8.30646202088609,15.0
high-mileage,6.0,15.0,300.0,0.02,634.5033527850658,238.14976217910367,4900.0,2257.7098258692768,0.07886014734537121,8.30646202088609,15.0
high-mileage,6.0,15.0,300.0,0.03,634.5033527850658,238.14976217910367,4900.0,1774.2214494507034,0.07886014734537121,8.30646202088609,15.0
high-mileage,6.0,15.0,300.0,0.04,634.5033527850658,238.14976217910367,4900.0,1338.2127152375267,0.07886014734537121,8.30646202088609,15.0
high-mileage,6.0,15.0,350.0,0.0,634.5033527850658,238.14976217910367,5650.0,2643.9390446549796,0.055314648166154765,9.710035349343476,15.0
high-mileage,6.0,15.0,350.0,0.01,634.5033527850658,238.14976217910367,5650.0,2045.1274631415579,0.055314648166154765,9.710035349343476,15.0
high-mileage,6.0,15.0,350.0,0.02,634.5033527850658,238.14976217910367,5650.0,1507.7098258692772,0.055314648166154765,9.710035349343476,15.0
high-mileage,6.0,15.0,350.0,0.03,634.5033527850658,238.14976217910367,5650.0,1024.2214494507034,0.055314648166154765,9.710035349343476,15.0
high-mileage,6.0,15.0,350.0,0.04,634.5033527850658,238.14976217910367,5650.0,588.2127152375268,0.055314648166154765,9.710035349343476,15.0
high-mileage,6.0,15.0,400.0,0.0,634.5033527850658,238.14976217910367,6400.0,1893.9390446549787,0.0361692391548251,11.153855179205864,15.0
high-mileage,6.0,15.0,400.0,0.01,634.5033527850658,238.14976217910367,6400.0,1295.127463141558,0.0361692391548251,11.153855179205864,15.0
high-mileage,6.0,15.0,400.0,0.02,634.5033527850658,238.14976217910367,6400.0,757.709825869277,0.0361692391548251,11.153855179205864,15.0
high-mileage,6.0,15.0,400.0,0.03,634.5033527850658,238.14976217910367,6400.0,274.2214494507037,0.0361692391548251,11.153855179205864,15.0
high-mileage,6.0,15.0,400.0,0.04,634.5033527850658,238.14976217910367,6400.0,-161.78728476247312,0.0361692391548251,11.153855179205864,15.0
high-mileage,6.0,25.0,100.0,0.0,819.638233819602,195.72839399629638,2900.0,7813.937948679738,0.2557804156731413,3.6350949849992484,15.0
high-mileage,6.0,25.0,100.0,0.01,819.638233819602,195.72839399629638,2900.0,7040.405602620344,0.2557804156731413,3.6350949849992484,15.0
high-mileage,6.0,25.0,100.0,0.02,819.638233819602,195.72839399629638,2900.0,6346.180676772605,0.2557804156731413,3.6350949849992484,15.0
high-mileage,6.0,25.0,100.0,0.03,819.638233819602,195.72839399629638,2900.0,5721.620448397788,0.2557804156731413,3.6350949849992484,15.0
high-mileage,6.0,25.0,100.0,0.04,819.638233819602,195.72839399629638,2900.0,5158.393434274403,0.2557804156731413,3.6350949849992484,15.0
high-mileage,6.0,25.0,150.0,0.0,819.638233819602,195.72839399629638,4150.0,6563.937948679738,0.16220130656335408,5.286805247346897,15.0
high-mileage,6.0,25.0,150.0,0.01,819.638233819602,195.72839399629638,4150.0,5790.405602620344,0.16220130656335408,5.286805247346897,15.0
high-mileage,6.0,25.0,150.0,0.02,819.638233819602,195.72839399629638,4150.0,5096.180676772603,0.16220130656335408,5.286805247346897,15.0
high-mileage,6.0,25.0,150.0,0.03,819.638233819602,195.72839399629638,4150.0,4471.620448397786,0.16220130656335408,5.286805247346897,15.0
high-mileage,6.0,25.0,150.0,0.04,819.638233819602,195.72839399629638,4150.0,3908.3934342744037,0.16220130656335408,5.286805247346897,15.0
high-mileage,6.0,25.0,200.0,0.0,819.638233819602,195.72839399629638,5400.0,5313.937948679739,0.10757249714091748,6.9938466690161745,15.0
high-mileage,6.0,25.0,200.0,0.01,819.638233819602,195.72839399629638,5400.0,4540.405602620343,0.10757249714091748,6.9938466690161745,15.0
high-mileage,6.0,25.0,200.0,0.02,819.638233819602,195.72839399629638,5400.0,3846.1806767726034,0.10757249714091748,6.9938466690161745,15.0
high-mileage,6.0,25.0,200.0,0.03,819.638233819602,195.72839399629638,5400.0,3221.620448397787,0.10757249714091748,6.9938466690161745,15.0
high-mileage,6.0,25.0,200.0,0.04,819.638233819602,195.72839399629638,5400.0,2658.3934342744037,0.10757249714091748,6.9938466690161745,15.0
high-mileage,6.0,25.0,250.0,0.0,819.638233819602,195.72839399629638,6650.0,4063.9379486797375,0.07048200803288233,8.765767477756723,15.0
high-mileage,6.0,25.0,250.0,0.01,819.638233819602,195.72839399629638,6650.0,3290.4056026203434,0.07048200803288233,8.765767477756723,15.0
high-mileage,6.0,25.0,250.0,0.02,819.638233819602,195.72839399629638,6650.0,2596.180676772603,0.07048200803288233,8.765767477756723,15.0
high-mileage,6.0,25.0,250.0,0.03,819.638233819602,195.72839399629638,6650.0,1971.6204483977872,0.07048200803288233,8.765767477756723,15.0
high-mileage,6.0,25.0,250.0,0.04,819.638233819602,195.72839399629638,6650.0,1408.393434274403,0.07048200803288233,8.765767477756723,15.0
high-mileage,6.0,25.0,300.0,0.0,819.638233819602,195.72839399629638,7900.0,2813.9379486797375,0.04300540332964737,10.602197177165069,15.0
high-mileage,6.0,25.0,300.0,0.01,819.638233819602,195.72839399629638,7900.0,2040.4056026203436,0.04300540332964737,10.602197177165069,15.0
high-mileage,6.0,25.0,300.0,0.02,819.638233819602,195.72839399629638,7900.0,1346.180676772603,0.04300540332964737,10.602197177165069,15.0
high-mileage,6.0,25.0,300.0,0.03,819.638233819602,195.72839399629638,7900.0,721.6204483977872,0.04300540332964737,10.602197177165069,15.0
high-mileage,6.0,25.0,300.0,0.04,819.638233819602,195.72839399629638,7900.0,158.39343427440326,0.04300540332964737,10.602197177165069,15.0
high-mileage,6.0,25.0,350.0,0.0,819.638233819602,195.72839399629638,9150.0,1563.9379486797375,0.021473333464801042,12.508843301943491,15.0
high-mileage,6.0,25.0,350.0,0.01,819.638233819602,195.72839399629638,9150.0,790.4056026203441,0.021473333464801042,12.508843301943491,15.0
high-mileage,6.0,25.0,350.0,0.02,819.638233819602,195.72839399629638,9150.0,96.18067677260427,0.021473333464801042,12.508843301943491,15.0
high-mileage,6.0,25.0,350.0,0.03,819.638233819602,195.72839399629638,9150.0,-528.3795516022145,0.021473333464801042,12.508843301943491,15.0
high-mileage,6.0,25.0,350.0,0.04,819.638233819602,195.72839399629638,9150.0,-1091.6065657255954,0.021473333464801042,12.508843301943491,15.0
high-mileage,6.0,25.0,400.0,0.0,819.638233819602,195.72839399629638,10400.0,313.93794867973736,0.00392748092413507,14.491774387797587,15.0
high-mileage,6.0,25.0,400.0,0.01,819.638233819602,195.72839399629638,10400.0,-459.59439737965647,0.00392748092413507,14.491774387797587,15.0
high-mileage,6.0,25.0,400.0,0.02,819.638233819602,195.72839399629638,10400.0,-1153.8193232273945,0.00392748092413507,14.491774387797587,15.0
high-mileage,6.0,25.0,400.0,0.03,819.638233819602,195.72839399629638,10400.0,-1778.379551602215,0.00392748092413507,14.491774387797587,15.0
high-mileage,6.0,25.0,400.0,0.04,819.638233819602,195.72839399629638,10400.0,-2341.6065657255963,0.00392748092413507,14.491774387797587,15.0
high-mileage,6.0,30.0,100.0,0.0,864.488768996304,176.76119292663034,3400.0,7900.2037315836915,0.22535407142450592,4.055691742923072,15.0
high-mileage,6.0,30.0,100.0,0.01,864.488768996304,176.76119292663034,3400.0,7084.343760645723,0.22535407142450592,4.055691742923072,15.0
high-mileage,6.0,30.0,100.0,0.02,864.488768996304,176.76119292663034,3400.0,6352.130905279152,0.22535407142450592,4.055691742923072,15.0
high-mileage,6.0,30.0,100.0,0.03,864.488768996304,176.76119292663034,3400.0,5693.394793768487,0.22535407142450592,4.055691742923072,15.0
high-mileage,6.0,30.0,100.0,0.04,864.488768996304,176.76119292663034,3400.0,5099.348044831499,0.22535407142450592,4.055691742923072,15.0
high-mileage,6.0,30.0,150.0,0.0,864.488768996304,176.76119292663034,4900.0,6400.2037315836915,0.13758002510814885,5.955979410374708,15.0
high-mileage,6.0,30.0,150.0,0.01,864.488768996304,176.76119292663034,4900.0,5584.343760645724,0.13758002510814885,5.955979410374708,15.0
high-mileage,6.0,30.0,150.0,0.02,864.488768996304,176.76119292663034,4900.0,4852.130905279153,0.13758002510814885,5.955979410374708,15.0
high-mileage,6.0,30.0,150.0,0.03,864.488768996304,176.76119292663034,4900.0,4193.394793768487,0.13758002510814885,5.955979410374708,15.0
high-mileage,6.0,30.0,150.0,0.04,864.488768996304,176.76119292663034,4900.0,3599.3480448315,0.13758002510814885,5.955979410374708,15.0
high-mileage,6.0,30.0,200.0,0.0,864.488768996304,176.76119292663034,6400.0,4900.203731583693,0.08622420895596229,7.932464259589281,15.0
high-mileage,6.0,30.0,200.0,0.01,864.488768996304,176.76119292663034,6400.0,4084.3437606457237,0.08622420895596229,7.932464259589281,15.0
high-mileage,6.0,30.0,200.0,0.02,864.488768996304,176.76119292663034,6400.0,3352.1309052791535,0.08622420895596229,7.932464259589281,15.0
high-mileage,6.0,30.0,200.0,0.03,864.488768996304,176.76119292663034,6400.0,2693.394793768486,0.08622420895596229,7.932464259589281,15.0
high-mileage,6.0,30.0,200.0,0.04,864.488768996304,176.76119292663034,6400.0,2099.3480448315,0.08622420895596229,7.932464259589281,15.0
high-mileage,6.0,30.0,250.0,0.0,864.488768996304,176.76119292663034,7900.0,3400.203731583693,0.051228900293926294,9.990391883696836,15.0
high-mileage,6.0,30.0,250.0,0.01,864.488768996304,176.76119292663034,7900.0,2584.3437606457233,0.051228900293926294,9.990391883696836,15.0
high-mileage,6.0,30.0,250.0,0.02,864.488768996304,176.76119292663034,7900.0,1852.1309052791535,0.051228900293926294,9.990391883696836,15.0
high-mileage,6.0,30.0,250.0,0.03,864.488768996304,176.76119292663034,7900.0,1193.3947937684866,0.051228900293926294,9.990391883696836,15.0
high-mileage,6.0,30.0,250.0,0.04,864.488768996304,176.76119292663034,7900.0,599.3480448315,0.051228900293926294,9.990391883696836,15.0
high-mileage,6.0,30.0,300.0,0.0,864.488768996304,176.76119292663034,9400.0,1900.203731583692,0.02521527746626953,12.139304584053576,15.0
high-mileage,6.0,30.0,300.0,0.01,864.488768996304,176.76119292663034,9400.0,1084.3437606457246,0.02521527746626953,12.139304584053576,15.0
high-mileage,6.0,30.0,300.0,0.02,864.488768996304,176.76119292663034,9400.0,352.13090527915256,0.02521527746626953,12.139304584053576,15.0
high-mileage,6.0,30.0,300.0,0.03,864.488768996304,176.76119292663034,9400.0,-306.60520623151444,0.02521527746626953,12.139304584053576,15.0
high-mileage,6.0,30.0,300.0,0.04,864.488768996304,176.76119292663034,9400.0,-900.6519551684996,0.02521527746626953,12.139304584053576,15.0
high-mileage,6.0,30.0,350.0,0.0,864.488768996304,176.76119292663034,10900.0,400.20373158369193,0.004768763665609953,14.385733659062408,15.0
high-mileage,6.0,30.0,350.0,0.01,864.488768996304,176.76119292663034,10900.0,-415.65623935427584,0.004768763665609953,14.385733659062408,15.0
high-mileage,6.0,30.0,350.0,0.02,864.488768996304,176.76119292663034,10900.0,-1147.8690947208484,0.004768763665609953,14.385733659062408,15.0
high-mileage,6.0,30.0,350.0,0.03,864.488768996304,176.76119292663034,10900.0,-1806.6052062315152,0.004768763665609953,14.385733659062408,15.0
high-mileage,6.0,30.0,350.0,0.04,864.488768996304,176.76119292663034,10900.0,-2400.6519551684987,0.004768763665609953,14.385733659062408,15.0
high-mileage,6.0,30.0,400.0,0.0,864.488768996304,176.76119292663034,12400.0,-1099.796268416308,-0.011935121878066522,Inf,15.0
high-mileage,6.0,30.0,400.0,0.01,864.488768996304,176.76119292663034,12400.0,-1915.6562393542756,-0.011935121878066522,Inf,15.0
high-mileage,6.0,30.0,400.0,0.02,864.488768996304,176.76119292663034,12400.0,-2647.869094720849,-0.011935121878066522,Inf,15.0
high-mileage,6.0,30.0,400.0,0.03,864.488768996304,176.76119292663034,12400.0,-3306.6052062315143,-0.011935121878066522,Inf,15.0
high-mileage,6.0,30.0,400.0,0.04,864.488768996304,176.76119292663034,12400.0,-3900.6519551684983,-0.011935121878066522,Inf,15.0
high-mileage,9.0,2.5,100.0,0.0,188.7470103132689,340.69858874473056,650.0,1817.2150139597547,0.2639947528082438,3.5348145292494175,15.0
high-mileage,9.0,2.5,100.0,0.01,188.7470103132689,340.69858874473056,650.0,1639.0853078588873,0.2639947528082438,3.5348145292494175,15.0
high-mileage,9.0,2.5,100.0,0.02,188.7470103132689,340.69858874473056,650.0,1479.2185839408428,0.2639947528082438,3.5348145292494175,15.0
high-mileage,9.0,2.5,100.0,0.03,188.7470103132689,340.69858874473056,650.0,1335.3943075683662,0.2639947528082438,3.5348145292494175,15.0
high-mileage,9.0,2.5,100.0,0.04,188.7470103132689,340.69858874473056,650.0,1205.6938974885998,0.2639947528082438,3.5348145292494175,15.0
high-mileage,9.0,2.5,150.0,0.0,188.7470103132689,340.69858874473056,775.0,1692.2150139597543,0.2136973085141562,4.243322906850359,15.0
high-mileage,9.0,2.5,150.0,0.01,188.7470103132689,340.69858874473056,775.0,1514.0853078588875,0.2136973085141562,4.243322906850359,15.0
high-mileage,9.0,2.5,150.0,0.02,188.7470103132689,340.69858874473056,775.0,1354.2185839408428,0.2136973085141562,4.243322906850359,15.0
high-mileage,9.0,2.5,150.0,0.03,188.7470103132689,340.69858874473056,775.0,1210.3943075683662,0.2136973085141562,4.243322906850359,15.0
high-mileage,9.0,2.5,150.0,0.04,188.7470103132689,340.69858874473056,775.0,1080.6938974885998,0.2136973085141562,4.243322906850359,15.0
high-mileage,9.0,2.5,200.0,0.0,188.7470103132689,340.69858874473056,900.0,1567.2150139597543,0.17612945208565628,4.961324865487028,15.0
high-mileage,9.0,2.5,200.0,0.01,188.7470103132689,340.69858874473056,900.0,1389.0853078588875,0.17612945208565628,4.961324865487028,15.0
high-mileage,9.0,2.5,200.0,0.02,188.7470103132689,340.69858874473056,900.0,1229.2185839408426,0.17612945208565628,4.961324865487028,15.0
high-mileage,9.0,2.5,200.0,0.03,188.7470103132689,340.69858874473056,900.0,1085.3943075683662,0.17612945208565628,4.961324865487028,15.0
high-mileage,9.0,2.5,200.0,0.04,188.7470103132689,340.69858874473056,900.0,955.6938974885996,0.17612945208565628,4.961324865487028,15.0
high-mileage,9.0,2.5,250.0,0.0,188.7470103132689,340.69858874473056,1025.0,1442.2150139597543,0.14669123328071693,5.693190636860914,15.0
high-mileage,9.0,2.5,250.0,0.01,188.7470103132689,340.69858874473056,1025.0,1264.0853078588875,0.14669123328071693,5.693190636860914,15.0
high-mileage,9.0,2.5,250.0,0.02,188.7470103132689,340.69858874473056,1025.0,1104.2185839408426,0.14669123328071693,5.693190636860914,15.0
high-mileage,9.0,2.5,250.0,0.03,188.7470103132689,340.69858874473056,1025.0,960.3943075683661,0.14669123328071693,5.693190636860914,15.0
high-mileage,9.0,2.5,250.0,0.04,188.7470103132689,340.69858874473056,1025.0,830.6938974885996,0.14669123328071693,5.693190636860914,15.0
high-mileage,9.0,2.5,300.0,0.0,188.7470103132689,340.69858874473056,1150.0,1317.2150139597543,0.12279378044353728,6.434536425198213,15.0
high-mileage,9.0,2.5,300.0,0.01,188.7470103132689,340.69858874473056,1150.0,1139.0853078588873,0.12279378044353728,6.434536425198213,15.0
high-mileage,9.0,2.5,300.0,0.02,188.7470103132689,340.69858874473056,1150.0,979.2185839408427,0.12279378044353728,6.434536425198213,15.0
high-mileage,9.0,2.5,300.0,0.03,188.7470103132689,340.69858874473056,1150.0,835.394307568366,0.12279378044353728,6.434536425198213,15.0
high-mileage,9.0,2.5,300.0,0.04,188.7470103132689,340.69858874473056,1150.0,705.6938974885998,0.12279378044353728,6.434536425198213,15.0
high-mileage,9.0,2.5,350.0,0.0,188.7470103132689,340.69858874473056,1275.0,1192.2150139597543,0.10286409909748723,7.185860846030387,15.0
high-mileage,9.0,2.5,350.0,0.01,188.7470103132689,340.69858874473056,1275.0,1014.0853078588868,0.10286409909748723,7.185860846030387,15.0
high-mileage,9.0,2.5,350.0,0.02,188.7470103132689,340.69858874473056,1275.0,854.2185839408427,0.10286409909748723,7.185860846030387,15.0
high-mileage,9.0,2.5,350.0,0.03,188.7470103132689,340.69858874473056,1275.0,710.394307568366,0.10286409909748723,7.185860846030387,15.0
high-mileage,9.0,2.5,350.0,0.04,188.7470103132689,340.69858874473056,1275.0,580.6938974885996,0.10286409909748723,7.185860846030387,15.0
high-mileage,9.0,2.5,400.0,0.0,188.7470103132689,340.69858874473056,1400.0,1067.2150139597543,0.0858880189987507,7.9487253398177,15.0
high-mileage,9.0,2.5,400.0,0.01,188.7470103132689,340.69858874473056,1400.0,889.0853078588871,0.0858880189987507,7.9487253398177,15.0
high-mileage,9.0,2.5,400.0,0.02,188.7470103132689,340.69858874473056,1400.0,729.2185839408427,0.0858880189987507,7.9487253398177,15.0
high-mileage,9.0,2.5,400.0,0.03,188.7470103132689,340.69858874473056,1400.0,585.3943075683662,0.0858880189987507,7.9487253398177,15.0
high-mileage,9.0,2.5,400.0,0.04,188.7470103132689,340.69858874473056,1400.0,455.69389748859953,0.0858880189987507,7.9487253398177,15.0
high-mileage,9.0,7.5,100.0,0.0,446.75096810299345,301.64627102752564,1150.0,4689.7253242600045,0.36580658390176257,2.618639146499901,15.0
high-mileage,9.0,7.5,100.0,0.01,446.75096810299345,301.64627102752564,1150.0,4268.104772409231,0.36580658390176257,2.618639146499901,15.0
high-mileage,9.0,7.5,100.0,0.02,446.75096810299345,301.64627102752564,1150.0,3889.711421652038,0.36580658390176257,2.618639146499901,15.0
high-mileage,9.0,7.5,100.0,0.03,446.75096810299345,301.64627102752564,1150.0,3549.289421857325,0.36580658390176257,2.618639146499901,15.0
high-mileage,9.0,7.5,100.0,0.04,446.75096810299345,301.64627102752564,1150.0,3242.2976254292917,0.36580658390176257,2.618639146499901,15.0
high-mileage,9.0,7.5,150.0,0.0,446.75096810299345,301.64627102752564,1525.0,4314.7253242600045,0.2667139868727099,3.502697486254452,15.0
high-mileage,9.0,7.5,150.0,0.01,446.75096810299345,301.64627102752564,1525.0,3893.104772409231,0.2667139868727099,3.502697486254452,15.0
high-mileage,9.0,7.5,150.0,0.02,446.75096810299345,301.64627102752564,1525.0,3514.711421652038,0.2667139868727099,3.502697486254452,15.0
high-mileage,9.0,7.5,150.0,0.03,446.75096810299345,301.64627102752564,1525.0,3174.289421857324,0.2667139868727099,3.502697486254452,15.0
high-mileage,9.0,7.5,150.0,0.04,446.75096810299345,301.64627102752564,1525.0,2867.2976254292917,0.2667139868727099,3.502697486254452,15.0
high-mileage,9.0,7.5,200.0,0.0,446.75096810299345,301.64627102752564,1900.0,3939.725324260004,0.20447223776035334,4.402590510785949,15.0
high-mileage,9.0,7.5,200.0,0.01,446.75096810299345,301.64627102752564,1900.0,3518.104772409231,0.20447223776035334,4.402590510785949,15.0
high-mileage,9.0,7.5,200.0,0.02,446.75096810299345,301.64627102752564,1900.0,3139.711421652038,0.20447223776035334,4.402590510785949,15.0
high-mileage,9.0,7.5,200.0,0.03,446.75096810299345,301.64627102752564,1900.0,2799.289421857324,0.20447223776035334,4.402590510785949,15.0
high-mileage,9.0,7.5,200.0,0.04,446.75096810299345,301.64627102752564,1900.0,2492.2976254292917,0.20447223776035334,4.402590510785949,15.0
high-mileage,9.0,7.5,250.0,0.0,446.75096810299345,301.64627102752564,2275.0,3564.7253242600045,0.16090227019843495,5.319012822663481,15.0
high-mileage,9.0,7.5,250.0,0.01,446.75096810299345,301.64627102752564,2275.0,3143.104772409231,0.16090227019843495,5.319012822663481,15.0
high-mileage,9.0,7.5,250.0,0.02,446.75096810299345,301.64627102752564,2275.0,2764.7114216520386,0.16090227019843495,5.319012822663481,15.0
high-mileage,9.0,7.5,250.0,0.03,446.75096810299345,301.64627102752564,2275.0,2424.289421857324,0.16090227019843495,5.319012822663481,15.0
high-mileage,9.0,7.5,250.0,0.04,446.75096810299345,301.64627102752564,2275.0,2117.297625429291,0.16090227019843495,5.319012822663481,15.0
high-mileage,9.0,7.5,300.0,0.0,446.75096810299345,301.64627102752564,2650.0,3189.7253242600045,0.12819337630653982,6.252680780544018,15.0
high-mileage,9.0,7.5,300.0,0.01,446.75096810299345,301.64627102752564,2650.0,2768.104772409231,0.12819337630653982,6.252680780544018,15.0
high-mileage,9.0,7.5,300.0,0.02,446.75096810299345,301.64627102752564,2650.0,2389.7114216520386,0.12819337630653982,6.252680780544018,15.0
high-mileage,9.0,7.5,300.0,0.03,446.75096810299345,301.64627102752564,2650.0,2049.2894218573247,0.12819337630653982,6.252680780544018,15.0
high-mileage,9.0,7.5,300.0,0.04,446.75096810299345,301.64627102752564,2650.0,1742.297625429291,0.12819337630653982,6.252680780544018,15.0
high-mileage,9.0,7.5,350.0,0.0,446.75096810299345,301.64627102752564,3025.0,2814.7253242600045,0.1024214304296833,7.204333097878794,15.0
high-mileage,9.0,7.5,350.0,0.01,446.75096810299345,301.64627102752564,3025.0,2393.104772409231,0.1024214304296833,7.204333097878794,15.0
high-mileage,9.0,7.5,350.0,0.02,446.75096810299345,301.64627102752564,3025.0,2014.7114216520386,0.1024214304296833,7.204333097878794,15.0
high-mileage,9.0,7.5,350.0,0.03,446.75096810299345,301.64627102752564,3025.0,1674.2894218573247,0.1024214304296833,7.204333097878794,15.0
high-mileage,9.0,7.5,350.0,0.04,446.75096810299345,301.64627102752564,3025.0,1367.2976254292907,0.1024214304296833,7.204333097878794,15.0
high-mileage,9.0,7.5,400.0,0.0,446.75096810299345,301.64627102752564,3400.0,2439.7253242600045,0.0813882325302927,8.174731456995437,15.0
high-mileage,9.0,7.5,400.0,0.01,446.75096810299345,301.64627102752564,3400.0,2018.1047724092307,0.0813882325302927,8.174731456995437,15.0
high-mileage,9.0,7.5,400.0,0.02,446.75096810299345,301.64627102752564,3400.0,1639.711421652038,0.0813882325302927,8.174731456995437,15.0
high-mileage,9.0,7.5,400.0,0.03,446.75096810299345,301.64627102752564,3400.0,1299.2894218573244,0.0813882325302927,8.174731456995437,15.0
high-mileage,9.0,7.5,400.0,0.04,446.75096810299345,301.64627102752564,3400.0,992.2976254292909,0.0813882325302927,8.174731456995437,15.0
high-mileage,9.0,12.5,100.0,0.0,627.2087171561279,274.57799702116705,1650.0,6548.586887737578,0.3572530229611993,2.6775335620767193,15.0
high-mileage,9.0,12.5,100.0,0.01,627.2087171561279,274.57799702116705,1650.0,5956.659607588925,0.3572530229611993,2.6775335620767193,15.0
high-mileage,9.0,12.5,100.0,0.02,627.2087171561279,274.57799702116705,1650.0,5425.420449637925,0.3572530229611993,2.6775335620767193,15.0
high-mileage,9.0,12.5,100.0,0.03,627.2087171561279,274.57799702116705,1650.0,4947.490549027745,0.3572530229611993,2.6775335620767193,15.0
high-mileage,9.0,12.5,100.0,0.04,627.2087171561279,274.57799702116705,1650.0,4516.494435840382,0.3572530229611993,2.6775335620767193,15.0
high-mileage,9.0,12.5,150.0,0.0,627.2087171561279,274.57799702116705,2275.0,5923.586887737577,0.24839221916204673,3.729693548578788,15.0
high-mileage,9.0,12.5,150.0,0.01,627.2087171561279,274.57799702116705,2275.0,5331.659607588926,0.24839221916204673,3.729693548578788,15.0
high-mileage,9.0,12.5,150.0,0.02,627.2087171561279,274.57799702116705,2275.0,4800.420449637926,0.24839221916204673,3.729693548578788,15.0
high-mileage,9.0,12.5,150.0,0.03,627.2087171561279,274.57799702116705,2275.0,4322.490549027745,0.24839221916204673,3.729693548578788,15.0
high-mileage,9.0,12.5,150.0,0.04,627.2087171561279,274.57799702116705,2275.0,3891.4944358403823,0.24839221916204673,3.729693548578788,15.0
high-mileage,9.0,12.5,200.0,0.0,627.2087171561279,274.57799702116705,2900.0,5298.586887737577,0.18352143470166987,4.804524982442425,15.0
high-mileage,9.0,12.5,200.0,0.01,627.2087171561279,274.57799702116705,2900.0,4706.659607588926,0.18352143470166987,4.804524982442425,15.0
high-mileage,9.0,12.5,200.0,0.02,627.2087171561279,274.57799702116705,2900.0,4175.420449637926,0.18352143470166987,4.804524982442425,15.0
high-mileage,9.0,12.5,200.0,0.03,627.2087171561279,274.57799702116705,2900.0,3697.4905490277447,0.18352143470166987,4.804524982442425,15.0
high-mileage,9.0,12.5,200.0,0.04,627.2087171561279,274.57799702116705,2900.0,3266.494435840382,0.18352143470166987,4.804524982442425,15.0
high-mileage,9.0,12.5,250.0,0.0,627.2087171561279,274.57799702116705,3525.0,4673.586887737578,0.13936671141031973,5.902931504590135,15.0
high-mileage,9.0,12.5,250.0,0.01,627.2087171561279,274.57799702116705,3525.0,4081.6596075889256,0.13936671141031973,5.902931504590135,15.0
high-mileage,9.0,12.5,250.0,0.02,627.2087171561279,274.57799702116705,3525.0,3550.420449637926,0.13936671141031973,5.902931504590135,15.0
high-mileage,9.0,12.5,250.0,0.03,627.2087171561279,274.57799702116705,3525.0,3072.490549027745,0.13936671141031973,5.902931504590135,15.0
high-mileage,9.0,12.5,250.0,0.04,627.2087171561279,274.57799702116705,3525.0,2641.494435840382,0.13936671141031973,5.902931504590135,15.0
high-mileage,9.0,12.5,300.0,0.0,627.2087171561279,274.57799702116705,4150.0,4048.586887737578,0.10675872091641958,7.0263716293319955,15.0
high-mileage,9.0,12.5,300.0,0.01,627.2087171561279,274.57799702116705,4150.0,3456.6596075889256,0.10675872091641958,7.0263716293319955,15.0
high-mileage,9.0,12.5,300.0,0.02,627.2087171561279,274.57799702116705,4150.0,2925.4204496379257,0.10675872091641958,7.0263716293319955,15.0
high-mileage,9.0,12.5,300.0,0.03,627.2087171561279,274.57799702116705,4150.0,2447.490549027745,0.10675872091641958,7.0263716293319955,15.0
high-mileage,9.0,12.5,300.0,0.04,627.2087171561279,274.57799702116705,4150.0,2016.4944358403818,0.10675872091641958,7.0263716293319955,15.0
high-mileage,9.0,12.5,350.0,0.0,627.2087171561279,274.57799702116705,4775.0,3423.586887737578,0.08132909888058518,8.177777882760118,15.0
high-mileage,9.0,12.5,350.0,0.01,627.2087171561279,274.57799702116705,4775.0,2831.6596075889256,0.08132909888058518,8.177777882760118,15.0
high-mileage,9.0,12.5,350.0,0.02,627.2087171561279,274.57799702116705,4775.0,2300.420449637926,0.08132909888058518,8.177777882760118,15.0
high-mileage,9.0,12.5,350.0,0.03,627.2087171561279,274.57799702116705,4775.0,1822.4905490277451,0.08132909888058518,8.177777882760118,15.0
high-mileage,9.0,12.5,350.0,0.04,627.2087171561279,274.57799702116705,4775.0,1391.4944358403818,0.08132909888058518,8.177777882760118,15.0
high-mileage,9.0,12.5,400.0,0.0,627.2087171561279,274.57799702116705,5400.0,2798.5868877375774,0.06071511785923002,9.356177656057723,15.0
high-mileage,9.0,12.5,400.0,0.01,627.2087171561279,274.57799702116705,5400.0,2206.659607588925,0.06071511785923002,9.356177656057723,15.0
high-mileage,9.0,12.5,400.0,0.02,627.2087171561279,274.57799702116705,5400.0,1675.4204496379261,0.06071511785923002,9.356177656057723,15.0
high-mileage,9.0,12.5,400.0,0.03,627.2087171561279,274.57799702116705,5400.0,1197.4905490277445,0.06071511785923002,9.356177656057723,15.0
high-mileage,9.0,12.5,400.0,0.04,627.2087171561279,274.57799702116705,5400.0,766.4944358403814,0.06071511785923002,9.356177656057723,15.0
high-mileage,9.0,25.0,100.0,0.0,962.2002191466136,227.90784172850704,2900.0,9677.443336314409,0.307396243492783,3.078119801469811,15.0
high-mileage,9.0,25.0,100.0,0.01,962.2002191466136,227.90784172850704,2900.0,8769.368331776299,0.307396243492783,3.078119801469811,15.0
high-mileage,9.0,25.0,100.0,0.02,962.2002191466136,227.90784172850704,2900.0,7954.394910301236,0.307396243492783,3.078119801469811,15.0
high-mileage,9.0,25.0,100.0,0.03,962.2002191466136,227.90784172850704,2900.0,7221.203163239846,0.307396243492783,3.078119801469811,15.0
high-mileage,9.0,25.0,100.0,0.04,962.2002191466136,227.90784172850704,2900.0,6560.012489040416,0.307396243492783,3.078119801469811,15.0
high-mileage,9.0,25.0,150.0,0.0,962.2002191466136,227.90784172850704,4150.0,8427.443336314407,0.20085974083117544,4.467752108041351,15.0
high-mileage,9.0,25.0,150.0,0.01,962.2002191466136,227.90784172850704,4150.0,7519.368331776299,0.20085974083117544,4.467752108041351,15.0
high-mileage,9.0,25.0,150.0,0.02,962.2002191466136,227.90784172850704,4150.0,6704.394910301236,0.20085974083117544,4.467752108041351,15.0
high-mileage,9.0,25.0,150.0,0.03,962.2002191466136,227.90784172850704,4150.0,5971.203163239846,0.20085974083117544,4.467752108041351,15.0
high-mileage,9.0,25.0,150.0,0.04,962.2002191466136,227.90784172850704,4150.0,5310.012489040416,0.20085974083117544,4.467752108041351,15.0
high-mileage,9.0,25.0,200.0,0.0,962.2002191466136,227.90784172850704,5400.0,7177.443336314407,0.13966734640789008,5.894079894097498,15.0
high-mileage,9.0,25.0,200.0,0.01,962.2002191466136,227.90784172850704,5400.0,6269.368331776299,0.13966734640789008,5.894079894097498,15.0
high-mileage,9.0,25.0,200.0,0.02,962.2002191466136,227.90784172850704,5400.0,5454.394910301237,0.13966734640789008,5.894079894097498,15.0
high-mileage,9.0,25.0,200.0,0.03,962.2002191466136,227.90784172850704,5400.0,4721.203163239845,0.13966734640789008,5.894079894097498,15.0
high-mileage,9.0,25.0,200.0,0.04,962.2002191466136,227.90784172850704,5400.0,4060.0124890404163,0.13966734640789008,5.894079894097498,15.0
high-mileage,9.0,25.0,250.0,0.0,962.2002191466136,227.90784172850704,6650.0,5927.443336314407,0.09862446994524157,7.3657537297275635,15.0
high-mileage,9.0,25.0,250.0,0.01,962.2002191466136,227.90784172850704,6650.0,5019.368331776299,0.09862446994524157,7.3657537297275635,15.0
high-mileage,9.0,25.0,250.0,0.02,962.2002191466136,227.90784172850704,6650.0,4204.394910301237,0.09862446994524157,7.3657537297275635,15.0
high-mileage,9.0,25.0,250.0,0.03,962.2002191466136,227.90784172850704,6650.0,3471.2031632398457,0.09862446994524157,7.3657537297275635,15.0
high-mileage,9.0,25.0,250.0,0.04,962.2002191466136,227.90784172850704,6650.0,2810.0124890404168,0.09862446994524157,7.3657537297275635,15.0
high-mileage,9.0,25.0,300.0,0.0,962.2002191466136,227.90784172850704,7900.0,4677.443336314407,0.06849999691585416,8.879799095150837,15.0
high-mileage,9.0,25.0,300.0,0.01,962.2002191466136,227.90784172850704,7900.0,3769.3683317762984,0.06849999691585416,8.879799095150837,15.0
high-mileage,9.0,25.0,300.0,0.02,962.2002191466136,227.90784172850704,7900.0,2954.394910301238,0.06849999691585416,8.879799095150837,15.0
high-mileage,9.0,25.0,300.0,0.03,962.2002191466136,227.90784172850704,7900.0,2221.203163239845,0.06849999691585416,8.879799095150837,15.0
high-mileage,9.0,25.0,300.0,0.04,962.2002191466136,227.90784172850704,7900.0,1560.0124890404168,0.06849999691585416,8.879799095150837,15.0
high-mileage,9.0,25.0,350.0,0.0,962.2002191466136,227.90784172850704,9150.0,3427.4433363144085,0.045062381184831905,10.44438594544798,15.0
high-mileage,9.0,25.0,350.0,0.01,962.2002191466136,227.90784172850704,9150.0,2519.3683317762984,0.045062381184831905,10.44438594544798,15.0
high-mileage,9.0,25.0,350.0,0.02,962.2002191466136,227.90784172850704,9150.0,1704.3949103012383,0.045062381184831905,10.44438594544798,15.0
high-mileage,9.0,25.0,350.0,0.03,962.2002191466136,227.90784172850704,9150.0,971.2031632398472,0.045062381184831905,10.44438594544798,15.0
high-mileage,9.0,25.0,350.0,0.04,962.2002191466136,227.90784172850704,9150.0,310.01248904041677,0.045062381184831905,10.44438594544798,15.0
high-mileage,9.0,25.0,400.0,0.0,962.2002191466136,227.90784172850704,10400.0,2177.4433363144067,0.026073440319856277,12.0565776564378,15.0
high-mileage,9.0,25.0,400.0,0.01,962.2002191466136,227.90784172850704,10400.0,1269.3683317762986,0.026073440319856277,12.0565776564378,15.0
high-mileage,9.0,25.0,400.0,0.02,962.2002191466136,227.90784172850704,10400.0,454.3949103012377,0.026073440319856277,12.0565776564378,15.0
high-mileage,9.0,25.0,400.0,0.03,962.2002191466136,227.90784172850704,10400.0,-278.7968367601543,0.026073440319856277,12.0565776564378,15.0
high-mileage,9.0,25.0,400.0,0.04,962.2002191466136,227.90784172850704,10400.0,-939.9875109595828,0.026073440319856277,12.0565776564378,15.0
high-mileage,12.0,5.0,100.0,0.0,332.85663032179764,321.154894559509,900.0,3450.9503777727305,0.3466976277683078,2.7537138946000743,15.0
high-mileage,12.0,5.0,100.0,0.01,332.85663032179764,321.154894559509,900.0,3136.817435298364,0.3466976277683078,2.7537138946000743,15.0
high-mileage,12.0,5.0,100.0,0.02,332.85663032179764,321.154894559509,900.0,2854.8913855260957,0.3466976277683078,2.7537138946000743,15.0
high-mileage,12.0,5.0,100.0,0.03,332.85663032179764,321.154894559509,900.0,2601.2563005922607,0.3466976277683078,2.7537138946000743,15.0
high-mileage,12.0,5.0,100.0,0.04,332.85663032179764,321.154894559509,900.0,2372.528749470506,0.3466976277683078,2.7537138946000743,15.0
high-mileage,12.0,5.0,150.0,0.0,332.85663032179764,321.154894559509,1150.0,3200.9503777727305,0.2630003625760535,3.5466907307494684,15.0
high-mileage,12.0,5.0,150.0,0.01,332.85663032179764,321.154894559509,1150.0,2886.8174352983638,0.2630003625760535,3.5466907307494684,15.0
high-mileage,12.0,5.0,150.0,0.02,332.85663032179764,321.154894559509,1150.0,2604.8913855260957,0.2630003625760535,3.5466907307494684,15.0
high-mileage,12.0,5.0,150.0,0.03,332.85663032179764,321.154894559509,1150.0,2351.2563005922602,0.2630003625760535,3.5466907307494684,15.0
high-mileage,12.0,5.0,150.0,0.04,332.85663032179764,321.154894559509,1150.0,2122.528749470506,0.2630003625760535,3.5466907307494684,15.0
high-mileage,12.0,5.0,200.0,0.0,332.85663032179764,321.154894559509,1400.0,2950.9503777727305,0.20735573627075143,4.351728381579429,15.0
high-mileage,12.0,5.0,200.0,0.01,332.85663032179764,321.154894559509,1400.0,2636.8174352983638,0.20735573627075143,4.351728381579429,15.0
high-mileage,12.0,5.0,200.0,0.02,332.85663032179764,321.154894559509,1400.0,2354.8913855260957,0.20735573627075143,4.351728381579429,15.0
high-mileage,12.0,5.0,200.0,0.03,332.85663032179764,321.154894559509,1400.0,2101.2563005922602,0.20735573627075143,4.351728381579429,15.0
high-mileage,12.0,5.0,200.0,0.04,332.85663032179764,321.154894559509,1400.0,1872.5287494705062,0.20735573627075143,4.351728381579429,15.0
high-mileage,12.0,5.0,250.0,0.0,332.85663032179764,321.154894559509,1650.0,2700.9503777727305,0.1670475743248766,5.169405348965236,15.0
high-mileage,12.0,5.0,250.0,0.01,332.85663032179764,321.154894559509,1650.0,2386.8174352983638,0.1670475743248766,5.169405348965236,15.0
high-mileage,12.0,5.0,250.0,0.02,332.85663032179764,321.154894559509,1650.0,2104.8913855260957,0.1670475743248766,5.169405348965236,15.0
high-mileage,12.0,5.0,250.0,0.03,332.85663032179764,321.154894559509,1650.0,1851.25630059226,0.1670475743248766,5.169405348965236,15.0
high-mileage,12.0,5.0,250.0,0.04,332.85663032179764,321.154894559509,1650.0,1622.5287494705065,0.1670475743248766,5.169405348965236,15.0
high-mileage,12.0,5.0,300.0,0.0,332.85663032179764,321.154894559509,1900.0,2450.9503777727305,0.13610630085856884,6.000318723857177,15.0
high-mileage,12.0,5.0,300.0,0.01,332.85663032179764,321.154894559509,1900.0,2136.8174352983638,0.13610630085856884,6.000318723857177,15.0
high-mileage,12.0,5.0,300.0,0.02,332.85663032179764,321.154894559509,1900.0,1854.8913855260957,0.13610630085856884,6.000318723857177,15.0
high-mileage,12.0,5.0,300.0,0.03,332.85663032179764,321.154894559509,1900.0,1601.25630059226,0.13610630085856884,6.000318723857177,15.0
high-mileage,12.0,5.0,300.0,0.04,332.85663032179764,321.154894559509,1900.0,1372.5287494705065,0.13610630085856884,6.000318723857177,15.0
high-mileage,12.0,5.0,350.0,0.0,332.85663032179764,321.154894559509,2150.0,2200.95037777273,0.11135088448844835,6.8481830099947265,15.0
high-mileage,12.0,5.0,350.0,0.01,332.85663032179764,321.154894559509,2150.0,1886.8174352983638,0.11135088448844835,6.8481830099947265,15.0
high-mileage,12.0,5.0,350.0,0.02,332.85663032179764,321.154894559509,2150.0,1604.891385526096,0.11135088448844835,6.8481830099947265,15.0
high-mileage,12.0,5.0,350.0,0.03,332.85663032179764,321.154894559509,2150.0,1351.2563005922602,0.11135088448844835,6.8481830099947265,15.0
high-mileage,12.0,5.0,350.0,0.04,332.85663032179764,321.154894559509,2150.0,1122.5287494705065,0.11135088448844835,6.8481830099947265,15.0
high-mileage,12.0,5.0,400.0,0.0,332.85663032179764,321.154894559509,2400.0,1950.9503777727302,0.09092376879642411,7.710252342992118,15.0
high-mileage,12.0,5.0,400.0,0.01,332.85663032179764,321.154894559509,2400.0,1636.8174352983638,0.09092376879642411,7.710252342992118,15.0
high-mileage,12.0,5.0,400.0,0.02,332.85663032179764,321.154894559509,2400.0,1354.8913855260957,0.09092376879642411,7.710252342992118,15.0
high-mileage,12.0,5.0,400.0,0.03,332.85663032179764,321.154894559509,2400.0,1101.2563005922602,0.09092376879642411,7.710252342992118,15.0
high-mileage,12.0,5.0,400.0,0.04,332.85663032179764,321.154894559509,2400.0,872.5287494705065,0.09092376879642411,7.710252342992118,15.0
high-mileage,12.0,10.0,100.0,0.0,554.6593728731973,299.354333287794,1400.0,5850.254878818872,0.37368502460737985,2.5665052610866335,15.0
high-mileage,12.0,10.0,100.0,0.01,554.6593728731973,299.354333287794,1400.0,5326.795932836044,0.37368502460737985,2.5665052610866335,15.0
high-mileage,12.0,10.0,100.0,0.02,554.6593728731973,299.354333287794,1400.0,4857.005303122205,0.37368502460737985,2.5665052610866335,15.0
high-mileage,12.0,10.0,100.0,0.03,554.6593728731973,299.354333287794,1400.0,4434.357639435788,0.37368502460737985,2.5665052610866335,15.0
high-mileage,12.0,10.0,100.0,0.04,554.6593728731973,299.354333287794,1400.0,4053.2149236023574,0.37368502460737985,2.5665052610866335,15.0
high-mileage,12.0,10.0,150.0,0.0,554.6593728731973,299.354333287794,1900.0,5350.254878818872,0.2656300196321445,3.5154376731242674,15.0
high-mileage,12.0,10.0,150.0,0.01,554.6593728731973,299.354333287794,1900.0,4826.795932836044,0.2656300196321445,3.5154376731242674,15.0
high-mileage,12.0,10.0,150.0,0.02,554.6593728731973,299.354333287794,1900.0,4357.005303122205,0.2656300196321445,3.5154376731242674,15.0
high-mileage,12.0,10.0,150.0,0.03,554.6593728731973,299.354333287794,1900.0,3934.357639435787,0.2656300196321445,3.5154376731242674,15.0
high-mileage,12.0,10.0,150.0,0.04,554.6593728731973,299.354333287794,1900.0,3553.2149236023574,0.2656300196321445,3.5154376731242674,15.0
high-mileage,12.0,10.0,200.0,0.0,554.6593728731973,299.354333287794,2400.0,4850.254878818872,0.2000341289572634,4.482874404661526,15.0
high-mileage,12.0,10.0,200.0,0.01,554.6593728731973,299.354333287794,2400.0,4326.795932836044,0.2000341289572634,4.482874404661526,15.0
high-mileage,12.0,10.0,200.0,0.02,554.6593728731973,299.354333287794,2400.0,3857.005303122205,0.2000341289572634,4.482874404661526,15.0
high-mileage,12.0,10.0,200.0,0.03,554.6593728731973,299.354333287794,2400.0,3434.357639435787,0.2000341289572634,4.482874404661526,15.0
high-mileage,12.0,10.0,200.0,0.04,554.6593728731973,299.354333287794,2400.0,3053.2149236023574,0.2000341289572634,4.482874404661526,15.0
high-mileage,12.0,10.0,250.0,0.0,554.6593728731973,299.354333287794,2900.0,4350.254878818872,0.15499431630111532,5.469592003344779,15.0
high-mileage,12.0,10.0,250.0,0.01,554.6593728731973,299.354333287794,2900.0,3826.7959328360444,0.15499431630111532,5.469592003344779,15.0
high-mileage,12.0,10.0,250.0,0.02,554.6593728731973,299.354333287794,2900.0,3357.005303122205,0.15499431630111532,5.469592003344779,15.0
high-mileage,12.0,10.0,250.0,0.03,554.6593728731973,299.354333287794,2900.0,2934.357639435787,0.15499431630111532,5.469592003344779,15.0
high-mileage,12.0,10.0,250.0,0.04,554.6593728731973,299.354333287794,2900.0,2553.2149236023574,0.15499431630111532,5.469592003344779,15.0
high-mileage,12.0,10.0,300.0,0.0,554.6593728731973,299.354333287794,3400.0,3850.254878818873,0.12158456753351282,6.476391005720782,15.0
high-mileage,12.0,10.0,300.0,0.01,554.6593728731973,299.354333287794,3400.0,3326.7959328360444,0.12158456753351282,6.476391005720782,15.0
high-mileage,12.0,10.0,300.0,0.02,554.6593728731973,299.354333287794,3400.0,2857.005303122205,0.12158456753351282,6.476391005720782,15.0
high-mileage,12.0,10.0,300.0,0.03,554.6593728731973,299.354333287794,3400.0,2434.3576394357874,0.12158456753351282,6.476391005720782,15.0
high-mileage,12.0,10.0,300.0,0.04,554.6593728731973,299.354333287794,3400.0,2053.214923602357,0.12158456753351282,6.476391005720782,15.0
high-mileage,12.0,10.0,350.0,0.0,554.6593728731973,299.354333287794,3900.0,3350.254878818873,0.09546843963693954,7.5040965929487236,15.0
high-mileage,12.0,10.0,350.0,0.01,554.6593728731973,299.354333287794,3900.0,2826.7959328360444,0.09546843963693954,7.5040965929487236,15.0
high-mileage,12.0,10.0,350.0,0.02,554.6593728731973,299.354333287794,3900.0,2357.0053031222046,0.09546843963693954,7.5040965929487236,15.0
high-mileage,12.0,10.0,350.0,0.03,554.6593728731973,299.354333287794,3900.0,1934.3576394357874,0.09546843963693954,7.5040965929487236,15.0
high-mileage,12.0,10.0,350.0,0.04,554.6593728731973,299.354333287794,3900.0,1553.214923602357,0.09546843963693954,7.5040965929487236,15.0
high-mileage,12.0,10.0,400.0,0.0,554.6593728731973,299.354333287794,4400.0,2850.2548788188733,0.07427171926682316,8.553559263284795,15.0
high-mileage,12.0,10.0,400.0,0.01,554.6593728731973,299.354333287794,4400.0,2326.7959328360444,0.07427171926682316,8.553559263284795,15.0
high-mileage,12.0,10.0,400.0,0.02,554.6593728731973,299.354333287794,4400.0,1857.0053031222044,0.07427171926682316,8.553559263284795,15.0
high-mileage,12.0,10.0,400.0,0.03,554.6593728731973,299.354333287794,4400.0,1434.3576394357874,0.07427171926682316,8.553559263284795,15.0
high-mileage,12.0,10.0,400.0,0.04,554.6593728731973,299.354333287794,4400.0,1053.214923602357,0.07427171926682316,8.553559263284795,15.0
high-mileage,12.0,12.5,100.0,0.0,648.1587095563198,289.04428957684723,1650.0,6822.435653375284,0.3702495492914203,2.588997089366446,15.0
high-mileage,12.0,12.5,100.0,0.01,648.1587095563198,289.04428957684723,1650.0,6210.736849519486,0.3702495492914203,2.588997089366446,15.0
high-mileage,12.0,12.5,100.0,0.02,648.1587095563198,289.04428957684723,1650.0,5661.753269309465,0.3702495492914203,2.588997089366446,15.0
high-mileage,12.0,12.5,100.0,0.03,648.1587095563198,289.04428957684723,1650.0,5167.859579434673,0.3702495492914203,2.588997089366446,15.0
high-mileage,12.0,12.5,100.0,0.04,648.1587095563198,289.04428957684723,1650.0,4722.467356868076,0.3702495492914203,2.588997089366446,15.0
high-mileage,12.0,12.5,150.0,0.0,648.1587095563198,289.04428957684723,2275.0,6197.435653375283,0.25819241396295856,3.605129247146585,15.0
high-mileage,12.0,12.5,150.0,0.01,648.1587095563198,289.04428957684723,2275.0,5585.736849519486,0.25819241396295856,3.605129247146585,15.0
high-mileage,12.0,12.5,150.0,0.02,648.1587095563198,289.04428957684723,2275.0,5036.753269309465,0.25819241396295856,3.605129247146585,15.0
high-mileage,12.0,12.5,150.0,0.03,648.1587095563198,289.04428957684723,2275.0,4542.859579434673,0.25819241396295856,3.605129247146585,15.0
high-mileage,12.0,12.5,150.0,0.04,648.1587095563198,289.04428957684723,2275.0,4097.467356868076,0.25819241396295856,3.605129247146585,15.0
high-mileage,12.0,12.5,200.0,0.0,648.1587095563198,289.04428957684723,2900.0,5572.435653375283,0.19159804854488804,4.642499203499438,15.0
high-mileage,12.0,12.5,200.0,0.01,648.1587095563198,289.04428957684723,2900.0,4960.736849519485,0.19159804854488804,4.642499203499438,15.0
high-mileage,12.0,12.5,200.0,0.02,648.1587095563198,289.04428957684723,2900.0,4411.753269309465,0.19159804854488804,4.642499203499438,15.0
high-mileage,12.0,12.5,200.0,0.03,648.1587095563198,289.04428957684723,2900.0,3917.8595794346725,0.19159804854488804,4.642499203499438,15.0
high-mileage,12.0,12.5,200.0,0.04,648.1587095563198,289.04428957684723,2900.0,3472.4673568680764,0.19159804854488804,4.642499203499438,15.0
high-mileage,12.0,12.5,250.0,0.0,648.1587095563198,289.04428957684723,3525.0,4947.435653375283,0.14637607578144296,5.701967088413488,15.0
high-mileage,12.0,12.5,250.0,0.01,648.1587095563198,289.04428957684723,3525.0,4335.736849519486,0.14637607578144296,5.701967088413488,15.0
high-mileage,12.0,12.5,250.0,0.02,648.1587095563198,289.04428957684723,3525.0,3786.7532693094654,0.14637607578144296,5.701967088413488,15.0
high-mileage,12.0,12.5,250.0,0.03,648.1587095563198,289.04428957684723,3525.0,3292.8595794346725,0.14637607578144296,5.701967088413488,15.0
high-mileage,12.0,12.5,250.0,0.04,648.1587095563198,289.04428957684723,3525.0,2847.467356868077,0.14637607578144296,5.701967088413488,15.0
high-mileage,12.0,12.5,300.0,0.0,648.1587095563198,289.04428957684723,4150.0,4322.435653375284,0.11304414171928096,6.784419293826529,15.0
high-mileage,12.0,12.5,300.0,0.01,648.1587095563198,289.04428957684723,4150.0,3710.736849519486,0.11304414171928096,6.784419293826529,15.0
high-mileage,12.0,12.5,300.0,0.02,648.1587095563198,289.04428957684723,4150.0,3161.7532693094654,0.11304414171928096,6.784419293826529,15.0
high-mileage,12.0,12.5,300.0,0.03,648.1587095563198,289.04428957684723,4150.0,2667.859579434672,0.11304414171928096,6.784419293826529,15.0
high-mileage,12.0,12.5,300.0,0.04,648.1587095563198,289.04428957684723,4150.0,2222.467356868077,0.11304414171928096,6.784419293826529,15.0
high-mileage,12.0,12.5,350.0,0.0,648.1587095563198,289.04428957684723,4775.0,3697.4356533752843,0.08709094716706992,7.890769187303737,15.0
high-mileage,12.0,12.5,350.0,0.01,648.1587095563198,289.04428957684723,4775.0,3085.736849519487,0.08709094716706992,7.890769187303737,15.0
high-mileage,12.0,12.5,350.0,0.02,648.1587095563198,289.04428957684723,4775.0,2536.7532693094654,0.08709094716706992,7.890769187303737,15.0
high-mileage,12.0,12.5,350.0,0.03,648.1587095563198,289.04428957684723,4775.0,2042.8595794346722,0.08709094716706992,7.890769187303737,15.0
high-mileage,12.0,12.5,350.0,0.04,648.1587095563198,289.04428957684723,4775.0,1597.467356868076,0.08709094716706992,7.890769187303737,15.0
high-mileage,12.0,12.5,400.0,0.0,648.1587095563198,289.04428957684723,5400.0,3072.4356533752834,0.06608002781488828,9.022405963170954,15.0
high-mileage,12.0,12.5,400.0,0.01,648.1587095563198,289.04428957684723,5400.0,2460.736849519486,0.06608002781488828,9.022405963170954,15.0
high-mileage,12.0,12.5,400.0,0.02,648.1587095563198,289.04428957684723,5400.0,1911.7532693094654,0.06608002781488828,9.022405963170954,15.0
high-mileage,12.0,12.5,400.0,0.03,648.1587095563198,289.04428957684723,5400.0,1417.8595794346713,0.06608002781488828,9.022405963170954,15.0
high-mileage,12.0,12.5,400.0,0.04,648.1587095563198,289.04428957684723,5400.0,972.4673568680757,0.06608002781488828,9.022405963170954,15.0
high-mileage,12.0,20.0,100.0,0.0,900.9250448781007,264.24018201969693,2400.0,9376.48214658558,0.3523908607016914,2.7121289121272123,15.0
high-mileage,12.0,20.0,100.0,0.01,900.9250448781007,264.24018201969693,2400.0,8526.235495278674,0.3523908607016914,2.7121289121272123,15.0
high-mileage,12.0,20.0,100.0,0.02,900.9250448781007,264.24018201969693,2400.0,7763.161499132555,0.3523908607016914,2.7121289121272123,15.0
high-mileage,12.0,20.0,100.0,0.03,900.9250448781007,264.24018201969693,2400.0,7076.661127919391,0.3523908607016914,2.7121289121272123,15.0
high-mileage,12.0,20.0,100.0,0.04,900.9250448781007,264.24018201969693,2400.0,6457.57663181065,0.3523908607016914,2.7121289121272123,15.0
high-mileage,12.0,20.0,150.0,0.0,900.9250448781007,264.24018201969693,3400.0,8376.48214658558,0.23691481823912897,3.885577926937204,15.0
high-mileage,12.0,20.0,150.0,0.01,900.9250448781007,264.24018201969693,3400.0,7526.235495278674,0.23691481823912897,3.885577926937204,15.0
high-mileage,12.0,20.0,150.0,0.02,900.9250448781007,264.24018201969693,3400.0,6763.161499132555,0.23691481823912897,3.885577926937204,15.0
high-mileage,12.0,20.0,150.0,0.03,900.9250448781007,264.24018201969693,3400.0,6076.661127919392,0.23691481823912897,3.885577926937204,15.0
high-mileage,12.0,20.0,150.0,0.04,900.9250448781007,264.24018201969693,3400.0,5457.576631810648,0.23691481823912897,3.885577926937204,15.0
high-mileage,12.0,20.0,200.0,0.0,900.9250448781007,264.24018201969693,4400.0,7376.48214658558,0.17049728696904928,5.08840260506858,15.0
high-mileage,12.0,20.0,200.0,0.01,900.9250448781007,264.24018201969693,4400.0,6526.235495278675,0.17049728696904928,5.08840260506858,15.0
high-mileage,12.0,20.0,200.0,0.02,900.9250448781007,264.24018201969693,4400.0,5763.161499132555,0.17049728696904928,5.08840260506858,15.0
high-mileage,12.0,20.0,200.0,0.03,900.9250448781007,264.24018201969693,4400.0,5076.661127919393,0.17049728696904928,5.08840260506858,15.0
high-mileage,12.0,20.0,200.0,0.04,900.9250448781007,264.24018201969693,4400.0,4457.576631810649,0.17049728696904928,5.08840260506858,15.0
high-mileage,12.0,20.0,250.0,0.0,900.9250448781007,264.24018201969693,5400.0,6376.482146585578,0.12608248039483383,6.322809582825318,15.0
high-mileage,12.0,20.0,250.0,0.01,900.9250448781007,264.24018201969693,5400.0,5526.235495278675,0.12608248039483383,6.322809582825318,15.0
high-mileage,12.0,20.0,250.0,0.02,900.9250448781007,264.24018201969693,5400.0,4763.161499132555,0.12608248039483383,6.322809582825318,15.0
high-mileage,12.0,20.0,250.0,0.03,900.9250448781007,264.24018201969693,5400.0,4076.661127919392,0.12608248039483383,6.322809582825318,15.0
high-mileage,12.0,20.0,250.0,0.04,900.9250448781007,264.24018201969693,5400.0,3457.576631810649,0.12608248039483383,6.322809582825318,15.0
high-mileage,12.0,20.0,300.0,0.0,900.9250448781007,264.24018201969693,6400.0,5376.48214658558,0.09360597831664841,7.5875720296428995,15.0
high-mileage,12.0,20.0,300.0,0.01,900.9250448781007,264.24018201969693,6400.0,4526.235495278675,0.09360597831664841,7.5875720296428995,15.0
high-mileage,12.0,20.0,300.0,0.02,900.9250448781007,264.24018201969693,6400.0,3763.161499132555,0.09360597831664841,7.5875720296428995,15.0
high-mileage,12.0,20.0,300.0,0.03,900.9250448781007,264.24018201969693,6400.0,3076.6611279193917,0.09360597831664841,7.5875720296428995,15.0
high-mileage,12.0,20.0,300.0,0.04,900.9250448781007,264.24018201969693,6400.0,2457.57663181065,0.09360597831664841,7.5875720296428995,15.0
high-mileage,12.0,20.0,350.0,0.0,900.9250448781007,264.24018201969693,7400.0,4376.482146585579,0.06843058635357913,8.883831315363146,15.0
high-mileage,12.0,20.0,350.0,0.01,900.9250448781007,264.24018201969693,7400.0,3526.235495278675,0.06843058635357913,8.883831315363146,15.0
high-mileage,12.0,20.0,350.0,0.02,900.9250448781007,264.24018201969693,7400.0,2763.1614991325555,0.06843058635357913,8.883831315363146,15.0
high-mileage,12.0,20.0,350.0,0.03,900.9250448781007,264.24018201969693,7400.0,2076.6611279193917,0.06843058635357913,8.883831315363146,15.0
high-mileage,12.0,20.0,350.0,0.04,900.9250448781007,264.24018201969693,7400.0,1457.5766318106491,0.06843058635357913,8.883831315363146,15.0
high-mileage,12.0,20.0,400.0,0.0,900.9250448781007,264.24018201969693,8400.0,3376.4821465855794,0.04810105494629021,10.217104850518139,15.0
high-mileage,12.0,20.0,400.0,0.01,900.9250448781007,264.24018201969693,8400.0,2526.2354952786745,0.04810105494629021,10.217104850518139,15.0
high-mileage,12.0,20.0,400.0,0.02,900.9250448781007,264.24018201969693,8400.0,1763.1614991325548,0.04810105494629021,10.217104850518139,15.0
high-mileage,12.0,20.0,400.0,0.03,900.9250448781007,264.24018201969693,8400.0,1076.6611279193921,0.04810105494629021,10.217104850518139,15.0
high-mileage,12.0,20.0,400.0,0.04,900.9250448781007,264.24018201969693,8400.0,457.5766318106493,0.04810105494629021,10.217104850518139,15.0
lossy,0.0,2.5,100.0,0.0,70.42535881328149,198.4003355573828,650.0,270.56823755377945,0.04967684885186367,10.101912926597985,15.0
lossy,0.0,2.5,100.0,0.01,70.42535881328149,198.4003355573828,650.0,204.10441146913382,0.04967684885186367,10.101912926597985,15.0
lossy,0.0,2.5,100.0,0.02,70.42535881328149,198.4003355573828,650.0,144.45487648817826,0.04967684885186367,10.101912926597985,15.0
lossy,0.0,2.5,100.0,0.03,70.42535881328149,198.4003355573828,650.0,90.79110585265389,0.04967684885186367,10.101912926597985,15.0
lossy,0.0,2.5,100.0,0.04,70.42535881328149,198.4003355573828,650.0,42.39723776999101,0.04967684885186367,10.101912926597985,15.0
lossy,0.0,2.5,150.0,0.0,70.42535881328149,198.4003355573828,775.0,145.5682375537796,0.023505601907877406,12.306346162952545,15.0
lossy,0.0,2.5,150.0,0.01,70.42535881328149,198.4003355573828,775.0,79.10441146913377,0.023505601907877406,12.306346162952545,15.0
lossy,0.0,2.5,150.0,0.02,70.42535881328149,198.4003355573828,775.0,19.454876488178314,0.023505601907877406,12.306346162952545,15.0
lossy,0.0,2.5,150.0,0.03,70.42535881328149,198.4003355573828,775.0,-34.20889414734601,0.023505601907877406,12.306346162952545,15.0
lossy,0.0,2.5,150.0,0.04,70.42535881328149,198.4003355573828,775.0,-82.60276223000895,0.023505601907877406,12.306346162952545,15.0
lossy,0.0,2.5,200.0,0.0,70.42535881328149,198.4003355573828,900.0,20.568237553779618,0.002979264838561393,14.612472120895053,15.0
lossy,0.0,2.5,200.0,0.01,70.42535881328149,198.4003355573828,900.0,-45.89558853086626,0.002979264838561393,14.612472120895053,15.0
lossy,0.0,2.5,200.0,0.02,70.42535881328149,198.4003355573828,900.0,-105.54512351182167,0.002979264838561393,14.612472120895053,15.0
lossy,0.0,2.5,200.0,0.03,70.42535881328149,198.4003355573828,900.0,-159.20889414734603,0.002979264838561393,14.612472120895053,15.0
lossy,0.0,2.5,200.0,0.04,70.42535881328149,198.4003355573828,900.0,-207.60276223000895,0.002979264838561393,14.612472120895053,15.0
lossy,0.0,2.5,250.0,0.0,70.42535881328149,198.4003355573828,1025.0,-104.43176244622026,-0.013765366186332869,Inf,15.0
lossy,0.0,2.5,250.0,0.01,70.42535881328149,198.4003355573828,1025.0,-170.89558853086635,-0.013765366186332869,Inf,15.0
lossy,0.0,2.5,250.0,0.02,70.42535881328149,198.4003355573828,1025.0,-230.54512351182177,-0.013765366186332869,Inf,15.0
lossy,0.0,2.5,250.0,0.03,70.42535881328149,198.4003355573828,1025.0,-284.20889414734614,-0.013765366186332869,Inf,15.0
lossy,0.0,2.5,250.0,0.04,70.42535881328149,198.4003355573828,1025.0,-332.602762230009,-0.013765366186332869,Inf,15.0
lossy,0.0,2.5,300.0,0.0,70.42535881328149,198.4003355573828,1150.0,-229.43176244622035,-0.027822280465458156,Inf,15.0
lossy,0.0,2.5,300.0,0.01,70.42535881328149,198.4003355573828,1150.0,-295.8955885308663,-0.027822280465458156,Inf,15.0
lossy,0.0,2.5,300.0,0.02,70.42535881328149,198.4003355573828,1150.0,-355.54512351182177,-0.027822280465458156,Inf,15.0
lossy,0.0,2.5,300.0,0.03,70.42535881328149,198.4003355573828,1150.0,-409.20889414734614,-0.027822280465458156,Inf,15.0
lossy,0.0,2.5,300.0,0.04,70.42535881328149,198.4003355573828,1150.0,-457.602762230009,-0.027822280465458156,Inf,15.0
lossy,0.0,2.5,350.0,0.0,70.42535881328149,198.4003355573828,1275.0,-354.4317624462205,-0.039882717720754565,Inf,15.0
lossy,0.0,2.5,350.0,0.01,70.42535881328149,198.4003355573828,1275.0,-420.8955885308661,-0.039882717720754565,Inf,15.0
lossy,0.0,2.5,350.0,0.02,70.42535881328149,198.4003355573828,1275.0,-480.5451235118218,-0.039882717720754565,Inf,15.0
lossy,0.0,2.5,350.0,0.03,70.42535881328149,198.4003355573828,1275.0,-534.2088941473465,-0.039882717720754565,Inf,15.0
lossy,0.0,2.5,350.0,0.04,70.42535881328149,198.4003355573828,1275.0,-582.6027622300089,-0.039882717720754565,Inf,15.0
lossy,0.0,2.5,400.0,0.0,70.42535881328149,198.4003355573828,1400.0,-479.4317624462207,-0.0504084877328342,Inf,15.0
lossy,0.0,2.5,400.0,0.01,70.42535881328149,198.4003355573828,1400.0,-545.8955885308661,-0.0504084877328342,Inf,15.0
lossy,0.0,2.5,400.0,0.02,70.42535881328149,198.4003355573828,1400.0,-605.5451235118217,-0.0504084877328342,Inf,15.0
lossy,0.0,2.5,400.0,0.03,70.42535881328149,198.4003355573828,1400.0,-659.2088941473468,-0.0504084877328342,Inf,15.0
lossy,0.0,2.5,400.0,0.04,70.42535881328149,198.4003355573828,1400.0,-707.6027622300088,-0.0504084877328342,Inf,15.0
lossy,0.0,7.5,100.0,0.0,154.98878806303765,163.5045979329197,1150.0,875.9428971610616,0.08582726831308712,7.951669070697992,15.0
lossy,0.0,7.5,100.0,0.01,154.98878806303765,163.5045979329197,1150.0,729.6724623564179,0.08582726831308712,7.951669070697992,15.0
lossy,0.0,7.5,100.0,0.02,154.98878806303765,163.5045979329197,1150.0,598.39859608144,0.08582726831308712,7.951669070697992,15.0
lossy,0.0,7.5,100.0,0.03,154.98878806303765,163.5045979329197,1150.0,480.2979159593217,0.08582726831308712,7.951669070697992,15.0
lossy,0.0,7.5,100.0,0.04,154.98878806303765,163.5045979329197,1150.0,373.7949873239067,0.08582726831308712,7.951669070697992,15.0
lossy,0.0,7.5,150.0,0.0,154.98878806303765,163.5045979329197,1525.0,500.94289716106175,0.039880969471953395,10.848225214768833,15.0
lossy,0.0,7.5,150.0,0.01,154.98878806303765,163.5045979329197,1525.0,354.6724623564179,0.039880969471953395,10.848225214768833,15.0
lossy,0.0,7.5,150.0,0.02,154.98878806303765,163.5045979329197,1525.0,223.3985960814399,0.039880969471953395,10.848225214768833,15.0
lossy,0.0,7.5,150.0,0.03,154.98878806303765,163.5045979329197,1525.0,105.29791595932204,0.039880969471953395,10.848225214768833,15.0
lossy,0.0,7.5,150.0,0.04,154.98878806303765,163.5045979329197,1525.0,-1.2050126760932756,0.039880969471953395,10.848225214768833,15.0
lossy,0.0,7.5,200.0,0.0,154.98878806303765,163.5045979329197,1900.0,125.9428971610616,0.008543278120031292,13.923342078510238,15.0
lossy,0.0,7.5,200.0,0.01,154.98878806303765,163.5045979329197,1900.0,-20.32753764358243,0.008543278120031292,13.923342078510238,15.0
lossy,0.0,7.5,200.0,0.02,154.98878806303765,163.5045979329197,1900.0,-151.60140391855992,0.008543278120031292,13.923342078510238,15.0
lossy,0.0,7.5,200.0,0.03,154.98878806303765,163.5045979329197,1900.0,-269.7020840406782,0.008543278120031292,13.923342078510238,15.0
lossy,0.0,7.5,200.0,0.04,154.98878806303765,163.5045979329197,1900.0,-376.2050126760935,0.008543278120031292,13.923342078510238,15.0
lossy,0.0,7.5,250.0,0.0,154.98878806303765,163.5045979329197,2275.0,-249.05710283893836,-0.014825563028579777,Inf,15.0
lossy,0.0,7.5,250.0,0.01,154.98878806303765,163.5045979329197,2275.0,-395.3275376435827,-0.014825563028579777,Inf,15.0
lossy,0.0,7.5,250.0,0.02,154.98878806303765,163.5045979329197,2275.0,-526.6014039185601,-0.014825563028579777,Inf,15.0
lossy,0.0,7.5,250.0,0.03,154.98878806303765,163.5045979329197,2275.0,-644.7020840406783,-0.014825563028579777,Inf,15.0
lossy,0.0,7.5,250.0,0.04,154.98878806303765,163.5045979329197,2275.0,-751.2050126760934,-0.014825563028579777,Inf,15.0
lossy,0.0,7.5,300.0,0.0,154.98878806303765,163.5045979329197,2650.0,-624.0571028389379,-0.033259276369768775,Inf,15.0
lossy,0.0,7.5,300.0,0.01,154.98878806303765,163.5045979329197,2650.0,-770.3275376435826,-0.033259276369768775,Inf,15.0
lossy,0.0,7.5,300.0,0.02,154.98878806303765,163.5045979329197,2650.0,-901.6014039185603,-0.033259276369768775,Inf,15.0
lossy,0.0,7.5,300.0,0.03,154.98878806303765,163.5045979329197,2650.0,-1019.7020840406784,-0.033259276369768775,Inf,15.0
lossy,0.0,7.5,300.0,0.04,154.98878806303765,163.5045979329197,2650.0,-1126.2050126760928,-0.033259276369768775,Inf,15.0
lossy,0.0,7.5,350.0,0.0,154.98878806303765,163.5045979329197,3025.0,-999.0571028389381,-0.0483710298203477,Inf,15.0
lossy,0.0,7.5,350.0,0.01,154.98878806303765,163.5045979329197,3025.0,-1145.3275376435824,-0.0483710298203477,Inf,15.0
lossy,0.0,7.5,350.0,0.02,154.98878806303765,163.5045979329197,3025.0,-1276.6014039185611,-0.0483710298203477,Inf,15.0
lossy,0.0,7.5,350.0,0.03,154.98878806303765,163.5045979329197,3025.0,-1394.7020840406785,-0.0483710298203477,Inf,15.0
lossy,0.0,7.5,350.0,0.04,154.98878806303765,163.5045979329197,3025.0,-1501.2050126760926,-0.0483710298203477,Inf,15.0
lossy,0.0,7.5,400.0,0.0,154.98878806303765,163.5045979329197,3400.0,-1374.0571028389381,-0.061111005723020126,Inf,15.0
lossy,0.0,7.5,400.0,0.01,154.98878806303765,163.5045979329197,3400.0,-1520.327537643582,-0.061111005723020126,Inf,15.0
lossy,0.0,7.5,400.0,0.02,154.98878806303765,163.5045979329197,3400.0,-1651.6014039185611,-0.061111005723020126,Inf,15.0
lossy,0.0,7.5,400.0,0.03,154.98878806303765,163.5045979329197,3400.0,-1769.7020840406788,-0.061111005723020126,Inf,15.0
lossy,0.0,7.5,400.0,0.04,154.98878806303765,163.5045979329197,3400.0,-1876.2050126760923,-0.061111005723020126,Inf,15.0
lossy,0.0,12.5,100.0,0.0,198.12744832401245,130.47326301786205,1650.0,939.8318302961468,0.06614572182548947,9.018423921837142,15.0
lossy,0.0,12.5,100.0,0.01,198.12744832401245,130.47326301786205,1650.0,752.8493499808545,0.06614572182548947,9.018423921837142,15.0
lossy,0.0,12.5,100.0,0.02,198.12744832401245,130.47326301786205,1650.0,585.0374941573832,0.06614572182548947,9.018423921837142,15.0
lossy,0.0,12.5,100.0,0.03,198.12744832401245,130.47326301786205,1650.0,434.06537100994103,0.06614572182548947,9.018423921837142,15.0
lossy,0.0,12.5,100.0,0.04,198.12744832401245,130.47326301786205,1650.0,297.91904872895884,0.06614572182548947,9.018423921837142,15.0
lossy,0.0,12.5,150.0,0.0,198.12744832401245,130.47326301786205,2275.0,314.83183029614656,0.017519995275963488,12.915418408351657,15.0
lossy,0.0,12.5,150.0,0.01,198.12744832401245,130.47326301786205,2275.0,127.8493499808541,0.017519995275963488,12.915418408351657,15.0
lossy,0.0,12.5,150.0,0.02,198.12744832401245,130.47326301786205,2275.0,-39.96250584261716,0.017519995275963488,12.915418408351657,15.0
lossy,0.0,12.5,150.0,0.03,198.12744832401245,130.47326301786205,2275.0,-190.93462899005877,0.017519995275963488,12.915418408351657,15.0
lossy,0.0,12.5,150.0,0.04,198.12744832401245,130.47326301786205,2275.0,-327.0809512710408,0.017519995275963488,12.915418408351657,15.0
lossy,0.0,12.5,200.0,0.0,198.12744832401245,130.47326301786205,2900.0,-310.168169703854,-0.01447287956099677,Inf,15.0
lossy,0.0,12.5,200.0,0.01,198.12744832401245,130.47326301786205,2900.0,-497.1506500191459,-0.01447287956099677,Inf,15.0
lossy,0.0,12.5,200.0,0.02,198.12744832401245,130.47326301786205,2900.0,-664.9625058426171,-0.01447287956099677,Inf,15.0
lossy,0.0,12.5,200.0,0.03,198.12744832401245,130.47326301786205,2900.0,-815.9346289900594,-0.01447287956099677,Inf,15.0
lossy,0.0,12.5,200.0,0.04,198.12744832401245,130.47326301786205,2900.0,-952.0809512710412,-0.01447287956099677,Inf,15.0
lossy,0.0,12.5,250.0,0.0,198.12744832401245,130.47326301786205,3525.0,-935.1681697038541,-0.0378803136905555,Inf,15.0
lossy,0.0,12.5,250.0,0.01,198.12744832401245,130.47326301786205,3525.0,-1122.150650019146,-0.0378803136905555,Inf,15.0
lossy,0.0,12.5,250.0,0.02,198.12744832401245,130.47326301786205,3525.0,-1289.9625058426166,-0.0378803136905555,Inf,15.0
lossy,0.0,12.5,250.0,0.03,198.12744832401245,130.47326301786205,3525.0,-1440.9346289900595,-0.0378803136905555,Inf,15.0
lossy,0.0,12.5,250.0,0.04,198.12744832401245,130.47326301786205,3525.0,-1577.0809512710416,-0.0378803136905555,Inf,15.0
lossy,0.0,12.5,300.0,0.0,198.12744832401245,130.47326301786205,4150.0,-1560.1681697038537,-0.05613565225597658,Inf,15.0
lossy,0.0,12.5,300.0,0.01,198.12744832401245,130.47326301786205,4150.0,-1747.1506500191454,-0.05613565225597658,Inf,15.0
lossy,0.0,12.5,300.0,0.02,198.12744832401245,130.47326301786205,4150.0,-1914.9625058426168,-0.05613565225597658,Inf,15.0
lossy,0.0,12.5,300.0,0.03,198.12744832401245,130.47326301786205,4150.0,-2065.934628990059,-0.05613565225597658,Inf,15.0
lossy,0.0,12.5,300.0,0.04,198.12744832401245,130.47326301786205,4150.0,-2202.0809512710416,-0.05613565225597658,Inf,15.0
lossy,0.0,12.5,350.0,0.0,198.12744832401245,130.47326301786205,4775.0,-2185.1681697038543,-0.07099161292316873,Inf,15.0
lossy,0.0,12.5,350.0,0.01,198.12744832401245,130.47326301786205,4775.0,-2372.1506500191445,-0.07099161292316873,Inf,15.0
lossy,0.0,12.5,350.0,0.02,198.12744832401245,130.47326301786205,4775.0,-2539.9625058426177,-0.07099161292316873,Inf,15.0
lossy,0.0,12.5,350.0,0.03,198.12744832401245,130.47326301786205,4775.0,-2690.934628990058,-0.07099161292316873,Inf,15.0
lossy,0.0,12.5,350.0,0.04,198.12744832401245,130.47326301786205,4775.0,-2827.0809512710407,-0.07099161292316873,Inf,15.0
lossy,0.0,12.5,400.0,0.0,198.12744832401245,130.47326301786205,5400.0,-2810.1681697038534,-0.08345330400432119,Inf,15.0
lossy,0.0,12.5,400.0,0.01,198.12744832401245,130.47326301786205,5400.0,-2997.1506500191445,-0.08345330400432119,Inf,15.0
lossy,0.0,12.5,400.0,0.02,198.12744832401245,130.47326301786205,5400.0,-3164.9625058426186,-0.08345330400432119,Inf,15.0
lossy,0.0,12.5,400.0,0.03,198.12744832401245,130.47326301786205,5400.0,-3315.9346289900573,-0.08345330400432119,Inf,15.0
lossy,0.0,12.5,400.0,0.04,198.12744832401245,130.47326301786205,5400.0,-3452.0809512710407,-0.08345330400432119,Inf,15.0
lossy,0.0,15.0,100.0,0.0,214.57915319229187,119.23648499820028,1900.0,904.8810286325103,0.05621130460539911,9.649992182299702,15.0
lossy,0.0,15.0,100.0,0.01,214.57915319229187,119.23648499820028,1900.0,702.3722766788966,0.05621130460539911,9.649992182299702,15.0
lossy,0.0,15.0,100.0,0.02,214.57915319229187,119.23648499820028,1900.0,520.6260006185528,0.05621130460539911,9.649992182299702,15.0
lossy,0.0,15.0,100.0,0.03,214.57915319229187,119.23648499820028,1900.0,357.1177607726442,0.05621130460539911,9.649992182299702,15.0
lossy,0.0,15.0,100.0,0.04,214.57915319229187,119.23648499820028,1900.0,209.6663965501466,0.05621130460539911,9.649992182299702,15.0
lossy,0.0,15.0,150.0,0.0,214.57915319229187,119.23648499820028,2650.0,154.88102863250995,0.007548047189219406,14.04226438531395,15.0
lossy,0.0,15.0,150.0,0.01,214.57915319229187,119.23648499820028,2650.0,-47.62772332110359,0.007548047189219406,14.04226438531395,15.0
lossy,0.0,15.0,150.0,0.02,214.57915319229187,119.23648499820028,2650.0,-229.373999381447,0.007548047189219406,14.04226438531395,15.0
lossy,0.0,15.0,150.0,0.03,214.57915319229187,119.23648499820028,2650.0,-392.88223922735597,0.007548047189219406,14.04226438531395,15.0
lossy,0.0,15.0,150.0,0.04,214.57915319229187,119.23648499820028,2650.0,-540.3336034498536,0.007548047189219406,14.04226438531395,15.0
lossy,0.0,15.0,200.0,0.0,214.57915319229187,119.23648499820028,3400.0,-595.1189713674906,-0.024208159349902926,Inf,15.0
lossy,0.0,15.0,200.0,0.01,214.57915319229187,119.23648499820028,3400.0,-797.6277233211033,-0.024208159349902926,Inf,15.0
lossy,0.0,15.0,200.0,0.02,214.57915319229187,119.23648499820028,3400.0,-979.3739993814464,-0.024208159349902926,Inf,15.0
lossy,0.0,15.0,200.0,0.03,214.57915319229187,119.23648499820028,3400.0,-1142.8822392273557,-0.024208159349902926,Inf,15.0
lossy,0.0,15.0,200.0,0.04,214.57915319229187,119.23648499820028,3400.0,-1290.3336034498534,-0.024208159349902926,Inf,15.0
lossy,0.0,15.0,250.0,0.0,214.57915319229187,119.23648499820028,4150.0,-1345.1189713674908,-0.04735286967711211,Inf,15.0
lossy,0.0,15.0,250.0,0.01,214.57915319229187,119.23648499820028,4150.0,-1547.627723321103,-0.04735286967711211,Inf,15.0
lossy,0.0,15.0,250.0,0.02,214.57915319229187,119.23648499820028,4150.0,-1729.3739993814465,-0.04735286967711211,Inf,15.0
lossy,0.0,15.0,250.0,0.03,214.57915319229187,119.23648499820028,4150.0,-1892.8822392273557,-0.04735286967711211,Inf,15.0
lossy,0.0,15.0,250.0,0.04,214.57915319229187,119.23648499820028,4150.0,-2040.3336034498539,-0.04735286967711211,Inf,15.0
lossy,0.0,15.0,300.0,0.0,214.57915319229187,119.23648499820028,4900.0,-2095.1189713674917,-0.06536587306160248,Inf,15.0
lossy,0.0,15.0,300.0,0.01,214.57915319229187,119.23648499820028,4900.0,-2297.627723321104,-0.06536587306160248,Inf,15.0
lossy,0.0,15.0,300.0,0.02,214.57915319229187,119.23648499820028,4900.0,-2479.3739993814474,-0.06536587306160248,Inf,15.0
lossy,0.0,15.0,300.0,0.03,214.57915319229187,119.23648499820028,4900.0,-2642.882239227357,-0.06536587306160248,Inf,15.0
lossy,0.0,15.0,300.0,0.04,214.57915319229187,119.23648499820028,4900.0,-2790.333603449853,-0.06536587306160248,Inf,15.0
lossy,0.0,15.0,350.0,0.0,214.57915319229187,119.23648499820028,5650.0,-2845.1189713674908,-0.08000697546408994,Inf,15.0
lossy,0.0,15.0,350.0,0.01,214.57915319229187,119.23648499820028,5650.0,-3047.627723321103,-0.08000697546408994,Inf,15.0
lossy,0.0,15.0,350.0,0.02,214.57915319229187,119.23648499820028,5650.0,-3229.3739993814465,-0.08000697546408994,Inf,15.0
lossy,0.0,15.0,350.0,0.03,214.57915319229187,119.23648499820028,5650.0,-3392.882239227356,-0.08000697546408994,Inf,15.0
lossy,0.0,15.0,350.0,0.04,214.57915319229187,119.23648499820028,5650.0,-3540.3336034498534,-0.08000697546408994,Inf,15.0
lossy,0.0,15.0,400.0,0.0,214.57915319229187,119.23648499820028,6400.0,-3595.1189713674903,-0.09227946413266584,Inf,15.0
lossy,0.0,15.0,400.0,0.01,214.57915319229187,119.23648499820028,6400.0,-3797.627723321103,-0.09227946413266584,Inf,15.0
lossy,0.0,15.0,400.0,0.02,214.57915319229187,119.23648499820028,6400.0,-3979.3739993814456,-0.09227946413266584,Inf,15.0
lossy,0.0,15.0,400.0,0.03,214.57915319229187,119.23648499820028,6400.0,-4142.882239227356,-0.09227946413266584,Inf,15.0
lossy,0.0,15.0,400.0,0.04,214.57915319229187,119.23648499820028,6400.0,-4290.3336034498525,-0.09227946413266584,Inf,15.0
lossy,0.0,20.0,100.0,0.0,246.43433978353096,104.67634572474847,2400.0,821.2775294297961,0.041431020078608716,10.725201974311373,15.0
lossy,0.0,20.0,100.0,0.01,246.43433978353096,104.67634572474847,2400.0,588.7054932108169,0.041431020078608716,10.725201974311373,15.0
lossy,0.0,20.0,100.0,0.02,246.43433978353096,104.67634572474847,2400.0,379.9782106079749,0.041431020078608716,10.725201974311373,15.0
lossy,0.0,20.0,100.0,0.03,246.43433978353096,104.67634572474847,2400.0,192.19647815102536,0.041431020078608716,10.725201974311373,15.0
lossy,0.0,20.0,100.0,0.04,246.43433978353096,104.67634572474847,2400.0,22.855332695999977,0.041431020078608716,10.725201974311373,15.0
lossy,0.0,20.0,150.0,0.0,246.43433978353096,104.67634572474847,3400.0,-178.7224705702033,-0.006998288679258791,Inf,15.0
lossy,0.0,20.0,150.0,0.01,246.43433978353096,104.67634572474847,3400.0,-411.2945067891829,-0.006998288679258791,Inf,15.0
lossy,0.0,20.0,150.0,0.02,246.43433978353096,104.67634572474847,3400.0,-620.0217893920254,-0.006998288679258791,Inf,15.0
lossy,0.0,20.0,150.0,0.03,246.43433978353096,104.67634572474847,3400.0,-807.8035218489748,-0.006998288679258791,Inf,15.0
lossy,0.0,20.0,150.0,0.04,246.43433978353096,104.67634572474847,3400.0,-977.1446673040002,-0.006998288679258791,Inf,15.0
lossy,0.0,20.0,200.0,0.0,246.43433978353096,104.67634572474847,4400.0,-1178.7224705702038,-0.03828814232589142,Inf,15.0
lossy,0.0,20.0,200.0,0.01,246.43433978353096,104.67634572474847,4400.0,-1411.2945067891828,-0.03828814232589142,Inf,15.0
lossy,0.0,20.0,200.0,0.02,246.43433978353096,104.67634572474847,4400.0,-1620.0217893920255,-0.03828814232589142,Inf,15.0
lossy,0.0,20.0,200.0,0.03,246.43433978353096,104.67634572474847,4400.0,-1807.8035218489754,-0.03828814232589142,Inf,15.0
lossy,0.0,20.0,200.0,0.04,246.43433978353096,104.67634572474847,4400.0,-1977.1446673040002,-0.03828814232589142,Inf,15.0
lossy,0.0,20.0,250.0,0.0,246.43433978353096,104.67634572474847,5400.0,-2178.722470570205,-0.060991488557342044,Inf,15.0
lossy,0.0,20.0,250.0,0.01,246.43433978353096,104.67634572474847,5400.0,-2411.2945067891837,-0.060991488557342044,Inf,15.0
lossy,0.0,20.0,250.0,0.02,246.43433978353096,104.67634572474847,5400.0,-2620.0217893920253,-0.060991488557342044,Inf,15.0
lossy,0.0,20.0,250.0,0.03,246.43433978353096,104.67634572474847,5400.0,-2807.8035218489754,-0.060991488557342044,Inf,15.0
lossy,0.0,20.0,250.0,0.04,246.43433978353096,104.67634572474847,5400.0,-2977.1446673039995,-0.060991488557342044,Inf,15.0
lossy,0.0,20.0,300.0,0.0,246.43433978353096,104.67634572474847,6400.0,-3178.722470570204,-0.07862076750566763,Inf,15.0
lossy,0.0,20.0,300.0,0.01,246.43433978353096,104.67634572474847,6400.0,-3411.2945067891847,-0.07862076750566763,Inf,15.0
lossy,0.0,20.0,300.0,0.02,246.43433978353096,104.67634572474847,6400.0,-3620.021789392024,-0.07862076750566763,Inf,15.0
lossy,0.0,20.0,300.0,0.03,246.43433978353096,104.67634572474847,6400.0,-3807.8035218489754,-0.07862076750566763,Inf,15.0
lossy,0.0,20.0,300.0,0.04,246.43433978353096,104.67634572474847,6400.0,-3977.1446673039995,-0.07862076750566763,Inf,15.0
lossy,0.0,20.0,350.0,0.0,246.43433978353096,104.67634572474847,7400.0,-4178.722470570204,-0.09293210615679162,Inf,15.0
lossy,0.0,20.0,350.0,0.01,246.43433978353096,104.67634572474847,7400.0,-4411.294506789185,-0.09293210615679162,Inf,15.0
lossy,0.0,20.0,350.0,0.02,246.43433978353096,104.67634572474847,7400.0,-4620.0217893920235,-0.09293210615679162,Inf,15.0
lossy,0.0,20.0,350.0,0.03,246.43433978353096,104.67634572474847,7400.0,-4807.803521848975,-0.09293210615679162,Inf,15.0
lossy,0.0,20.0,350.0,0.04,246.43433978353096,104.67634572474847,7400.0,-4977.144667303999,-0.09293210615679162,Inf,15.0
lossy,0.0,20.0,400.0,0.0,246.43433978353096,104.67634572474847,8400.0,-5178.722470570204,-0.10491975324955621,Inf,15.0
lossy,0.0,20.0,400.0,0.01,246.43433978353096,104.67634572474847,8400.0,-5411.294506789185,-0.10491975324955621,Inf,15.0
lossy,0.0,20.0,400.0,0.02,246.43433978353096,104.67634572474847,8400.0,-5620.0217893920235,-0.10491975324955621,Inf,15.0
lossy,0.0,20.0,400.0,0.03,246.43433978353096,104.67634572474847,8400.0,-5807.803521848975,-0.10491975324955621,Inf,15.0
lossy,0.0,20.0,400.0,0.04,246.43433978353096,104.67634572474847,8400.0,-5977.144667303999,-0.10491975324955621,Inf,15.0
lossy,0.0,25.0,100.0,0.0,271.2105590413032,92.67432117715582,2900.0,645.1409911104771,0.027623050378479033,11.910875485346105,15.0
lossy,0.0,25.0,100.0,0.01,271.2105590413032,92.67432117715582,2900.0,389.18643536256604,0.027623050378479033,11.910875485346105,15.0
lossy,0.0,25.0,100.0,0.02,271.2105590413032,92.67432117715582,2900.0,159.47395677044085,0.027623050378479033,11.910875485346105,15.0
lossy,0.0,25.0,100.0,0.03,271.2105590413032,92.67432117715582,2900.0,-47.18713064996305,0.027623050378479033,11.910875485346105,15.0
lossy,0.0,25.0,100.0,0.04,271.2105590413032,92.67432117715582,2900.0,-233.55363609678787,0.027623050378479033,11.910875485346105,15.0
lossy,0.0,25.0,150.0,0.0,271.2105590413032,92.67432117715582,4150.0,-604.8590088895227,-0.0199651117650098,Inf,15.0
lossy,0.0,25.0,150.0,0.01,271.2105590413032,92.67432117715582,4150.0,-860.8135646374335,-0.0199651117650098,Inf,15.0
lossy,0.0,25.0,150.0,0.02,271.2105590413032,92.67432117715582,4150.0,-1090.5260432295593,-0.0199651117650098,Inf,15.0
lossy,0.0,25.0,150.0,0.03,271.2105590413032,92.67432117715582,4150.0,-1297.187130649963,-0.0199651117650098,Inf,15.0
lossy,0.0,25.0,150.0,0.04,271.2105590413032,92.67432117715582,4150.0,-1483.5536360967876,-0.0199651117650098,Inf,15.0
lossy,0.0,25.0,200.0,0.0,271.2105590413032,92.67432117715582,5400.0,-1854.8590088895226,-0.05058368984310284,Inf,15.0
lossy,0.0,25.0,200.0,0.01,271.2105590413032,92.67432117715582,5400.0,-2110.8135646374335,-0.05058368984310284,Inf,15.0
lossy,0.0,25.0,200.0,0.02,271.2105590413032,92.67432117715582,5400.0,-2340.526043229559,-0.05058368984310284,Inf,15.0
lossy,0.0,25.0,200.0,0.03,271.2105590413032,92.67432117715582,5400.0,-2547.187130649963,-0.05058368984310284,Inf,15.0
lossy,0.0,25.0,200.0,0.04,271.2105590413032,92.67432117715582,5400.0,-2733.5536360967894,-0.05058368984310284,Inf,15.0
lossy,0.0,25.0,250.0,0.0,271.2105590413032,92.67432117715582,6650.0,-3104.8590088895226,-0.07276843593115392,Inf,15.0
lossy,0.0,25.0,250.0,0.01,271.2105590413032,92.67432117715582,6650.0,-3360.8135646374335,-0.07276843593115392,Inf,15.0
lossy,0.0,25.0,250.0,0.02,271.2105590413032,92.67432117715582,6650.0,-3590.52604322956,-0.07276843593115392,Inf,15.0
lossy,0.0,25.0,250.0,0.03,271.2105590413032,92.67432117715582,6650.0,-3797.187130649964,-0.07276843593115392,Inf,15.0
lossy,0.0,25.0,250.0,0.04,271.2105590413032,92.67432117715582,6650.0,-3983.55363609679,-0.07276843593115392,Inf,15.0
lossy,0.0,25.0,300.0,0.0,271.2105590413032,92.67432117715582,7900.0,-4354.859008889522,-0.08998709138385483,Inf,15.0
lossy,0.0,25.0,300.0,0.01,271.2105590413032,92.67432117715582,7900.0,-4610.813564637433,-0.08998709138385483,Inf,15.0
lossy,0.0,25.0,300.0,0.02,271.2105590413032,92.67432117715582,7900.0,-4840.526043229561,-0.08998709138385483,Inf,15.0
lossy,0.0,25.0,300.0,0.03,271.2105590413032,92.67432117715582,7900.0,-5047.187130649964,-0.08998709138385483,Inf,15.0
lossy,0.0,25.0,300.0,0.04,271.2105590413032,92.67432117715582,7900.0,-5233.55363609679,-0.08998709138385483,Inf,15.0
lossy,0.0,25.0,350.0,0.0,271.2105590413032,92.67432117715582,9150.0,-5604.85900888952,-0.1039642240386866,Inf,15.0
lossy,0.0,25.0,350.0,0.01,271.2105590413032,92.67432117715582,9150.0,-5860.813564637436,-0.1039642240386866,Inf,15.0
lossy,0.0,25.0,350.0,0.02,271.2105590413032,92.67432117715582,9150.0,-6090.526043229561,-0.1039642240386866,Inf,15.0
lossy,0.0,25.0,350.0,0.03,271.2105590413032,92.67432117715582,9150.0,-6297.187130649965,-0.1039642240386866,Inf,15.0
lossy,0.0,25.0,350.0,0.04,271.2105590413032,92.67432117715582,9150.0,-6483.553636096787,-0.1039642240386866,Inf,15.0
lossy,0.0,25.0,400.0,0.0,271.2105590413032,92.67432117715582,10400.0,-6854.859008889521,-0.11567331624971747,Inf,15.0
lossy,0.0,25.0,400.0,0.01,271.2105590413032,92.67432117715582,10400.0,-7110.813564637437,-0.11567331624971747,Inf,15.0
lossy,0.0,25.0,400.0,0.02,271.2105590413032,92.67432117715582,10400.0,-7340.526043229559,-0.11567331624971747,Inf,15.0
lossy,0.0,25.0,400.0,0.03,271.2105590413032,92.67432117715582,10400.0,-7547.187130649963,-0.11567331624971747,Inf,15.0
lossy,0.0,25.0,400.0,0.04,271.2105590413032,92.67432117715582,10400.0,-7733.553636096787,-0.11567331624971747,Inf,15.0
lossy,3.0,2.5,100.0,0.0,154.54390720365814,282.8929213827673,650.0,1370.1276170468882,0.2073613601326223,4.351630159856103,15.0
lossy,3.0,2.5,100.0,0.01,154.54390720365814,282.8929213827673,650.0,1224.27703788181,0.2073613601326223,4.351630159856103,15.0
lossy,3.0,2.5,100.0,0.02,154.54390720365814,282.8929213827673,650.0,1093.3799809952552,0.2073613601326223,4.351630159856103,15.0
lossy,3.0,2.5,100.0,0.03,154.54390720365814,282.8929213827673,650.0,975.6182978594522,0.2073613601326223,4.351630159856103,15.0
lossy,3.0,2.5,100.0,0.04,154.54390720365814,282.8929213827673,650.0,869.4210759465035,0.2073613601326223,4.351630159856103,15.0
lossy,3.0,2.5,150.0,0.0,154.54390720365814,282.8929213827673,775.0,1245.1276170468882,0.16439209222885887,5.2332017715472565,15.0
lossy,3.0,2.5,150.0,0.01,154.54390720365814,282.8929213827673,775.0,1099.27703788181,0.16439209222885887,5.2332017715472565,15.0
lossy,3.0,2.5,150.0,0.02,154.54390720365814,282.8929213827673,775.0,968.3799809952553,0.16439209222885887,5.2332017715472565,15.0
lossy,3.0,2.5,150.0,0.03,154.54390720365814,282.8929213827673,775.0,850.6182978594525,0.16439209222885887,5.2332017715472565,15.0
lossy,3.0,2.5,150.0,0.04,154.54390720365814,282.8929213827673,775.0,744.4210759465035,0.16439209222885887,5.2332017715472565,15.0
lossy,3.0,2.5,200.0,0.0,154.54390720365814,282.8929213827673,900.0,1120.1276170468884,0.13195708348264357,6.130617776318743,15.0
lossy,3.0,2.5,200.0,0.01,154.54390720365814,282.8929213827673,900.0,974.2770378818099,0.13195708348264357,6.130617776318743,15.0
lossy,3.0,2.5,200.0,0.02,154.54390720365814,282.8929213827673,900.0,843.3799809952553,0.13195708348264357,6.130617776318743,15.0
lossy,3.0,2.5,200.0,0.03,154.54390720365814,282.8929213827673,900.0,725.6182978594522,0.13195708348264357,6.130617776318743,15.0
lossy,3.0,2.5,200.0,0.04,154.54390720365814,282.8929213827673,900.0,619.4210759465036,0.13195708348264357,6.130617776318743,15.0
lossy,3.0,2.5,250.0,0.0,154.54390720365814,282.8929213827673,1025.0,995.1276170468884,0.10630751580141798,7.044574208702081,15.0
lossy,3.0,2.5,250.0,0.01,154.54390720365814,282.8929213827673,1025.0,849.27703788181,0.10630751580141798,7.044574208702081,15.0
lossy,3.0,2.5,250.0,0.02,154.54390720365814,282.8929213827673,1025.0,718.3799809952553,0.10630751580141798,7.044574208702081,15.0
lossy,3.0,2.5,250.0,0.03,154.54390720365814,282.8929213827673,1025.0,600.6182978594522,0.10630751580141798,7.044574208702081,15.0
lossy,3.0,2.5,250.0,0.04,154.54390720365814,282.8929213827673,1025.0,494.4210759465036,0.10630751580141798,7.044574208702081,15.0
lossy,3.0,2.5,300.0,0.0,154.54390720365814,282.8929213827673,1150.0,870.1276170468884,0.08532081347275827,7.976273135446261,15.0
lossy,3.0,2.5,300.0,0.01,154.54390720365814,282.8929213827673,1150.0,724.2770378818099,0.08532081347275827,7.976273135446261,15.0
lossy,3.0,2.5,300.0,0.02,154.54390720365814,282.8929213827673,1150.0,593.3799809952553,0.08532081347275827,7.976273135446261,15.0
lossy,3.0,2.5,300.0,0.03,154.54390720365814,282.8929213827673,1150.0,475.61829785945224,0.08532081347275827,7.976273135446261,15.0
lossy,3.0,2.5,300.0,0.04,154.54390720365814,282.8929213827673,1150.0,369.4210759465037,0.08532081347275827,7.976273135446261,15.0
lossy,3.0,2.5,350.0,0.0,154.54390720365814,282.8929213827673,1275.0,745.1276170468885,0.06769883245383419,8.926502104275961,15.0
lossy,3.0,2.5,350.0,0.01,154.54390720365814,282.8929213827673,1275.0,599.2770378818099,0.06769883245383419,8.926502104275961,15.0
lossy,3.0,2.5,350.0,0.02,154.54390720365814,282.8929213827673,1275.0,468.3799809952553,0.06769883245383419,8.926502104275961,15.0
lossy,3.0,2.5,350.0,0.03,154.54390720365814,282.8929213827673,1275.0,350.6182978594523,0.06769883245383419,8.926502104275961,15.0
lossy,3.0,2.5,350.0,0.04,154.54390720365814,282.8929213827673,1275.0,244.42107594650358,0.06769883245383419,8.926502104275961,15.0
lossy,3.0,2.5,400.0,0.0,154.54390720365814,282.8929213827673,1400.0,620.1276170468884,0.05259909682785968,9.895117647786988,15.0
lossy,3.0,2.5,400.0,0.01,154.54390720365814,282.8929213827673,1400.0,474.2770378818099,0.05259909682785968,9.895117647786988,15.0
lossy,3.0,2.5,400.0,0.02,154.54390720365814,282.8929213827673,1400.0,343.3799809952551,0.05259909682785968,9.895117647786988,15.0
lossy,3.0,2.5,400.0,0.03,154.54390720365814,282.8929213827673,1400.0,225.61829785945233,0.05259909682785968,9.895117647786988,15.0
lossy,3.0,2.5,400.0,0.04,154.54390720365814,282.8929213827673,1400.0,119.42107594650369,0.05259909682785968,9.895117647786988,15.0
lossy,3.0,10.0,100.0,0.0,372.37814649126153,201.43564175434258,1400.0,3467.5576496225863,0.23799601252061617,3.870405954960334,15.0
lossy,3.0,10.0,100.0,0.01,372.37814649126153,201.43564175434258,1400.0,3116.126335914456,0.23799601252061617,3.870405954960334,15.0
lossy,3.0,10.0,100.0,0.02,372.37814649126153,201.43564175434258,1400.0,2800.7259794297283,0.23799601252061617,3.870405954960334,15.0
lossy,3.0,10.0,100.0,0.03,372.37814649126153,201.43564175434258,1400.0,2516.9756971490206,0.23799601252061617,3.870405954960334,15.0
lossy,3.0,10.0,100.0,0.04,372.37814649126153,201.43564175434258,1400.0,2261.0903285569616,0.23799601252061617,3.870405954960334,15.0
lossy,3.0,10.0,150.0,0.0,372.37814649126153,201.43564175434258,1900.0,2967.5576496225863,0.1604582267681371,5.330095377228354,15.0
lossy,3.0,10.0,150.0,0.01,372.37814649126153,201.43564175434258,1900.0,2616.1263359144564,0.1604582267681371,5.330095377228354,15.0
lossy,3.0,10.0,150.0,0.02,372.37814649126153,201.43564175434258,1900.0,2300.7259794297283,0.1604582267681371,5.330095377228354,15.0
lossy,3.0,10.0,150.0,0.03,372.37814649126153,201.43564175434258,1900.0,2016.9756971490206,0.1604582267681371,5.330095377228354,15.0
lossy,3.0,10.0,150.0,0.04,372.37814649126153,201.43564175434258,1900.0,1761.0903285569616,0.1604582267681371,5.330095377228354,15.0
lossy,3.0,10.0,200.0,0.0,372.37814649126153,201.43564175434258,2400.0,2467.5576496225867,0.11177354935880765,6.8321800924996055,15.0
lossy,3.0,10.0,200.0,0.01,372.37814649126153,201.43564175434258,2400.0,2116.1263359144564,0.11177354935880765,6.8321800924996055,15.0
lossy,3.0,10.0,200.0,0.02,372.37814649126153,201.43564175434258,2400.0,1800.7259794297283,0.11177354935880765,6.8321800924996055,15.0
lossy,3.0,10.0,200.0,0.03,372.37814649126153,201.43564175434258,2400.0,1516.9756971490206,0.11177354935880765,6.8321800924996055,15.0
lossy,3.0,10.0,200.0,0.04,372.37814649126153,201.43564175434258,2400.0,1261.0903285569616,0.11177354935880765,6.8321800924996055,15.0
lossy,3.0,10.0,250.0,0.0,372.37814649126153,201.43564175434258,2900.0,1967.5576496225867,0.07741589587817538,8.383107383053481,15.0
lossy,3.0,10.0,250.0,0.01,372.37814649126153,201.43564175434258,2900.0,1616.1263359144564,0.07741589587817538,8.383107383053481,15.0
lossy,3.0,10.0,250.0,0.02,372.37814649126153,201.43564175434258,2900.0,1300.7259794297288,0.07741589587817538,8.383107383053481,15.0
lossy,3.0,10.0,250.0,0.03,372.37814649126153,201.43564175434258,2900.0,1016.9756971490209,0.07741589587817538,8.383107383053481,15.0
lossy,3.0,10.0,250.0,0.04,372.37814649126153,201.43564175434258,2900.0,761.0903285569609,0.07741589587817538,8.383107383053481,15.0
lossy,3.0,10.0,300.0,0.0,372.37814649126153,201.43564175434258,3400.0,1467.5576496225863,0.05136340867310417,9.980982168218093,15.0
lossy,3.0,10.0,300.0,0.01,372.37814649126153,201.43564175434258,3400.0,1116.1263359144564,0.05136340867310417,9.980982168218093,15.0
lossy,3.0,10.0,300.0,0.02,372.37814649126153,201.43564175434258,3400.0,800.7259794297285,0.05136340867310417,9.980982168218093,15.0
lossy,3.0,10.0,300.0,0.03,372.37814649126153,201.43564175434258,3400.0,516.9756971490207,0.05136340867310417,9.980982168218093,15.0
lossy,3.0,10.0,300.0,0.04,372.37814649126153,201.43564175434258,3400.0,261.090328556961,0.05136340867310417,9.980982168218093,15.0
lossy,3.0,10.0,350.0,0.0,372.37814649126153,201.43564175434258,3900.0,967.5576496225865,0.030632585312084126,11.636658265958465,15.0
lossy,3.0,10.0,350.0,0.01,372.37814649126153,201.43564175434258,3900.0,616.1263359144566,0.030632585312084126,11.636658265958465,15.0
lossy,3.0,10.0,350.0,0.02,372.37814649126153,201.43564175434258,3900.0,300.7259794297284,0.030632585312084126,11.636658265958465,15.0
lossy,3.0,10.0,350.0,0.03,372.37814649126153,201.43564175434258,3900.0,16.975697149020306,0.030632585312084126,11.636658265958465,15.0
lossy,3.0,10.0,350.0,0.04,372.37814649126153,201.43564175434258,3900.0,-238.90967144303892,0.030632585312084126,11.636658265958465,15.0
lossy,3.0,10.0,400.0,0.0,372.37814649126153,201.43564175434258,4400.0,467.55764962258655,0.013558571925774403,13.347278931478865,15.0
lossy,3.0,10.0,400.0,0.01,372.37814649126153,201.43564175434258,4400.0,116.12633591445692,0.013558571925774403,13.347278931478865,15.0
lossy,3.0,10.0,400.0,0.02,372.37814649126153,201.43564175434258,4400.0,-199.27402057027163,0.013558571925774403,13.347278931478865,15.0
lossy,3.0,10.0,400.0,0.03,372.37814649126153,201.43564175434258,4400.0,-483.02430285097955,0.013558571925774403,13.347278931478865,15.0
lossy,3.0,10.0,400.0,0.04,372.37814649126153,201.43564175434258,4400.0,-738.9096714430389,0.013558571925774403,13.347278931478865,15.0
lossy,3.0,12.5,100.0,0.0,397.51563698296354,177.51727837227656,1650.0,3546.143484447001,0.21082510594755147,4.291844540147793,15.0
lossy,3.0,12.5,100.0,0.01,397.51563698296354,177.51727837227656,1650.0,3170.988702028196,0.21082510594755147,4.291844540147793,15.0
lossy,3.0,12.5,100.0,0.02,397.51563698296354,177.51727837227656,1650.0,2834.2971566353126,0.21082510594755147,4.291844540147793,15.0
lossy,3.0,12.5,100.0,0.03,397.51563698296354,177.51727837227656,1650.0,2531.3922325206036,0.21082510594755147,4.291844540147793,15.0
lossy,3.0,12.5,100.0,0.04,397.51563698296354,177.51727837227656,1650.0,2258.2332508538866,0.21082510594755147,4.291844540147793,15.0
lossy,3.0,12.5,150.0,0.0,397.51563698296354,177.51727837227656,2275.0,2921.143484447001,0.13556343524638803,6.017118562828521,15.0
lossy,3.0,12.5,150.0,0.01,397.51563698296354,177.51727837227656,2275.0,2545.988702028196,0.13556343524638803,6.017118562828521,15.0
lossy,3.0,12.5,150.0,0.02,397.51563698296354,177.51727837227656,2275.0,2209.2971566353126,0.13556343524638803,6.017118562828521,15.0
lossy,3.0,12.5,150.0,0.03,397.51563698296354,177.51727837227656,2275.0,1906.392232520604,0.13556343524638803,6.017118562828521,15.0
lossy,3.0,12.5,150.0,0.04,397.51563698296354,177.51727837227656,2275.0,1633.2332508538864,0.13556343524638803,6.017118562828521,15.0
lossy,3.0,12.5,200.0,0.0,397.51563698296354,177.51727837227656,2900.0,2296.143484447001,0.0888284584733878,7.808163260347761,15.0
lossy,3.0,12.5,200.0,0.01,397.51563698296354,177.51727837227656,2900.0,1920.9887020281958,0.0888284584733878,7.808163260347761,15.0
lossy,3.0,12.5,200.0,0.02,397.51563698296354,177.51727837227656,2900.0,1584.2971566353126,0.0888284584733878,7.808163260347761,15.0
lossy,3.0,12.5,200.0,0.03,397.51563698296354,177.51727837227656,2900.0,1281.392232520604,0.0888284584733878,7.808163260347761,15.0
lossy,3.0,12.5,200.0,0.04,397.51563698296354,177.51727837227656,2900.0,1008.2332508538864,0.0888284584733878,7.808163260347761,15.0
lossy,3.0,12.5,250.0,0.0,397.51563698296354,177.51727837227656,3525.0,1671.1434844470004,0.05597708858842787,9.665625533847601,15.0
lossy,3.0,12.5,250.0,0.01,397.51563698296354,177.51727837227656,3525.0,1295.988702028196,0.05597708858842787,9.665625533847601,15.0
lossy,3.0,12.5,250.0,0.02,397.51563698296354,177.51727837227656,3525.0,959.2971566353126,0.05597708858842787,9.665625533847601,15.0
lossy,3.0,12.5,250.0,0.03,397.51563698296354,177.51727837227656,3525.0,656.3922325206034,0.05597708858842787,9.665625533847601,15.0
lossy,3.0,12.5,250.0,0.04,397.51563698296354,177.51727837227656,3525.0,383.2332508538862,0.05597708858842787,9.665625533847601,15.0
lossy,3.0,12.5,300.0,0.0,397.51563698296354,177.51727837227656,4150.0,1046.1434844470004,0.03109846486680618,11.594966618390979,15.0
lossy,3.0,12.5,300.0,0.01,397.51563698296354,177.51727837227656,4150.0,670.9887020281964,0.03109846486680618,11.594966618390979,15.0
lossy,3.0,12.5,300.0,0.02,397.51563698296354,177.51727837227656,4150.0,334.2971566353124,0.03109846486680618,11.594966618390979,15.0
lossy,3.0,12.5,300.0,0.03,397.51563698296354,177.51727837227656,4150.0,31.392232520603898,0.03109846486680618,11.594966618390979,15.0
lossy,3.0,12.5,300.0,0.04,397.51563698296354,177.51727837227656,4150.0,-241.7667491461139,0.03109846486680618,11.594966618390979,15.0
lossy,3.0,12.5,350.0,0.0,397.51563698296354,177.51727837227656,4775.0,421.1434844470003,0.011304291359021425,13.602356380946404,15.0
lossy,3.0,12.5,350.0,0.01,397.51563698296354,177.51727837227656,4775.0,45.9887020281966,0.011304291359021425,13.602356380946404,15.0
lossy,3.0,12.5,350.0,0.02,397.51563698296354,177.51727837227656,4775.0,-290.70284336468796,0.011304291359021425,13.602356380946404,15.0
lossy,3.0,12.5,350.0,0.03,397.51563698296354,177.51727837227656,4775.0,-593.6077674793962,0.011304291359021425,13.602356380946404,15.0
lossy,3.0,12.5,350.0,0.04,397.51563698296354,177.51727837227656,4775.0,-866.7667491461141,0.011304291359021425,13.602356380946404,15.0
lossy,3.0,12.5,400.0,0.0,397.51563698296354,177.51727837227656,5400.0,-203.85651555299938,-0.0050046067329612325,Inf,15.0
lossy,3.0,12.5,400.0,0.01,397.51563698296354,177.51727837227656,5400.0,-579.0112979718033,-0.0050046067329612325,Inf,15.0
lossy,3.0,12.5,400.0,0.02,397.51563698296354,177.51727837227656,5400.0,-915.702843364688,-0.0050046067329612325,Inf,15.0
lossy,3.0,12.5,400.0,0.03,397.51563698296354,177.51727837227656,5400.0,-1218.6077674793967,-0.0050046067329612325,Inf,15.0
lossy,3.0,12.5,400.0,0.04,397.51563698296354,177.51727837227656,5400.0,-1491.7667491461136,-0.0050046067329612325,Inf,15.0
lossy,3.0,20.0,100.0,0.0,445.0334910531219,133.4326402464045,2400.0,3417.2752459433123,0.1481995640733384,5.651486721721899,15.0
lossy,3.0,20.0,100.0,0.01,445.0334910531219,133.4326402464045,2400.0,2997.2755604661093,0.1481995640733384,5.651486721721899,15.0
lossy,3.0,20.0,100.0,0.02,445.0334910531219,133.4326402464045,2400.0,2620.336894627695,0.1481995640733384,5.651486721721899,15.0
lossy,3.0,20.0,100.0,0.03,445.0334910531219,133.4326402464045,2400.0,2281.2236037416637,0.1481995640733384,5.651486721721899,15.0
lossy,3.0,20.0,100.0,0.04,445.0334910531219,133.4326402464045,2400.0,1975.411998074275,0.1481995640733384,5.651486721721899,15.0
lossy,3.0,20.0,150.0,0.0,445.0334910531219,133.4326402464045,3400.0,2417.2752459433127,0.08071999298274073,8.20925402203929,15.0
lossy,3.0,20.0,150.0,0.01,445.0334910531219,133.4326402464045,3400.0,1997.2755604661088,0.08071999298274073,8.20925402203929,15.0
lossy,3.0,20.0,150.0,0.02,445.0334910531219,133.4326402464045,3400.0,1620.3368946276946,0.08071999298274073,8.20925402203929,15.0
lossy,3.0,20.0,150.0,0.03,445.0334910531219,133.4326402464045,3400.0,1281.2236037416637,0.08071999298274073,8.20925402203929,15.0
lossy,3.0,20.0,150.0,0.04,445.0334910531219,133.4326402464045,3400.0,975.4119980742747,0.08071999298274073,8.20925402203929,15.0
lossy,3.0,20.0,200.0,0.0,445.0334910531219,133.4326402464045,4400.0,1417.2752459433127,0.0391572324000594,10.90632889983366,15.0
lossy,3.0,20.0,200.0,0.01,445.0334910531219,133.4326402464045,4400.0,997.2755604661087,0.0391572324000594,10.90632889983366,15.0
lossy,3.0,20.0,200.0,0.02,445.0334910531219,133.4326402464045,4400.0,620.3368946276952,0.0391572324000594,10.90632889983366,15.0
lossy,3.0,20.0,200.0,0.03,445.0334910531219,133.4326402464045,4400.0,281.2236037416636,0.0391572324000594,10.90632889983366,15.0
lossy,3.0,20.0,200.0,0.04,445.0334910531219,133.4326402464045,4400.0,-24.588001925725536,0.0391572324000594,10.90632889983366,15.0
lossy,3.0,20.0,250.0,0.0,445.0334910531219,133.4326402464045,5400.0,417.2752459433127,0.009931491430195876,13.760755113938764,15.0
lossy,3.0,20.0,250.0,0.01,445.0334910531219,133.4326402464045,5400.0,-2.7244395338906315,0.009931491430195876,13.760755113938764,15.0
lossy,3.0,20.0,250.0,0.02,445.0334910531219,133.4326402464045,5400.0,-379.663105372305,0.009931491430195876,13.760755113938764,15.0
lossy,3.0,20.0,250.0,0.03,445.0334910531219,133.4326402464045,5400.0,-718.7763962583371,0.009931491430195876,13.760755113938764,15.0
lossy,3.0,20.0,250.0,0.04,445.0334910531219,133.4326402464045,5400.0,-1024.5880019257256,0.009931491430195876,13.760755113938764,15.0
lossy,3.0,20.0,300.0,0.0,445.0334910531219,133.4326402464045,6400.0,-582.7247540566866,-0.012261097922444208,Inf,15.0
lossy,3.0,20.0,300.0,0.01,445.0334910531219,133.4326402464045,6400.0,-1002.7244395338918,-0.012261097922444208,Inf,15.0
lossy,3.0,20.0,300.0,0.02,445.0334910531219,133.4326402464045,6400.0,-1379.6631053723054,-0.012261097922444208,Inf,15.0
lossy,3.0,20.0,300.0,0.03,445.0334910531219,133.4326402464045,6400.0,-1718.7763962583363,-0.012261097922444208,Inf,15.0
lossy,3.0,20.0,300.0,0.04,445.0334910531219,133.4326402464045,6400.0,-2024.5880019257256,-0.012261097922444208,Inf,15.0
lossy,3.0,20.0,350.0,0.0,445.0334910531219,133.4326402464045,7400.0,-1582.7247540566864,-0.02997622044002049,Inf,15.0
lossy,3.0,20.0,350.0,0.01,445.0334910531219,133.4326402464045,7400.0,-2002.7244395338917,-0.02997622044002049,Inf,15.0
lossy,3.0,20.0,350.0,0.02,445.0334910531219,133.4326402464045,7400.0,-2379.6631053723054,-0.02997622044002049,Inf,15.0
lossy,3.0,20.0,350.0,0.03,445.0334910531219,133.4326402464045,7400.0,-2718.776396258337,-0.02997622044002049,Inf,15.0
lossy,3.0,20.0,350.0,0.04,445.0334910531219,133.4326402464045,7400.0,-3024.588001925725,-0.02997622044002049,Inf,15.0
lossy,3.0,20.0,400.0,0.0,445.0334910531219,133.4326402464045,8400.0,-2582.724754056687,-0.04462028849765992,Inf,15.0
lossy,3.0,20.0,400.0,0.01,445.0334910531219,133.4326402464045,8400.0,-3002.7244395338907,-0.04462028849765992,Inf,15.0
lossy,3.0,20.0,400.0,0.02,445.0334910531219,133.4326402464045,8400.0,-3379.663105372305,-0.04462028849765992,Inf,15.0
lossy,3.0,20.0,400.0,0.03,445.0334910531219,133.4326402464045,8400.0,-3718.7763962583385,-0.04462028849765992,Inf,15.0
lossy,3.0,20.0,400.0,0.04,445.0334910531219,133.4326402464045,8400.0,-4024.5880019257256,-0.04462028849765992,Inf,15.0
lossy,3.0,25.0,100.0,0.0,465.09893983255006,112.80911902747155,2900.0,3179.561659954742,0.11821414860749194,6.5953107460954605,15.0
lossy,3.0,25.0,100.0,0.01,465.09893983255006,112.80911902747155,2900.0,2740.6252374774167,0.11821414860749194,6.5953107460954605,15.0
lossy,3.0,25.0,100.0,0.02,465.09893983255006,112.80911902747155,2900.0,2346.6913484829465,0.11821414860749194,6.5953107460954605,15.0
lossy,3.0,25.0,100.0,0.03,465.09893983255006,112.80911902747155,2900.0,1992.288286140401,0.11821414860749194,6.5953107460954605,15.0
lossy,3.0,25.0,100.0,0.04,465.09893983255006,112.80911902747155,2900.0,1672.6883988424474,0.11821414860749194,6.5953107460954605,15.0
lossy,3.0,25.0,150.0,0.0,465.09893983255006,112.80911902747155,4150.0,1929.561659954742,0.054990054567881475,9.731900907822174,15.0
lossy,3.0,25.0,150.0,0.01,465.09893983255006,112.80911902747155,4150.0,1490.6252374774172,0.054990054567881475,9.731900907822174,15.0
lossy,3.0,25.0,150.0,0.02,465.09893983255006,112.80911902747155,4150.0,1096.6913484829465,0.054990054567881475,9.731900907822174,15.0
lossy,3.0,25.0,150.0,0.03,465.09893983255006,112.80911902747155,4150.0,742.2882861404008,0.054990054567881475,9.731900907822174,15.0
lossy,3.0,25.0,150.0,0.04,465.09893983255006,112.80911902747155,4150.0,422.6883988424474,0.054990054567881475,9.731900907822174,15.0
lossy,3.0,25.0,200.0,0.0,465.09893983255006,112.80911902747155,5400.0,679.5616599547417,0.015980305170461916,13.080039662525083,15.0
lossy,3.0,25.0,200.0,0.01,465.09893983255006,112.80911902747155,5400.0,240.62523747741778,0.015980305170461916,13.080039662525083,15.0
lossy,3.0,25.0,200.0,0.02,465.09893983255006,112.80911902747155,5400.0,-153.30865151705353,0.015980305170461916,13.080039662525083,15.0
lossy,3.0,25.0,200.0,0.03,465.09893983255006,112.80911902747155,5400.0,-507.71171385959894,0.015980305170461916,13.080039662525083,15.0
lossy,3.0,25.0,200.0,0.04,465.09893983255006,112.80911902747155,5400.0,-827.3116011575526,0.015980305170461916,13.080039662525083,15.0
lossy,3.0,25.0,250.0,0.0,465.09893983255006,112.80911902747155,6650.0,-570.4383400452579,-0.01153299140220048,Inf,15.0
lossy,3.0,25.0,250.0,0.01,465.09893983255006,112.80911902747155,6650.0,-1009.3747625225828,-0.01153299140220048,Inf,15.0
lossy,3.0,25.0,250.0,0.02,465.09893983255006,112.80911902747155,6650.0,-1403.308651517053,-0.01153299140220048,Inf,15.0
lossy,3.0,25.0,250.0,0.03,465.09893983255006,112.80911902747155,6650.0,-1757.7117138596,-0.01153299140220048,Inf,15.0
lossy,3.0,25.0,250.0,0.04,465.09893983255006,112.80911902747155,6650.0,-2077.3116011575535,-0.01153299140220048,Inf,15.0
lossy,3.0,25.0,300.0,0.0,465.09893983255006,112.80911902747155,7900.0,-1820.4383400452589,-0.03248593414602631,Inf,15.0
lossy,3.0,25.0,300.0,0.01,465.09893983255006,112.80911902747155,7900.0,-2259.3747625225833,-0.03248593414602631,Inf,15.0
lossy,3.0,25.0,300.0,0.02,465.09893983255006,112.80911902747155,7900.0,-2653.308651517053,-0.03248593414602631,Inf,15.0
lossy,3.0,25.0,300.0,0.03,465.09893983255006,112.80911902747155,7900.0,-3007.711713859599,-0.03248593414602631,Inf,15.0
lossy,3.0,25.0,300.0,0.04,465.09893983255006,112.80911902747155,7900.0,-3327.311601157553,-0.03248593414602631,Inf,15.0
lossy,3.0,25.0,350.0,0.0,465.09893983255006,112.80911902747155,9150.0,-3070.438340045257,-0.04925442069773346,Inf,15.0
lossy,3.0,25.0,350.0,0.01,465.09893983255006,112.80911902747155,9150.0,-3509.374762522584,-0.04925442069773346,Inf,15.0
lossy,3.0,25.0,350.0,0.02,465.09893983255006,112.80911902747155,9150.0,-3903.3086515170526,-0.04925442069773346,Inf,15.0
lossy,3.0,25.0,350.0,0.03,465.09893983255006,112.80911902747155,9150.0,-4257.711713859599,-0.04925442069773346,Inf,15.0
lossy,3.0,25.0,350.0,0.04,465.09893983255006,112.80911902747155,9150.0,-4577.311601157554,-0.04925442069773346,Inf,15.0
lossy,3.0,25.0,400.0,0.0,465.09893983255006,112.80911902747155,10400.0,-4320.438340045258,-0.06314681586089185,Inf,15.0
lossy,3.0,25.0,400.0,0.01,465.09893983255006,112.80911902747155,10400.0,-4759.374762522582,-0.06314681586089185,Inf,15.0
lossy,3.0,25.0,400.0,0.02,465.09893983255006,112.80911902747155,10400.0,-5153.308651517051,-0.06314681586089185,Inf,15.0
lossy,3.0,25.0,400.0,0.03,465.09893983255006,112.80911902747155,10400.0,-5507.711713859598,-0.06314681586089185,Inf,15.0
lossy,3.0,25.0,400.0,0.04,465.09893983255006,112.80911902747155,10400.0,-5827.311601157552,-0.06314681586089185,Inf,15.0
lossy,6.0,5.0,100.0,0.0,298.29277590026635,282.5359507433689,900.0,2999.147403900003,0.3070254839634436,3.0815667269203035,15.0
lossy,6.0,5.0,100.0,0.01,298.29277590026635,282.5359507433689,900.0,2717.6340468675558,0.3070254839634436,3.0815667269203035,15.0
lossy,6.0,5.0,100.0,0.02,298.29277590026635,282.5359507433689,900.0,2464.9832166772,0.3070254839634436,3.0815667269203035,15.0
lossy,6.0,5.0,100.0,0.03,298.29277590026635,282.5359507433689,900.0,2237.6856156726185,0.3070254839634436,3.0815667269203035,15.0
lossy,6.0,5.0,100.0,0.04,298.29277590026635,282.5359507433689,900.0,2032.7091485281387,0.3070254839634436,3.0815667269203035,15.0
lossy,6.0,5.0,150.0,0.0,298.29277590026635,282.5359507433689,1150.0,2749.1474039000027,0.2308925558094324,3.9720362210545663,15.0
lossy,6.0,5.0,150.0,0.01,298.29277590026635,282.5359507433689,1150.0,2467.6340468675558,0.2308925558094324,3.9720362210545663,15.0
lossy,6.0,5.0,150.0,0.02,298.29277590026635,282.5359507433689,1150.0,2214.9832166772,0.2308925558094324,3.9720362210545663,15.0
lossy,6.0,5.0,150.0,0.03,298.29277590026635,282.5359507433689,1150.0,1987.6856156726183,0.2308925558094324,3.9720362210545663,15.0
lossy,6.0,5.0,150.0,0.04,298.29277590026635,282.5359507433689,1150.0,1782.7091485281387,0.2308925558094324,3.9720362210545663,15.0
lossy,6.0,5.0,200.0,0.0,298.29277590026635,282.5359507433689,1400.0,2499.1474039000027,0.17990854920213667,4.880107872641663,15.0
lossy,6.0,5.0,200.0,0.01,298.29277590026635,282.5359507433689,1400.0,2217.6340468675558,0.17990854920213667,4.880107872641663,15.0
lossy,6.0,5.0,200.0,0.02,298.29277590026635,282.5359507433689,1400.0,1964.9832166772,0.17990854920213667,4.880107872641663,15.0
lossy,6.0,5.0,200.0,0.03,298.29277590026635,282.5359507433689,1400.0,1737.6856156726178,0.17990854920213667,4.880107872641663,15.0
lossy,6.0,5.0,200.0,0.04,298.29277590026635,282.5359507433689,1400.0,1532.7091485281392,0.17990854920213667,4.880107872641663,15.0
lossy,6.0,5.0,250.0,0.0,298.29277590026635,282.5359507433689,1650.0,2249.1474039000027,0.14273903706868163,5.804847156729584,15.0
lossy,6.0,5.0,250.0,0.01,298.29277590026635,282.5359507433689,1650.0,1967.6340468675558,0.14273903706868163,5.804847156729584,15.0
lossy,6.0,5.0,250.0,0.02,298.29277590026635,282.5359507433689,1650.0,1714.9832166772,0.14273903706868163,5.804847156729584,15.0
lossy,6.0,5.0,250.0,0.03,298.29277590026635,282.5359507433689,1650.0,1487.6856156726183,0.14273903706868163,5.804847156729584,15.0
lossy,6.0,5.0,250.0,0.04,298.29277590026635,282.5359507433689,1650.0,1282.7091485281392,0.14273903706868163,5.804847156729584,15.0
lossy,6.0,5.0,300.0,0.0,298.29277590026635,282.5359507433689,1900.0,1999.1474039000027,0.11405005414743524,6.746972672374346,15.0
lossy,6.0,5.0,300.0,0.01,298.29277590026635,282.5359507433689,1900.0,1717.6340468675558,0.11405005414743524,6.746972672374346,15.0
lossy,6.0,5.0,300.0,0.02,298.29277590026635,282.5359507433689,1900.0,1464.9832166772,0.11405005414743524,6.746972672374346,15.0
lossy,6.0,5.0,300.0,0.03,298.29277590026635,282.5359507433689,1900.0,1237.685615672618,0.11405005414743524,6.746972672374346,15.0
lossy,6.0,5.0,300.0,0.04,298.29277590026635,282.5359507433689,1900.0,1032.7091485281392,0.11405005414743524,6.746972672374346,15.0
lossy,6.0,5.0,350.0,0.0,298.29277590026635,282.5359507433689,2150.0,1749.1474039000027,0.09098917871802989,7.707225407251285,15.0
lossy,6.0,5.0,350.0,0.01,298.29277590026635,282.5359507433689,2150.0,1467.6340468675558,0.09098917871802989,7.707225407251285,15.0
lossy,6.0,5.0,350.0,0.02,298.29277590026635,282.5359507433689,2150.0,1214.9832166772003,0.09098917871802989,7.707225407251285,15.0
lossy,6.0,5.0,350.0,0.03,298.29277590026635,282.5359507433689,2150.0,987.6856156726178,0.09098917871802989,7.707225407251285,15.0
lossy,6.0,5.0,350.0,0.04,298.29277590026635,282.5359507433689,2150.0,782.7091485281389,0.09098917871802989,7.707225407251285,15.0
lossy,6.0,5.0,400.0,0.0,298.29277590026635,282.5359507433689,2400.0,1499.147403900003,0.07188422094942887,8.686369352184686,15.0
lossy,6.0,5.0,400.0,0.01,298.29277590026635,282.5359507433689,2400.0,1217.6340468675558,0.07188422094942887,8.686369352184686,15.0
lossy,6.0,5.0,400.0,0.02,298.29277590026635,282.5359507433689,2400.0,964.9832166772003,0.07188422094942887,8.686369352184686,15.0
lossy,6.0,5.0,400.0,0.03,298.29277590026635,282.5359507433689,2400.0,737.685615672618,0.07188422094942887,8.686369352184686,15.0
lossy,6.0,5.0,400.0,0.04,298.29277590026635,282.5359507433689,2400.0,532.7091485281389,0.07188422094942887,8.686369352184686,15.0
lossy,6.0,10.0,100.0,0.0,467.96518989211796,249.03349020787437,1400.0,4717.027976210517,0.3099594599770762,3.0544793347055115,15.0
lossy,6.0,10.0,100.0,0.01,467.96518989211796,249.03349020787437,1400.0,4275.386534565604,0.3099594599770762,3.0544793347055115,15.0
lossy,6.0,10.0,100.0,0.02,467.96518989211796,249.03349020787437,1400.0,3879.0249620481336,0.3099594599770762,3.0544793347055115,15.0
lossy,6.0,10.0,100.0,0.03,467.96518989211796,249.03349020787437,1400.0,3522.43783151804,0.3099594599770762,3.0544793347055115,15.0
lossy,6.0,10.0,100.0,0.04,467.96518989211796,249.03349020787437,1400.0,3200.8683564237012,0.3099594599770762,3.0544793347055115,15.0
lossy,6.0,10.0,150.0,0.0,467.96518989211796,249.03349020787437,1900.0,4217.027976210517,0.21670145931116397,4.193565934345477,15.0
lossy,6.0,10.0,150.0,0.01,467.96518989211796,249.03349020787437,1900.0,3775.3865345656036,0.21670145931116397,4.193565934345477,15.0
lossy,6.0,10.0,150.0,0.02,467.96518989211796,249.03349020787437,1900.0,3379.0249620481336,0.21670145931116397,4.193565934345477,15.0
lossy,6.0,10.0,150.0,0.03,467.96518989211796,249.03349020787437,1900.0,3022.43783151804,0.21670145931116397,4.193565934345477,15.0
lossy,6.0,10.0,150.0,0.04,467.96518989211796,249.03349020787437,1900.0,2700.8683564237012,0.21670145931116397,4.193565934345477,15.0
lossy,6.0,10.0,200.0,0.0,467.96518989211796,249.03349020787437,2400.0,3717.027976210517,0.1593019187050731,5.359131504177032,15.0
lossy,6.0,10.0,200.0,0.01,467.96518989211796,249.03349020787437,2400.0,3275.3865345656036,0.1593019187050731,5.359131504177032,15.0
lossy,6.0,10.0,200.0,0.02,467.96518989211796,249.03349020787437,2400.0,2879.0249620481336,0.1593019187050731,5.359131504177032,15.0
lossy,6.0,10.0,200.0,0.03,467.96518989211796,249.03349020787437,2400.0,2522.43783151804,0.1593019187050731,5.359131504177032,15.0
lossy,6.0,10.0,200.0,0.04,467.96518989211796,249.03349020787437,2400.0,2200.8683564237012,0.1593019187050731,5.359131504177032,15.0
lossy,6.0,10.0,250.0,0.0,467.96518989211796,249.03349020787437,2900.0,3217.027976210517,0.11942504465644896,6.552198889880787,15.0
lossy,6.0,10.0,250.0,0.01,467.96518989211796,249.03349020787437,2900.0,2775.3865345656036,0.11942504465644896,6.552198889880787,15.0
lossy,6.0,10.0,250.0,0.02,467.96518989211796,249.03349020787437,2900.0,2379.0249620481336,0.11942504465644896,6.552198889880787,15.0
lossy,6.0,10.0,250.0,0.03,467.96518989211796,249.03349020787437,2900.0,2022.43783151804,0.11942504465644896,6.552198889880787,15.0
lossy,6.0,10.0,250.0,0.04,467.96518989211796,249.03349020787437,2900.0,1700.8683564237015,0.11942504465644896,6.552198889880787,15.0
lossy,6.0,10.0,300.0,0.0,467.96518989211796,249.03349020787437,3400.0,2717.0279762105174,0.08955888546898386,7.773821657631516,15.0
lossy,6.0,10.0,300.0,0.01,467.96518989211796,249.03349020787437,3400.0,2275.3865345656036,0.08955888546898386,7.773821657631516,15.0
lossy,6.0,10.0,300.0,0.02,467.96518989211796,249.03349020787437,3400.0,1879.0249620481336,0.08955888546898386,7.773821657631516,15.0
lossy,6.0,10.0,300.0,0.03,467.96518989211796,249.03349020787437,3400.0,1522.43783151804,0.08955888546898386,7.773821657631516,15.0
lossy,6.0,10.0,300.0,0.04,467.96518989211796,249.03349020787437,3400.0,1200.8683564237017,0.08955888546898386,7.773821657631516,15.0
lossy,6.0,10.0,350.0,0.0,467.96518989211796,249.03349020787437,3900.0,2217.027976210518,0.06602741538054824,9.02559685917112,15.0
lossy,6.0,10.0,350.0,0.01,467.96518989211796,249.03349020787437,3900.0,1775.386534565604,0.06602741538054824,9.02559685917112,15.0
lossy,6.0,10.0,350.0,0.02,467.96518989211796,249.03349020787437,3900.0,1379.0249620481338,0.06602741538054824,9.02559685917112,15.0
lossy,6.0,10.0,350.0,0.03,467.96518989211796,249.03349020787437,3900.0,1022.4378315180397,0.06602741538054824,9.02559685917112,15.0
lossy,6.0,10.0,350.0,0.04,467.96518989211796,249.03349020787437,3900.0,700.8683564237017,0.06602741538054824,9.02559685917112,15.0
lossy,6.0,10.0,400.0,0.0,467.96518989211796,249.03349020787437,4400.0,1717.0279762105179,0.046802743698487984,10.313373668140372,15.0
lossy,6.0,10.0,400.0,0.01,467.96518989211796,249.03349020787437,4400.0,1275.3865345656038,0.046802743698487984,10.313373668140372,15.0
lossy,6.0,10.0,400.0,0.02,467.96518989211796,249.03349020787437,4400.0,879.0249620481341,0.046802743698487984,10.313373668140372,15.0
lossy,6.0,10.0,400.0,0.03,467.96518989211796,249.03349020787437,4400.0,522.4378315180402,0.046802743698487984,10.313373668140372,15.0
lossy,6.0,10.0,400.0,0.04,467.96518989211796,249.03349020787437,4400.0,200.8683564237017,0.046802743698487984,10.313373668140372,15.0
lossy,6.0,15.0,100.0,0.0,581.325282066583,216.97379323093077,1900.0,5698.819507279022,0.2804171702637427,3.3484877580606405,15.0
lossy,6.0,15.0,100.0,0.01,581.325282066583,216.97379323093077,1900.0,5150.1946497427,0.2804171702637427,3.3484877580606405,15.0
lossy,6.0,15.0,100.0,0.02,581.325282066583,216.97379323093077,1900.0,4657.818276625735,0.2804171702637427,3.3484877580606405,15.0
lossy,6.0,15.0,100.0,0.03,581.325282066583,216.97379323093077,1900.0,4214.851323710908,0.2804171702637427,3.3484877580606405,15.0
lossy,6.0,15.0,100.0,0.04,581.325282066583,216.97379323093077,1900.0,3815.384718392861,0.2804171702637427,3.3484877580606405,15.0
lossy,6.0,15.0,150.0,0.0,581.325282066583,216.97379323093077,2650.0,4948.819507279022,0.18698300370998822,4.733934021392578,15.0
lossy,6.0,15.0,150.0,0.01,581.325282066583,216.97379323093077,2650.0,4400.1946497427,0.18698300370998822,4.733934021392578,15.0
lossy,6.0,15.0,150.0,0.02,581.325282066583,216.97379323093077,2650.0,3907.818276625735,0.18698300370998822,4.733934021392578,15.0
lossy,6.0,15.0,150.0,0.03,581.325282066583,216.97379323093077,2650.0,3464.851323710908,0.18698300370998822,4.733934021392578,15.0
lossy,6.0,15.0,150.0,0.04,581.325282066583,216.97379323093077,2650.0,3065.384718392861,0.18698300370998822,4.733934021392578,15.0
lossy,6.0,15.0,200.0,0.0,581.325282066583,216.97379323093077,3400.0,4198.819507279022,0.1310724277372287,6.158971733577008,15.0
lossy,6.0,15.0,200.0,0.01,581.325282066583,216.97379323093077,3400.0,3650.1946497426993,0.1310724277372287,6.158971733577008,15.0
lossy,6.0,15.0,200.0,0.02,581.325282066583,216.97379323093077,3400.0,3157.818276625735,0.1310724277372287,6.158971733577008,15.0
lossy,6.0,15.0,200.0,0.03,581.325282066583,216.97379323093077,3400.0,2714.8513237109078,0.1310724277372287,6.158971733577008,15.0
lossy,6.0,15.0,200.0,0.04,581.325282066583,216.97379323093077,3400.0,2315.384718392861,0.1310724277372287,6.158971733577008,15.0
lossy,6.0,15.0,250.0,0.0,581.325282066583,216.97379323093077,4150.0,3448.8195072790227,0.0927161183902347,7.627947203612164,15.0
lossy,6.0,15.0,250.0,0.01,581.325282066583,216.97379323093077,4150.0,2900.1946497426993,0.0927161183902347,7.627947203612164,15.0
lossy,6.0,15.0,250.0,0.02,581.325282066583,216.97379323093077,4150.0,2407.818276625735,0.0927161183902347,7.627947203612164,15.0
lossy,6.0,15.0,250.0,0.03,581.325282066583,216.97379323093077,4150.0,1964.8513237109073,0.0927161183902347,7.627947203612164,15.0
lossy,6.0,15.0,250.0,0.04,581.325282066583,216.97379323093077,4150.0,1565.3847183928615,0.0927161183902347,7.627947203612164,15.0
lossy,6.0,15.0,300.0,0.0,581.325282066583,216.97379323093077,4900.0,2698.819507279022,0.06416453963943634,9.139615280944625,15.0
lossy,6.0,15.0,300.0,0.01,581.325282066583,216.97379323093077,4900.0,2150.194649742699,0.06416453963943634,9.139615280944625,15.0
lossy,6.0,15.0,300.0,0.02,581.325282066583,216.97379323093077,4900.0,1657.8182766257346,0.06416453963943634,9.139615280944625,15.0
lossy,6.0,15.0,300.0,0.03,581.325282066583,216.97379323093077,4900.0,1214.8513237109073,0.06416453963943634,9.139615280944625,15.0
lossy,6.0,15.0,300.0,0.04,581.325282066583,216.97379323093077,4900.0,815.3847183928613,0.06416453963943634,9.139615280944625,15.0
lossy,6.0,15.0,350.0,0.0,581.325282066583,216.97379323093077,5650.0,1948.8195072790234,0.041738147449661034,10.701053374897226,15.0
lossy,6.0,15.0,350.0,0.01,581.325282066583,216.97379323093077,5650.0,1400.1946497426993,0.041738147449661034,10.701053374897226,15.0
lossy,6.0,15.0,350.0,0.02,581.325282066583,216.97379323093077,5650.0,907.8182766257341,0.041738147449661034,10.701053374897226,15.0
lossy,6.0,15.0,350.0,0.03,581.325282066583,216.97379323093077,5650.0,464.8513237109074,0.041738147449661034,10.701053374897226,15.0
lossy,6.0,15.0,350.0,0.04,581.325282066583,216.97379323093077,5650.0,65.38471839286177,0.041738147449661034,10.701053374897226,15.0
lossy,6.0,15.0,400.0,0.0,581.325282066583,216.97379323093077,6400.0,1198.8195072790224,0.02344398631080162,12.312422262252486,15.0
lossy,6.0,15.0,400.0,0.01,581.325282066583,216.97379323093077,6400.0,650.1946497426997,0.02344398631080162,12.312422262252486,15.0
lossy,6.0,15.0,400.0,0.02,581.325282066583,216.97379323093077,6400.0,157.81827662573448,0.02344398631080162,12.312422262252486,15.0
lossy,6.0,15.0,400.0,0.03,581.325282066583,216.97379323093077,6400.0,-285.14867628909224,0.02344398631080162,12.312422262252486,15.0
lossy,6.0,15.0,400.0,0.04,581.325282066583,216.97379323093077,6400.0,-684.6152816071382,0.02344398631080162,12.312422262252486,15.0
lossy,6.0,20.0,100.0,0.0,658.9608247079275,190.58867418612263,2400.0,6213.635986245908,0.24718683417372395,3.7455419819790268,15.0
lossy,6.0,20.0,100.0,0.01,658.9608247079275,190.58867418612263,2400.0,5591.742702519779,0.24718683417372395,3.7455419819790268,15.0
lossy,6.0,20.0,100.0,0.02,658.9608247079275,190.58867418612263,2400.0,5033.609844883818,0.24718683417372395,3.7455419819790268,15.0
lossy,6.0,20.0,100.0,0.03,658.9608247079275,190.58867418612263,2400.0,4531.484997374298,0.24718683417372395,3.7455419819790268,15.0
lossy,6.0,20.0,100.0,0.04,658.9608247079275,190.58867418612263,2400.0,4078.669935301174,0.24718683417372395,3.7455419819790268,15.0
lossy,6.0,20.0,150.0,0.0,658.9608247079275,190.58867418612263,3400.0,5213.635986245908,0.15794693972114598,5.393484568362026,15.0
lossy,6.0,20.0,150.0,0.01,658.9608247079275,190.58867418612263,3400.0,4591.74270251978,0.15794693972114598,5.393484568362026,15.0
lossy,6.0,20.0,150.0,0.02,658.9608247079275,190.58867418612263,3400.0,4033.609844883817,0.15794693972114598,5.393484568362026,15.0
lossy,6.0,20.0,150.0,0.03,658.9608247079275,190.58867418612263,3400.0,3531.4849973742976,0.15794693972114598,5.393484568362026,15.0
lossy,6.0,20.0,150.0,0.04,658.9608247079275,190.58867418612263,3400.0,3078.6699353011745,0.15794693972114598,5.393484568362026,15.0
lossy,6.0,20.0,200.0,0.0,658.9608247079275,190.58867418612263,4400.0,4213.635986245908,0.10503893459404871,7.096134256120411,15.0
lossy,6.0,20.0,200.0,0.01,658.9608247079275,190.58867418612263,4400.0,3591.7427025197803,0.10503893459404871,7.096134256120411,15.0
lossy,6.0,20.0,200.0,0.02,658.9608247079275,190.58867418612263,4400.0,3033.609844883818,0.10503893459404871,7.096134256120411,15.0
lossy,6.0,20.0,200.0,0.03,658.9608247079275,190.58867418612263,4400.0,2531.484997374298,0.10503893459404871,7.096134256120411,15.0
lossy,6.0,20.0,200.0,0.04,658.9608247079275,190.58867418612263,4400.0,2078.6699353011745,0.10503893459404871,7.096134256120411,15.0
lossy,6.0,20.0,250.0,0.0,658.9608247079275,190.58867418612263,5400.0,3213.6359862459076,0.06881679657813658,8.861429029139707,15.0
lossy,6.0,20.0,250.0,0.01,658.9608247079275,190.58867418612263,5400.0,2591.7427025197803,0.06881679657813658,8.861429029139707,15.0
lossy,6.0,20.0,250.0,0.02,658.9608247079275,190.58867418612263,5400.0,2033.6098448838181,0.06881679657813658,8.861429029139707,15.0
lossy,6.0,20.0,250.0,0.03,658.9608247079275,190.58867418612263,5400.0,1531.4849973742982,0.06881679657813658,8.861429029139707,15.0
lossy,6.0,20.0,250.0,0.04,658.9608247079275,190.58867418612263,5400.0,1078.6699353011736,0.06881679657813658,8.861429029139707,15.0
lossy,6.0,20.0,300.0,0.0,658.9608247079275,190.58867418612263,6400.0,2213.635986245908,0.04184592385019009,10.692596878207013,15.0
lossy,6.0,20.0,300.0,0.01,658.9608247079275,190.58867418612263,6400.0,1591.7427025197803,0.04184592385019009,10.692596878207013,15.0
lossy,6.0,20.0,300.0,0.02,658.9608247079275,190.58867418612263,6400.0,1033.6098448838186,0.04184592385019009,10.692596878207013,15.0
lossy,6.0,20.0,300.0,0.03,658.9608247079275,190.58867418612263,6400.0,531.4849973742989,0.04184592385019009,10.692596878207013,15.0
lossy,6.0,20.0,300.0,0.04,658.9608247079275,190.58867418612263,6400.0,78.66993530117361,0.04184592385019009,10.692596878207013,15.0
lossy,6.0,20.0,350.0,0.0,658.9608247079275,190.58867418612263,7400.0,1213.6359862459085,0.020637573503348335,12.593384592243863,15.0
lossy,6.0,20.0,350.0,0.01,658.9608247079275,190.58867418612263,7400.0,591.7427025197792,0.020637573503348335,12.593384592243863,15.0
lossy,6.0,20.0,350.0,0.02,658.9608247079275,190.58867418612263,7400.0,33.609844883818425,0.020637573503348335,12.593384592243863,15.0
lossy,6.0,20.0,350.0,0.03,658.9608247079275,190.58867418612263,7400.0,-468.5150026257018,0.020637573503348335,12.593384592243863,15.0
lossy,6.0,20.0,350.0,0.04,658.9608247079275,190.58867418612263,7400.0,-921.3300646988271,0.020637573503348335,12.593384592243863,15.0
lossy,6.0,20.0,400.0,0.0,658.9608247079275,190.58867418612263,8400.0,213.635986245908,0.003313215098440255,14.569820457131783,15.0
lossy,6.0,20.0,400.0,0.01,658.9608247079275,190.58867418612263,8400.0,-408.2572974802202,0.003313215098440255,14.569820457131783,15.0
lossy,6.0,20.0,400.0,0.02,658.9608247079275,190.58867418612263,8400.0,-966.3901551161819,0.003313215098440255,14.569820457131783,15.0
lossy,6.0,20.0,400.0,0.03,658.9608247079275,190.58867418612263,8400.0,-1468.515002625702,0.003313215098440255,14.569820457131783,15.0
lossy,6.0,20.0,400.0,0.04,658.9608247079275,190.58867418612263,8400.0,-1921.330064698827,0.003313215098440255,14.569820457131783,15.0
lossy,6.0,30.0,100.0,0.0,725.9552553496794,143.19236592138313,3400.0,6089.356692267581,0.18041541650794662,4.869384133571323,15.0
lossy,6.0,30.0,100.0,0.01,725.9552553496794,143.19236592138313,3400.0,5404.237515740271,0.18041541650794662,4.869384133571323,15.0
lossy,6.0,30.0,100.0,0.02,725.9552553496794,143.19236592138313,3400.0,4789.361083042243,0.18041541650794662,4.869384133571323,15.0
lossy,6.0,30.0,100.0,0.03,725.9552553496794,143.19236592138313,3400.0,4236.186814977431,0.18041541650794662,4.869384133571323,15.0
lossy,6.0,30.0,100.0,0.04,725.9552553496794,143.19236592138313,3400.0,3737.3354998644636,0.18041541650794662,4.869384133571323,15.0
lossy,6.0,30.0,150.0,0.0,725.9552553496794,143.19236592138313,4900.0,4589.356692267581,0.10301206885423878,7.179702069148658,15.0
lossy,6.0,30.0,150.0,0.01,725.9552553496794,143.19236592138313,4900.0,3904.2375157402707,0.10301206885423878,7.179702069148658,15.0
lossy,6.0,30.0,150.0,0.02,725.9552553496794,143.19236592138313,4900.0,3289.361083042243,0.10301206885423878,7.179702069148658,15.0
lossy,6.0,30.0,150.0,0.03,725.9552553496794,143.19236592138313,4900.0,2736.186814977431,0.10301206885423878,7.179702069148658,15.0
lossy,6.0,30.0,150.0,0.04,725.9552553496794,143.19236592138313,4900.0,2237.3354998644636,0.10301206885423878,7.179702069148658,15.0
lossy,6.0,30.0,200.0,0.0,725.9552553496794,143.19236592138313,6400.0,3089.35669226758,0.05690753968555323,9.603729893252751,15.0
lossy,6.0,30.0,200.0,0.01,725.9552553496794,143.19236592138313,6400.0,2404.2375157402716,0.05690753968555323,9.603729893252751,15.0
lossy,6.0,30.0,200.0,0.02,725.9552553496794,143.19236592138313,6400.0,1789.3610830422426,0.05690753968555323,9.603729893252751,15.0
lossy,6.0,30.0,200.0,0.03,725.9552553496794,143.19236592138313,6400.0,1236.186814977431,0.05690753968555323,9.603729893252751,15.0
lossy,6.0,30.0,200.0,0.04,725.9552553496794,143.19236592138313,6400.0,737.3354998644634,0.05690753968555323,9.603729893252751,15.0
lossy,6.0,30.0,250.0,0.0,725.9552553496794,143.19236592138313,7900.0,1589.3566922675798,0.025100392035898783,12.150435912408057,15.0
lossy,6.0,30.0,250.0,0.01,725.9552553496794,143.19236592138313,7900.0,904.2375157402716,0.025100392035898783,12.150435912408057,15.0
lossy,6.0,30.0,250.0,0.02,725.9552553496794,143.19236592138313,7900.0,289.3610830422425,0.025100392035898783,12.150435912408057,15.0
lossy,6.0,30.0,250.0,0.03,725.9552553496794,143.19236592138313,7900.0,-263.81318502256966,0.025100392035898783,12.150435912408057,15.0
lossy,6.0,30.0,250.0,0.04,725.9552553496794,143.19236592138313,7900.0,-762.6645001355358,0.025100392035898783,12.150435912408057,15.0
lossy,6.0,30.0,300.0,0.0,725.9552553496794,143.19236592138313,9400.0,89.35669226757989,0.0012437098927306936,14.836675186550565,15.0
lossy,6.0,30.0,300.0,0.01,725.9552553496794,143.19236592138313,9400.0,-595.7624842597291,0.0012437098927306936,14.836675186550565,15.0
lossy,6.0,30.0,300.0,0.02,725.9552553496794,143.19236592138313,9400.0,-1210.6389169577558,0.0012437098927306936,14.836675186550565,15.0
lossy,6.0,30.0,300.0,0.03,725.9552553496794,143.19236592138313,9400.0,-1763.81318502257,0.0012437098927306936,14.836675186550565,15.0
lossy,6.0,30.0,300.0,0.04,725.9552553496794,143.19236592138313,9400.0,-2262.6645001355355,0.0012437098927306936,14.836675186550565,15.0
lossy,6.0,30.0,350.0,0.0,725.9552553496794,143.19236592138313,10900.0,-1410.64330773242,-0.017635669147276246,Inf,15.0
lossy,6.0,30.0,350.0,0.01,725.9552553496794,143.19236592138313,10900.0,-2095.7624842597293,-0.017635669147276246,Inf,15.0
lossy,6.0,30.0,350.0,0.02,725.9552553496794,143.19236592138313,10900.0,-2710.6389169577537,-0.017635669147276246,Inf,15.0
lossy,6.0,30.0,350.0,0.03,725.9552553496794,143.19236592138313,10900.0,-3263.813185022569,-0.017635669147276246,Inf,15.0
lossy,6.0,30.0,350.0,0.04,725.9552553496794,143.19236592138313,10900.0,-3762.6645001355373,-0.017635669147276246,Inf,15.0
lossy,6.0,30.0,400.0,0.0,725.9552553496794,143.19236592138313,12400.0,-2910.64330773242,-0.03314227502412741,Inf,15.0
lossy,6.0,30.0,400.0,0.01,725.9552553496794,143.19236592138313,12400.0,-3595.7624842597284,-0.03314227502412741,Inf,15.0
lossy,6.0,30.0,400.0,0.02,725.9552553496794,143.19236592138313,12400.0,-4210.638916957755,-0.03314227502412741,Inf,15.0
lossy,6.0,30.0,400.0,0.03,725.9552553496794,143.19236592138313,12400.0,-4763.813185022569,-0.03314227502412741,Inf,15.0
lossy,6.0,30.0,400.0,0.04,725.9552553496794,143.19236592138313,12400.0,-5262.664500135537,-0.03314227502412741,Inf,15.0
lossy,9.0,7.5,100.0,0.0,409.0937339916813,282.2700214399505,1150.0,4197.487098979383,0.33217664039972994,2.865359953814095,15.0
lossy,9.0,7.5,100.0,0.01,409.0937339916813,282.2700214399505,1150.0,3811.4055049838166,0.33217664039972994,2.865359953814095,15.0
lossy,9.0,7.5,100.0,0.02,409.0937339916813,282.2700214399505,1150.0,3464.9074337290554,0.33217664039972994,2.865359953814095,15.0
lossy,9.0,7.5,100.0,0.03,409.0937339916813,282.2700214399505,1150.0,3153.1800576916107,0.33217664039972994,2.865359953814095,15.0
lossy,9.0,7.5,100.0,0.04,409.0937339916813,282.2700214399505,1150.0,2872.0650086547043,0.33217664039972994,2.865359953814095,15.0
lossy,9.0,7.5,150.0,0.0,409.0937339916813,282.2700214399505,1525.0,3822.4870989793826,0.24043598925536566,3.836547735725744,15.0
lossy,9.0,7.5,150.0,0.01,409.0937339916813,282.2700214399505,1525.0,3436.405504983816,0.24043598925536566,3.836547735725744,15.0
lossy,9.0,7.5,150.0,0.02,409.0937339916813,282.2700214399505,1525.0,3089.907433729056,0.24043598925536566,3.836547735725744,15.0
lossy,9.0,7.5,150.0,0.03,409.0937339916813,282.2700214399505,1525.0,2778.1800576916107,0.24043598925536566,3.836547735725744,15.0
lossy,9.0,7.5,150.0,0.04,409.0937339916813,282.2700214399505,1525.0,2497.0650086547043,0.24043598925536566,3.836547735725744,15.0
lossy,9.0,7.5,200.0,0.0,409.0937339916813,282.2700214399505,1900.0,3447.4870989793826,0.18243606521640454,4.827023748655105,15.0
lossy,9.0,7.5,200.0,0.01,409.0937339916813,282.2700214399505,1900.0,3061.405504983816,0.18243606521640454,4.827023748655105,15.0
lossy,9.0,7.5,200.0,0.02,409.0937339916813,282.2700214399505,1900.0,2714.9074337290554,0.18243606521640454,4.827023748655105,15.0
lossy,9.0,7.5,200.0,0.03,409.0937339916813,282.2700214399505,1900.0,2403.1800576916103,0.18243606521640454,4.827023748655105,15.0
lossy,9.0,7.5,200.0,0.04,409.0937339916813,282.2700214399505,1900.0,2122.0650086547043,0.18243606521640454,4.827023748655105,15.0
lossy,9.0,7.5,250.0,0.0,409.0937339916813,282.2700214399505,2275.0,3072.487098979383,0.14160325950286276,5.837587267428428,15.0
lossy,9.0,7.5,250.0,0.01,409.0937339916813,282.2700214399505,2275.0,2686.405504983816,0.14160325950286276,5.837587267428428,15.0
lossy,9.0,7.5,250.0,0.02,409.0937339916813,282.2700214399505,2275.0,2339.907433729056,0.14160325950286276,5.837587267428428,15.0
lossy,9.0,7.5,250.0,0.03,409.0937339916813,282.2700214399505,2275.0,2028.1800576916103,0.14160325950286276,5.837587267428428,15.0
lossy,9.0,7.5,250.0,0.04,409.0937339916813,282.2700214399505,2275.0,1747.0650086547046,0.14160325950286276,5.837587267428428,15.0
lossy,9.0,7.5,300.0,0.0,409.0937339916813,282.2700214399505,2650.0,2697.487098979383,0.11080171743108841,6.86906215691859,15.0
lossy,9.0,7.5,300.0,0.01,409.0937339916813,282.2700214399505,2650.0,2311.405504983816,0.11080171743108841,6.86906215691859,15.0
lossy,9.0,7.5,300.0,0.02,409.0937339916813,282.2700214399505,2650.0,1964.9074337290558,0.11080171743108841,6.86906215691859,15.0
lossy,9.0,7.5,300.0,0.03,409.0937339916813,282.2700214399505,2650.0,1653.1800576916105,0.11080171743108841,6.86906215691859,15.0
lossy,9.0,7.5,300.0,0.04,409.0937339916813,282.2700214399505,2650.0,1372.0650086547046,0.11080171743108841,6.86906215691859,15.0
lossy,9.0,7.5,350.0,0.0,409.0937339916813,282.2700214399505,3025.0,2322.4870989793826,0.0864349231008554,7.922297542827995,15.0
lossy,9.0,7.5,350.0,0.01,409.0937339916813,282.2700214399505,3025.0,1936.4055049838164,0.0864349231008554,7.922297542827995,15.0
lossy,9.0,7.5,350.0,0.02,409.0937339916813,282.2700214399505,3025.0,1589.907433729056,0.0864349231008554,7.922297542827995,15.0
lossy,9.0,7.5,350.0,0.03,409.0937339916813,282.2700214399505,3025.0,1278.18005769161,0.0864349231008554,7.922297542827995,15.0
lossy,9.0,7.5,350.0,0.04,409.0937339916813,282.2700214399505,3025.0,997.0650086547048,0.0864349231008554,7.922297542827995,15.0
lossy,9.0,7.5,400.0,0.0,409.0937339916813,282.2700214399505,3400.0,1947.4870989793828,0.066481142436487,8.998168499608791,15.0
lossy,9.0,7.5,400.0,0.01,409.0937339916813,282.2700214399505,3400.0,1561.4055049838164,0.066481142436487,8.998168499608791,15.0
lossy,9.0,7.5,400.0,0.02,409.0937339916813,282.2700214399505,3400.0,1214.9074337290563,0.066481142436487,8.998168499608791,15.0
lossy,9.0,7.5,400.0,0.03,409.0937339916813,282.2700214399505,3400.0,903.1800576916102,0.066481142436487,8.998168499608791,15.0
lossy,9.0,7.5,400.0,0.04,409.0937339916813,282.2700214399505,3400.0,622.0650086547047,0.066481142436487,8.998168499608791,15.0
lossy,9.0,12.5,100.0,0.0,574.2979726576351,257.2808500783363,1650.0,5856.961717040539,0.3242532917180437,2.9298969194060294,15.0
lossy,9.0,12.5,100.0,0.01,574.2979726576351,257.2808500783363,1650.0,5314.968872152355,0.3242532917180437,2.9298969194060294,15.0
lossy,9.0,12.5,100.0,0.02,574.2979726576351,257.2808500783363,1650.0,4828.544555872224,0.3242532917180437,2.9298969194060294,15.0
lossy,9.0,12.5,100.0,0.03,574.2979726576351,257.2808500783363,1650.0,4390.932377525269,0.3242532917180437,2.9298969194060294,15.0
lossy,9.0,12.5,100.0,0.04,574.2979726576351,257.2808500783363,1650.0,3996.2946959108895,0.3242532917180437,2.9298969194060294,15.0
lossy,9.0,12.5,150.0,0.0,574.2979726576351,257.2808500783363,2275.0,5231.961717040541,0.22337854582696298,4.086479816475509,15.0
lossy,9.0,12.5,150.0,0.01,574.2979726576351,257.2808500783363,2275.0,4689.968872152355,0.22337854582696298,4.086479816475509,15.0
lossy,9.0,12.5,150.0,0.02,574.2979726576351,257.2808500783363,2275.0,4203.544555872224,0.22337854582696298,4.086479816475509,15.0
lossy,9.0,12.5,150.0,0.03,574.2979726576351,257.2808500783363,2275.0,3765.9323775252683,0.22337854582696298,4.086479816475509,15.0
lossy,9.0,12.5,150.0,0.04,574.2979726576351,257.2808500783363,2275.0,3371.294695910889,0.22337854582696298,4.086479816475509,15.0
lossy,9.0,12.5,200.0,0.0,574.2979726576351,257.2808500783363,2900.0,4606.961717040541,0.16281102735931424,5.2717973719285,15.0
lossy,9.0,12.5,200.0,0.01,574.2979726576351,257.2808500783363,2900.0,4064.9688721523553,0.16281102735931424,5.2717973719285,15.0
lossy,9.0,12.5,200.0,0.02,574.2979726576351,257.2808500783363,2900.0,3578.5445558722236,0.16281102735931424,5.2717973719285,15.0
lossy,9.0,12.5,200.0,0.03,574.2979726576351,257.2808500783363,2900.0,3140.9323775252683,0.16281102735931424,5.2717973719285,15.0
lossy,9.0,12.5,200.0,0.04,574.2979726576351,257.2808500783363,2900.0,2746.2946959108895,0.16281102735931424,5.2717973719285,15.0
lossy,9.0,12.5,250.0,0.0,574.2979726576351,257.2808500783363,3525.0,3981.961717040541,0.12132394076678557,6.485467547380623,15.0
lossy,9.0,12.5,250.0,0.01,574.2979726576351,257.2808500783363,3525.0,3439.9688721523557,0.12132394076678557,6.485467547380623,15.0
lossy,9.0,12.5,250.0,0.02,574.2979726576351,257.2808500783363,3525.0,2953.5445558722236,0.12132394076678557,6.485467547380623,15.0
lossy,9.0,12.5,250.0,0.03,574.2979726576351,257.2808500783363,3525.0,2515.9323775252683,0.12132394076678557,6.485467547380623,15.0
lossy,9.0,12.5,250.0,0.04,574.2979726576351,257.2808500783363,3525.0,2121.294695910889,0.12132394076678557,6.485467547380623,15.0
lossy,9.0,12.5,300.0,0.0,574.2979726576351,257.2808500783363,4150.0,3356.9617170405404,0.09052874573146588,7.7285704091394445,15.0
lossy,9.0,12.5,300.0,0.01,574.2979726576351,257.2808500783363,4150.0,2814.9688721523553,0.09052874573146588,7.7285704091394445,15.0
lossy,9.0,12.5,300.0,0.02,574.2979726576351,257.2808500783363,4150.0,2328.5445558722236,0.09052874573146588,7.7285704091394445,15.0
lossy,9.0,12.5,300.0,0.03,574.2979726576351,257.2808500783363,4150.0,1890.9323775252685,0.09052874573146588,7.7285704091394445,15.0
lossy,9.0,12.5,300.0,0.04,574.2979726576351,257.2808500783363,4150.0,1496.2946959108895,0.09052874573146588,7.7285704091394445,15.0
lossy,9.0,12.5,350.0,0.0,574.2979726576351,257.2808500783363,4775.0,2731.961717040541,0.06641275025886383,9.002263570592065,15.0
lossy,9.0,12.5,350.0,0.01,574.2979726576351,257.2808500783363,4775.0,2189.9688721523553,0.06641275025886383,9.002263570592065,15.0
lossy,9.0,12.5,350.0,0.02,574.2979726576351,257.2808500783363,4775.0,1703.5445558722236,0.06641275025886383,9.002263570592065,15.0
lossy,9.0,12.5,350.0,0.03,574.2979726576351,257.2808500783363,4775.0,1265.9323775252687,0.06641275025886383,9.002263570592065,15.0
lossy,9.0,12.5,350.0,0.04,574.2979726576351,257.2808500783363,4775.0,871.2946959108899,0.06641275025886383,9.002263570592065,15.0
lossy,9.0,12.5,400.0,0.0,574.2979726576351,257.2808500783363,5400.0,2106.9617170405404,0.04679658400856619,10.31383337008155,15.0
lossy,9.0,12.5,400.0,0.01,574.2979726576351,257.2808500783363,5400.0,1564.9688721523546,0.04679658400856619,10.31383337008155,15.0
lossy,9.0,12.5,400.0,0.02,574.2979726576351,257.2808500783363,5400.0,1078.5445558722236,0.04679658400856619,10.31383337008155,15.0
lossy,9.0,12.5,400.0,0.03,574.2979726576351,257.2808500783363,5400.0,640.9323775252683,0.04679658400856619,10.31383337008155,15.0
lossy,9.0,12.5,400.0,0.04,574.2979726576351,257.2808500783363,5400.0,246.29469591089003,0.04679658400856619,10.31383337008155,15.0
lossy,9.0,15.0,100.0,0.0,644.4216705031498,246.28190658050698,1900.0,6523.586779719315,0.3150514902614668,3.008478668009781,15.0
lossy,9.0,15.0,100.0,0.01,644.4216705031498,246.28190658050698,1900.0,5915.414800829504,0.3150514902614668,3.008478668009781,15.0
lossy,9.0,15.0,100.0,0.02,644.4216705031498,246.28190658050698,1900.0,5369.596453221539,0.3150514902614668,3.008478668009781,15.0
lossy,9.0,15.0,100.0,0.03,644.4216705031498,246.28190658050698,1900.0,4878.550368385396,0.3150514902614668,3.008478668009781,15.0
lossy,9.0,15.0,100.0,0.04,644.4216705031498,246.28190658050698,1900.0,4435.726109660324,0.3150514902614668,3.008478668009781,15.0
lossy,9.0,15.0,150.0,0.0,644.4216705031498,246.28190658050698,2650.0,5773.586779719315,0.21329678925039494,4.250032792265415,15.0
lossy,9.0,15.0,150.0,0.01,644.4216705031498,246.28190658050698,2650.0,5165.414800829505,0.21329678925039494,4.250032792265415,15.0
lossy,9.0,15.0,150.0,0.02,644.4216705031498,246.28190658050698,2650.0,4619.59645322154,0.21329678925039494,4.250032792265415,15.0
lossy,9.0,15.0,150.0,0.03,644.4216705031498,246.28190658050698,2650.0,4128.550368385396,0.21329678925039494,4.250032792265415,15.0
lossy,9.0,15.0,150.0,0.04,644.4216705031498,246.28190658050698,2650.0,3685.7261096603243,0.21329678925039494,4.250032792265415,15.0
lossy,9.0,15.0,200.0,0.0,644.4216705031498,246.28190658050698,3400.0,5023.586779719315,0.1529894243510159,5.5222673936176925,15.0
lossy,9.0,15.0,200.0,0.01,644.4216705031498,246.28190658050698,3400.0,4415.414800829505,0.1529894243510159,5.5222673936176925,15.0
lossy,9.0,15.0,200.0,0.02,644.4216705031498,246.28190658050698,3400.0,3869.59645322154,0.1529894243510159,5.5222673936176925,15.0
lossy,9.0,15.0,200.0,0.03,644.4216705031498,246.28190658050698,3400.0,3378.550368385395,0.1529894243510159,5.5222673936176925,15.0
lossy,9.0,15.0,200.0,0.04,644.4216705031498,246.28190658050698,3400.0,2935.7261096603243,0.1529894243510159,5.5222673936176925,15.0
lossy,9.0,15.0,250.0,0.0,644.4216705031498,246.28190658050698,4150.0,4273.586779719314,0.11192833289847492,6.826334130805146,15.0
lossy,9.0,15.0,250.0,0.01,644.4216705031498,246.28190658050698,4150.0,3665.414800829505,0.11192833289847492,6.826334130805146,15.0
lossy,9.0,15.0,250.0,0.02,644.4216705031498,246.28190658050698,4150.0,3119.59645322154,0.11192833289847492,6.826334130805146,15.0
lossy,9.0,15.0,250.0,0.03,644.4216705031498,246.28190658050698,4150.0,2628.550368385395,0.11192833289847492,6.826334130805146,15.0
lossy,9.0,15.0,250.0,0.04,644.4216705031498,246.28190658050698,4150.0,2185.726109660324,0.11192833289847492,6.826334130805146,15.0
lossy,9.0,15.0,300.0,0.0,644.4216705031498,246.28190658050698,4900.0,3523.5867797193137,0.08154323433709801,8.16675397024241,15.0
lossy,9.0,15.0,300.0,0.01,644.4216705031498,246.28190658050698,4900.0,2915.414800829505,0.08154323433709801,8.16675397024241,15.0
lossy,9.0,15.0,300.0,0.02,644.4216705031498,246.28190658050698,4900.0,2369.59645322154,0.08154323433709801,8.16675397024241,15.0
lossy,9.0,15.0,300.0,0.03,644.4216705031498,246.28190658050698,4900.0,1878.5503683853951,0.08154323433709801,8.16675397024241,15.0
lossy,9.0,15.0,300.0,0.04,644.4216705031498,246.28190658050698,4900.0,1435.7261096603233,0.08154323433709801,8.16675397024241,15.0
lossy,9.0,15.0,350.0,0.0,644.4216705031498,246.28190658050698,5650.0,2773.5867797193127,0.05778825647095909,9.545655822867678,15.0
lossy,9.0,15.0,350.0,0.01,644.4216705031498,246.28190658050698,5650.0,2165.414800829505,0.05778825647095909,9.545655822867678,15.0
lossy,9.0,15.0,350.0,0.02,644.4216705031498,246.28190658050698,5650.0,1619.5964532215403,0.05778825647095909,9.545655822867678,15.0
lossy,9.0,15.0,350.0,0.03,644.4216705031498,246.28190658050698,5650.0,1128.5503683853954,0.05778825647095909,9.545655822867678,15.0
lossy,9.0,15.0,350.0,0.04,644.4216705031498,246.28190658050698,5650.0,685.7261096603236,0.05778825647095909,9.545655822867678,15.0
lossy,9.0,15.0,400.0,0.0,644.4216705031498,246.28190658050698,6400.0,2023.5867797193127,0.038483790733673626,10.960778261743272,15.0
lossy,9.0,15.0,400.0,0.01,644.4216705031498,246.28190658050698,6400.0,1415.4148008295049,0.038483790733673626,10.960778261743272,15.0
lossy,9.0,15.0,400.0,0.02,644.4216705031498,246.28190658050698,6400.0,869.5964532215403,0.038483790733673626,10.960778261743272,15.0
lossy,9.0,15.0,400.0,0.03,644.4216705031498,246.28190658050698,6400.0,378.5503683853957,0.038483790733673626,10.960778261743272,15.0
lossy,9.0,15.0,400.0,0.04,644.4216705031498,246.28190658050698,6400.0,-64.27389033967637,0.038483790733673626,10.960778261743272,15.0
lossy,9.0,25.0,100.0,0.0,830.9833059415992,202.57195491061574,2900.0,7962.235567950054,0.2599333755430381,3.5837719271414814,15.0
lossy,9.0,25.0,100.0,0.01,830.9833059415992,202.57195491061574,2900.0,7177.996327199029,0.2599333755430381,3.5837719271414814,15.0
lossy,9.0,25.0,100.0,0.02,830.9833059415992,202.57195491061574,2900.0,6474.162245106922,0.2599333755430381,3.5837719271414814,15.0
lossy,9.0,25.0,100.0,0.03,830.9833059415992,202.57195491061574,2900.0,5840.957128605762,0.2599333755430381,3.5837719271414814,15.0
lossy,9.0,25.0,100.0,0.04,830.9833059415992,202.57195491061574,2900.0,5269.934173745804,0.2599333755430381,3.5837719271414814,15.0
lossy,9.0,25.0,150.0,0.0,830.9833059415992,202.57195491061574,4150.0,6712.235567950055,0.165337944573597,5.210331834648979,15.0
lossy,9.0,25.0,150.0,0.01,830.9833059415992,202.57195491061574,4150.0,5927.99632719903,0.165337944573597,5.210331834648979,15.0
lossy,9.0,25.0,150.0,0.02,830.9833059415992,202.57195491061574,4150.0,5224.162245106921,0.165337944573597,5.210331834648979,15.0
lossy,9.0,25.0,150.0,0.03,830.9833059415992,202.57195491061574,4150.0,4590.957128605762,0.165337944573597,5.210331834648979,15.0
lossy,9.0,25.0,150.0,0.04,830.9833059415992,202.57195491061574,4150.0,4019.934173745805,0.165337944573597,5.210331834648979,15.0
lossy,9.0,25.0,200.0,0.0,830.9833059415992,202.57195491061574,5400.0,5462.235567950055,0.11019331585160609,6.892308329068116,15.0
lossy,9.0,25.0,200.0,0.01,830.9833059415992,202.57195491061574,5400.0,4677.99632719903,0.11019331585160609,6.892308329068116,15.0
lossy,9.0,25.0,200.0,0.02,830.9833059415992,202.57195491061574,5400.0,3974.1622451069197,0.11019331585160609,6.892308329068116,15.0
lossy,9.0,25.0,200.0,0.03,830.9833059415992,202.57195491061574,5400.0,3340.9571286057617,0.11019331585160609,6.892308329068116,15.0
lossy,9.0,25.0,200.0,0.04,830.9833059415992,202.57195491061574,5400.0,2769.9341737458053,0.11019331585160609,6.892308329068116,15.0
lossy,9.0,25.0,250.0,0.0,830.9833059415992,202.57195491061574,6650.0,4212.235567950055,0.07279115936263444,8.635569034080747,15.0
lossy,9.0,25.0,250.0,0.01,830.9833059415992,202.57195491061574,6650.0,3427.9963271990296,0.07279115936263444,8.635569034080747,15.0
lossy,9.0,25.0,250.0,0.02,830.9833059415992,202.57195491061574,6650.0,2724.162245106921,0.07279115936263444,8.635569034080747,15.0
lossy,9.0,25.0,250.0,0.03,830.9833059415992,202.57195491061574,6650.0,2090.9571286057617,0.07279115936263444,8.635569034080747,15.0
lossy,9.0,25.0,250.0,0.04,830.9833059415992,202.57195491061574,6650.0,1519.934173745806,0.07279115936263444,8.635569034080747,15.0
lossy,9.0,25.0,300.0,0.0,830.9833059415992,202.57195491061574,7900.0,2962.235567950055,0.04510503483319152,10.441147785927678,15.0
lossy,9.0,25.0,300.0,0.01,830.9833059415992,202.57195491061574,7900.0,2177.9963271990296,0.04510503483319152,10.441147785927678,15.0
lossy,9.0,25.0,300.0,0.02,830.9833059415992,202.57195491061574,7900.0,1474.162245106921,0.04510503483319152,10.441147785927678,15.0
lossy,9.0,25.0,300.0,0.03,830.9833059415992,202.57195491061574,7900.0,840.9571286057612,0.04510503483319152,10.441147785927678,15.0
lossy,9.0,25.0,300.0,0.04,830.9833059415992,202.57195491061574,7900.0,269.93417374580565,0.04510503483319152,10.441147785927678,15.0
lossy,9.0,25.0,350.0,0.0,830.9833059415992,202.57195491061574,9150.0,1712.2355679500554,0.02342170783824537,12.314620176317812,15.0
lossy,9.0,25.0,350.0,0.01,830.9833059415992,202.57195491061574,9150.0,927.9963271990287,0.02342170783824537,12.314620176317812,15.0
lossy,9.0,25.0,350.0,0.02,830.9833059415992,202.57195491061574,9150.0,224.16224510692194,0.02342170783824537,12.314620176317812,15.0
lossy,9.0,25.0,350.0,0.03,830.9833059415992,202.57195491061574,9150.0,-409.0428713942374,0.02342170783824537,12.314620176317812,15.0
lossy,9.0,25.0,350.0,0.04,830.9833059415992,202.57195491061574,9150.0,-980.0658262541963,0.02342170783824537,12.314620176317812,15.0
lossy,9.0,25.0,400.0,0.0,830.9833059415992,202.57195491061574,10400.0,462.2355679500538,0.005760985667665412,14.261915641953182,15.0
lossy,9.0,25.0,400.0,0.01,830.9833059415992,202.57195491061574,10400.0,-322.00367280097134,0.005760985667665412,14.261915641953182,15.0
lossy,9.0,25.0,400.0,0.02,830.9833059415992,202.57195491061574,10400.0,-1025.837754893079,0.005760985667665412,14.261915641953182,15.0
lossy,9.0,25.0,400.0,0.03,830.9833059415992,202.57195491061574,10400.0,-1659.0428713942385,0.005760985667665412,14.261915641953182,15.0
lossy,9.0,25.0,400.0,0.04,830.9833059415992,202.57195491061574,10400.0,-2230.0658262541956,0.005760985667665412,14.261915641953182,15.0
lossy,9.0,30.0,100.0,0.0,893.9303554280319,184.5798309874667,3400.0,8285.050749603168,0.23470240189730582,3.9169524246960266,15.0
lossy,9.0,30.0,100.0,0.01,893.9303554280319,184.5798309874667,3400.0,7441.405325907445,0.23470240189730582,3.9169524246960266,15.0
lossy,9.0,30.0,100.0,0.02,893.9303554280319,184.5798309874667,3400.0,6684.255757837566,0.23470240189730582,3.9169524246960266,15.0
lossy,9.0,30.0,100.0,0.03,893.9303554280319,184.5798309874667,3400.0,6003.085304947011,0.23470240189730582,3.9169524246960266,15.0
lossy,9.0,30.0,100.0,0.04,893.9303554280319,184.5798309874667,3400.0,5388.807317235668,0.23470240189730582,3.9169524246960266,15.0
lossy,9.0,30.0,150.0,0.0,893.9303554280319,184.5798309874667,4900.0,6785.05074960317,0.14468413610223815,5.749458576988477,15.0
lossy,9.0,30.0,150.0,0.01,893.9303554280319,184.5798309874667,4900.0,5941.405325907444,0.14468413610223815,5.749458576988477,15.0
lossy,9.0,30.0,150.0,0.02,893.9303554280319,184.5798309874667,4900.0,5184.255757837566,0.14468413610223815,5.749458576988477,15.0
lossy,9.0,30.0,150.0,0.03,893.9303554280319,184.5798309874667,4900.0,4503.0853049470115,0.14468413610223815,5.749458576988477,15.0
lossy,9.0,30.0,150.0,0.04,893.9303554280319,184.5798309874667,4900.0,3888.8073172356667,0.14468413610223815,5.749458576988477,15.0
lossy,9.0,30.0,200.0,0.0,893.9303554280319,184.5798309874667,6400.0,5285.05074960317,0.09219807061374917,7.651600560435043,15.0
lossy,9.0,30.0,200.0,0.01,893.9303554280319,184.5798309874667,6400.0,4441.405325907446,0.09219807061374917,7.651600560435043,15.0
lossy,9.0,30.0,200.0,0.02,893.9303554280319,184.5798309874667,6400.0,3684.2557578375668,0.09219807061374917,7.651600560435043,15.0
lossy,9.0,30.0,200.0,0.03,893.9303554280319,184.5798309874667,6400.0,3003.0853049470115,0.09219807061374917,7.651600560435043,15.0
lossy,9.0,30.0,200.0,0.04,893.9303554280319,184.5798309874667,6400.0,2388.807317235668,0.09219807061374917,7.651600560435043,15.0
lossy,9.0,30.0,250.0,0.0,893.9303554280319,184.5798309874667,7900.0,3785.0507496031696,0.056520543839858356,9.629405702268771,15.0
lossy,9.0,30.0,250.0,0.01,893.9303554280319,184.5798309874667,7900.0,2941.405325907446,0.056520543839858356,9.629405702268771,15.0
lossy,9.0,30.0,250.0,0.02,893.9303554280319,184.5798309874667,7900.0,2184.2557578375663,0.056520543839858356,9.629405702268771,15.0
lossy,9.0,30.0,250.0,0.03,893.9303554280319,184.5798309874667,7900.0,1503.085304947013,0.056520543839858356,9.629405702268771,15.0
lossy,9.0,30.0,250.0,0.04,893.9303554280319,184.5798309874667,7900.0,888.8073172356683,0.056520543839858356,9.629405702268771,15.0
lossy,9.0,30.0,300.0,0.0,893.9303554280319,184.5798309874667,9400.0,2285.05074960317,0.03004774843480499,11.689279986077157,15.0
lossy,9.0,30.0,300.0,0.01,893.9303554280319,184.5798309874667,9400.0,1441.4053259074444,0.03004774843480499,11.689279986077157,15.0
lossy,9.0,30.0,300.0,0.02,893.9303554280319,184.5798309874667,9400.0,684.2557578375661,0.03004774843480499,11.689279986077157,15.0
lossy,9.0,30.0,300.0,0.03,893.9303554280319,184.5798309874667,9400.0,3.085304947013867,0.03004774843480499,11.689279986077157,15.0
lossy,9.0,30.0,300.0,0.04,893.9303554280319,184.5798309874667,9400.0,-611.1926827643315,0.03004774843480499,11.689279986077157,15.0
lossy,9.0,30.0,350.0,0.0,893.9303554280319,184.5798309874667,10900.0,785.0507496031693,0.009269101132400353,13.838029030607727,15.0
lossy,9.0,30.0,350.0,0.01,893.9303554280319,184.5798309874667,10900.0,-58.59467409255683,0.009269101132400353,13.838029030607727,15.0
lossy,9.0,30.0,350.0,0.02,893.9303554280319,184.5798309874667,10900.0,-815.7442421624344,0.009269101132400353,13.838029030607727,15.0
lossy,9.0,30.0,350.0,0.03,893.9303554280319,184.5798309874667,10900.0,-1496.9146950529866,0.009269101132400353,13.838029030607727,15.0
lossy,9.0,30.0,350.0,0.04,893.9303554280319,184.5798309874667,10900.0,-2111.1926827643324,0.009269101132400353,13.838029030607727,15.0
lossy,9.0,30.0,400.0,0.0,893.9303554280319,184.5798309874667,12400.0,-714.9492503968308,-0.007687563386927875,Inf,15.0
lossy,9.0,30.0,400.0,0.01,893.9303554280319,184.5798309874667,12400.0,-1558.594674092557,-0.007687563386927875,Inf,15.0
lossy,9.0,30.0,400.0,0.02,893.9303554280319,184.5798309874667,12400.0,-2315.7442421624314,-0.007687563386927875,Inf,15.0
lossy,9.0,30.0,400.0,0.03,893.9303554280319,184.5798309874667,12400.0,-2996.9146950529876,-0.007687563386927875,Inf,15.0
lossy,9.0,30.0,400.0,0.04,893.9303554280319,184.5798309874667,12400.0,-3611.192682764332,-0.007687563386927875,Inf,15.0
lossy,12.0,2.5,100.0,0.0,169.15179360138416,313.64630275423923,650.0,1561.075259517464,0.23180774222411848,3.9586804614438105,15.0
lossy,12.0,2.5,100.0,0.01,169.15179360138416,313.64630275423923,650.0,1401.4385096127112,0.23180774222411848,3.9586804614438105,15.0
lossy,12.0,2.5,100.0,0.02,169.15179360138416,313.64630275423923,650.0,1258.1687272567813,0.23180774222411848,3.9586804614438105,15.0
lossy,12.0,2.5,100.0,0.03,169.15179360138416,313.64630275423923,650.0,1129.275907860874,0.23180774222411848,3.9586804614438105,15.0
lossy,12.0,2.5,100.0,0.04,169.15179360138416,313.64630275423923,650.0,1013.0406522167467,0.23180774222411848,3.9586804614438105,15.0
lossy,12.0,2.5,150.0,0.0,169.15179360138416,313.64630275423923,775.0,1436.075259517464,0.18574320199650618,4.759015367526427,15.0
lossy,12.0,2.5,150.0,0.01,169.15179360138416,313.64630275423923,775.0,1276.4385096127112,0.18574320199650618,4.759015367526427,15.0
lossy,12.0,2.5,150.0,0.02,169.15179360138416,313.64630275423923,775.0,1133.1687272567813,0.18574320199650618,4.759015367526427,15.0
lossy,12.0,2.5,150.0,0.03,169.15179360138416,313.64630275423923,775.0,1004.2759078608741,0.18574320199650618,4.759015367526427,15.0
lossy,12.0,2.5,150.0,0.04,169.15179360138416,313.64630275423923,775.0,888.0406522167467,0.18574320199650618,4.759015367526427,15.0
lossy,12.0,2.5,200.0,0.0,169.15179360138416,313.64630275423923,900.0,1311.0752595174638,0.15113864247660774,5.571626050508106,15.0
lossy,12.0,2.5,200.0,0.01,169.15179360138416,313.64630275423923,900.0,1151.4385096127114,0.15113864247660774,5.571626050508106,15.0
lossy,12.0,2.5,200.0,0.02,169.15179360138416,313.64630275423923,900.0,1008.1687272567813,0.15113864247660774,5.571626050508106,15.0
lossy,12.0,2.5,200.0,0.03,169.15179360138416,313.64630275423923,900.0,879.2759078608741,0.15113864247660774,5.571626050508106,15.0
lossy,12.0,2.5,200.0,0.04,169.15179360138416,313.64630275423923,900.0,763.0406522167467,0.15113864247660774,5.571626050508106,15.0
lossy,12.0,2.5,250.0,0.0,169.15179360138416,313.64630275423923,1025.0,1186.0752595174638,0.12388585787099139,6.39709672164667,15.0
lossy,12.0,2.5,250.0,0.01,169.15179360138416,313.64630275423923,1025.0,1026.4385096127114,0.12388585787099139,6.39709672164667,15.0
lossy,12.0,2.5,250.0,0.02,169.15179360138416,313.64630275423923,1025.0,883.1687272567813,0.12388585787099139,6.39709672164667,15.0
lossy,12.0,2.5,250.0,0.03,169.15179360138416,313.64630275423923,1025.0,754.2759078608741,0.12388585787099139,6.39709672164667,15.0
lossy,12.0,2.5,250.0,0.04,169.15179360138416,313.64630275423923,1025.0,638.0406522167467,0.12388585787099139,6.39709672164667,15.0
lossy,12.0,2.5,300.0,0.0,169.15179360138416,313.64630275423923,1150.0,1061.075259517464,0.10166580523046825,7.236030324780682,15.0
lossy,12.0,2.5,300.0,0.01,169.15179360138416,313.64630275423923,1150.0,901.4385096127114,0.10166580523046825,7.236030324780682,15.0
lossy,12.0,2.5,300.0,0.02,169.15179360138416,313.64630275423923,1150.0,758.1687272567814,0.10166580523046825,7.236030324780682,15.0
lossy,12.0,2.5,300.0,0.03,169.15179360138416,313.64630275423923,1150.0,629.275907860874,0.10166580523046825,7.236030324780682,15.0
lossy,12.0,2.5,300.0,0.04,169.15179360138416,313.64630275423923,1150.0,513.0406522167467,0.10166580523046825,7.236030324780682,15.0
lossy,12.0,2.5,350.0,0.0,169.15179360138416,313.64630275423923,1275.0,936.075259517464,0.08306466118798875,8.089049057604608,15.0
lossy,12.0,2.5,350.0,0.01,169.15179360138416,313.64630275423923,1275.0,776.4385096127113,0.08306466118798875,8.089049057604608,15.0
lossy,12.0,2.5,350.0,0.02,169.15179360138416,313.64630275423923,1275.0,633.1687272567815,0.08306466118798875,8.089049057604608,15.0
lossy,12.0,2.5,350.0,0.03,169.15179360138416,313.64630275423923,1275.0,504.27590786087393,0.08306466118798875,8.089049057604608,15.0
lossy,12.0,2.5,350.0,0.04,169.15179360138416,313.64630275423923,1275.0,388.04065221674665,0.08306466118798875,8.089049057604608,15.0
lossy,12.0,2.5,400.0,0.0,169.15179360138416,313.64630275423923,1400.0,811.0752595174638,0.067167713655549,8.957659008290156,15.0
lossy,12.0,2.5,400.0,0.01,169.15179360138416,313.64630275423923,1400.0,651.4385096127113,0.067167713655549,8.957659008290156,15.0
lossy,12.0,2.5,400.0,0.02,169.15179360138416,313.64630275423923,1400.0,508.16872725678127,0.067167713655549,8.957659008290156,15.0
lossy,12.0,2.5,400.0,0.03,169.15179360138416,313.64630275423923,1400.0,379.27590786087393,0.067167713655549,8.957659008290156,15.0
lossy,12.0,2.5,400.0,0.04,169.15179360138416,313.64630275423923,1400.0,263.0406522167468,0.067167713655549,8.957659008290156,15.0
lossy,12.0,5.0,100.0,0.0,305.4504116835127,300.3791689901873,900.0,3092.7087611875754,0.3152795695965551,3.0064476180347963,15.0
lossy,12.0,5.0,100.0,0.01,305.4504116835127,300.3791689901873,900.0,2804.440396187953,0.3152795695965551,3.0064476180347963,15.0
lossy,12.0,5.0,100.0,0.02,305.4504116835127,300.3791689901873,900.0,2545.7271240984273,0.3152795695965551,3.0064476180347963,15.0
lossy,12.0,5.0,100.0,0.03,305.4504116835127,300.3791689901873,900.0,2312.975440481599,0.3152795695965551,3.0064476180347963,15.0
lossy,12.0,5.0,100.0,0.04,305.4504116835127,300.3791689901873,900.0,2103.0804938616157,0.3152795695965551,3.0064476180347963,15.0
lossy,12.0,5.0,150.0,0.0,305.4504116835127,300.3791689901873,1150.0,2842.708761187576,0.23759288282836216,3.8760506930341965,15.0
lossy,12.0,5.0,150.0,0.01,305.4504116835127,300.3791689901873,1150.0,2554.440396187953,0.23759288282836216,3.8760506930341965,15.0
lossy,12.0,5.0,150.0,0.02,305.4504116835127,300.3791689901873,1150.0,2295.727124098428,0.23759288282836216,3.8760506930341965,15.0
lossy,12.0,5.0,150.0,0.03,305.4504116835127,300.3791689901873,1150.0,2062.975440481599,0.23759288282836216,3.8760506930341965,15.0
lossy,12.0,5.0,150.0,0.04,305.4504116835127,300.3791689901873,1150.0,1853.0804938616152,0.23759288282836216,3.8760506930341965,15.0
lossy,12.0,5.0,200.0,0.0,305.4504116835127,300.3791689901873,1400.0,2592.708761187576,0.1856519030947401,4.760871191871016,15.0
lossy,12.0,5.0,200.0,0.01,305.4504116835127,300.3791689901873,1400.0,2304.4403961879525,0.1856519030947401,4.760871191871016,15.0
lossy,12.0,5.0,200.0,0.02,305.4504116835127,300.3791689901873,1400.0,2045.7271240984278,0.1856519030947401,4.760871191871016,15.0
lossy,12.0,5.0,200.0,0.03,305.4504116835127,300.3791689901873,1400.0,1812.975440481599,0.1856519030947401,4.760871191871016,15.0
lossy,12.0,5.0,200.0,0.04,305.4504116835127,300.3791689901873,1400.0,1603.0804938616157,0.1856519030947401,4.760871191871016,15.0
lossy,12.0,5.0,250.0,0.0,305.4504116835127,300.3791689901873,1650.0,2342.7087611875754,0.14783757834444933,5.661450273878589,15.0
lossy,12.0,5.0,250.0,0.01,305.4504116835127,300.3791689901873,1650.0,2054.440396187953,0.14783757834444933,5.661450273878589,15.0
lossy,12.0,5.0,250.0,0.02,305.4504116835127,300.3791689901873,1650.0,1795.7271240984278,0.14783757834444933,5.661450273878589,15.0
lossy,12.0,5.0,250.0,0.03,305.4504116835127,300.3791689901873,1650.0,1562.9754404815988,0.14783757834444933,5.661450273878589,15.0
lossy,12.0,5.0,250.0,0.04,305.4504116835127,300.3791689901873,1650.0,1353.0804938616157,0.14783757834444933,5.661450273878589,15.0
lossy,12.0,5.0,300.0,0.0,305.4504116835127,300.3791689901873,1900.0,2092.708761187576,0.11868543837729581,6.5784791180039734,15.0
lossy,12.0,5.0,300.0,0.01,305.4504116835127,300.3791689901873,1900.0,1804.440396187953,0.11868543837729581,6.5784791180039734,15.0
lossy,12.0,5.0,300.0,0.02,305.4504116835127,300.3791689901873,1900.0,1545.7271240984278,0.11868543837729581,6.5784791180039734,15.0
lossy,12.0,5.0,300.0,0.03,305.4504116835127,300.3791689901873,1900.0,1312.975440481599,0.11868543837729581,6.5784791180039734,15.0
lossy,12.0,5.0,300.0,0.04,305.4504116835127,300.3791689901873,1900.0,1103.0804938616157,0.11868543837729581,6.5784791180039734,15.0
lossy,12.0,5.0,350.0,0.0,305.4504116835127,300.3791689901873,2150.0,1842.7087611875756,0.09527571423195463,7.512670551238234,15.0
lossy,12.0,5.0,350.0,0.01,305.4504116835127,300.3791689901873,2150.0,1554.440396187953,0.09527571423195463,7.512670551238234,15.0
lossy,12.0,5.0,350.0,0.02,305.4504116835127,300.3791689901873,2150.0,1295.7271240984278,0.09527571423195463,7.512670551238234,15.0
lossy,12.0,5.0,350.0,0.03,305.4504116835127,300.3791689901873,2150.0,1062.9754404815992,0.09527571423195463,7.512670551238234,15.0
lossy,12.0,5.0,350.0,0.04,305.4504116835127,300.3791689901873,2150.0,853.0804938616157,0.09527571423195463,7.512670551238234,15.0
lossy,12.0,5.0,400.0,0.0,305.4504116835127,300.3791689901873,2400.0,1592.7087611875759,0.0758982582644955,8.46475964433878,15.0
lossy,12.0,5.0,400.0,0.01,305.4504116835127,300.3791689901873,2400.0,1304.4403961879532,0.0758982582644955,8.46475964433878,15.0
lossy,12.0,5.0,400.0,0.02,305.4504116835127,300.3791689901873,2400.0,1045.7271240984278,0.0758982582644955,8.46475964433878,15.0
lossy,12.0,5.0,400.0,0.03,305.4504116835127,300.3791689901873,2400.0,812.975440481599,0.0758982582644955,8.46475964433878,15.0
lossy,12.0,5.0,400.0,0.04,305.4504116835127,300.3791689901873,2400.0,603.0804938616157,0.0758982582644955,8.46475964433878,15.0
lossy,12.0,7.5,100.0,0.0,413.55053792780313,290.6126334008171,1150.0,4255.744411597074,0.3361712902929047,2.8338158785452023,15.0
lossy,12.0,7.5,100.0,0.01,413.55053792780313,290.6126334008171,1150.0,3865.456715613599,0.3361712902929047,2.8338158785452023,15.0
lossy,12.0,7.5,100.0,0.02,413.55053792780313,290.6126334008171,1150.0,3515.1837785041143,0.3361712902929047,2.8338158785452023,15.0
lossy,12.0,7.5,100.0,0.03,413.55053792780313,290.6126334008171,1150.0,3200.060340192713,0.3361712902929047,2.8338158785452023,15.0
lossy,12.0,7.5,100.0,0.04,413.55053792780313,290.6126334008171,1150.0,2915.8827298087385,0.3361712902929047,2.8338158785452023,15.0
lossy,12.0,7.5,150.0,0.0,413.55053792780313,290.6126334008171,1525.0,3880.744411597074,0.24356666420289905,3.7938638716751125,15.0
lossy,12.0,7.5,150.0,0.01,413.55053792780313,290.6126334008171,1525.0,3490.456715613599,0.24356666420289905,3.7938638716751125,15.0
lossy,12.0,7.5,150.0,0.02,413.55053792780313,290.6126334008171,1525.0,3140.183778504114,0.24356666420289905,3.7938638716751125,15.0
lossy,12.0,7.5,150.0,0.03,413.55053792780313,290.6126334008171,1525.0,2825.060340192713,0.24356666420289905,3.7938638716751125,15.0
lossy,12.0,7.5,150.0,0.04,413.55053792780313,290.6126334008171,1525.0,2540.8827298087385,0.24356666420289905,3.7938638716751125,15.0
lossy,12.0,7.5,200.0,0.0,413.55053792780313,290.6126334008171,1900.0,3505.744411597074,0.18506851066189023,4.772758548456912,15.0
lossy,12.0,7.5,200.0,0.01,413.55053792780313,290.6126334008171,1900.0,3115.456715613599,0.18506851066189023,4.772758548456912,15.0
lossy,12.0,7.5,200.0,0.02,413.55053792780313,290.6126334008171,1900.0,2765.1837785041134,0.18506851066189023,4.772758548456912,15.0
lossy,12.0,7.5,200.0,0.03,413.55053792780313,290.6126334008171,1900.0,2450.0603401927133,0.18506851066189023,4.772758548456912,15.0
lossy,12.0,7.5,200.0,0.04,413.55053792780313,290.6126334008171,1900.0,2165.882729808739,0.18506851066189023,4.772758548456912,15.0
lossy,12.0,7.5,250.0,0.0,413.55053792780313,290.6126334008171,2275.0,3130.744411597074,0.14391403887657128,5.771285801020861,15.0
lossy,12.0,7.5,250.0,0.01,413.55053792780313,290.6126334008171,2275.0,2740.456715613598,0.14391403887657128,5.771285801020861,15.0
lossy,12.0,7.5,250.0,0.02,413.55053792780313,290.6126334008171,2275.0,2390.183778504114,0.14391403887657128,5.771285801020861,15.0
lossy,12.0,7.5,250.0,0.03,413.55053792780313,290.6126334008171,2275.0,2075.0603401927133,0.14391403887657128,5.771285801020861,15.0
lossy,12.0,7.5,250.0,0.04,413.55053792780313,290.6126334008171,2275.0,1790.882729808739,0.14391403887657128,5.771285801020861,15.0
lossy,12.0,7.5,300.0,0.0,413.55053792780313,290.6126334008171,2650.0,2755.744411597074,0.11288813257767966,6.790255749212803,15.0
lossy,12.0,7.5,300.0,0.01,413.55053792780313,290.6126334008171,2650.0,2365.456715613598,0.11288813257767966,6.790255749212803,15.0
lossy,12.0,7.5,300.0,0.02,413.55053792780313,290.6126334008171,2650.0,2015.183778504114,0.11288813257767966,6.790255749212803,15.0
lossy,12.0,7.5,300.0,0.03,413.55053792780313,290.6126334008171,2650.0,1700.0603401927133,0.11288813257767966,6.790255749212803,15.0
lossy,12.0,7.5,300.0,0.04,413.55053792780313,290.6126334008171,2650.0,1415.882729808739,0.11288813257767966,6.790255749212803,15.0
lossy,12.0,7.5,350.0,0.0,413.55053792780313,290.6126334008171,3025.0,2380.744411597074,0.08835586520041594,7.830503402161842,15.0
lossy,12.0,7.5,350.0,0.01,413.55053792780313,290.6126334008171,3025.0,1990.4567156135984,0.08835586520041594,7.830503402161842,15.0
lossy,12.0,7.5,350.0,0.02,413.55053792780313,290.6126334008171,3025.0,1640.183778504114,0.08835586520041594,7.830503402161842,15.0
lossy,12.0,7.5,350.0,0.03,413.55053792780313,290.6126334008171,3025.0,1325.0603401927128,0.08835586520041594,7.830503402161842,15.0
lossy,12.0,7.5,350.0,0.04,413.55053792780313,290.6126334008171,3025.0,1040.882729808739,0.08835586520041594,7.830503402161842,15.0
lossy,12.0,7.5,400.0,0.0,413.55053792780313,290.6126334008171,3400.0,2005.744411597074,0.06827482769411855,8.892889336760106,15.0
lossy,12.0,7.5,400.0,0.01,413.55053792780313,290.6126334008171,3400.0,1615.4567156135984,0.06827482769411855,8.892889336760106,15.0
lossy,12.0,7.5,400.0,0.02,413.55053792780313,290.6126334008171,3400.0,1265.1837785041137,0.06827482769411855,8.892889336760106,15.0
lossy,12.0,7.5,400.0,0.03,413.55053792780313,290.6126334008171,3400.0,950.0603401927128,0.06827482769411855,8.892889336760106,15.0
lossy,12.0,7.5,400.0,0.04,413.55053792780313,290.6126334008171,3400.0,665.8827298087391,0.06827482769411855,8.892889336760106,15.0
lossy,12.0,12.5,100.0,0.0,588.107784002596,268.88243684392495,1650.0,6037.477285651082,0.33289361496483705,2.8596503163406766,15.0
lossy,12.0,12.5,100.0,0.01,588.107784002596,268.88243684392495,1650.0,5482.451452149707,0.33289361496483705,2.8596503163406766,15.0
lossy,12.0,12.5,100.0,0.02,588.107784002596,268.88243684392495,1650.0,4984.330371539475,0.33289361496483705,2.8596503163406766,15.0
lossy,12.0,12.5,100.0,0.03,588.107784002596,268.88243684392495,1650.0,4536.1951861248435,0.33289361496483705,2.8596503163406766,15.0
lossy,12.0,12.5,100.0,0.04,588.107784002596,268.88243684392495,1650.0,4132.067880322018,0.33289361496483705,2.8596503163406766,15.0
lossy,12.0,12.5,150.0,0.0,588.107784002596,268.88243684392495,2275.0,5412.477285651081,0.22994700585516964,3.9859184192964765,15.0
lossy,12.0,12.5,150.0,0.01,588.107784002596,268.88243684392495,2275.0,4857.451452149706,0.22994700585516964,3.9859184192964765,15.0
lossy,12.0,12.5,150.0,0.02,588.107784002596,268.88243684392495,2275.0,4359.330371539474,0.22994700585516964,3.9859184192964765,15.0
lossy,12.0,12.5,150.0,0.03,588.107784002596,268.88243684392495,2275.0,3911.195186124843,0.22994700585516964,3.9859184192964765,15.0
lossy,12.0,12.5,150.0,0.04,588.107784002596,268.88243684392495,2275.0,3507.0678803220176,0.22994700585516964,3.9859184192964765,15.0
lossy,12.0,12.5,200.0,0.0,588.107784002596,268.88243684392495,2900.0,4787.477285651081,0.16826333720188347,5.1406193268540505,15.0
lossy,12.0,12.5,200.0,0.01,588.107784002596,268.88243684392495,2900.0,4232.451452149706,0.16826333720188347,5.1406193268540505,15.0
lossy,12.0,12.5,200.0,0.02,588.107784002596,268.88243684392495,2900.0,3734.3303715394745,0.16826333720188347,5.1406193268540505,15.0
lossy,12.0,12.5,200.0,0.03,588.107784002596,268.88243684392495,2900.0,3286.1951861248435,0.16826333720188347,5.1406193268540505,15.0
lossy,12.0,12.5,200.0,0.04,588.107784002596,268.88243684392495,2900.0,2882.0678803220176,0.16826333720188347,5.1406193268540505,15.0
lossy,12.0,12.5,250.0,0.0,588.107784002596,268.88243684392495,3525.0,4162.477285651081,0.1260838314190039,6.322764307096516,15.0
lossy,12.0,12.5,250.0,0.01,588.107784002596,268.88243684392495,3525.0,3607.4514521497053,0.1260838314190039,6.322764307096516,15.0
lossy,12.0,12.5,250.0,0.02,588.107784002596,268.88243684392495,3525.0,3109.3303715394745,0.1260838314190039,6.322764307096516,15.0
lossy,12.0,12.5,250.0,0.03,588.107784002596,268.88243684392495,3525.0,2661.1951861248435,0.1260838314190039,6.322764307096516,15.0
lossy,12.0,12.5,250.0,0.04,588.107784002596,268.88243684392495,3525.0,2257.067880322018,0.1260838314190039,6.322764307096516,15.0
lossy,12.0,12.5,300.0,0.0,588.107784002596,268.88243684392495,4150.0,3537.4772856510804,0.09481760593003337,7.53310986573836,15.0
lossy,12.0,12.5,300.0,0.01,588.107784002596,268.88243684392495,4150.0,2982.4514521497053,0.09481760593003337,7.53310986573836,15.0
lossy,12.0,12.5,300.0,0.02,588.107784002596,268.88243684392495,4150.0,2484.3303715394745,0.09481760593003337,7.53310986573836,15.0
lossy,12.0,12.5,300.0,0.03,588.107784002596,268.88243684392495,4150.0,2036.1951861248435,0.09481760593003337,7.53310986573836,15.0
lossy,12.0,12.5,300.0,0.04,588.107784002596,268.88243684392495,4150.0,1632.067880322018,0.09481760593003337,7.53310986573836,15.0
lossy,12.0,12.5,350.0,0.0,588.107784002596,268.88243684392495,4775.0,2912.4772856510804,0.0703599025852764,8.772731184663337,15.0
lossy,12.0,12.5,350.0,0.01,588.107784002596,268.88243684392495,4775.0,2357.451452149706,0.0703599025852764,8.772731184663337,15.0
lossy,12.0,12.5,350.0,0.02,588.107784002596,268.88243684392495,4775.0,1859.3303715394743,0.0703599025852764,8.772731184663337,15.0
lossy,12.0,12.5,350.0,0.03,588.107784002596,268.88243684392495,4775.0,1411.1951861248435,0.0703599025852764,8.772731184663337,15.0
lossy,12.0,12.5,350.0,0.04,588.107784002596,268.88243684392495,4775.0,1007.0678803220178,0.0703599025852764,8.772731184663337,15.0
lossy,12.0,12.5,400.0,0.0,588.107784002596,268.88243684392495,5400.0,2287.47728565108,0.05048390107664823,10.04360774018668,15.0
lossy,12.0,12.5,400.0,0.01,588.107784002596,268.88243684392495,5400.0,1732.4514521497056,0.05048390107664823,10.04360774018668,15.0
lossy,12.0,12.5,400.0,0.02,588.107784002596,268.88243684392495,5400.0,1234.3303715394748,0.05048390107664823,10.04360774018668,15.0
lossy,12.0,12.5,400.0,0.03,588.107784002596,268.88243684392495,5400.0,786.1951861248428,0.05048390107664823,10.04360774018668,15.0
lossy,12.0,12.5,400.0,0.04,588.107784002596,268.88243684392495,5400.0,382.06788032201734,0.05048390107664823,10.04360774018668,15.0
lossy,12.0,20.0,100.0,0.0,788.3073604987235,241.05767445541224,2400.0,7904.395032320718,0.3039318830789738,3.110602054191045,15.0
lossy,12.0,20.0,100.0,0.01,788.3073604987235,241.05767445541224,2400.0,7160.431150669149,0.3039318830789738,3.110602054191045,15.0
lossy,12.0,20.0,100.0,0.02,788.3073604987235,241.05767445541224,2400.0,6492.743143562463,0.3039318830789738,3.110602054191045,15.0
lossy,12.0,20.0,100.0,0.03,788.3073604987235,241.05767445541224,2400.0,5892.056883713104,0.3039318830789738,3.110602054191045,15.0
lossy,12.0,20.0,100.0,0.04,788.3073604987235,241.05767445541224,2400.0,5350.3593608973215,0.3039318830789738,3.110602054191045,15.0
lossy,12.0,20.0,150.0,0.0,788.3073604987235,241.05767445541224,3400.0,6904.395032320717,0.20085933395809089,4.467759539206035,15.0
lossy,12.0,20.0,150.0,0.01,788.3073604987235,241.05767445541224,3400.0,6160.431150669149,0.20085933395809089,4.467759539206035,15.0
lossy,12.0,20.0,150.0,0.02,788.3073604987235,241.05767445541224,3400.0,5492.743143562462,0.20085933395809089,4.467759539206035,15.0
lossy,12.0,20.0,150.0,0.03,788.3073604987235,241.05767445541224,3400.0,4892.056883713103,0.20085933395809089,4.467759539206035,15.0
lossy,12.0,20.0,150.0,0.04,788.3073604987235,241.05767445541224,3400.0,4350.359360897321,0.20085933395809089,4.467759539206035,15.0
lossy,12.0,20.0,200.0,0.0,788.3073604987235,241.05767445541224,4400.0,5904.395032320716,0.14082224094900422,5.860273472149922,15.0
lossy,12.0,20.0,200.0,0.01,788.3073604987235,241.05767445541224,4400.0,5160.43115066915,0.14082224094900422,5.860273472149922,15.0
lossy,12.0,20.0,200.0,0.02,788.3073604987235,241.05767445541224,4400.0,4492.743143562462,0.14082224094900422,5.860273472149922,15.0
lossy,12.0,20.0,200.0,0.03,788.3073604987235,241.05767445541224,4400.0,3892.056883713104,0.14082224094900422,5.860273472149922,15.0
lossy,12.0,20.0,200.0,0.04,788.3073604987235,241.05767445541224,4400.0,3350.3593608973206,0.14082224094900422,5.860273472149922,15.0
lossy,12.0,20.0,250.0,0.0,788.3073604987235,241.05767445541224,5400.0,4904.395032320717,0.10026509850335624,7.295345122151282,15.0
lossy,12.0,20.0,250.0,0.01,788.3073604987235,241.05767445541224,5400.0,4160.43115066915,0.10026509850335624,7.295345122151282,15.0
lossy,12.0,20.0,250.0,0.02,788.3073604987235,241.05767445541224,5400.0,3492.743143562462,0.10026509850335624,7.295345122151282,15.0
lossy,12.0,20.0,250.0,0.03,788.3073604987235,241.05767445541224,5400.0,2892.056883713104,0.10026509850335624,7.295345122151282,15.0
lossy,12.0,20.0,250.0,0.04,788.3073604987235,241.05767445541224,5400.0,2350.35936089732,0.10026509850335624,7.295345122151282,15.0
lossy,12.0,20.0,300.0,0.0,788.3073604987235,241.05767445541224,6400.0,3904.395032320716,0.07037224744919365,8.77202678994112,15.0
lossy,12.0,20.0,300.0,0.01,788.3073604987235,241.05767445541224,6400.0,3160.431150669149,0.07037224744919365,8.77202678994112,15.0
lossy,12.0,20.0,300.0,0.02,788.3073604987235,241.05767445541224,6400.0,2492.7431435624626,0.07037224744919365,8.77202678994112,15.0
lossy,12.0,20.0,300.0,0.03,788.3073604987235,241.05767445541224,6400.0,1892.0568837131038,0.07037224744919365,8.77202678994112,15.0
lossy,12.0,20.0,300.0,0.04,788.3073604987235,241.05767445541224,6400.0,1350.3593608973197,0.07037224744919365,8.77202678994112,15.0
lossy,12.0,20.0,350.0,0.0,788.3073604987235,241.05767445541224,7400.0,2904.395032320716,0.047052448117810515,10.294761734198033,15.0
lossy,12.0,20.0,350.0,0.01,788.3073604987235,241.05767445541224,7400.0,2160.431150669149,0.047052448117810515,10.294761734198033,15.0
lossy,12.0,20.0,350.0,0.02,788.3073604987235,241.05767445541224,7400.0,1492.7431435624628,0.047052448117810515,10.294761734198033,15.0
lossy,12.0,20.0,350.0,0.03,788.3073604987235,241.05767445541224,7400.0,892.0568837131034,0.047052448117810515,10.294761734198033,15.0
lossy,12.0,20.0,350.0,0.04,788.3073604987235,241.05767445541224,7400.0,350.3593608973186,0.047052448117810515,10.294761734198033,15.0
lossy,12.0,20.0,400.0,0.0,788.3073604987235,241.05767445541224,8400.0,1904.3950323207164,0.028124421425826197,11.864596755079155,15.0
lossy,12.0,20.0,400.0,0.01,788.3073604987235,241.05767445541224,8400.0,1160.4311506691486,0.028124421425826197,11.864596755079155,15.0
lossy,12.0,20.0,400.0,0.02,788.3073604987235,241.05767445541224,8400.0,492.743143562464,0.028124421425826197,11.864596755079155,15.0
lossy,12.0,20.0,400.0,0.03,788.3073604987235,241.05767445541224,8400.0,-107.9431162868974,0.028124421425826197,11.864596755079155,15.0
lossy,12.0,20.0,400.0,0.04,788.3073604987235,241.05767445541224,8400.0,-649.6406391026808,0.028124421425826197,11.864596755079155,15.0
lossy,12.0,25.0,100.0,0.0,892.3541295137658,224.2728298798954,2900.0,8764.447041843161,0.2822516010814615,3.3287648782481587,15.0
lossy,12.0,25.0,100.0,0.01,892.3541295137658,224.2728298798954,2900.0,7922.289178974975,0.2822516010814615,3.3287648782481587,15.0
lossy,12.0,25.0,100.0,0.02,892.3541295137658,224.2728298798954,2900.0,7166.474657604114,0.2822516010814615,3.3287648782481587,15.0
lossy,12.0,25.0,100.0,0.03,892.3541295137658,224.2728298798954,2900.0,6486.505280964477,0.2822516010814615,3.3287648782481587,15.0
lossy,12.0,25.0,100.0,0.04,892.3541295137658,224.2728298798954,2900.0,5873.31042112424,0.2822516010814615,3.3287648782481587,15.0
lossy,12.0,25.0,150.0,0.0,892.3541295137658,224.2728298798954,4150.0,7514.44704184316,0.18211304330582373,4.8337538915143075,15.0
lossy,12.0,25.0,150.0,0.01,892.3541295137658,224.2728298798954,4150.0,6672.289178974975,0.18211304330582373,4.8337538915143075,15.0
lossy,12.0,25.0,150.0,0.02,892.3541295137658,224.2728298798954,4150.0,5916.474657604114,0.18211304330582373,4.8337538915143075,15.0
lossy,12.0,25.0,150.0,0.03,892.3541295137658,224.2728298798954,4150.0,5236.505280964478,0.18211304330582373,4.8337538915143075,15.0
lossy,12.0,25.0,150.0,0.04,892.3541295137658,224.2728298798954,4150.0,4623.310421124241,0.18211304330582373,4.8337538915143075,15.0
lossy,12.0,25.0,200.0,0.0,892.3541295137658,224.2728298798954,5400.0,6264.44704184316,0.12415862364778141,6.387798397266322,15.0
lossy,12.0,25.0,200.0,0.01,892.3541295137658,224.2728298798954,5400.0,5422.289178974974,0.12415862364778141,6.387798397266322,15.0
lossy,12.0,25.0,200.0,0.02,892.3541295137658,224.2728298798954,5400.0,4666.474657604114,0.12415862364778141,6.387798397266322,15.0
lossy,12.0,25.0,200.0,0.03,892.3541295137658,224.2728298798954,5400.0,3986.5052809644762,0.12415862364778141,6.387798397266322,15.0
lossy,12.0,25.0,200.0,0.04,892.3541295137658,224.2728298798954,5400.0,3373.3104211242403,0.12415862364778141,6.387798397266322,15.0
lossy,12.0,25.0,250.0,0.0,892.3541295137658,224.2728298798954,6650.0,5014.447041843159,0.08506213952129364,7.988883532748731,15.0
lossy,12.0,25.0,250.0,0.01,892.3541295137658,224.2728298798954,6650.0,4172.289178974973,0.08506213952129364,7.988883532748731,15.0
lossy,12.0,25.0,250.0,0.02,892.3541295137658,224.2728298798954,6650.0,3416.4746576041143,0.08506213952129364,7.988883532748731,15.0
lossy,12.0,25.0,250.0,0.03,892.3541295137658,224.2728298798954,6650.0,2736.5052809644767,0.08506213952129364,7.988883532748731,15.0
lossy,12.0,25.0,250.0,0.04,892.3541295137658,224.2728298798954,6650.0,2123.3104211242403,0.08506213952129364,7.988883532748731,15.0
lossy,12.0,25.0,300.0,0.0,892.3541295137658,224.2728298798954,7900.0,3764.44704184316,0.056239262110704485,9.64812846573408,15.0
lossy,12.0,25.0,300.0,0.01,892.3541295137658,224.2728298798954,7900.0,2922.289178974973,0.056239262110704485,9.64812846573408,15.0
lossy,12.0,25.0,300.0,0.02,892.3541295137658,224.2728298798954,7900.0,2166.4746576041143,0.056239262110704485,9.64812846573408,15.0
lossy,12.0,25.0,300.0,0.03,892.3541295137658,224.2728298798954,7900.0,1486.5052809644767,0.056239262110704485,9.64812846573408,15.0
lossy,12.0,25.0,300.0,0.04,892.3541295137658,224.2728298798954,7900.0,873.310421124241,0.056239262110704485,9.64812846573408,15.0
lossy,12.0,25.0,350.0,0.0,892.3541295137658,224.2728298798954,9150.0,2514.44704184316,0.033736766904879915,11.362598839310857,15.0
lossy,12.0,25.0,350.0,0.01,892.3541295137658,224.2728298798954,9150.0,1672.2891789749726,0.033736766904879915,11.362598839310857,15.0
lossy,12.0,25.0,350.0,0.02,892.3541295137658,224.2728298798954,9150.0,916.4746576041139,0.033736766904879915,11.362598839310857,15.0
lossy,12.0,25.0,350.0,0.03,892.3541295137658,224.2728298798954,9150.0,236.50528096447675,0.033736766904879915,11.362598839310857,15.0
lossy,12.0,25.0,350.0,0.04,892.3541295137658,224.2728298798954,9150.0,-376.68957887575885,0.033736766904879915,11.362598839310857,15.0
lossy,12.0,25.0,400.0,0.0,892.3541295137658,224.2728298798954,10400.0,1264.4470418431597,0.015454934329713642,13.137428187909496,15.0
lossy,12.0,25.0,400.0,0.01,892.3541295137658,224.2728298798954,10400.0,422.2891789749739,0.015454934329713642,13.137428187909496,15.0
lossy,12.0,25.0,400.0,0.02,892.3541295137658,224.2728298798954,10400.0,-333.525342395886,0.015454934329713642,13.137428187909496,15.0
lossy,12.0,25.0,400.0,0.03,892.3541295137658,224.2728298798954,10400.0,-1013.4947190355213,0.015454934329713642,13.137428187909496,15.0
lossy,12.0,25.0,400.0,0.04,892.3541295137658,224.2728298798954,10400.0,-1626.689578875761,0.015454934329713642,13.137428187909496,15.0
low-mileage,0.0,2.5,100.0,0.0,93.24902724146762,276.87753156588894,650.0,568.9088434590027,0.09705412355488527,7.434106297407592,15.0
low-mileage,0.0,2.5,100.0,0.01,93.24902724146762,276.87753156588894,650.0,480.905214743795,0.09705412355488527,7.434106297407592,15.0
low-mileage,0.0,2.5,100.0,0.02,93.24902724146762,276.87753156588894,650.0,401.9242737005667,0.09705412355488527,7.434106297407592,15.0
low-mileage,0.0,2.5,100.0,0.03,93.24902724146762,276.87753156588894,650.0,330.86898205286303,0.09705412355488527,7.434106297407592,15.0
low-mileage,0.0,2.5,100.0,0.04,93.24902724146762,276.87753156588894,650.0,266.7914793009827,0.09705412355488527,7.434106297407592,15.0
low-mileage,0.0,2.5,150.0,0.0,93.24902724146762,276.87753156588894,775.0,443.90884345900264,0.0664806473069893,8.998197808973169,15.0
low-mileage,0.0,2.5,150.0,0.01,93.24902724146762,276.87753156588894,775.0,355.905214743795,0.0664806473069893,8.998197808973169,15.0
low-mileage,0.0,2.5,150.0,0.02,93.24902724146762,276.87753156588894,775.0,276.9242737005667,0.0664806473069893,8.998197808973169,15.0
low-mileage,0.0,2.5,150.0,0.03,93.24902724146762,276.87753156588894,775.0,205.86898205286303,0.0664806473069893,8.998197808973169,15.0
low-mileage,0.0,2.5,150.0,0.04,93.24902724146762,276.87753156588894,775.0,141.7914793009827,0.0664806473069893,8.998197808973169,15.0
low-mileage,0.0,2.5,200.0,0.0,93.24902724146762,276.87753156588894,900.0,318.9088434590026,0.04279756931237893,10.618323793848461,15.0
low-mileage,0.0,2.5,200.0,0.01,93.24902724146762,276.87753156588894,900.0,230.90521474379514,0.04279756931237893,10.618323793848461,15.0
low-mileage,0.0,2.5,200.0,0.02,93.24902724146762,276.87753156588894,900.0,151.92427370056663,0.04279756931237893,10.618323793848461,15.0
low-mileage,0.0,2.5,200.0,0.03,93.24902724146762,276.87753156588894,900.0,80.86898205286313,0.04279756931237893,10.618323793848461,15.0
low-mileage,0.0,2.5,200.0,0.04,93.24902724146762,276.87753156588894,900.0,16.791479300982694,0.04279756931237893,10.618323793848461,15.0
low-mileage,0.0,2.5,250.0,0.0,93.24902724146762,276.87753156588894,1025.0,193.90884345900253,0.023667156447877404,12.290433414625841,15.0
low-mileage,0.0,2.5,250.0,0.01,93.24902724146762,276.87753156588894,1025.0,105.9052147437952,0.023667156447877404,12.290433414625841,15.0
low-mileage,0.0,2.5,250.0,0.02,93.24902724146762,276.87753156588894,1025.0,26.924273700566545,0.023667156447877404,12.290433414625841,15.0
low-mileage,0.0,2.5,250.0,0.03,93.24902724146762,276.87753156588894,1025.0,-44.13101794713698,0.023667156447877404,12.290433414625841,15.0
low-mileage,0.0,2.5,250.0,0.04,93.24902724146762,276.87753156588894,1025.0,-108.2085206990173,0.023667156447877404,12.290433414625841,15.0
low-mileage,0.0,2.5,300.0,0.0,93.24902724146762,276.87753156588894,1150.0,68.90884345900244,0.007735594692221584,14.019459376139842,15.0
low-mileage,0.0,2.5,300.0,0.01,93.24902724146762,276.87753156588894,1150.0,-19.094785256205,0.007735594692221584,14.019459376139842,15.0
low-mileage,0.0,2.5,300.0,0.02,93.24902724146762,276.87753156588894,1150.0,-98.07572629943354,0.007735594692221584,14.019459376139842,15.0
low-mileage,0.0,2.5,300.0,0.03,93.24902724146762,276.87753156588894,1150.0,-169.1310179471369,0.007735594692221584,14.019459376139842,15.0
low-mileage,0.0,2.5,300.0,0.04,93.24902724146762,276.87753156588894,1150.0,-233.2085206990173,0.007735594692221584,14.019459376139842,15.0
low-mileage,0.0,2.5,350.0,0.0,93.24902724146762,276.87753156588894,1275.0,-56.091156540997545,-0.005842520912790462,Inf,15.0
low-mileage,0.0,2.5,350.0,0.01,93.24902724146762,276.87753156588894,1275.0,-144.094785256205,-0.005842520912790462,Inf,15.0
low-mileage,0.0,2.5,350.0,0.02,93.24902724146762,276.87753156588894,1275.0,-223.07572629943365,-0.005842520912790462,Inf,15.0
low-mileage,0.0,2.5,350.0,0.03,93.24902724146762,276.87753156588894,1275.0,-294.1310179471369,-0.005842520912790462,Inf,15.0
low-mileage,0.0,2.5,350.0,0.04,93.24902724146762,276.87753156588894,1275.0,-358.2085206990174,-0.005842520912790462,Inf,15.0
low-mileage,0.0,2.5,400.0,0.0,93.24902724146762,276.87753156588894,1400.0,-181.09115654099753,-0.017626308690562434,Inf,15.0
low-mileage,0.0,2.5,400.0,0.01,93.24902724146762,276.87753156588894,1400.0,-269.094785256205,-0.017626308690562434,Inf,15.0
low-mileage,0.0,2.5,400.0,0.02,93.24902724146762,276.87753156588894,1400.0,-348.07572629943365,-0.017626308690562434,Inf,15.0
low-mileage,0.0,2.5,400.0,0.03,93.24902724146762,276.87753156588894,1400.0,-419.13101794713697,-0.017626308690562434,Inf,15.0
low-mileage,0.0,2.5,400.0,0.04,93.24902724146762,276.87753156588894,1400.0,-483.2085206990176,-0.017626308690562434,Inf,15.0
low-mileage,0.0,5.0,100.0,0.0,155.2167416940348,237.79786074648064,900.0,1128.922603276403,0.13285268391537547,6.102120467373131,15.0
low-mileage,0.0,5.0,100.0,0.01,155.2167416940348,237.79786074648064,900.0,982.4370375765636,0.13285268391537547,6.102120467373131,15.0
low-mileage,0.0,5.0,100.0,0.02,155.2167416940348,237.79786074648064,900.0,850.970096984105,0.13285268391537547,6.102120467373131,15.0
low-mileage,0.0,5.0,100.0,0.03,155.2167416940348,237.79786074648064,900.0,732.69571733705,0.13285268391537547,6.102120467373131,15.0
low-mileage,0.0,5.0,100.0,0.04,155.2167416940348,237.79786074648064,900.0,626.0361468593592,0.13285268391537547,6.102120467373131,15.0
low-mileage,0.0,5.0,150.0,0.0,155.2167416940348,237.79786074648064,1150.0,878.9226032764032,0.08608654730850498,7.939116780245066,15.0
low-mileage,0.0,5.0,150.0,0.01,155.2167416940348,237.79786074648064,1150.0,732.4370375765636,0.08608654730850498,7.939116780245066,15.0
low-mileage,0.0,5.0,150.0,0.02,155.2167416940348,237.79786074648064,1150.0,600.9700969841052,0.08608654730850498,7.939116780245066,15.0
low-mileage,0.0,5.0,150.0,0.03,155.2167416940348,237.79786074648064,1150.0,482.69571733705004,0.08608654730850498,7.939116780245066,15.0
low-mileage,0.0,5.0,150.0,0.04,155.2167416940348,237.79786074648064,1150.0,376.03614685935935,0.08608654730850498,7.939116780245066,15.0
low-mileage,0.0,5.0,200.0,0.0,155.2167416940348,237.79786074648064,1400.0,628.9226032764029,0.0532833235708676,9.848018705967753,15.0
low-mileage,0.0,5.0,200.0,0.01,155.2167416940348,237.79786074648064,1400.0,482.4370375765636,0.0532833235708676,9.848018705967753,15.0
low-mileage,0.0,5.0,200.0,0.02,155.2167416940348,237.79786074648064,1400.0,350.9700969841051,0.0532833235708676,9.848018705967753,15.0
low-mileage,0.0,5.0,200.0,0.03,155.2167416940348,237.79786074648064,1400.0,232.69571733704998,0.0532833235708676,9.848018705967753,15.0
low-mileage,0.0,5.0,200.0,0.04,155.2167416940348,237.79786074648064,1400.0,126.03614685935945,0.0532833235708676,9.848018705967753,15.0
low-mileage,0.0,5.0,250.0,0.0,155.2167416940348,237.79786074648064,1650.0,378.92260327640287,0.02847021217880178,11.832818806514084,15.0
low-mileage,0.0,5.0,250.0,0.01,155.2167416940348,237.79786074648064,1650.0,232.43703757656363,0.02847021217880178,11.832818806514084,15.0
low-mileage,0.0,5.0,250.0,0.02,155.2167416940348,237.79786074648064,1650.0,100.97009698410513,0.02847021217880178,11.832818806514084,15.0
low-mileage,0.0,5.0,250.0,0.03,155.2167416940348,237.79786074648064,1650.0,-17.304282662949987,0.02847021217880178,11.832818806514084,15.0
low-mileage,0.0,5.0,250.0,0.04,155.2167416940348,237.79786074648064,1650.0,-123.96385314064057,0.02847021217880178,11.832818806514084,15.0
low-mileage,0.0,5.0,300.0,0.0,155.2167416940348,237.79786074648064,1900.0,128.92260327640275,0.008741886373818434,13.899930953367365,15.0
low-mileage,0.0,5.0,300.0,0.01,155.2167416940348,237.79786074648064,1900.0,-17.562962423436304,0.008741886373818434,13.899930953367365,15.0
low-mileage,0.0,5.0,300.0,0.02,155.2167416940348,237.79786074648064,1900.0,-149.02990301589494,0.008741886373818434,13.899930953367365,15.0
low-mileage,0.0,5.0,300.0,0.03,155.2167416940348,237.79786074648064,1900.0,-267.3042826629501,0.008741886373818434,13.899930953367365,15.0
low-mileage,0.0,5.0,300.0,0.04,155.2167416940348,237.79786074648064,1900.0,-373.9638531406404,0.008741886373818434,13.899930953367365,15.0
low-mileage,0.0,5.0,350.0,0.0,155.2167416940348,237.79786074648064,2150.0,-121.07739672359735,-0.007505675997357511,Inf,15.0
low-mileage,0.0,5.0,350.0,0.01,155.2167416940348,237.79786074648064,2150.0,-267.5629624234365,-0.007505675997357511,Inf,15.0
low-mileage,0.0,5.0,350.0,0.02,155.2167416940348,237.79786074648064,2150.0,-399.02990301589523,-0.007505675997357511,Inf,15.0
low-mileage,0.0,5.0,350.0,0.03,155.2167416940348,237.79786074648064,2150.0,-517.3042826629502,-0.007505675997357511,Inf,15.0
low-mileage,0.0,5.0,350.0,0.04,155.2167416940348,237.79786074648064,2150.0,-623.9638531406404,-0.007505675997357511,Inf,15.0
low-mileage,0.0,5.0,400.0,0.0,155.2167416940348,237.79786074648064,2400.0,-371.0773967235976,-0.021240587271561313,Inf,15.0
low-mileage,0.0,5.0,400.0,0.01,155.2167416940348,237.79786074648064,2400.0,-517.5629624234365,-0.021240587271561313,Inf,15.0
low-mileage,0.0,5.0,400.0,0.02,155.2167416940348,237.79786074648064,2400.0,-649.0299030158948,-0.021240587271561313,Inf,15.0
low-mileage,0.0,5.0,400.0,0.03,155.2167416940348,237.79786074648064,2400.0,-767.30428266295,-0.021240587271561313,Inf,15.0
low-mileage,0.0,5.0,400.0,0.04,155.2167416940348,237.79786074648064,2400.0,-873.9638531406404,-0.021240587271561313,Inf,15.0
low-mileage,0.0,10.0,100.0,0.0,231.4378499120162,185.76833020441015,1400.0,1625.2502392158358,0.1242338715394248,6.38523697128038,15.0
low-mileage,0.0,10.0,100.0,0.01,231.4378499120162,185.76833020441015,1400.0,1406.8311176783866,0.1242338715394248,6.38523697128038,15.0
low-mileage,0.0,10.0,100.0,0.02,231.4378499120162,185.76833020441015,1400.0,1210.8057035822299,0.1242338715394248,6.38523697128038,15.0
low-mileage,0.0,10.0,100.0,0.03,231.4378499120162,185.76833020441015,1400.0,1034.4512212857885,0.1242338715394248,6.38523697128038,15.0
low-mileage,0.0,10.0,100.0,0.04,231.4378499120162,185.76833020441015,1400.0,875.4151444136469,0.1242338715394248,6.38523697128038,15.0
low-mileage,0.0,10.0,150.0,0.0,231.4378499120162,185.76833020441015,1900.0,1125.2502392158356,0.06851623090141964,8.878856407171728,15.0
low-mileage,0.0,10.0,150.0,0.01,231.4378499120162,185.76833020441015,1900.0,906.8311176783862,0.06851623090141964,8.878856407171728,15.0
low-mileage,0.0,10.0,150.0,0.02,231.4378499120162,185.76833020441015,1900.0,710.8057035822299,0.06851623090141964,8.878856407171728,15.0
low-mileage,0.0,10.0,150.0,0.03,231.4378499120162,185.76833020441015,1900.0,534.4512212857887,0.06851623090141964,8.878856407171728,15.0
low-mileage,0.0,10.0,150.0,0.04,231.4378499120162,185.76833020441015,1900.0,375.415144413647,0.06851623090141964,8.878856407171728,15.0
low-mileage,0.0,10.0,200.0,0.0,231.4378499120162,185.76833020441015,2400.0,625.2502392158354,0.03208104765020374,11.50768856877691,15.0
low-mileage,0.0,10.0,200.0,0.01,231.4378499120162,185.76833020441015,2400.0,406.8311176783867,0.03208104765020374,11.50768856877691,15.0
low-mileage,0.0,10.0,200.0,0.02,231.4378499120162,185.76833020441015,2400.0,210.80570358222982,0.03208104765020374,11.50768856877691,15.0
low-mileage,0.0,10.0,200.0,0.03,231.4378499120162,185.76833020441015,2400.0,34.45122128578858,0.03208104765020374,11.50768856877691,15.0
low-mileage,0.0,10.0,200.0,0.04,231.4378499120162,185.76833020441015,2400.0,-124.58485558635297,0.03208104765020374,11.50768856877691,15.0
low-mileage,0.0,10.0,250.0,0.0,231.4378499120162,185.76833020441015,2900.0,125.25023921583508,0.005600032870967711,14.281909604091487,15.0
low-mileage,0.0,10.0,250.0,0.01,231.4378499120162,185.76833020441015,2900.0,-93.16888232161276,0.005600032870967711,14.281909604091487,15.0
low-mileage,0.0,10.0,250.0,0.02,231.4378499120162,185.76833020441015,2900.0,-289.19429641777026,0.005600032870967711,14.281909604091487,15.0
low-mileage,0.0,10.0,250.0,0.03,231.4378499120162,185.76833020441015,2900.0,-465.5487787142115,0.005600032870967711,14.281909604091487,15.0
low-mileage,0.0,10.0,250.0,0.04,231.4378499120162,185.76833020441015,2900.0,-624.5848555863536,0.005600032870967711,14.281909604091487,15.0
low-mileage,0.0,10.0,300.0,0.0,231.4378499120162,185.76833020441015,3400.0,-374.7497607841648,-0.014929874048942277,Inf,15.0
low-mileage,0.0,10.0,300.0,0.01,231.4378499120162,185.76833020441015,3400.0,-593.1688823216131,-0.014929874048942277,Inf,15.0
low-mileage,0.0,10.0,300.0,0.02,231.4378499120162,185.76833020441015,3400.0,-789.1942964177698,-0.014929874048942277,Inf,15.0
low-mileage,0.0,10.0,300.0,0.03,231.4378499120162,185.76833020441015,3400.0,-965.5487787142115,-0.014929874048942277,Inf,15.0
low-mileage,0.0,10.0,300.0,0.04,231.4378499120162,185.76833020441015,3400.0,-1124.5848555863536,-0.014929874048942277,Inf,15.0
low-mileage,0.0,10.0,350.0,0.0,231.4378499120162,185.76833020441015,3900.0,-874.7497607841643,-0.031551212675053134,Inf,15.0
low-mileage,0.0,10.0,350.0,0.01,231.4378499120162,185.76833020441015,3900.0,-1093.1688823216132,-0.031551212675053134,Inf,15.0
low-mileage,0.0,10.0,350.0,0.02,231.4378499120162,185.76833020441015,3900.0,-1289.19429641777,-0.031551212675053134,Inf,15.0
low-mileage,0.0,10.0,350.0,0.03,231.4378499120162,185.76833020441015,3900.0,-1465.5487787142117,-0.031551212675053134,Inf,15.0
low-mileage,0.0,10.0,350.0,0.04,231.4378499120162,185.76833020441015,3900.0,-1624.5848555863533,-0.031551212675053134,Inf,15.0
low-mileage,0.0,10.0,400.0,0.0,231.4378499120162,185.76833020441015,4400.0,-1374.7497607841642,-0.045432194510158924,Inf,15.0
low-mileage,0.0,10.0,400.0,0.01,231.4378499120162,185.76833020441015,4400.0,-1593.1688823216136,-0.045432194510158924,Inf,15.0
low-mileage,0.0,10.0,400.0,0.02,231.4378499120162,185.76833020441015,4400.0,-1789.1942964177692,-0.045432194510158924,Inf,15.0
low-mileage,0.0,10.0,400.0,0.03,231.4378499120162,185.76833020441015,4400.0,-1965.5487787142115,-0.045432194510158924,Inf,15.0
low-mileage,0.0,10.0,400.0,0.04,231.4378499120162,185.76833020441015,4400.0,-2124.584855586353,-0.045432194510158924,Inf,15.0
low-mileage,0.0,12.5,100.0,0.0,255.85004914468618,167.18573008940382,1650.0,1694.3553968056406,0.11165327744636891,6.836727938127021,15.0
low-mileage,0.0,12.5,100.0,0.01,255.85004914468618,167.18573008940382,1650.0,1452.8972990885215,0.11165327744636891,6.836727938127021,15.0
low-mileage,0.0,12.5,100.0,0.02,255.85004914468618,167.18573008940382,1650.0,1236.1950101190405,0.11165327744636891,6.836727938127021,15.0
low-mileage,0.0,12.5,100.0,0.03,255.85004914468618,167.18573008940382,1650.0,1041.2385542947954,0.11165327744636891,6.836727938127021,15.0
low-mileage,0.0,12.5,100.0,0.04,255.85004914468618,167.18573008940382,1650.0,865.42725938783,0.11165327744636891,6.836727938127021,15.0
low-mileage,0.0,12.5,150.0,0.0,255.85004914468618,167.18573008940382,2275.0,1069.3553968056403,0.055540937047894604,9.69483276524752,15.0
low-mileage,0.0,12.5,150.0,0.01,255.85004914468618,167.18573008940382,2275.0,827.8972990885217,0.055540937047894604,9.69483276524752,15.0
low-mileage,0.0,12.5,150.0,0.02,255.85004914468618,167.18573008940382,2275.0,611.19501011904,0.055540937047894604,9.69483276524752,15.0
low-mileage,0.0,12.5,150.0,0.03,255.85004914468618,167.18573008940382,2275.0,416.23855429479556,0.055540937047894604,9.69483276524752,15.0
low-mileage,0.0,12.5,150.0,0.04,255.85004914468618,167.18573008940382,2275.0,240.42725938783008,0.055540937047894604,9.69483276524752,15.0
low-mileage,0.0,12.5,200.0,0.0,255.85004914468618,167.18573008940382,2900.0,444.35539680564034,0.019330158176353453,12.727141982552718,15.0
low-mileage,0.0,12.5,200.0,0.01,255.85004914468618,167.18573008940382,2900.0,202.89729908852186,0.019330158176353453,12.727141982552718,15.0
low-mileage,0.0,12.5,200.0,0.02,255.85004914468618,167.18573008940382,2900.0,-13.80498988095951,0.019330158176353453,12.727141982552718,15.0
low-mileage,0.0,12.5,200.0,0.03,255.85004914468618,167.18573008940382,2900.0,-208.7614457052039,0.019330158176353453,12.727141982552718,15.0
low-mileage,0.0,12.5,200.0,0.04,255.85004914468618,167.18573008940382,2900.0,-384.5727406121702,0.019330158176353453,12.727141982552718,15.0
low-mileage,0.0,12.5,250.0,0.0,255.85004914468618,167.18573008940382,3525.0,-180.64460319435935,-0.006820109964091953,Inf,15.0
low-mileage,0.0,12.5,250.0,0.01,255.85004914468618,167.18573008940382,3525.0,-422.10270091147845,-0.006820109964091953,Inf,15.0
low-mileage,0.0,12.5,250.0,0.02,255.85004914468618,167.18573008940382,3525.0,-638.8049898809592,-0.006820109964091953,Inf,15.0
low-mileage,0.0,12.5,250.0,0.03,255.85004914468618,167.18573008940382,3525.0,-833.7614457052044,-0.006820109964091953,Inf,15.0
low-mileage,0.0,12.5,250.0,0.04,255.85004914468618,167.18573008940382,3525.0,-1009.5727406121705,-0.006820109964091953,Inf,15.0
low-mileage,0.0,12.5,300.0,0.0,255.85004914468618,167.18573008940382,4150.0,-805.6446031943591,-0.02702293038314798,Inf,15.0
low-mileage,0.0,12.5,300.0,0.01,255.85004914468618,167.18573008940382,4150.0,-1047.1027009114787,-0.02702293038314798,Inf,15.0
low-mileage,0.0,12.5,300.0,0.02,255.85004914468618,167.18573008940382,4150.0,-1263.804989880959,-0.02702293038314798,Inf,15.0
low-mileage,0.0,12.5,300.0,0.03,255.85004914468618,167.18573008940382,4150.0,-1458.7614457052046,-0.02702293038314798,Inf,15.0
low-mileage,0.0,12.5,300.0,0.04,255.85004914468618,167.18573008940382,4150.0,-1634.5727406121705,-0.02702293038314798,Inf,15.0
low-mileage,0.0,12.5,350.0,0.0,255.85004914468618,167.18573008940382,4775.0,-1430.6446031943583,-0.04334584817340903,Inf,15.0
low-mileage,0.0,12.5,350.0,0.01,255.85004914468618,167.18573008940382,4775.0,-1672.1027009114785,-0.04334584817340903,Inf,15.0
low-mileage,0.0,12.5,350.0,0.02,255.85004914468618,167.18573008940382,4775.0,-1888.8049898809595,-0.04334584817340903,Inf,15.0
low-mileage,0.0,12.5,350.0,0.03,255.85004914468618,167.18573008940382,4775.0,-2083.761445705206,-0.04334584817340903,Inf,15.0
low-mileage,0.0,12.5,350.0,0.04,255.85004914468618,167.18573008940382,4775.0,-2259.572740612171,-0.04334584817340903,Inf,15.0
low-mileage,0.0,12.5,400.0,0.0,255.85004914468618,167.18573008940382,5400.0,-2055.6446031943588,-0.05696032335348211,Inf,15.0
low-mileage,0.0,12.5,400.0,0.01,255.85004914468618,167.18573008940382,5400.0,-2297.1027009114787,-0.05696032335348211,Inf,15.0
low-mileage,0.0,12.5,400.0,0.02,255.85004914468618,167.18573008940382,5400.0,-2513.8049898809604,-0.05696032335348211,Inf,15.0
low-mileage,0.0,12.5,400.0,0.03,255.85004914468618,167.18573008940382,5400.0,-2708.761445705205,-0.05696032335348211,Inf,15.0
low-mileage,0.0,12.5,400.0,0.04,255.85004914468618,167.18573008940382,5400.0,-2884.57274061217,-0.05696032335348211,Inf,15.0
low-mileage,0.0,20.0,100.0,0.0,303.55635467295156,126.03007009761068,2400.0,1567.9505099919875,0.07483992965313854,8.522385268115595,15.0
low-mileage,0.0,20.0,100.0,0.01,303.55635467295156,126.03007009761068,2400.0,1281.469658437317,0.07483992965313854,8.522385268115595,15.0
low-mileage,0.0,20.0,100.0,0.02,303.55635467295156,126.03007009761068,2400.0,1024.3606326279842,0.07483992965313854,8.522385268115595,15.0
low-mileage,0.0,20.0,100.0,0.03,303.55635467295156,126.03007009761068,2400.0,793.0522109653448,0.07483992965313854,8.522385268115595,15.0
low-mileage,0.0,20.0,100.0,0.04,303.55635467295156,126.03007009761068,2400.0,584.4587947408708,0.07483992965313854,8.522385268115595,15.0
low-mileage,0.0,20.0,150.0,0.0,303.55635467295156,126.03007009761068,3400.0,567.9505099919876,0.02100511115728517,12.55611450519795,15.0
low-mileage,0.0,20.0,150.0,0.01,303.55635467295156,126.03007009761068,3400.0,281.4696584373169,0.02100511115728517,12.55611450519795,15.0
low-mileage,0.0,20.0,150.0,0.02,303.55635467295156,126.03007009761068,3400.0,24.36063262798416,0.02100511115728517,12.55611450519795,15.0
low-mileage,0.0,20.0,150.0,0.03,303.55635467295156,126.03007009761068,3400.0,-206.94778903465573,0.02100511115728517,12.55611450519795,15.0
low-mileage,0.0,20.0,150.0,0.04,303.55635467295156,126.03007009761068,3400.0,-415.5412052591296,0.02100511115728517,12.55611450519795,15.0
low-mileage,0.0,20.0,200.0,0.0,303.55635467295156,126.03007009761068,4400.0,-432.0494900080122,-0.01325163758784987,Inf,15.0
low-mileage,0.0,20.0,200.0,0.01,303.55635467295156,126.03007009761068,4400.0,-718.5303415626838,-0.01325163758784987,Inf,15.0
low-mileage,0.0,20.0,200.0,0.02,303.55635467295156,126.03007009761068,4400.0,-975.6393673720169,-0.01325163758784987,Inf,15.0
low-mileage,0.0,20.0,200.0,0.03,303.55635467295156,126.03007009761068,4400.0,-1206.9477890346557,-0.01325163758784987,Inf,15.0
low-mileage,0.0,20.0,200.0,0.04,303.55635467295156,126.03007009761068,4400.0,-1415.54120525913,-0.01325163758784987,Inf,15.0
low-mileage,0.0,20.0,250.0,0.0,303.55635467295156,126.03007009761068,5400.0,-1432.0494900080118,-0.037864369981417435,Inf,15.0
low-mileage,0.0,20.0,250.0,0.01,303.55635467295156,126.03007009761068,5400.0,-1718.5303415626834,-0.037864369981417435,Inf,15.0
low-mileage,0.0,20.0,250.0,0.02,303.55635467295156,126.03007009761068,5400.0,-1975.6393673720167,-0.037864369981417435,Inf,15.0
low-mileage,0.0,20.0,250.0,0.03,303.55635467295156,126.03007009761068,5400.0,-2206.947789034655,-0.037864369981417435,Inf,15.0
low-mileage,0.0,20.0,250.0,0.04,303.55635467295156,126.03007009761068,5400.0,-2415.541205259129,-0.037864369981417435,Inf,15.0
low-mileage,0.0,20.0,300.0,0.0,303.55635467295156,126.03007009761068,6400.0,-2432.0494900080116,-0.056843773400512186,Inf,15.0
low-mileage,0.0,20.0,300.0,0.01,303.55635467295156,126.03007009761068,6400.0,-2718.530341562683,-0.056843773400512186,Inf,15.0
low-mileage,0.0,20.0,300.0,0.02,303.55635467295156,126.03007009761068,6400.0,-2975.6393673720154,-0.056843773400512186,Inf,15.0
low-mileage,0.0,20.0,300.0,0.03,303.55635467295156,126.03007009761068,6400.0,-3206.9477890346548,-0.056843773400512186,Inf,15.0
low-mileage,0.0,20.0,300.0,0.04,303.55635467295156,126.03007009761068,6400.0,-3415.54120525913,-0.056843773400512186,Inf,15.0
low-mileage,0.0,20.0,350.0,0.0,303.55635467295156,126.03007009761068,7400.0,-3432.0494900080116,-0.072170842407596,Inf,15.0
low-mileage,0.0,20.0,350.0,0.01,303.55635467295156,126.03007009761068,7400.0,-3718.530341562685,-0.072170842407596,Inf,15.0
low-mileage,0.0,20.0,350.0,0.02,303.55635467295156,126.03007009761068,7400.0,-3975.6393673720154,-0.072170842407596,Inf,15.0
low-mileage,0.0,20.0,350.0,0.03,303.55635467295156,126.03007009761068,7400.0,-4206.947789034654,-0.072170842407596,Inf,15.0
low-mileage,0.0,20.0,350.0,0.04,303.55635467295156,126.03007009761068,7400.0,-4415.541205259131,-0.072170842407596,Inf,15.0
low-mileage,0.0,20.0,400.0,0.0,303.55635467295156,126.03007009761068,8400.0,-4432.049490008012,-0.08495685445425558,Inf,15.0
low-mileage,0.0,20.0,400.0,0.01,303.55635467295156,126.03007009761068,8400.0,-4718.530341562684,-0.08495685445425558,Inf,15.0
low-mileage,0.0,20.0,400.0,0.02,303.55635467295156,126.03007009761068,8400.0,-4975.639367372016,-0.08495685445425558,Inf,15.0
low-mileage,0.0,20.0,400.0,0.03,303.55635467295156,126.03007009761068,8400.0,-5206.947789034654,-0.08495685445425558,Inf,15.0
low-mileage,0.0,20.0,400.0,0.04,303.55635467295156,126.03007009761068,8400.0,-5415.541205259131,-0.08495685445425558,Inf,15.0
low-mileage,0.0,30.0,100.0,0.0,355.8109817329307,99.09186071223206,3400.0,1250.9992121529924,0.04432081562748745,10.500904821549558,15.0
low-mileage,0.0,30.0,100.0,0.01,355.8109817329307,99.09186071223206,3400.0,915.2031351801528,0.04432081562748745,10.500904821549558,15.0
low-mileage,0.0,30.0,100.0,0.02,355.8109817329307,99.09186071223206,3400.0,613.8349922395172,0.04432081562748745,10.500904821549558,15.0
low-mileage,0.0,30.0,100.0,0.03,355.8109817329307,99.09186071223206,3400.0,342.7088065151245,0.04432081562748745,10.500904821549558,15.0
low-mileage,0.0,30.0,100.0,0.04,355.8109817329307,99.09186071223206,3400.0,98.20781990319972,0.04432081562748745,10.500904821549558,15.0
low-mileage,0.0,30.0,150.0,0.0,355.8109817329307,99.09186071223206,4900.0,-249.00078784700753,-0.00676201315794293,Inf,15.0
low-mileage,0.0,30.0,150.0,0.01,355.8109817329307,99.09186071223206,4900.0,-584.7968648198477,-0.00676201315794293,Inf,15.0
low-mileage,0.0,30.0,150.0,0.02,355.8109817329307,99.09186071223206,4900.0,-886.1650077604822,-0.00676201315794293,Inf,15.0
low-mileage,0.0,30.0,150.0,0.03,355.8109817329307,99.09186071223206,4900.0,-1157.291193484876,-0.00676201315794293,Inf,15.0
low-mileage,0.0,30.0,150.0,0.04,355.8109817329307,99.09186071223206,4900.0,-1401.792180096801,-0.00676201315794293,Inf,15.0
low-mileage,0.0,30.0,200.0,0.0,355.8109817329307,99.09186071223206,6400.0,-1749.000787847008,-0.03913788572156738,Inf,15.0
low-mileage,0.0,30.0,200.0,0.01,355.8109817329307,99.09186071223206,6400.0,-2084.796864819848,-0.03913788572156738,Inf,15.0
low-mileage,0.0,30.0,200.0,0.02,355.8109817329307,99.09186071223206,6400.0,-2386.1650077604827,-0.03913788572156738,Inf,15.0
low-mileage,0.0,30.0,200.0,0.03,355.8109817329307,99.09186071223206,6400.0,-2657.2911934848757,-0.03913788572156738,Inf,15.0
low-mileage,0.0,30.0,200.0,0.04,355.8109817329307,99.09186071223206,6400.0,-2901.792180096801,-0.03913788572156738,Inf,15.0
low-mileage,0.0,30.0,250.0,0.0,355.8109817329307,99.09186071223206,7900.0,-3249.0007878470083,-0.0623937312950057,Inf,15.0
low-mileage,0.0,30.0,250.0,0.01,355.8109817329307,99.09186071223206,7900.0,-3584.796864819849,-0.0623937312950057,Inf,15.0
low-mileage,0.0,30.0,250.0,0.02,355.8109817329307,99.09186071223206,7900.0,-3886.1650077604827,-0.0623937312950057,Inf,15.0
low-mileage,0.0,30.0,250.0,0.03,355.8109817329307,99.09186071223206,7900.0,-4157.291193484874,-0.0623937312950057,Inf,15.0
low-mileage,0.0,30.0,250.0,0.04,355.8109817329307,99.09186071223206,7900.0,-4401.7921800968015,-0.0623937312950057,Inf,15.0
low-mileage,0.0,30.0,300.0,0.0,355.8109817329307,99.09186071223206,9400.0,-4749.000787847006,-0.08034149057725731,Inf,15.0
low-mileage,0.0,30.0,300.0,0.01,355.8109817329307,99.09186071223206,9400.0,-5084.796864819847,-0.08034149057725731,Inf,15.0
low-mileage,0.0,30.0,300.0,0.02,355.8109817329307,99.09186071223206,9400.0,-5386.16500776048,-0.08034149057725731,Inf,15.0
low-mileage,0.0,30.0,300.0,0.03,355.8109817329307,99.09186071223206,9400.0,-5657.291193484876,-0.08034149057725731,Inf,15.0
low-mileage,0.0,30.0,300.0,0.04,355.8109817329307,99.09186071223206,9400.0,-5901.7921800968015,-0.08034149057725731,Inf,15.0
low-mileage,0.0,30.0,350.0,0.0,355.8109817329307,99.09186071223206,10900.0,-6249.000787847004,-0.09485170429077106,Inf,15.0
low-mileage,0.0,30.0,350.0,0.01,355.8109817329307,99.09186071223206,10900.0,-6584.796864819845,-0.09485170429077106,Inf,15.0
low-mileage,0.0,30.0,350.0,0.02,355.8109817329307,99.09186071223206,10900.0,-6886.165007760482,-0.09485170429077106,Inf,15.0
low-mileage,0.0,30.0,350.0,0.03,355.8109817329307,99.09186071223206,10900.0,-7157.291193484877,-0.09485170429077106,Inf,15.0
low-mileage,0.0,30.0,350.0,0.04,355.8109817329307,99.09186071223206,10900.0,-7401.7921800968015,-0.09485170429077106,Inf,15.0
low-mileage,0.0,30.0,400.0,0.0,355.8109817329307,99.09186071223206,12400.0,-7749.000787847005,-0.10697049939803313,Inf,15.0
low-mileage,0.0,30.0,400.0,0.01,355.8109817329307,99.09186071223206,12400.0,-8084.796864819842,-0.10697049939803313,Inf,15.0
low-mileage,0.0,30.0,400.0,0.02,355.8109817329307,99.09186071223206,12400.0,-8386.165007760483,-0.10697049939803313,Inf,15.0
low-mileage,0.0,30.0,400.0,0.03,355.8109817329307,99.09186071223206,12400.0,-8657.291193484876,-0.10697049939803313,Inf,15.0
low-mileage,0.0,30.0,400.0,0.04,355.8109817329307,99.09186071223206,12400.0,-8901.7921800968,-0.10697049939803313,Inf,15.0
low-mileage,3.0,5.0,100.0,0.0,302.2104058851699,286.82150339559195,900.0,3050.356880022833,0.31154602759237593,3.0400105537292457,15.0
low-mileage,3.0,5.0,100.0,0.01,302.2104058851699,286.82150339559195,900.0,2765.146265605146,0.31154602759237593,3.0400105537292457,15.0
low-mileage,3.0,5.0,100.0,0.02,302.2104058851699,286.82150339559195,900.0,2509.177244201217,0.31154602759237593,3.0400105537292457,15.0
low-mileage,3.0,5.0,100.0,0.03,302.2104058851699,286.82150339559195,900.0,2278.894428772636,0.31154602759237593,3.0400105537292457,15.0
low-mileage,3.0,5.0,100.0,0.04,302.2104058851699,286.82150339559195,900.0,2071.2259019513467,0.31154602759237593,3.0400105537292457,15.0
low-mileage,3.0,5.0,150.0,0.0,302.2104058851699,286.82150339559195,1150.0,2800.356880022833,0.23456352881694323,3.9189366664215477,15.0
low-mileage,3.0,5.0,150.0,0.01,302.2104058851699,286.82150339559195,1150.0,2515.1462656051453,0.23456352881694323,3.9189366664215477,15.0
low-mileage,3.0,5.0,150.0,0.02,302.2104058851699,286.82150339559195,1150.0,2259.177244201217,0.23456352881694323,3.9189366664215477,15.0
low-mileage,3.0,5.0,150.0,0.03,302.2104058851699,286.82150339559195,1150.0,2028.894428772636,0.23456352881694323,3.9189366664215477,15.0
low-mileage,3.0,5.0,150.0,0.04,302.2104058851699,286.82150339559195,1150.0,1821.2259019513467,0.23456352881694323,3.9189366664215477,15.0
low-mileage,3.0,5.0,200.0,0.0,302.2104058851699,286.82150339559195,1400.0,2550.356880022833,0.18305627676100805,4.814145692973317,15.0
low-mileage,3.0,5.0,200.0,0.01,302.2104058851699,286.82150339559195,1400.0,2265.146265605146,0.18305627676100805,4.814145692973317,15.0
low-mileage,3.0,5.0,200.0,0.02,302.2104058851699,286.82150339559195,1400.0,2009.177244201217,0.18305627676100805,4.814145692973317,15.0
low-mileage,3.0,5.0,200.0,0.03,302.2104058851699,286.82150339559195,1400.0,1778.8944287726363,0.18305627676100805,4.814145692973317,15.0
low-mileage,3.0,5.0,200.0,0.04,302.2104058851699,286.82150339559195,1400.0,1571.225901951347,0.18305627676100805,4.814145692973317,15.0
low-mileage,3.0,5.0,250.0,0.0,302.2104058851699,286.82150339559195,1650.0,2300.356880022833,0.1455341710862308,5.7255194625220245,15.0
low-mileage,3.0,5.0,250.0,0.01,302.2104058851699,286.82150339559195,1650.0,2015.1462656051453,0.1455341710862308,5.7255194625220245,15.0
low-mileage,3.0,5.0,250.0,0.02,302.2104058851699,286.82150339559195,1650.0,1759.177244201217,0.1455341710862308,5.7255194625220245,15.0
low-mileage,3.0,5.0,250.0,0.03,302.2104058851699,286.82150339559195,1650.0,1528.8944287726363,0.1455341710862308,5.7255194625220245,15.0
low-mileage,3.0,5.0,250.0,0.04,302.2104058851699,286.82150339559195,1650.0,1321.225901951347,0.1455341710862308,5.7255194625220245,15.0
low-mileage,3.0,5.0,300.0,0.0,302.2104058851699,286.82150339559195,1900.0,2050.356880022833,0.11659189479052423,6.653761405216422,15.0
low-mileage,3.0,5.0,300.0,0.01,302.2104058851699,286.82150339559195,1900.0,1765.1462656051453,0.11659189479052423,6.653761405216422,15.0
low-mileage,3.0,5.0,300.0,0.02,302.2104058851699,286.82150339559195,1900.0,1509.1772442012175,0.11659189479052423,6.653761405216422,15.0
low-mileage,3.0,5.0,300.0,0.03,302.2104058851699,286.82150339559195,1900.0,1278.894428772636,0.11659189479052423,6.653761405216422,15.0
low-mileage,3.0,5.0,300.0,0.04,302.2104058851699,286.82150339559195,1900.0,1071.225901951347,0.11659189479052423,6.653761405216422,15.0
low-mileage,3.0,5.0,350.0,0.0,302.2104058851699,286.82150339559195,2150.0,1800.3568800228331,0.09334021240926851,7.5995969301355295,15.0
low-mileage,3.0,5.0,350.0,0.01,302.2104058851699,286.82150339559195,2150.0,1515.1462656051453,0.09334021240926851,7.5995969301355295,15.0
low-mileage,3.0,5.0,350.0,0.02,302.2104058851699,286.82150339559195,2150.0,1259.1772442012175,0.09334021240926851,7.5995969301355295,15.0
low-mileage,3.0,5.0,350.0,0.03,302.2104058851699,286.82150339559195,2150.0,1028.894428772636,0.09334021240926851,7.5995969301355295,15.0
low-mileage,3.0,5.0,350.0,0.04,302.2104058851699,286.82150339559195,2150.0,821.2259019513469,0.09334021240926851,7.5995969301355295,15.0
low-mileage,3.0,5.0,400.0,0.0,302.2104058851699,286.82150339559195,2400.0,1550.3568800228334,0.07408618714870495,8.56377402941401,15.0
low-mileage,3.0,5.0,400.0,0.01,302.2104058851699,286.82150339559195,2400.0,1265.146265605146,0.07408618714870495,8.56377402941401,15.0
low-mileage,3.0,5.0,400.0,0.02,302.2104058851699,286.82150339559195,2400.0,1009.1772442012173,0.07408618714870495,8.56377402941401,15.0
low-mileage,3.0,5.0,400.0,0.03,302.2104058851699,286.82150339559195,2400.0,778.8944287726363,0.07408618714870495,8.56377402941401,15.0
low-mileage,3.0,5.0,400.0,0.04,302.2104058851699,286.82150339559195,2400.0,571.2259019513472,0.07408618714870495,8.56377402941401,15.0
low-mileage,3.0,10.0,100.0,0.0,431.8356915554928,230.85835413320365,1400.0,4244.759617654752,0.2830339383151726,3.3204168807199914,15.0
low-mileage,3.0,10.0,100.0,0.01,431.8356915554928,230.85835413320365,1400.0,3837.2153355335486,0.2830339383151726,3.3204168807199914,15.0
low-mileage,3.0,10.0,100.0,0.02,431.8356915554928,230.85835413320365,1400.0,3471.455066455493,0.2830339383151726,3.3204168807199914,15.0
low-mileage,3.0,10.0,100.0,0.03,431.8356915554928,230.85835413320365,1400.0,3142.398432675209,0.2830339383151726,3.3204168807199914,15.0
low-mileage,3.0,10.0,100.0,0.04,431.8356915554928,230.85835413320365,1400.0,2845.655897845827,0.2830339383151726,3.3204168807199914,15.0
low-mileage,3.0,10.0,150.0,0.0,431.8356915554928,230.85835413320365,1900.0,3744.759617654752,0.19579807097406038,4.561846792528794,15.0
low-mileage,3.0,10.0,150.0,0.01,431.8356915554928,230.85835413320365,1900.0,3337.2153355335486,0.19579807097406038,4.561846792528794,15.0
low-mileage,3.0,10.0,150.0,0.02,431.8356915554928,230.85835413320365,1900.0,2971.455066455493,0.19579807097406038,4.561846792528794,15.0
low-mileage,3.0,10.0,150.0,0.03,431.8356915554928,230.85835413320365,1900.0,2642.398432675209,0.19579807097406038,4.561846792528794,15.0
low-mileage,3.0,10.0,150.0,0.04,431.8356915554928,230.85835413320365,1900.0,2345.655897845827,0.19579807097406038,4.561846792528794,15.0
low-mileage,3.0,10.0,200.0,0.0,431.8356915554928,230.85835413320365,2400.0,3244.759617654752,0.14173335150991073,5.833822191416539,15.0
low-mileage,3.0,10.0,200.0,0.01,431.8356915554928,230.85835413320365,2400.0,2837.2153355335486,0.14173335150991073,5.833822191416539,15.0
low-mileage,3.0,10.0,200.0,0.02,431.8356915554928,230.85835413320365,2400.0,2471.4550664554927,0.14173335150991073,5.833822191416539,15.0
low-mileage,3.0,10.0,200.0,0.03,431.8356915554928,230.85835413320365,2400.0,2142.3984326752093,0.14173335150991073,5.833822191416539,15.0
low-mileage,3.0,10.0,200.0,0.04,431.8356915554928,230.85835413320365,2400.0,1845.6558978458272,0.14173335150991073,5.833822191416539,15.0
low-mileage,3.0,10.0,250.0,0.0,431.8356915554928,230.85835413320365,2900.0,2744.759617654752,0.10396339657997139,7.1402951816926015,15.0
low-mileage,3.0,10.0,250.0,0.01,431.8356915554928,230.85835413320365,2900.0,2337.2153355335486,0.10396339657997139,7.1402951816926015,15.0
low-mileage,3.0,10.0,250.0,0.02,431.8356915554928,230.85835413320365,2900.0,1971.455066455493,0.10396339657997139,7.1402951816926015,15.0
low-mileage,3.0,10.0,250.0,0.03,431.8356915554928,230.85835413320365,2900.0,1642.3984326752093,0.10396339657997139,7.1402951816926015,15.0
low-mileage,3.0,10.0,250.0,0.04,431.8356915554928,230.85835413320365,2900.0,1345.655897845827,0.10396339657997139,7.1402951816926015,15.0
low-mileage,3.0,10.0,300.0,0.0,431.8356915554928,230.85835413320365,3400.0,2244.759617654752,0.07554921300068539,8.483702362088298,15.0
low-mileage,3.0,10.0,300.0,0.01,431.8356915554928,230.85835413320365,3400.0,1837.2153355335481,0.07554921300068539,8.483702362088298,15.0
low-mileage,3.0,10.0,300.0,0.02,431.8356915554928,230.85835413320365,3400.0,1471.4550664554931,0.07554921300068539,8.483702362088298,15.0
low-mileage,3.0,10.0,300.0,0.03,431.8356915554928,230.85835413320365,3400.0,1142.3984326752093,0.07554921300068539,8.483702362088298,15.0
low-mileage,3.0,10.0,300.0,0.04,431.8356915554928,230.85835413320365,3400.0,845.6558978458268,0.07554921300068539,8.483702362088298,15.0
low-mileage,3.0,10.0,350.0,0.0,431.8356915554928,230.85835413320365,3900.0,1744.7596176547522,0.05308129737701614,9.861892386506105,15.0
low-mileage,3.0,10.0,350.0,0.01,431.8356915554928,230.85835413320365,3900.0,1337.2153355335481,0.05308129737701614,9.861892386506105,15.0
low-mileage,3.0,10.0,350.0,0.02,431.8356915554928,230.85835413320365,3900.0,971.4550664554928,0.05308129737701614,9.861892386506105,15.0
low-mileage,3.0,10.0,350.0,0.03,431.8356915554928,230.85835413320365,3900.0,642.3984326752094,0.05308129737701614,9.861892386506105,15.0
low-mileage,3.0,10.0,350.0,0.04,431.8356915554928,230.85835413320365,3900.0,345.65589784582653,0.05308129737701614,9.861892386506105,15.0
low-mileage,3.0,10.0,400.0,0.0,431.8356915554928,230.85835413320365,4400.0,1244.7596176547524,0.0346714109640788,11.28177748585163,15.0
low-mileage,3.0,10.0,400.0,0.01,431.8356915554928,230.85835413320365,4400.0,837.2153355335482,0.0346714109640788,11.28177748585163,15.0
low-mileage,3.0,10.0,400.0,0.02,431.8356915554928,230.85835413320365,4400.0,471.4550664554928,0.0346714109640788,11.28177748585163,15.0
low-mileage,3.0,10.0,400.0,0.03,431.8356915554928,230.85835413320365,4400.0,142.39843267520936,0.0346714109640788,11.28177748585163,15.0
low-mileage,3.0,10.0,400.0,0.04,431.8356915554928,230.85835413320365,4400.0,-154.34410215417344,0.0346714109640788,11.28177748585163,15.0
low-mileage,3.0,15.0,100.0,0.0,477.0435465024222,178.4569257915228,1900.0,4335.69612196736,0.22189932274355667,4.109796619609694,15.0
low-mileage,3.0,15.0,100.0,0.01,477.0435465024222,178.4569257915228,1900.0,3885.4869949737454,0.22189932274355667,4.109796619609694,15.0
low-mileage,3.0,15.0,100.0,0.02,477.0435465024222,178.4569257915228,1900.0,3481.4361503060018,0.22189932274355667,4.109796619609694,15.0
low-mileage,3.0,15.0,100.0,0.03,477.0435465024222,178.4569257915228,1900.0,3117.931357514868,0.22189932274355667,4.109796619609694,15.0
low-mileage,3.0,15.0,100.0,0.04,477.0435465024222,178.4569257915228,1900.0,2790.12355009806,0.22189932274355667,4.109796619609694,15.0
low-mileage,3.0,15.0,150.0,0.0,477.0435465024222,178.4569257915228,2650.0,3585.6961219673603,0.14183362933913257,5.830922647415911,15.0
low-mileage,3.0,15.0,150.0,0.01,477.0435465024222,178.4569257915228,2650.0,3135.4869949737454,0.14183362933913257,5.830922647415911,15.0
low-mileage,3.0,15.0,150.0,0.02,477.0435465024222,178.4569257915228,2650.0,2731.4361503060018,0.14183362933913257,5.830922647415911,15.0
low-mileage,3.0,15.0,150.0,0.03,477.0435465024222,178.4569257915228,2650.0,2367.931357514868,0.14183362933913257,5.830922647415911,15.0
low-mileage,3.0,15.0,150.0,0.04,477.0435465024222,178.4569257915228,2650.0,2040.1235500980602,0.14183362933913257,5.830922647415911,15.0
low-mileage,3.0,15.0,200.0,0.0,477.0435465024222,178.4569257915228,3400.0,2835.6961219673603,0.09301055480536427,7.614552364794315,15.0
low-mileage,3.0,15.0,200.0,0.01,477.0435465024222,178.4569257915228,3400.0,2385.4869949737445,0.09301055480536427,7.614552364794315,15.0
low-mileage,3.0,15.0,200.0,0.02,477.0435465024222,178.4569257915228,3400.0,1981.4361503060018,0.09301055480536427,7.614552364794315,15.0
low-mileage,3.0,15.0,200.0,0.03,477.0435465024222,178.4569257915228,3400.0,1617.931357514868,0.09301055480536427,7.614552364794315,15.0
low-mileage,3.0,15.0,200.0,0.04,477.0435465024222,178.4569257915228,3400.0,1290.12355009806,0.09301055480536427,7.614552364794315,15.0
low-mileage,3.0,15.0,250.0,0.0,477.0435465024222,178.4569257915228,4150.0,2085.6961219673603,0.05904047912200548,9.463933550005683,15.0
low-mileage,3.0,15.0,250.0,0.01,477.0435465024222,178.4569257915228,4150.0,1635.4869949737445,0.05904047912200548,9.463933550005683,15.0
low-mileage,3.0,15.0,250.0,0.02,477.0435465024222,178.4569257915228,4150.0,1231.4361503060018,0.05904047912200548,9.463933550005683,15.0
low-mileage,3.0,15.0,250.0,0.03,477.0435465024222,178.4569257915228,4150.0,867.9313575148676,0.05904047912200548,9.463933550005683,15.0
low-mileage,3.0,15.0,250.0,0.04,477.0435465024222,178.4569257915228,4150.0,540.1235500980595,0.05904047912200548,9.463933550005683,15.0
low-mileage,3.0,15.0,300.0,0.0,477.0435465024222,178.4569257915228,4900.0,1335.6961219673603,0.033480937796841165,11.384856300825259,15.0
low-mileage,3.0,15.0,300.0,0.01,477.0435465024222,178.4569257915228,4900.0,885.4869949737441,0.033480937796841165,11.384856300825259,15.0
low-mileage,3.0,15.0,300.0,0.02,477.0435465024222,178.4569257915228,4900.0,481.4361503060009,0.033480937796841165,11.384856300825259,15.0
low-mileage,3.0,15.0,300.0,0.03,477.0435465024222,178.4569257915228,4900.0,117.93135751486781,0.033480937796841165,11.384856300825259,15.0
low-mileage,3.0,15.0,300.0,0.04,477.0435465024222,178.4569257915228,4900.0,-209.8764499019403,0.033480937796841165,11.384856300825259,15.0
low-mileage,3.0,15.0,350.0,0.0,477.0435465024222,178.4569257915228,5650.0,585.696121967361,0.013235326892815863,13.383476412086335,15.0
low-mileage,3.0,15.0,350.0,0.01,477.0435465024222,178.4569257915228,5650.0,135.48699497374417,0.013235326892815863,13.383476412086335,15.0
low-mileage,3.0,15.0,350.0,0.02,477.0435465024222,178.4569257915228,5650.0,-268.5638496939982,0.013235326892815863,13.383476412086335,15.0
low-mileage,3.0,15.0,350.0,0.03,477.0435465024222,178.4569257915228,5650.0,-632.0686424851322,0.013235326892815863,13.383476412086335,15.0
low-mileage,3.0,15.0,350.0,0.04,477.0435465024222,178.4569257915228,5650.0,-959.8764499019403,0.013235326892815863,13.383476412086335,15.0
low-mileage,3.0,15.0,400.0,0.0,477.0435465024222,178.4569257915228,6400.0,-164.30387803263994,-0.003391704893529718,Inf,15.0
low-mileage,3.0,15.0,400.0,0.01,477.0435465024222,178.4569257915228,6400.0,-614.5130050262554,-0.003391704893529718,Inf,15.0
low-mileage,3.0,15.0,400.0,0.02,477.0435465024222,178.4569257915228,6400.0,-1018.5638496939991,-0.003391704893529718,Inf,15.0
low-mileage,3.0,15.0,400.0,0.03,477.0435465024222,178.4569257915228,6400.0,-1382.0686424851324,-0.003391704893529718,Inf,15.0
low-mileage,3.0,15.0,400.0,0.04,477.0435465024222,178.4569257915228,6400.0,-1709.8764499019396,-0.003391704893529718,Inf,15.0
low-mileage,3.0,20.0,100.0,0.0,504.3035356802204,146.250146035718,2400.0,4192.026293598779,0.17659041116230464,4.951297597949733,15.0
low-mileage,3.0,20.0,100.0,0.01,504.3035356802204,146.250146035718,2400.0,3716.090592963045,0.17659041116230464,4.951297597949733,15.0
low-mileage,3.0,20.0,100.0,0.02,504.3035356802204,146.250146035718,2400.0,3288.950825420906,0.17659041116230464,4.951297597949733,15.0
low-mileage,3.0,20.0,100.0,0.03,504.3035356802204,146.250146035718,2400.0,2904.674057429151,0.17659041116230464,4.951297597949733,15.0
low-mileage,3.0,20.0,100.0,0.04,504.3035356802204,146.250146035718,2400.0,2558.134129332592,0.17659041116230464,4.951297597949733,15.0
low-mileage,3.0,20.0,150.0,0.0,504.3035356802204,146.250146035718,3400.0,3192.026293598779,0.1032270580839116,7.170767968405169,15.0
low-mileage,3.0,20.0,150.0,0.01,504.3035356802204,146.250146035718,3400.0,2716.0905929630444,0.1032270580839116,7.170767968405169,15.0
low-mileage,3.0,20.0,150.0,0.02,504.3035356802204,146.250146035718,3400.0,2288.9508254209054,0.1032270580839116,7.170767968405169,15.0
low-mileage,3.0,20.0,150.0,0.03,504.3035356802204,146.250146035718,3400.0,1904.6740574291518,0.1032270580839116,7.170767968405169,15.0
low-mileage,3.0,20.0,150.0,0.04,504.3035356802204,146.250146035718,3400.0,1558.1341293325916,0.1032270580839116,7.170767968405169,15.0
low-mileage,3.0,20.0,200.0,0.0,504.3035356802204,146.250146035718,4400.0,2192.0262935987785,0.05857026087524042,9.494504756468794,15.0
low-mileage,3.0,20.0,200.0,0.01,504.3035356802204,146.250146035718,4400.0,1716.0905929630444,0.05857026087524042,9.494504756468794,15.0
low-mileage,3.0,20.0,200.0,0.02,504.3035356802204,146.250146035718,4400.0,1288.9508254209054,0.05857026087524042,9.494504756468794,15.0
low-mileage,3.0,20.0,200.0,0.03,504.3035356802204,146.250146035718,4400.0,904.6740574291514,0.05857026087524042,9.494504756468794,15.0
low-mileage,3.0,20.0,200.0,0.04,504.3035356802204,146.250146035718,4400.0,558.1341293325917,0.05857026087524042,9.494504756468794,15.0
low-mileage,3.0,20.0,250.0,0.0,504.3035356802204,146.250146035718,5400.0,1192.0262935987782,0.027420333784785894,11.92965564620107,15.0
low-mileage,3.0,20.0,250.0,0.01,504.3035356802204,146.250146035718,5400.0,716.0905929630449,0.027420333784785894,11.92965564620107,15.0
low-mileage,3.0,20.0,250.0,0.02,504.3035356802204,146.250146035718,5400.0,288.95082542090546,0.027420333784785894,11.92965564620107,15.0
low-mileage,3.0,20.0,250.0,0.03,504.3035356802204,146.250146035718,5400.0,-95.32594257084867,0.027420333784785894,11.92965564620107,15.0
low-mileage,3.0,20.0,250.0,0.04,504.3035356802204,146.250146035718,5400.0,-441.8658706674081,0.027420333784785894,11.92965564620107,15.0
low-mileage,3.0,20.0,300.0,0.0,504.3035356802204,146.250146035718,6400.0,192.02629359877858,0.0039039604007398932,14.494753135824986,15.0
low-mileage,3.0,20.0,300.0,0.01,504.3035356802204,146.250146035718,6400.0,-283.9094070369555,0.0039039604007398932,14.494753135824986,15.0
low-mileage,3.0,20.0,300.0,0.02,504.3035356802204,146.250146035718,6400.0,-711.0491745790962,0.0039039604007398932,14.494753135824986,15.0
low-mileage,3.0,20.0,300.0,0.03,504.3035356802204,146.250146035718,6400.0,-1095.3259425708482,0.0039039604007398932,14.494753135824986,15.0
low-mileage,3.0,20.0,300.0,0.04,504.3035356802204,146.250146035718,6400.0,-1441.8658706674078,0.0039039604007398932,14.494753135824986,15.0
low-mileage,3.0,20.0,350.0,0.0,504.3035356802204,146.250146035718,7400.0,-807.9737064012211,-0.014784963214079652,Inf,15.0
low-mileage,3.0,20.0,350.0,0.01,504.3035356802204,146.250146035718,7400.0,-1283.9094070369551,-0.014784963214079652,Inf,15.0
low-mileage,3.0,20.0,350.0,0.02,504.3035356802204,146.250146035718,7400.0,-1711.049174579096,-0.014784963214079652,Inf,15.0
low-mileage,3.0,20.0,350.0,0.03,504.3035356802204,146.250146035718,7400.0,-2095.3259425708484,-0.014784963214079652,Inf,15.0
low-mileage,3.0,20.0,350.0,0.04,504.3035356802204,146.250146035718,7400.0,-2441.8658706674078,-0.014784963214079652,Inf,15.0
low-mileage,3.0,20.0,400.0,0.0,504.3035356802204,146.250146035718,8400.0,-1807.9737064012206,-0.03018018818843933,Inf,15.0
low-mileage,3.0,20.0,400.0,0.01,504.3035356802204,146.250146035718,8400.0,-2283.909407036955,-0.03018018818843933,Inf,15.0
low-mileage,3.0,20.0,400.0,0.02,504.3035356802204,146.250146035718,8400.0,-2711.049174579095,-0.03018018818843933,Inf,15.0
low-mileage,3.0,20.0,400.0,0.03,504.3035356802204,146.250146035718,8400.0,-3095.3259425708484,-0.03018018818843933,Inf,15.0
low-mileage,3.0,20.0,400.0,0.04,504.3035356802204,146.250146035718,8400.0,-3441.8658706674078,-0.03018018818843933,Inf,15.0
low-mileage,3.0,30.0,100.0,0.0,555.7551458582218,112.84061485247442,3400.0,3864.578324557467,0.12197740812699742,6.462747272994705,15.0
low-mileage,3.0,30.0,100.0,0.01,555.7551458582218,112.84061485247442,3400.0,3340.0852444739085,0.12197740812699742,6.462747272994705,15.0
low-mileage,3.0,30.0,100.0,0.02,555.7551458582218,112.84061485247442,3400.0,2869.3665066168833,0.12197740812699742,6.462747272994705,15.0
low-mileage,3.0,30.0,100.0,0.03,555.7551458582218,112.84061485247442,3400.0,2445.883869404909,0.12197740812699742,6.462747272994705,15.0
low-mileage,3.0,30.0,100.0,0.04,555.7551458582218,112.84061485247442,3400.0,2063.9881763175545,0.12197740812699742,6.462747272994705,15.0
low-mileage,3.0,30.0,150.0,0.0,555.7551458582218,112.84061485247442,4900.0,2364.5783245574676,0.05689192656595021,9.604763900725747,15.0
low-mileage,3.0,30.0,150.0,0.01,555.7551458582218,112.84061485247442,4900.0,1840.0852444739078,0.05689192656595021,9.604763900725747,15.0
low-mileage,3.0,30.0,150.0,0.02,555.7551458582218,112.84061485247442,4900.0,1369.3665066168842,0.05689192656595021,9.604763900725747,15.0
low-mileage,3.0,30.0,150.0,0.03,555.7551458582218,112.84061485247442,4900.0,945.8838694049084,0.05689192656595021,9.604763900725747,15.0
low-mileage,3.0,30.0,150.0,0.04,555.7551458582218,112.84061485247442,4900.0,563.9881763175546,0.05689192656595021,9.604763900725747,15.0
low-mileage,3.0,30.0,200.0,0.0,555.7551458582218,112.84061485247442,6400.0,864.5783245574665,0.01711610098590991,12.95792398178261,15.0
low-mileage,3.0,30.0,200.0,0.01,555.7551458582218,112.84061485247442,6400.0,340.0852444739078,0.01711610098590991,12.95792398178261,15.0
low-mileage,3.0,30.0,200.0,0.02,555.7551458582218,112.84061485247442,6400.0,-130.63349338311627,0.01711610098590991,12.95792398178261,15.0
low-mileage,3.0,30.0,200.0,0.03,555.7551458582218,112.84061485247442,6400.0,-554.1161305950898,0.01711610098590991,12.95792398178261,15.0
low-mileage,3.0,30.0,200.0,0.04,555.7551458582218,112.84061485247442,6400.0,-936.0118236824457,0.01711610098590991,12.95792398178261,15.0
low-mileage,3.0,30.0,250.0,0.0,555.7551458582218,112.84061485247442,7900.0,-635.421675442534,-0.0107967480296694,Inf,15.0
low-mileage,3.0,30.0,250.0,0.01,555.7551458582218,112.84061485247442,7900.0,-1159.9147555260915,-0.0107967480296694,Inf,15.0
low-mileage,3.0,30.0,250.0,0.02,555.7551458582218,112.84061485247442,7900.0,-1630.6334933831163,-0.0107967480296694,Inf,15.0
low-mileage,3.0,30.0,250.0,0.03,555.7551458582218,112.84061485247442,7900.0,-2054.11613059509,-0.0107967480296694,Inf,15.0
low-mileage,3.0,30.0,250.0,0.04,555.7551458582218,112.84061485247442,7900.0,-2436.011823682445,-0.0107967480296694,Inf,15.0
low-mileage,3.0,30.0,300.0,0.0,555.7551458582218,112.84061485247442,9400.0,-2135.421675442534,-0.03198871177105878,Inf,15.0
low-mileage,3.0,30.0,300.0,0.01,555.7551458582218,112.84061485247442,9400.0,-2659.9147555260906,-0.03198871177105878,Inf,15.0
low-mileage,3.0,30.0,300.0,0.02,555.7551458582218,112.84061485247442,9400.0,-3130.633493383116,-0.03198871177105878,Inf,15.0
low-mileage,3.0,30.0,300.0,0.03,555.7551458582218,112.84061485247442,9400.0,-3554.116130595091,-0.03198871177105878,Inf,15.0
low-mileage,3.0,30.0,300.0,0.04,555.7551458582218,112.84061485247442,9400.0,-3936.0118236824474,-0.03198871177105878,Inf,15.0
low-mileage,3.0,30.0,350.0,0.0,555.7551458582218,112.84061485247442,10900.0,-3635.421675442534,-0.04891353702203893,Inf,15.0
low-mileage,3.0,30.0,350.0,0.01,555.7551458582218,112.84061485247442,10900.0,-4159.914755526088,-0.04891353702203893,Inf,15.0
low-mileage,3.0,30.0,350.0,0.02,555.7551458582218,112.84061485247442,10900.0,-4630.633493383114,-0.04891353702203893,Inf,15.0
low-mileage,3.0,30.0,350.0,0.03,555.7551458582218,112.84061485247442,10900.0,-5054.116130595093,-0.04891353702203893,Inf,15.0
low-mileage,3.0,30.0,350.0,0.04,555.7551458582218,112.84061485247442,10900.0,-5436.011823682449,-0.04891353702203893,Inf,15.0
low-mileage,3.0,30.0,400.0,0.0,555.7551458582218,112.84061485247442,12400.0,-5135.421675442534,-0.06291479934996394,Inf,15.0
low-mileage,3.0,30.0,400.0,0.01,555.7551458582218,112.84061485247442,12400.0,-5659.914755526088,-0.06291479934996394,Inf,15.0
low-mileage,3.0,30.0,400.0,0.02,555.7551458582218,112.84061485247442,12400.0,-6130.633493383114,-0.06291479934996394,Inf,15.0
low-mileage,3.0,30.0,400.0,0.03,555.7551458582218,112.84061485247442,12400.0,-6554.116130595093,-0.06291479934996394,Inf,15.0
low-mileage,3.0,30.0,400.0,0.04,555.7551458582218,112.84061485247442,12400.0,-6936.011823682447,-0.06291479934996394,Inf,15.0
low-mileage,6.0,7.5,100.0,0.0,436.54534296826375,293.3802025727752,1150.0,4556.322037408155,0.35671810083351363,2.681299153524536,15.0
low-mileage,6.0,7.5,100.0,0.01,436.54534296826375,293.3802025727752,1150.0,4144.333028874586,0.35671810083351363,2.681299153524536,15.0
low-mileage,6.0,7.5,100.0,0.02,436.54534296826375,293.3802025727752,1150.0,3774.5837348000223,0.35671810083351363,2.681299153524536,15.0
low-mileage,6.0,7.5,100.0,0.03,436.54534296826375,293.3802025727752,1150.0,3441.9383702351597,0.35671810083351363,2.681299153524536,15.0
low-mileage,6.0,7.5,100.0,0.04,436.54534296826375,293.3802025727752,1150.0,3141.959526027656,0.35671810083351363,2.681299153524536,15.0
low-mileage,6.0,7.5,150.0,0.0,436.54534296826375,293.3802025727752,1525.0,4181.322037408155,0.2596293056907779,3.587485871979889,15.0
low-mileage,6.0,7.5,150.0,0.01,436.54534296826375,293.3802025727752,1525.0,3769.333028874585,0.2596293056907779,3.587485871979889,15.0
low-mileage,6.0,7.5,150.0,0.02,436.54534296826375,293.3802025727752,1525.0,3399.5837348000223,0.2596293056907779,3.587485871979889,15.0
low-mileage,6.0,7.5,150.0,0.03,436.54534296826375,293.3802025727752,1525.0,3066.9383702351597,0.2596293056907779,3.587485871979889,15.0
low-mileage,6.0,7.5,150.0,0.04,436.54534296826375,293.3802025727752,1525.0,2766.9595260276565,0.2596293056907779,3.587485871979889,15.0
low-mileage,6.0,7.5,200.0,0.0,436.54534296826375,293.3802025727752,1900.0,3806.3220374081543,0.19854424657118208,4.510384376880515,15.0
low-mileage,6.0,7.5,200.0,0.01,436.54534296826375,293.3802025727752,1900.0,3394.333028874585,0.19854424657118208,4.510384376880515,15.0
low-mileage,6.0,7.5,200.0,0.02,436.54534296826375,293.3802025727752,1900.0,3024.5837348000223,0.19854424657118208,4.510384376880515,15.0
low-mileage,6.0,7.5,200.0,0.03,436.54534296826375,293.3802025727752,1900.0,2691.9383702351597,0.19854424657118208,4.510384376880515,15.0
low-mileage,6.0,7.5,200.0,0.04,436.54534296826375,293.3802025727752,1900.0,2391.9595260276565,0.19854424657118208,4.510384376880515,15.0
low-mileage,6.0,7.5,250.0,0.0,436.54534296826375,293.3802025727752,2275.0,3431.3220374081548,0.15572039237910973,5.450715854545941,15.0
low-mileage,6.0,7.5,250.0,0.01,436.54534296826375,293.3802025727752,2275.0,3019.333028874585,0.15572039237910973,5.450715854545941,15.0
low-mileage,6.0,7.5,250.0,0.02,436.54534296826375,293.3802025727752,2275.0,2649.5837348000223,0.15572039237910973,5.450715854545941,15.0
low-mileage,6.0,7.5,250.0,0.03,436.54534296826375,293.3802025727752,2275.0,2316.93837023516,0.15572039237910973,5.450715854545941,15.0
low-mileage,6.0,7.5,250.0,0.04,436.54534296826375,293.3802025727752,2275.0,2016.9595260276567,0.15572039237910973,5.450715854545941,15.0
low-mileage,6.0,7.5,300.0,0.0,436.54534296826375,293.3802025727752,2650.0,3056.3220374081543,0.12353103181649197,6.409223967127789,15.0
low-mileage,6.0,7.5,300.0,0.01,436.54534296826375,293.3802025727752,2650.0,2644.3330288745856,0.12353103181649197,6.409223967127789,15.0
low-mileage,6.0,7.5,300.0,0.02,436.54534296826375,293.3802025727752,2650.0,2274.5837348000223,0.12353103181649197,6.409223967127789,15.0
low-mileage,6.0,7.5,300.0,0.03,436.54534296826375,293.3802025727752,2650.0,1941.9383702351602,0.12353103181649197,6.409223967127789,15.0
low-mileage,6.0,7.5,300.0,0.04,436.54534296826375,293.3802025727752,2650.0,1641.9595260276567,0.12353103181649197,6.409223967127789,15.0
low-mileage,6.0,7.5,350.0,0.0,436.54534296826375,293.3802025727752,3025.0,2681.3220374081543,0.09814149377123152,7.386675469621538,15.0
low-mileage,6.0,7.5,350.0,0.01,436.54534296826375,293.3802025727752,3025.0,2269.333028874585,0.09814149377123152,7.386675469621538,15.0
low-mileage,6.0,7.5,350.0,0.02,436.54534296826375,293.3802025727752,3025.0,1899.5837348000223,0.09814149377123152,7.386675469621538,15.0
low-mileage,6.0,7.5,350.0,0.03,436.54534296826375,293.3802025727752,3025.0,1566.9383702351597,0.09814149377123152,7.386675469621538,15.0
low-mileage,6.0,7.5,350.0,0.04,436.54534296826375,293.3802025727752,3025.0,1266.9595260276567,0.09814149377123152,7.386675469621538,15.0
low-mileage,6.0,7.5,400.0,0.0,436.54534296826375,293.3802025727752,3400.0,2306.3220374081543,0.07740179355461235,8.383860842701402,15.0
low-mileage,6.0,7.5,400.0,0.01,436.54534296826375,293.3802025727752,3400.0,1894.3330288745851,0.07740179355461235,8.383860842701402,15.0
low-mileage,6.0,7.5,400.0,0.02,436.54534296826375,293.3802025727752,3400.0,1524.5837348000223,0.07740179355461235,8.383860842701402,15.0
low-mileage,6.0,7.5,400.0,0.03,436.54534296826375,293.3802025727752,3400.0,1191.93837023516,0.07740179355461235,8.383860842701402,15.0
low-mileage,6.0,7.5,400.0,0.04,436.54534296826375,293.3802025727752,3400.0,891.9595260276565,0.07740179355461235,8.383860842701402,15.0
low-mileage,6.0,12.5,100.0,0.0,584.1294445340995,259.6472165791156,1650.0,5985.474242789568,0.330406656731825,2.8795464003056073,15.0
low-mileage,6.0,12.5,100.0,0.01,584.1294445340995,259.6472165791156,1650.0,5434.202961156944,0.330406656731825,2.8795464003056073,15.0
low-mileage,6.0,12.5,100.0,0.02,584.1294445340995,259.6472165791156,1650.0,4939.451492051589,0.330406656731825,2.8795464003056073,15.0
low-mileage,6.0,12.5,100.0,0.03,584.1294445340995,259.6472165791156,1650.0,4494.347781383343,0.330406656731825,2.8795464003056073,15.0
low-mileage,6.0,12.5,100.0,0.04,584.1294445340995,259.6472165791156,1650.0,4092.954252712374,0.330406656731825,2.8795464003056073,15.0
low-mileage,6.0,12.5,150.0,0.0,584.1294445340995,259.6472165791156,2275.0,5360.47424278957,0.22805784701799892,4.014194637980778,15.0
low-mileage,6.0,12.5,150.0,0.01,584.1294445340995,259.6472165791156,2275.0,4809.202961156945,0.22805784701799892,4.014194637980778,15.0
low-mileage,6.0,12.5,150.0,0.02,584.1294445340995,259.6472165791156,2275.0,4314.451492051589,0.22805784701799892,4.014194637980778,15.0
low-mileage,6.0,12.5,150.0,0.03,584.1294445340995,259.6472165791156,2275.0,3869.347781383344,0.22805784701799892,4.014194637980778,15.0
low-mileage,6.0,12.5,150.0,0.04,584.1294445340995,259.6472165791156,2275.0,3467.954252712374,0.22805784701799892,4.014194637980778,15.0
low-mileage,6.0,12.5,200.0,0.0,584.1294445340995,259.6472165791156,2900.0,4735.474242789569,0.16669623393766186,5.177773143341499,15.0
low-mileage,6.0,12.5,200.0,0.01,584.1294445340995,259.6472165791156,2900.0,4184.202961156945,0.16669623393766186,5.177773143341499,15.0
low-mileage,6.0,12.5,200.0,0.02,584.1294445340995,259.6472165791156,2900.0,3689.451492051589,0.16669623393766186,5.177773143341499,15.0
low-mileage,6.0,12.5,200.0,0.03,584.1294445340995,259.6472165791156,2900.0,3244.347781383344,0.16669623393766186,5.177773143341499,15.0
low-mileage,6.0,12.5,200.0,0.04,584.1294445340995,259.6472165791156,2900.0,2842.954252712374,0.16669623393766186,5.177773143341499,15.0
low-mileage,6.0,12.5,250.0,0.0,584.1294445340995,259.6472165791156,3525.0,4110.47424278957,0.12471647838943223,6.36884706681441,15.0
low-mileage,6.0,12.5,250.0,0.01,584.1294445340995,259.6472165791156,3525.0,3559.202961156945,0.12471647838943223,6.36884706681441,15.0
low-mileage,6.0,12.5,250.0,0.02,584.1294445340995,259.6472165791156,3525.0,3064.451492051589,0.12471647838943223,6.36884706681441,15.0
low-mileage,6.0,12.5,250.0,0.03,584.1294445340995,259.6472165791156,3525.0,2619.347781383344,0.12471647838943223,6.36884706681441,15.0
low-mileage,6.0,12.5,250.0,0.04,584.1294445340995,259.6472165791156,3525.0,2217.9542527123745,0.12471647838943223,6.36884706681441,15.0
low-mileage,6.0,12.5,300.0,0.0,584.1294445340995,259.6472165791156,4150.0,3485.4742427895694,0.09358609825722392,7.588470541039926,15.0
low-mileage,6.0,12.5,300.0,0.01,584.1294445340995,259.6472165791156,4150.0,2934.202961156945,0.09358609825722392,7.588470541039926,15.0
low-mileage,6.0,12.5,300.0,0.02,584.1294445340995,259.6472165791156,4150.0,2439.4514920515894,0.09358609825722392,7.588470541039926,15.0
low-mileage,6.0,12.5,300.0,0.03,584.1294445340995,259.6472165791156,4150.0,1994.3477813833442,0.09358609825722392,7.588470541039926,15.0
low-mileage,6.0,12.5,300.0,0.04,584.1294445340995,259.6472165791156,4150.0,1592.9542527123745,0.09358609825722392,7.588470541039926,15.0
low-mileage,6.0,12.5,350.0,0.0,584.1294445340995,259.6472165791156,4775.0,2860.474242789569,0.06922691481944578,8.837729272827827,15.0
low-mileage,6.0,12.5,350.0,0.01,584.1294445340995,259.6472165791156,4775.0,2309.2029611569446,0.06922691481944578,8.837729272827827,15.0
low-mileage,6.0,12.5,350.0,0.02,584.1294445340995,259.6472165791156,4775.0,1814.4514920515892,0.06922691481944578,8.837729272827827,15.0
low-mileage,6.0,12.5,350.0,0.03,584.1294445340995,259.6472165791156,4775.0,1369.3477813833442,0.06922691481944578,8.837729272827827,15.0
low-mileage,6.0,12.5,350.0,0.04,584.1294445340995,259.6472165791156,4775.0,967.9542527123746,0.06922691481944578,8.837729272827827,15.0
low-mileage,6.0,12.5,400.0,0.0,584.1294445340995,259.6472165791156,5400.0,2235.474242789569,0.04942580713229455,10.120144278428434,15.0
low-mileage,6.0,12.5,400.0,0.01,584.1294445340995,259.6472165791156,5400.0,1684.2029611569449,0.04942580713229455,10.120144278428434,15.0
low-mileage,6.0,12.5,400.0,0.02,584.1294445340995,259.6472165791156,5400.0,1189.4514920515892,0.04942580713229455,10.120144278428434,15.0
low-mileage,6.0,12.5,400.0,0.03,584.1294445340995,259.6472165791156,5400.0,744.3477813833434,0.04942580713229455,10.120144278428434,15.0
low-mileage,6.0,12.5,400.0,0.04,584.1294445340995,259.6472165791156,5400.0,342.954252712374,0.04942580713229455,10.120144278428434,15.0
low-mileage,6.0,15.0,100.0,0.0,637.5949279343102,244.03934463019303,1900.0,6434.350707930287,0.31132491992420225,3.042019506097908,15.0
low-mileage,6.0,15.0,100.0,0.01,637.5949279343102,244.03934463019303,1900.0,5832.621457035984,0.31132491992420225,3.042019506097908,15.0
low-mileage,6.0,15.0,100.0,0.02,637.5949279343102,244.03934463019303,1900.0,5292.585288269957,0.31132491992420225,3.042019506097908,15.0
low-mileage,6.0,15.0,100.0,0.03,637.5949279343102,244.03934463019303,1900.0,4806.741147074217,0.31132491992420225,3.042019506097908,15.0
low-mileage,6.0,15.0,100.0,0.04,637.5949279343102,244.03934463019303,1900.0,4368.607989464962,0.31132491992420225,3.042019506097908,15.0
low-mileage,6.0,15.0,150.0,0.0,637.5949279343102,244.03934463019303,2650.0,5684.350707930287,0.21047825346104213,4.29776814185378,15.0
low-mileage,6.0,15.0,150.0,0.01,637.5949279343102,244.03934463019303,2650.0,5082.621457035985,0.21047825346104213,4.29776814185378,15.0
low-mileage,6.0,15.0,150.0,0.02,637.5949279343102,244.03934463019303,2650.0,4542.585288269957,0.21047825346104213,4.29776814185378,15.0
low-mileage,6.0,15.0,150.0,0.03,637.5949279343102,244.03934463019303,2650.0,4056.7411470742177,0.21047825346104213,4.29776814185378,15.0
low-mileage,6.0,15.0,150.0,0.04,637.5949279343102,244.03934463019303,2650.0,3618.607989464961,0.21047825346104213,4.29776814185378,15.0
low-mileage,6.0,15.0,200.0,0.0,637.5949279343102,244.03934463019303,3400.0,4934.350707930286,0.15065052209336727,5.5847626529940655,15.0
low-mileage,6.0,15.0,200.0,0.01,637.5949279343102,244.03934463019303,3400.0,4332.621457035985,0.15065052209336727,5.5847626529940655,15.0
low-mileage,6.0,15.0,200.0,0.02,637.5949279343102,244.03934463019303,3400.0,3792.585288269957,0.15065052209336727,5.5847626529940655,15.0
low-mileage,6.0,15.0,200.0,0.03,637.5949279343102,244.03934463019303,3400.0,3306.7411470742177,0.15065052209336727,5.5847626529940655,15.0
low-mileage,6.0,15.0,200.0,0.04,637.5949279343102,244.03934463019303,3400.0,2868.6079894649615,0.15065052209336727,5.5847626529940655,15.0
low-mileage,6.0,15.0,250.0,0.0,637.5949279343102,244.03934463019303,4150.0,4184.350707930285,0.10988404088315745,6.904171863821937,15.0
low-mileage,6.0,15.0,250.0,0.01,637.5949279343102,244.03934463019303,4150.0,3582.621457035986,0.10988404088315745,6.904171863821937,15.0
low-mileage,6.0,15.0,250.0,0.02,637.5949279343102,244.03934463019303,4150.0,3042.585288269957,0.10988404088315745,6.904171863821937,15.0
low-mileage,6.0,15.0,250.0,0.03,637.5949279343102,244.03934463019303,4150.0,2556.741147074217,0.10988404088315745,6.904171863821937,15.0
low-mileage,6.0,15.0,250.0,0.04,637.5949279343102,244.03934463019303,4150.0,2118.6079894649615,0.10988404088315745,6.904171863821937,15.0
low-mileage,6.0,15.0,300.0,0.0,637.5949279343102,244.03934463019303,4900.0,3434.3507079302863,0.07969830212006905,8.262448257206747,15.0
low-mileage,6.0,15.0,300.0,0.01,637.5949279343102,244.03934463019303,4900.0,2832.621457035986,0.07969830212006905,8.262448257206747,15.0
low-mileage,6.0,15.0,300.0,0.02,637.5949279343102,244.03934463019303,4900.0,2292.585288269957,0.07969830212006905,8.262448257206747,15.0
low-mileage,6.0,15.0,300.0,0.03,637.5949279343102,244.03934463019303,4900.0,1806.741147074217,0.07969830212006905,8.262448257206747,15.0
low-mileage,6.0,15.0,300.0,0.04,637.5949279343102,244.03934463019303,4900.0,1368.607989464962,0.07969830212006905,8.262448257206747,15.0
low-mileage,6.0,15.0,350.0,0.0,637.5949279343102,244.03934463019303,5650.0,2684.3507079302863,0.05608753506374449,9.6582490593001,15.0
low-mileage,6.0,15.0,350.0,0.01,637.5949279343102,244.03934463019303,5650.0,2082.621457035986,0.05608753506374449,9.6582490593001,15.0
low-mileage,6.0,15.0,350.0,0.02,637.5949279343102,244.03934463019303,5650.0,1542.5852882699571,0.05608753506374449,9.6582490593001,15.0
low-mileage,6.0,15.0,350.0,0.03,637.5949279343102,244.03934463019303,5650.0,1056.741147074217,0.05608753506374449,9.6582490593001,15.0
low-mileage,6.0,15.0,350.0,0.04,637.5949279343102,244.03934463019303,5650.0,618.6079894649624,0.05608753506374449,9.6582490593001,15.0
low-mileage,6.0,15.0,400.0,0.0,637.5949279343102,244.03934463019303,6400.0,1934.3507079302863,0.03689255912464655,11.092775861908573,15.0
low-mileage,6.0,15.0,400.0,0.01,637.5949279343102,244.03934463019303,6400.0,1332.6214570359864,0.03689255912464655,11.092775861908573,15.0
low-mileage,6.0,15.0,400.0,0.02,637.5949279343102,244.03934463019303,6400.0,792.5852882699573,0.03689255912464655,11.092775861908573,15.0
low-mileage,6.0,15.0,400.0,0.03,637.5949279343102,244.03934463019303,6400.0,306.74114707421734,0.03689255912464655,11.092775861908573,15.0
low-mileage,6.0,15.0,400.0,0.04,637.5949279343102,244.03934463019303,6400.0,-131.3920105350382,0.03689255912464655,11.092775861908573,15.0
low-mileage,6.0,25.0,100.0,0.0,777.0438378836564,190.24933486174567,2900.0,7257.163391089177,0.24010136949653993,3.841160113769567,15.0
low-mileage,6.0,25.0,100.0,0.01,777.0438378836564,190.24933486174567,2900.0,6523.82944190516,0.24010136949653993,3.841160113769567,15.0
low-mileage,6.0,25.0,100.0,0.02,777.0438378836564,190.24933486174567,2900.0,5865.681519471917,0.24010136949653993,3.841160113769567,15.0
low-mileage,6.0,25.0,100.0,0.03,777.0438378836564,190.24933486174567,2900.0,5273.578007433123,0.24010136949653993,3.841160113769567,15.0
low-mileage,6.0,25.0,100.0,0.04,777.0438378836564,190.24933486174567,2900.0,4739.620387356422,0.24010136949653993,3.841160113769567,15.0
low-mileage,6.0,25.0,150.0,0.0,777.0438378836564,190.24933486174567,4150.0,6007.163391089177,0.15031392452154127,5.5938505461436705,15.0
low-mileage,6.0,25.0,150.0,0.01,777.0438378836564,190.24933486174567,4150.0,5273.829441905162,0.15031392452154127,5.5938505461436705,15.0
low-mileage,6.0,25.0,150.0,0.02,777.0438378836564,190.24933486174567,4150.0,4615.6815194719165,0.15031392452154127,5.5938505461436705,15.0
low-mileage,6.0,25.0,150.0,0.03,777.0438378836564,190.24933486174567,4150.0,4023.5780074331233,0.15031392452154127,5.5938505461436705,15.0
low-mileage,6.0,25.0,150.0,0.04,777.0438378836564,190.24933486174567,4150.0,3489.620387356422,0.15031392452154127,5.5938505461436705,15.0
low-mileage,6.0,25.0,200.0,0.0,777.0438378836564,190.24933486174567,5400.0,4757.163391089177,0.09761180143949495,7.409723613251346,15.0
low-mileage,6.0,25.0,200.0,0.01,777.0438378836564,190.24933486174567,5400.0,4023.8294419051617,0.09761180143949495,7.409723613251346,15.0
low-mileage,6.0,25.0,200.0,0.02,777.0438378836564,190.24933486174567,5400.0,3365.681519471916,0.09761180143949495,7.409723613251346,15.0
low-mileage,6.0,25.0,200.0,0.03,777.0438378836564,190.24933486174567,5400.0,2773.5780074331233,0.09761180143949495,7.409723613251346,15.0
low-mileage,6.0,25.0,200.0,0.04,777.0438378836564,190.24933486174567,5400.0,2239.620387356421,0.09761180143949495,7.409723613251346,15.0
low-mileage,6.0,25.0,250.0,0.0,777.0438378836564,190.24933486174567,6650.0,3507.163391089177,0.06168737254888691,9.294410173687604,15.0
low-mileage,6.0,25.0,250.0,0.01,777.0438378836564,190.24933486174567,6650.0,2773.8294419051617,0.06168737254888691,9.294410173687604,15.0
low-mileage,6.0,25.0,250.0,0.02,777.0438378836564,190.24933486174567,6650.0,2115.6815194719165,0.06168737254888691,9.294410173687604,15.0
low-mileage,6.0,25.0,250.0,0.03,777.0438378836564,190.24933486174567,6650.0,1523.5780074331221,0.06168737254888691,9.294410173687604,15.0
low-mileage,6.0,25.0,250.0,0.04,777.0438378836564,190.24933486174567,6650.0,989.6203873564209,0.06168737254888691,9.294410173687604,15.0
low-mileage,6.0,25.0,300.0,0.0,777.0438378836564,190.24933486174567,7900.0,2257.163391089176,0.03499590210442527,11.25389801873452,15.0
low-mileage,6.0,25.0,300.0,0.01,777.0438378836564,190.24933486174567,7900.0,1523.8294419051615,0.03499590210442527,11.25389801873452,15.0
low-mileage,6.0,25.0,300.0,0.02,777.0438378836564,190.24933486174567,7900.0,865.681519471917,0.03499590210442527,11.25389801873452,15.0
low-mileage,6.0,25.0,300.0,0.03,777.0438378836564,190.24933486174567,7900.0,273.5780074331222,0.03499590210442527,11.25389801873452,15.0
low-mileage,6.0,25.0,300.0,0.04,777.0438378836564,190.24933486174567,7900.0,-260.3796126435785,0.03499590210442527,11.25389801873452,15.0
low-mileage,6.0,25.0,350.0,0.0,777.0438378836564,190.24933486174567,9150.0,1007.1633910891769,0.014031442553064377,13.294551733765028,15.0
low-mileage,6.0,25.0,350.0,0.01,777.0438378836564,190.24933486174567,9150.0,273.82944190516224,0.014031442553064377,13.294551733765028,15.0
low-mileage,6.0,25.0,350.0,0.02,777.0438378836564,190.24933486174567,9150.0,-384.31848052808266,0.014031442553064377,13.294551733765028,15.0
low-mileage,6.0,25.0,350.0,0.03,777.0438378836564,190.24933486174567,9150.0,-976.4219925668758,0.014031442553064377,13.294551733765028,15.0
low-mileage,6.0,25.0,350.0,0.04,777.0438378836564,190.24933486174567,9150.0,-1510.3796126435805,0.014031442553064377,13.294551733765028,15.0
low-mileage,6.0,25.0,400.0,0.0,777.0438378836564,190.24933486174567,10400.0,-242.8366089108231,-0.0030828109283340256,Inf,15.0
low-mileage,6.0,25.0,400.0,0.01,777.0438378836564,190.24933486174567,10400.0,-976.1705580948369,-0.0030828109283340256,Inf,15.0
low-mileage,6.0,25.0,400.0,0.02,777.0438378836564,190.24933486174567,10400.0,-1634.3184805280825,-0.0030828109283340256,Inf,15.0
low-mileage,6.0,25.0,400.0,0.03,777.0438378836564,190.24933486174567,10400.0,-2226.421992566876,-0.0030828109283340256,Inf,15.0
low-mileage,6.0,25.0,400.0,0.04,777.0438378836564,190.24933486174567,10400.0,-2760.379612643579,-0.0030828109283340256,Inf,15.0
low-mileage,6.0,30.0,100.0,0.0,812.3658597377373,167.71663697896017,3400.0,7218.876784573729,0.208646893387521,4.329276718235478,15.0
low-mileage,6.0,30.0,100.0,0.01,812.3658597377373,167.71663697896017,3400.0,6452.207730577655,0.208646893387521,4.329276718235478,15.0
low-mileage,6.0,30.0,100.0,0.02,812.3658597377373,167.71663697896017,3400.0,5764.14242875598,0.208646893387521,4.329276718235478,15.0
low-mileage,6.0,30.0,100.0,0.03,812.3658597377373,167.71663697896017,3400.0,5145.123713002202,0.208646893387521,4.329276718235478,15.0
low-mileage,6.0,30.0,100.0,0.04,812.3658597377373,167.71663697896017,3400.0,4586.894022540295,0.208646893387521,4.329276718235478,15.0
low-mileage,6.0,30.0,150.0,0.0,812.3658597377373,167.71663697896017,4900.0,5718.876784573729,0.12481164848712915,6.365622710635066,15.0
low-mileage,6.0,30.0,150.0,0.01,812.3658597377373,167.71663697896017,4900.0,4952.207730577654,0.12481164848712915,6.365622710635066,15.0
low-mileage,6.0,30.0,150.0,0.02,812.3658597377373,167.71663697896017,4900.0,4264.14242875598,0.12481164848712915,6.365622710635066,15.0
low-mileage,6.0,30.0,150.0,0.03,812.3658597377373,167.71663697896017,4900.0,3645.1237130022037,0.12481164848712915,6.365622710635066,15.0
low-mileage,6.0,30.0,150.0,0.04,812.3658597377373,167.71663697896017,4900.0,3086.894022540295,0.12481164848712915,6.365622710635066,15.0
low-mileage,6.0,30.0,200.0,0.0,812.3658597377373,167.71663697896017,6400.0,4218.876784573728,0.0754442003457114,8.489413451080484,15.0
low-mileage,6.0,30.0,200.0,0.01,812.3658597377373,167.71663697896017,6400.0,3452.207730577653,0.0754442003457114,8.489413451080484,15.0
low-mileage,6.0,30.0,200.0,0.02,812.3658597377373,167.71663697896017,6400.0,2764.1424287559803,0.0754442003457114,8.489413451080484,15.0
low-mileage,6.0,30.0,200.0,0.03,812.3658597377373,167.71663697896017,6400.0,2145.123713002204,0.0754442003457114,8.489413451080484,15.0
low-mileage,6.0,30.0,200.0,0.04,812.3658597377373,167.71663697896017,6400.0,1586.8940225402948,0.0754442003457114,8.489413451080484,15.0
low-mileage,6.0,30.0,250.0,0.0,812.3658597377373,167.71663697896017,7900.0,2718.8767845737284,0.04165226796181936,10.707798333151837,15.0
low-mileage,6.0,30.0,250.0,0.01,812.3658597377373,167.71663697896017,7900.0,1952.207730577653,0.04165226796181936,10.707798333151837,15.0
low-mileage,6.0,30.0,250.0,0.02,812.3658597377373,167.71663697896017,7900.0,1264.1424287559803,0.04165226796181936,10.707798333151837,15.0
low-mileage,6.0,30.0,250.0,0.03,812.3658597377373,167.71663697896017,7900.0,645.1237130022039,0.04165226796181936,10.707798333151837,15.0
low-mileage,6.0,30.0,250.0,0.04,812.3658597377373,167.71663697896017,7900.0,86.89402254029483,0.04165226796181936,10.707798333151837,15.0
low-mileage,6.0,30.0,300.0,0.0,812.3658597377373,167.71663697896017,9400.0,1218.8767845737298,0.01645053450206655,13.028946592810113,15.0
low-mileage,6.0,30.0,300.0,0.01,812.3658597377373,167.71663697896017,9400.0,452.2077305776535,0.01645053450206655,13.028946592810113,15.0
low-mileage,6.0,30.0,300.0,0.02,812.3658597377373,167.71663697896017,9400.0,-235.85757124401903,0.01645053450206655,13.028946592810113,15.0
low-mileage,6.0,30.0,300.0,0.03,812.3658597377373,167.71663697896017,9400.0,-854.8762869977968,0.01645053450206655,13.028946592810113,15.0
low-mileage,6.0,30.0,300.0,0.04,812.3658597377373,167.71663697896017,9400.0,-1413.1059774597056,0.01645053450206655,13.028946592810113,15.0
low-mileage,6.0,30.0,350.0,0.0,812.3658597377373,167.71663697896017,10900.0,-281.1232154262701,-0.0034074929292024175,Inf,15.0
low-mileage,6.0,30.0,350.0,0.01,812.3658597377373,167.71663697896017,10900.0,-1047.7922694223457,-0.0034074929292024175,Inf,15.0
low-mileage,6.0,30.0,350.0,0.02,812.3658597377373,167.71663697896017,10900.0,-1735.8575712440206,-0.0034074929292024175,Inf,15.0
low-mileage,6.0,30.0,350.0,0.03,812.3658597377373,167.71663697896017,10900.0,-2354.8762869977977,-0.0034074929292024175,Inf,15.0
low-mileage,6.0,30.0,350.0,0.04,812.3658597377373,167.71663697896017,10900.0,-2913.1059774597047,-0.0034074929292024175,Inf,15.0
low-mileage,6.0,30.0,400.0,0.0,812.3658597377373,167.71663697896017,12400.0,-1781.1232154262689,-0.01966269125397877,Inf,15.0
low-mileage,6.0,30.0,400.0,0.01,812.3658597377373,167.71663697896017,12400.0,-2547.7922694223466,-0.01966269125397877,Inf,15.0
low-mileage,6.0,30.0,400.0,0.02,812.3658597377373,167.71663697896017,12400.0,-3235.8575712440193,-0.01966269125397877,Inf,15.0
low-mileage,6.0,30.0,400.0,0.03,812.3658597377373,167.71663697896017,12400.0,-3854.8762869978004,-0.01966269125397877,Inf,15.0
low-mileage,6.0,30.0,400.0,0.04,812.3658597377373,167.71663697896017,12400.0,-4413.105977459703,-0.01966269125397877,Inf,15.0
low-mileage,9.0,2.5,100.0,0.0,190.76118563313457,344.47244191452467,650.0,1843.5433970248523,0.26727113384885337,3.496181184870596,15.0
low-mileage,9.0,2.5,100.0,0.01,190.76118563313457,344.47244191452467,650.0,1663.5128160059257,0.26727113384885337,3.496181184870596,15.0
low-mileage,9.0,2.5,100.0,0.02,190.76118563313457,344.47244191452467,650.0,1501.9401068685702,0.26727113384885337,3.496181184870596,15.0
low-mileage,9.0,2.5,100.0,0.03,190.76118563313457,344.47244191452467,650.0,1356.5810389919204,0.26727113384885337,3.496181184870596,15.0
low-mileage,9.0,2.5,100.0,0.04,190.76118563313457,344.47244191452467,650.0,1225.4965573736135,0.26727113384885337,3.496181184870596,15.0
low-mileage,9.0,2.5,150.0,0.0,190.76118563313457,344.47244191452467,775.0,1718.5433970248525,0.2165335869948376,4.1963200153376645,15.0
low-mileage,9.0,2.5,150.0,0.01,190.76118563313457,344.47244191452467,775.0,1538.5128160059253,0.2165335869948376,4.1963200153376645,15.0
low-mileage,9.0,2.5,150.0,0.02,190.76118563313457,344.47244191452467,775.0,1376.9401068685702,0.2165335869948376,4.1963200153376645,15.0
low-mileage,9.0,2.5,150.0,0.03,190.76118563313457,344.47244191452467,775.0,1231.5810389919202,0.2165335869948376,4.1963200153376645,15.0
low-mileage,9.0,2.5,150.0,0.04,190.76118563313457,344.47244191452467,775.0,1100.4965573736135,0.2165335869948376,4.1963200153376645,15.0
low-mileage,9.0,2.5,200.0,0.0,190.76118563313457,344.47244191452467,900.0,1593.5433970248523,0.17865775381664198,4.906740862440027,15.0
low-mileage,9.0,2.5,200.0,0.01,190.76118563313457,344.47244191452467,900.0,1413.5128160059257,0.17865775381664198,4.906740862440027,15.0
low-mileage,9.0,2.5,200.0,0.02,190.76118563313457,344.47244191452467,900.0,1251.9401068685704,0.17865775381664198,4.906740862440027,15.0
low-mileage,9.0,2.5,200.0,0.03,190.76118563313457,344.47244191452467,900.0,1106.5810389919202,0.17865775381664198,4.906740862440027,15.0
low-mileage,9.0,2.5,200.0,0.04,190.76118563313457,344.47244191452467,900.0,975.4965573736137,0.17865775381664198,4.906740862440027,15.0
low-mileage,9.0,2.5,250.0,0.0,190.76118563313457,344.47244191452467,1025.0,1468.5433970248523,0.14899261355757515,5.629756846471826,15.0
low-mileage,9.0,2.5,250.0,0.01,190.76118563313457,344.47244191452467,1025.0,1288.5128160059253,0.14899261355757515,5.629756846471826,15.0
low-mileage,9.0,2.5,250.0,0.02,190.76118563313457,344.47244191452467,1025.0,1126.9401068685704,0.14899261355757515,5.629756846471826,15.0
low-mileage,9.0,2.5,250.0,0.03,190.76118563313457,344.47244191452467,1025.0,981.5810389919202,0.14899261355757515,5.629756846471826,15.0
low-mileage,9.0,2.5,250.0,0.04,190.76118563313457,344.47244191452467,1025.0,850.4965573736135,0.14899261355757515,5.629756846471826,15.0
low-mileage,9.0,2.5,300.0,0.0,190.76118563313457,344.47244191452467,1150.0,1343.5433970248525,0.12492119687741474,6.361914365519317,15.0
low-mileage,9.0,2.5,300.0,0.01,190.76118563313457,344.47244191452467,1150.0,1163.5128160059253,0.12492119687741474,6.361914365519317,15.0
low-mileage,9.0,2.5,300.0,0.02,190.76118563313457,344.47244191452467,1150.0,1001.9401068685704,0.12492119687741474,6.361914365519317,15.0
low-mileage,9.0,2.5,300.0,0.03,190.76118563313457,344.47244191452467,1150.0,856.5810389919202,0.12492119687741474,6.361914365519317,15.0
low-mileage,9.0,2.5,300.0,0.04,190.76118563313457,344.47244191452467,1150.0,725.4965573736135,0.12492119687741474,6.361914365519317,15.0
low-mileage,9.0,2.5,350.0,0.0,190.76118563313457,344.47244191452467,1275.0,1218.5433970248525,0.1048539096023432,7.103701905399869,15.0
low-mileage,9.0,2.5,350.0,0.01,190.76118563313457,344.47244191452467,1275.0,1038.5128160059255,0.1048539096023432,7.103701905399869,15.0
low-mileage,9.0,2.5,350.0,0.02,190.76118563313457,344.47244191452467,1275.0,876.9401068685706,0.1048539096023432,7.103701905399869,15.0
low-mileage,9.0,2.5,350.0,0.03,190.76118563313457,344.47244191452467,1275.0,731.58103899192,0.1048539096023432,7.103701905399869,15.0
low-mileage,9.0,2.5,350.0,0.04,190.76118563313457,344.47244191452467,1275.0,600.4965573736135,0.1048539096023432,7.103701905399869,15.0
low-mileage,9.0,2.5,400.0,0.0,190.76118563313457,344.47244191452467,1400.0,1093.5433970248525,0.08776620181069342,7.85851160108615,15.0
low-mileage,9.0,2.5,400.0,0.01,190.76118563313457,344.47244191452467,1400.0,913.5128160059255,0.08776620181069342,7.85851160108615,15.0
low-mileage,9.0,2.5,400.0,0.02,190.76118563313457,344.47244191452467,1400.0,751.9401068685706,0.08776620181069342,7.85851160108615,15.0
low-mileage,9.0,2.5,400.0,0.03,190.76118563313457,344.47244191452467,1400.0,606.58103899192,0.08776620181069342,7.85851160108615,15.0
low-mileage,9.0,2.5,400.0,0.04,190.76118563313457,344.47244191452467,1400.0,475.4965573736134,0.08776620181069342,7.85851160108615,15.0
low-mileage,9.0,12.5,100.0,0.0,618.5477759809659,281.7745322923124,1650.0,6435.375006569678,0.3518695736188554,2.715887640005666,15.0
low-mileage,9.0,12.5,100.0,0.01,618.5477759809659,281.7745322923124,1650.0,5851.621476582832,0.3518695736188554,2.715887640005666,15.0
low-mileage,9.0,12.5,100.0,0.02,618.5477759809659,281.7745322923124,1650.0,5327.718044317881,0.3518695736188554,2.715887640005666,15.0
low-mileage,9.0,12.5,100.0,0.03,618.5477759809659,281.7745322923124,1650.0,4856.387737498113,0.3518695736188554,2.715887640005666,15.0
low-mileage,9.0,12.5,100.0,0.04,618.5477759809659,281.7745322923124,1650.0,4431.343123199292,0.3518695736188554,2.715887640005666,15.0
low-mileage,9.0,12.5,150.0,0.0,618.5477759809659,281.7745322923124,2275.0,5810.375006569678,0.2443246844071449,3.7836549136303366,15.0
low-mileage,9.0,12.5,150.0,0.01,618.5477759809659,281.7745322923124,2275.0,5226.621476582832,0.2443246844071449,3.7836549136303366,15.0
low-mileage,9.0,12.5,150.0,0.02,618.5477759809659,281.7745322923124,2275.0,4702.718044317881,0.2443246844071449,3.7836549136303366,15.0
low-mileage,9.0,12.5,150.0,0.03,618.5477759809659,281.7745322923124,2275.0,4231.387737498113,0.2443246844071449,3.7836549136303366,15.0
low-mileage,9.0,12.5,150.0,0.04,618.5477759809659,281.7745322923124,2275.0,3806.3431231992927,0.2443246844071449,3.7836549136303366,15.0
low-mileage,9.0,12.5,200.0,0.0,618.5477759809659,281.7745322923124,2900.0,5185.375006569678,0.18016322910861154,4.874714692534146,15.0
low-mileage,9.0,12.5,200.0,0.01,618.5477759809659,281.7745322923124,2900.0,4601.621476582832,0.18016322910861154,4.874714692534146,15.0
low-mileage,9.0,12.5,200.0,0.02,618.5477759809659,281.7745322923124,2900.0,4077.7180443178813,0.18016322910861154,4.874714692534146,15.0
low-mileage,9.0,12.5,200.0,0.03,618.5477759809659,281.7745322923124,2900.0,3606.387737498113,0.18016322910861154,4.874714692534146,15.0
low-mileage,9.0,12.5,200.0,0.04,618.5477759809659,281.7745322923124,2900.0,3181.3431231992927,0.18016322910861154,4.874714692534146,15.0
low-mileage,9.0,12.5,250.0,0.0,618.5477759809659,281.7745322923124,3525.0,4560.375006569679,0.13644789647485817,5.989989466614524,15.0
low-mileage,9.0,12.5,250.0,0.01,618.5477759809659,281.7745322923124,3525.0,3976.6214765828317,0.13644789647485817,5.989989466614524,15.0
low-mileage,9.0,12.5,250.0,0.02,618.5477759809659,281.7745322923124,3525.0,3452.7180443178822,0.13644789647485817,5.989989466614524,15.0
low-mileage,9.0,12.5,250.0,0.03,618.5477759809659,281.7745322923124,3525.0,2981.387737498112,0.13644789647485817,5.989989466614524,15.0
low-mileage,9.0,12.5,250.0,0.04,618.5477759809659,281.7745322923124,3525.0,2556.3431231992927,0.13644789647485817,5.989989466614524,15.0
low-mileage,9.0,12.5,300.0,0.0,618.5477759809659,281.7745322923124,4150.0,3935.375006569679,0.10413815681470051,7.133091507397344,15.0
low-mileage,9.0,12.5,300.0,0.01,618.5477759809659,281.7745322923124,4150.0,3351.6214765828317,0.10413815681470051,7.133091507397344,15.0
low-mileage,9.0,12.5,300.0,0.02,618.5477759809659,281.7745322923124,4150.0,2827.7180443178822,0.10413815681470051,7.133091507397344,15.0
low-mileage,9.0,12.5,300.0,0.03,618.5477759809659,281.7745322923124,4150.0,2356.3877374981125,0.10413815681470051,7.133091507397344,15.0
low-mileage,9.0,12.5,300.0,0.04,618.5477759809659,281.7745322923124,4150.0,1931.3431231992927,0.10413815681470051,7.133091507397344,15.0
low-mileage,9.0,12.5,350.0,0.0,618.5477759809659,281.7745322923124,4775.0,3310.375006569678,0.07892439795043454,8.303075993840041,15.0
low-mileage,9.0,12.5,350.0,0.01,618.5477759809659,281.7745322923124,4775.0,2726.6214765828313,0.07892439795043454,8.303075993840041,15.0
low-mileage,9.0,12.5,350.0,0.02,618.5477759809659,281.7745322923124,4775.0,2202.7180443178813,0.07892439795043454,8.303075993840041,15.0
low-mileage,9.0,12.5,350.0,0.03,618.5477759809659,281.7745322923124,4775.0,1731.387737498112,0.07892439795043454,8.303075993840041,15.0
low-mileage,9.0,12.5,350.0,0.04,618.5477759809659,281.7745322923124,4775.0,1306.3431231992927,0.07892439795043454,8.303075993840041,15.0
low-mileage,9.0,12.5,400.0,0.0,618.5477759809659,281.7745322923124,5400.0,2685.375006569678,0.05847419116947146,9.500767847281484,15.0
low-mileage,9.0,12.5,400.0,0.01,618.5477759809659,281.7745322923124,5400.0,2101.6214765828313,0.05847419116947146,9.500767847281484,15.0
low-mileage,9.0,12.5,400.0,0.02,618.5477759809659,281.7745322923124,5400.0,1577.7180443178813,0.05847419116947146,9.500767847281484,15.0
low-mileage,9.0,12.5,400.0,0.03,618.5477759809659,281.7745322923124,5400.0,1106.3877374981125,0.05847419116947146,9.500767847281484,15.0
low-mileage,9.0,12.5,400.0,0.04,618.5477759809659,281.7745322923124,5400.0,681.3431231992924,0.05847419116947146,9.500767847281484,15.0
low-mileage,9.0,20.0,100.0,0.0,801.9529211649892,247.47966191948754,2400.0,8082.763590815139,0.309841303018793,3.0555618617208666,15.0
low-mileage,9.0,20.0,100.0,0.01,801.9529211649892,247.47966191948754,2400.0,7325.921731880492,0.309841303018793,3.0555618617208666,15.0
low-mileage,9.0,20.0,100.0,0.02,801.9529211649892,247.47966191948754,2400.0,6646.676079033507,0.309841303018793,3.0555618617208666,15.0
low-mileage,9.0,20.0,100.0,0.03,801.9529211649892,247.47966191948754,2400.0,6035.59197031086,0.309841303018793,3.0555618617208666,15.0
low-mileage,9.0,20.0,100.0,0.04,801.9529211649892,247.47966191948754,2400.0,5484.517690685815,0.309841303018793,3.0555618617208666,15.0
low-mileage,9.0,20.0,150.0,0.0,801.9529211649892,247.47966191948754,3400.0,7082.763590815139,0.2052826071452443,4.388194635124996,15.0
low-mileage,9.0,20.0,150.0,0.01,801.9529211649892,247.47966191948754,3400.0,6325.921731880491,0.2052826071452443,4.388194635124996,15.0
low-mileage,9.0,20.0,150.0,0.02,801.9529211649892,247.47966191948754,3400.0,5646.676079033507,0.2052826071452443,4.388194635124996,15.0
low-mileage,9.0,20.0,150.0,0.03,801.9529211649892,247.47966191948754,3400.0,5035.591970310861,0.2052826071452443,4.388194635124996,15.0
low-mileage,9.0,20.0,150.0,0.04,801.9529211649892,247.47966191948754,3400.0,4484.517690685814,0.2052826071452443,4.388194635124996,15.0
low-mileage,9.0,20.0,200.0,0.0,801.9529211649892,247.47966191948754,4400.0,6082.763590815138,0.14448091082410763,5.755205771682762,15.0
low-mileage,9.0,20.0,200.0,0.01,801.9529211649892,247.47966191948754,4400.0,5325.921731880491,0.14448091082410763,5.755205771682762,15.0
low-mileage,9.0,20.0,200.0,0.02,801.9529211649892,247.47966191948754,4400.0,4646.676079033508,0.14448091082410763,5.755205771682762,15.0
low-mileage,9.0,20.0,200.0,0.03,801.9529211649892,247.47966191948754,4400.0,4035.591970310861,0.14448091082410763,5.755205771682762,15.0
low-mileage,9.0,20.0,200.0,0.04,801.9529211649892,247.47966191948754,4400.0,3484.517690685814,0.14448091082410763,5.755205771682762,15.0
low-mileage,9.0,20.0,250.0,0.0,801.9529211649892,247.47966191948754,5400.0,5082.763590815138,0.10346060687462791,7.161081561863273,15.0
low-mileage,9.0,20.0,250.0,0.01,801.9529211649892,247.47966191948754,5400.0,4325.921731880492,0.10346060687462791,7.161081561863273,15.0
low-mileage,9.0,20.0,250.0,0.02,801.9529211649892,247.47966191948754,5400.0,3646.6760790335084,0.10346060687462791,7.161081561863273,15.0
low-mileage,9.0,20.0,250.0,0.03,801.9529211649892,247.47966191948754,5400.0,3035.5919703108607,0.10346060687462791,7.161081561863273,15.0
low-mileage,9.0,20.0,250.0,0.04,801.9529211649892,247.47966191948754,5400.0,2484.5176906858146,0.10346060687462791,7.161081561863273,15.0
low-mileage,9.0,20.0,300.0,0.0,801.9529211649892,247.47966191948754,6400.0,4082.7635908151383,0.07325683868369816,8.609652113855848,15.0
low-mileage,9.0,20.0,300.0,0.01,801.9529211649892,247.47966191948754,6400.0,3325.9217318804913,0.07325683868369816,8.609652113855848,15.0
low-mileage,9.0,20.0,300.0,0.02,801.9529211649892,247.47966191948754,6400.0,2646.6760790335084,0.07325683868369816,8.609652113855848,15.0
low-mileage,9.0,20.0,300.0,0.03,801.9529211649892,247.47966191948754,6400.0,2035.59197031086,0.07325683868369816,8.609652113855848,15.0
low-mileage,9.0,20.0,300.0,0.04,801.9529211649892,247.47966191948754,6400.0,1484.5176906858142,0.07325683868369816,8.609652113855848,15.0
low-mileage,9.0,20.0,350.0,0.0,801.9529211649892,247.47966191948754,7400.0,3082.7635908151387,0.049713227868498897,10.099274729592036,15.0
low-mileage,9.0,20.0,350.0,0.01,801.9529211649892,247.47966191948754,7400.0,2325.9217318804904,0.049713227868498897,10.099274729592036,15.0
low-mileage,9.0,20.0,350.0,0.02,801.9529211649892,247.47966191948754,7400.0,1646.6760790335086,0.049713227868498897,10.099274729592036,15.0
low-mileage,9.0,20.0,350.0,0.03,801.9529211649892,247.47966191948754,7400.0,1035.5919703108598,0.049713227868498897,10.099274729592036,15.0
low-mileage,9.0,20.0,350.0,0.04,801.9529211649892,247.47966191948754,7400.0,484.51769068581456,0.049713227868498897,10.099274729592036,15.0
low-mileage,9.0,20.0,400.0,0.0,801.9529211649892,247.47966191948754,8400.0,2082.7635908151387,0.030615802209029486,11.638163931211205,15.0
low-mileage,9.0,20.0,400.0,0.01,801.9529211649892,247.47966191948754,8400.0,1325.92173188049,0.030615802209029486,11.638163931211205,15.0
low-mileage,9.0,20.0,400.0,0.02,801.9529211649892,247.47966191948754,8400.0,646.676079033508,0.030615802209029486,11.638163931211205,15.0
low-mileage,9.0,20.0,400.0,0.03,801.9529211649892,247.47966191948754,8400.0,35.59197031085972,0.030615802209029486,11.638163931211205,15.0
low-mileage,9.0,20.0,400.0,0.04,801.9529211649892,247.47966191948754,8400.0,-515.4823093141846,0.030615802209029486,11.638163931211205,15.0
low-mileage,9.0,25.0,100.0,0.0,899.9304381067114,228.82366663119186,2900.0,8863.481099547618,0.2849911758940084,3.299695800885138,15.0
low-mileage,9.0,25.0,100.0,0.01,899.9304381067114,228.82366663119186,2900.0,8014.173106880017,0.2849911758940084,3.299695800885138,15.0
low-mileage,9.0,25.0,100.0,0.02,899.9304381067114,228.82366663119186,2900.0,7251.941532162798,0.2849911758940084,3.299695800885138,15.0
low-mileage,9.0,25.0,100.0,0.03,899.9304381067114,228.82366663119186,2900.0,6566.19904632717,0.2849911758940084,3.299695800885138,15.0
low-mileage,9.0,25.0,100.0,0.04,899.9304381067114,228.82366663119186,2900.0,5947.798009553246,0.2849911758940084,3.299695800885138,15.0
low-mileage,9.0,25.0,150.0,0.0,899.9304381067114,228.82366663119186,4150.0,7613.481099547616,0.18416312187852096,4.791306083260777,15.0
low-mileage,9.0,25.0,150.0,0.01,899.9304381067114,228.82366663119186,4150.0,6764.173106880018,0.18416312187852096,4.791306083260777,15.0
low-mileage,9.0,25.0,150.0,0.02,899.9304381067114,228.82366663119186,4150.0,6001.941532162797,0.18416312187852096,4.791306083260777,15.0
low-mileage,9.0,25.0,150.0,0.03,899.9304381067114,228.82366663119186,4150.0,5316.199046327171,0.18416312187852096,4.791306083260777,15.0
low-mileage,9.0,25.0,150.0,0.04,899.9304381067114,228.82366663119186,4150.0,4697.798009553246,0.18416312187852096,4.791306083260777,15.0
low-mileage,9.0,25.0,200.0,0.0,899.9304381067114,228.82366663119186,5400.0,6363.481099547616,0.12585954126677673,6.3302876802033845,15.0
low-mileage,9.0,25.0,200.0,0.01,899.9304381067114,228.82366663119186,5400.0,5514.173106880017,0.12585954126677673,6.3302876802033845,15.0
low-mileage,9.0,25.0,200.0,0.02,899.9304381067114,228.82366663119186,5400.0,4751.941532162797,0.12585954126677673,6.3302876802033845,15.0
low-mileage,9.0,25.0,200.0,0.03,899.9304381067114,228.82366663119186,5400.0,4066.1990463271723,0.12585954126677673,6.3302876802033845,15.0
low-mileage,9.0,25.0,200.0,0.04,899.9304381067114,228.82366663119186,5400.0,3447.7980095532453,0.12585954126677673,6.3302876802033845,15.0
low-mileage,9.0,25.0,250.0,0.0,899.9304381067114,228.82366663119186,6650.0,5113.481099547616,0.08655287913861251,7.9166147745347235,15.0
low-mileage,9.0,25.0,250.0,0.01,899.9304381067114,228.82366663119186,6650.0,4264.173106880017,0.08655287913861251,7.9166147745347235,15.0
low-mileage,9.0,25.0,250.0,0.02,899.9304381067114,228.82366663119186,6650.0,3501.9415321627985,0.08655287913861251,7.9166147745347235,15.0
low-mileage,9.0,25.0,250.0,0.03,899.9304381067114,228.82366663119186,6650.0,2816.1990463271713,0.08655287913861251,7.9166147745347235,15.0
low-mileage,9.0,25.0,250.0,0.04,899.9304381067114,228.82366663119186,6650.0,2197.7980095532453,0.08655287913861251,7.9166147745347235,15.0
low-mileage,9.0,25.0,300.0,0.0,899.9304381067114,228.82366663119186,7900.0,3863.4810995476164,0.057589241964423596,9.558735388618551,15.0
low-mileage,9.0,25.0,300.0,0.01,899.9304381067114,228.82366663119186,7900.0,3014.1731068800173,0.057589241964423596,9.558735388618551,15.0
low-mileage,9.0,25.0,300.0,0.02,899.9304381067114,228.82366663119186,7900.0,2251.9415321627985,0.057589241964423596,9.558735388618551,15.0
low-mileage,9.0,25.0,300.0,0.03,899.9304381067114,228.82366663119186,7900.0,1566.1990463271716,0.057589241964423596,9.558735388618551,15.0
low-mileage,9.0,25.0,300.0,0.04,899.9304381067114,228.82366663119186,7900.0,947.7980095532455,0.057589241964423596,9.558735388618551,15.0
low-mileage,9.0,25.0,350.0,0.0,899.9304381067114,228.82366663119186,9150.0,2613.4810995476178,0.0349854786110344,11.254792142785792,15.0
low-mileage,9.0,25.0,350.0,0.01,899.9304381067114,228.82366663119186,9150.0,1764.1731068800184,0.0349854786110344,11.254792142785792,15.0
low-mileage,9.0,25.0,350.0,0.02,899.9304381067114,228.82366663119186,9150.0,1001.9415321627984,0.0349854786110344,11.254792142785792,15.0
low-mileage,9.0,25.0,350.0,0.03,899.9304381067114,228.82366663119186,9150.0,316.1990463271713,0.0349854786110344,11.254792142785792,15.0
low-mileage,9.0,25.0,350.0,0.04,899.9304381067114,228.82366663119186,9150.0,-302.2019904467542,0.0349854786110344,11.254792142785792,15.0
low-mileage,9.0,25.0,400.0,0.0,899.9304381067114,228.82366663119186,10400.0,1363.4810995476182,0.01662697461786984,13.009841362308517,15.0
low-mileage,9.0,25.0,400.0,0.01,899.9304381067114,228.82366663119186,10400.0,514.1731068800171,0.01662697461786984,13.009841362308517,15.0
low-mileage,9.0,25.0,400.0,0.02,899.9304381067114,228.82366663119186,10400.0,-248.05846783720256,0.01662697461786984,13.009841362308517,15.0
low-mileage,9.0,25.0,400.0,0.03,899.9304381067114,228.82366663119186,10400.0,-933.8009536728296,0.01662697461786984,13.009841362308517,15.0
low-mileage,9.0,25.0,400.0,0.04,899.9304381067114,228.82366663119186,10400.0,-1552.2019904467538,0.01662697461786984,13.009841362308517,15.0
low-mileage,12.0,5.0,100.0,0.0,339.84633128224243,325.3255785721648,900.0,3542.316567489198,0.354669864198322,2.6958098159620194,15.0
low-mileage,12.0,5.0,100.0,0.01,339.84633128224243,325.3255785721648,900.0,3221.587105283206,0.354669864198322,2.6958098159620194,15.0
low-mileage,12.0,5.0,100.0,0.02,339.84633128224243,325.3255785721648,900.0,2933.740852632712,0.354669864198322,2.6958098159620194,15.0
low-mileage,12.0,5.0,100.0,0.03,339.84633128224243,325.3255785721648,900.0,2674.7796505803717,0.354669864198322,2.6958098159620194,15.0
low-mileage,12.0,5.0,100.0,0.04,339.84633128224243,325.3255785721648,900.0,2441.249018978562,0.354669864198322,2.6958098159620194,15.0
low-mileage,12.0,5.0,150.0,0.0,339.84633128224243,325.3255785721648,1150.0,3292.316567489198,0.26942500193844354,3.4711922155184443,15.0
low-mileage,12.0,5.0,150.0,0.01,339.84633128224243,325.3255785721648,1150.0,2971.5871052832053,0.26942500193844354,3.4711922155184443,15.0
low-mileage,12.0,5.0,150.0,0.02,339.84633128224243,325.3255785721648,1150.0,2683.740852632712,0.26942500193844354,3.4711922155184443,15.0
low-mileage,12.0,5.0,150.0,0.03,339.84633128224243,325.3255785721648,1150.0,2424.7796505803717,0.26942500193844354,3.4711922155184443,15.0
low-mileage,12.0,5.0,150.0,0.04,339.84633128224243,325.3255785721648,1150.0,2191.249018978562,0.26942500193844354,3.4711922155184443,15.0
low-mileage,12.0,5.0,200.0,0.0,339.84633128224243,325.3255785721648,1400.0,3042.316567489198,0.2128261003758507,4.257941406137164,15.0
low-mileage,12.0,5.0,200.0,0.01,339.84633128224243,325.3255785721648,1400.0,2721.5871052832053,0.2128261003758507,4.257941406137164,15.0
low-mileage,12.0,5.0,200.0,0.02,339.84633128224243,325.3255785721648,1400.0,2433.740852632712,0.2128261003758507,4.257941406137164,15.0
low-mileage,12.0,5.0,200.0,0.03,339.84633128224243,325.3255785721648,1400.0,2174.7796505803717,0.2128261003758507,4.257941406137164,15.0
low-mileage,12.0,5.0,200.0,0.04,339.84633128224243,325.3255785721648,1400.0,1941.2490189785622,0.2128261003758507,4.257941406137164,15.0
low-mileage,12.0,5.0,250.0,0.0,339.84633128224243,325.3255785721648,1650.0,2792.316567489198,0.1718756647436679,5.056614890160762,15.0
low-mileage,12.0,5.0,250.0,0.01,339.84633128224243,325.3255785721648,1650.0,2471.5871052832053,0.1718756647436679,5.056614890160762,15.0
low-mileage,12.0,5.0,250.0,0.02,339.84633128224243,325.3255785721648,1650.0,2183.740852632712,0.1718756647436679,5.056614890160762,15.0
low-mileage,12.0,5.0,250.0,0.03,339.84633128224243,325.3255785721648,1650.0,1924.7796505803722,0.1718756647436679,5.056614890160762,15.0
low-mileage,12.0,5.0,250.0,0.04,339.84633128224243,325.3255785721648,1650.0,1691.2490189785624,0.1718756647436679,5.056614890160762,15.0
low-mileage,12.0,5.0,300.0,0.0,339.84633128224243,325.3255785721648,1900.0,2542.316567489198,0.1404740695452528,5.8704324271203365,15.0
low-mileage,12.0,5.0,300.0,0.01,339.84633128224243,325.3255785721648,1900.0,2221.5871052832053,0.1404740695452528,5.8704324271203365,15.0
low-mileage,12.0,5.0,300.0,0.02,339.84633128224243,325.3255785721648,1900.0,1933.7408526327122,0.1404740695452528,5.8704324271203365,15.0
low-mileage,12.0,5.0,300.0,0.03,339.84633128224243,325.3255785721648,1900.0,1674.7796505803722,0.1404740695452528,5.8704324271203365,15.0
low-mileage,12.0,5.0,300.0,0.04,339.84633128224243,325.3255785721648,1900.0,1441.2490189785622,0.1404740695452528,5.8704324271203365,15.0
low-mileage,12.0,5.0,350.0,0.0,339.84633128224243,325.3255785721648,2150.0,2292.316567489198,0.11537284978897555,6.6982142490611345,15.0
low-mileage,12.0,5.0,350.0,0.01,339.84633128224243,325.3255785721648,2150.0,1971.5871052832053,0.11537284978897555,6.6982142490611345,15.0
low-mileage,12.0,5.0,350.0,0.02,339.84633128224243,325.3255785721648,2150.0,1683.7408526327122,0.11537284978897555,6.6982142490611345,15.0
low-mileage,12.0,5.0,350.0,0.03,339.84633128224243,325.3255785721648,2150.0,1424.7796505803722,0.11537284978897555,6.6982142490611345,15.0
low-mileage,12.0,5.0,350.0,0.04,339.84633128224243,325.3255785721648,2150.0,1191.2490189785622,0.11537284978897555,6.6982142490611345,15.0
low-mileage,12.0,5.0,400.0,0.0,339.84633128224243,325.3255785721648,2400.0,2042.3165674891982,0.0946763538528125,7.539428884880764,15.0
low-mileage,12.0,5.0,400.0,0.01,339.84633128224243,325.3255785721648,2400.0,1721.5871052832053,0.0946763538528125,7.539428884880764,15.0
low-mileage,12.0,5.0,400.0,0.02,339.84633128224243,325.3255785721648,2400.0,1433.740852632712,0.0946763538528125,7.539428884880764,15.0
low-mileage,12.0,5.0,400.0,0.03,339.84633128224243,325.3255785721648,2400.0,1174.7796505803722,0.0946763538528125,7.539428884880764,15.0
low-mileage,12.0,5.0,400.0,0.04,339.84633128224243,325.3255785721648,2400.0,941.2490189785622,0.0946763538528125,7.539428884880764,15.0
low-mileage,12.0,10.0,100.0,0.0,549.1974668914102,304.80479100540896,1400.0,5778.859329714621,0.3696979586485848,2.592642831917801,15.0
low-mileage,12.0,10.0,100.0,0.01,549.1974668914102,304.80479100540896,1400.0,5260.555049258262,0.3696979586485848,2.592642831917801,15.0
low-mileage,12.0,10.0,100.0,0.02,549.1974668914102,304.80479100540896,1400.0,4795.3905962144945,0.3696979586485848,2.592642831917801,15.0
low-mileage,12.0,10.0,100.0,0.03,549.1974668914102,304.80479100540896,1400.0,4376.904877525993,0.3696979586485848,2.592642831917801,15.0
low-mileage,12.0,10.0,100.0,0.04,549.1974668914102,304.80479100540896,1400.0,3999.5153943635287,0.3696979586485848,2.592642831917801,15.0
low-mileage,12.0,10.0,150.0,0.0,549.1974668914102,304.80479100540896,1900.0,5278.859329714621,0.26258820963947516,3.5516340175697616,15.0
low-mileage,12.0,10.0,150.0,0.01,549.1974668914102,304.80479100540896,1900.0,4760.555049258262,0.26258820963947516,3.5516340175697616,15.0
low-mileage,12.0,10.0,150.0,0.02,549.1974668914102,304.80479100540896,1900.0,4295.390596214494,0.26258820963947516,3.5516340175697616,15.0
low-mileage,12.0,10.0,150.0,0.03,549.1974668914102,304.80479100540896,1900.0,3876.9048775259935,0.26258820963947516,3.5516340175697616,15.0
low-mileage,12.0,10.0,150.0,0.04,549.1974668914102,304.80479100540896,1900.0,3499.5153943635287,0.26258820963947516,3.5516340175697616,15.0
low-mileage,12.0,10.0,200.0,0.0,549.1974668914102,304.80479100540896,2400.0,4778.859329714621,0.1975164570576725,4.529529198791057,15.0
low-mileage,12.0,10.0,200.0,0.01,549.1974668914102,304.80479100540896,2400.0,4260.555049258263,0.1975164570576725,4.529529198791057,15.0
low-mileage,12.0,10.0,200.0,0.02,549.1974668914102,304.80479100540896,2400.0,3795.3905962144936,0.1975164570576725,4.529529198791057,15.0
low-mileage,12.0,10.0,200.0,0.03,549.1974668914102,304.80479100540896,2400.0,3376.904877525993,0.1975164570576725,4.529529198791057,15.0
low-mileage,12.0,10.0,200.0,0.04,549.1974668914102,304.80479100540896,2400.0,2999.5153943635287,0.1975164570576725,4.529529198791057,15.0
low-mileage,12.0,10.0,250.0,0.0,549.1974668914102,304.80479100540896,2900.0,4278.859329714621,0.15280639565683024,5.527117047126938,15.0
low-mileage,12.0,10.0,250.0,0.01,549.1974668914102,304.80479100540896,2900.0,3760.5550492582634,0.15280639565683024,5.527117047126938,15.0
low-mileage,12.0,10.0,250.0,0.02,549.1974668914102,304.80479100540896,2900.0,3295.3905962144936,0.15280639565683024,5.527117047126938,15.0
low-mileage,12.0,10.0,250.0,0.03,549.1974668914102,304.80479100540896,2900.0,2876.9048775259926,0.15280639565683024,5.527117047126938,15.0
low-mileage,12.0,10.0,250.0,0.04,549.1974668914102,304.80479100540896,2900.0,2499.5153943635282,0.15280639565683024,5.527117047126938,15.0
low-mileage,12.0,10.0,300.0,0.0,549.1974668914102,304.80479100540896,3400.0,3778.859329714621,0.11962249339003839,6.545210551413724,15.0
low-mileage,12.0,10.0,300.0,0.01,549.1974668914102,304.80479100540896,3400.0,3260.555049258264,0.11962249339003839,6.545210551413724,15.0
low-mileage,12.0,10.0,300.0,0.02,549.1974668914102,304.80479100540896,3400.0,2795.3905962144936,0.11962249339003839,6.545210551413724,15.0
low-mileage,12.0,10.0,300.0,0.03,549.1974668914102,304.80479100540896,3400.0,2376.9048775259926,0.11962249339003839,6.545210551413724,15.0
low-mileage,12.0,10.0,300.0,0.04,549.1974668914102,304.80479100540896,3400.0,1999.5153943635278,0.11962249339003839,6.545210551413724,15.0
low-mileage,12.0,10.0,350.0,0.0,549.1974668914102,304.80479100540896,3900.0,3278.8593297146203,0.09367070553045659,7.584647681845025,15.0
low-mileage,12.0,10.0,350.0,0.01,549.1974668914102,304.80479100540896,3900.0,2760.555049258263,0.09367070553045659,7.584647681845025,15.0
low-mileage,12.0,10.0,350.0,0.02,549.1974668914102,304.80479100540896,3900.0,2295.390596214494,0.09367070553045659,7.584647681845025,15.0
low-mileage,12.0,10.0,350.0,0.03,549.1974668914102,304.80479100540896,3900.0,1876.9048775259926,0.09367070553045659,7.584647681845025,15.0
low-mileage,12.0,10.0,350.0,0.04,549.1974668914102,304.80479100540896,3900.0,1499.5153943635278,0.09367070553045659,7.584647681845025,15.0
low-mileage,12.0,10.0,400.0,0.0,549.1974668914102,304.80479100540896,4400.0,2778.8593297146203,0.07259907817711503,8.646292071014708,15.0
low-mileage,12.0,10.0,400.0,0.01,549.1974668914102,304.80479100540896,4400.0,2260.555049258263,0.07259907817711503,8.646292071014708,15.0
low-mileage,12.0,10.0,400.0,0.02,549.1974668914102,304.80479100540896,4400.0,1795.390596214494,0.07259907817711503,8.646292071014708,15.0
low-mileage,12.0,10.0,400.0,0.03,549.1974668914102,304.80479100540896,4400.0,1376.9048775259923,0.07259907817711503,8.646292071014708,15.0
low-mileage,12.0,10.0,400.0,0.04,549.1974668914102,304.80479100540896,4400.0,999.5153943635277,0.07259907817711503,8.646292071014708,15.0
low-mileage,12.0,20.0,100.0,0.0,834.6827744664569,263.8901002091114,2400.0,8510.593336759486,0.3239691482855005,2.932261423625482,15.0
low-mileage,12.0,20.0,100.0,0.01,834.6827744664569,263.8901002091114,2400.0,7722.86272817186,0.3239691482855005,2.932261423625482,15.0
low-mileage,12.0,20.0,100.0,0.02,834.6827744664569,263.8901002091114,2400.0,7015.895235318301,0.3239691482855005,2.932261423625482,15.0
low-mileage,12.0,20.0,100.0,0.03,834.6827744664569,263.8901002091114,2400.0,6379.871142332867,0.3239691482855005,2.932261423625482,15.0
low-mileage,12.0,20.0,100.0,0.04,834.6827744664569,263.8901002091114,2400.0,5806.306040797556,0.3239691482855005,2.932261423625482,15.0
low-mileage,12.0,20.0,150.0,0.0,834.6827744664569,263.8901002091114,3400.0,7510.593336759485,0.21582641221879265,4.207955809753931,15.0
low-mileage,12.0,20.0,150.0,0.01,834.6827744664569,263.8901002091114,3400.0,6722.86272817186,0.21582641221879265,4.207955809753931,15.0
low-mileage,12.0,20.0,150.0,0.02,834.6827744664569,263.8901002091114,3400.0,6015.895235318301,0.21582641221879265,4.207955809753931,15.0
low-mileage,12.0,20.0,150.0,0.03,834.6827744664569,263.8901002091114,3400.0,5379.871142332868,0.21582641221879265,4.207955809753931,15.0
low-mileage,12.0,20.0,150.0,0.04,834.6827744664569,263.8901002091114,3400.0,4806.306040797556,0.21582641221879265,4.207955809753931,15.0
low-mileage,12.0,20.0,200.0,0.0,834.6827744664569,263.8901002091114,4400.0,6510.593336759486,0.15318112571523212,5.517195318011488,15.0
low-mileage,12.0,20.0,200.0,0.01,834.6827744664569,263.8901002091114,4400.0,5722.86272817186,0.15318112571523212,5.517195318011488,15.0
low-mileage,12.0,20.0,200.0,0.02,834.6827744664569,263.8901002091114,4400.0,5015.895235318302,0.15318112571523212,5.517195318011488,15.0
low-mileage,12.0,20.0,200.0,0.03,834.6827744664569,263.8901002091114,4400.0,4379.871142332868,0.15318112571523212,5.517195318011488,15.0
low-mileage,12.0,20.0,200.0,0.04,834.6827744664569,263.8901002091114,4400.0,3806.3060407975554,0.15318112571523212,5.517195318011488,15.0
low-mileage,12.0,20.0,250.0,0.0,834.6827744664569,263.8901002091114,5400.0,5510.593336759486,0.11104514819260823,6.8597948912417595,15.0
low-mileage,12.0,20.0,250.0,0.01,834.6827744664569,263.8901002091114,5400.0,4722.86272817186,0.11104514819260823,6.8597948912417595,15.0
low-mileage,12.0,20.0,250.0,0.02,834.6827744664569,263.8901002091114,5400.0,4015.895235318302,0.11104514819260823,6.8597948912417595,15.0
low-mileage,12.0,20.0,250.0,0.03,834.6827744664569,263.8901002091114,5400.0,3379.8711423328677,0.11104514819260823,6.8597948912417595,15.0
low-mileage,12.0,20.0,250.0,0.04,834.6827744664569,263.8901002091114,5400.0,2806.3060407975545,0.11104514819260823,6.8597948912417595,15.0
low-mileage,12.0,20.0,300.0,0.0,834.6827744664569,263.8901002091114,6400.0,4510.593336759487,0.08009329171248505,8.241823845530307,15.0
low-mileage,12.0,20.0,300.0,0.01,834.6827744664569,263.8901002091114,6400.0,3722.86272817186,0.08009329171248505,8.241823845530307,15.0
low-mileage,12.0,20.0,300.0,0.02,834.6827744664569,263.8901002091114,6400.0,3015.895235318302,0.08009329171248505,8.241823845530307,15.0
low-mileage,12.0,20.0,300.0,0.03,834.6827744664569,263.8901002091114,6400.0,2379.8711423328687,0.08009329171248505,8.241823845530307,15.0
low-mileage,12.0,20.0,300.0,0.04,834.6827744664569,263.8901002091114,6400.0,1806.3060407975554,0.08009329171248505,8.241823845530307,15.0
low-mileage,12.0,20.0,350.0,0.0,834.6827744664569,263.8901002091114,7400.0,3510.593336759488,0.05601177309454948,9.663308178621207,15.0
low-mileage,12.0,20.0,350.0,0.01,834.6827744664569,263.8901002091114,7400.0,2722.86272817186,0.05601177309454948,9.663308178621207,15.0
low-mileage,12.0,20.0,350.0,0.02,834.6827744664569,263.8901002091114,7400.0,2015.895235318301,0.05601177309454948,9.663308178621207,15.0
low-mileage,12.0,20.0,350.0,0.03,834.6827744664569,263.8901002091114,7400.0,1379.8711423328677,0.05601177309454948,9.663308178621207,15.0
low-mileage,12.0,20.0,350.0,0.04,834.6827744664569,263.8901002091114,7400.0,806.3060407975555,0.05601177309454948,9.663308178621207,15.0
low-mileage,12.0,20.0,400.0,0.0,834.6827744664569,263.8901002091114,8400.0,2510.593336759488,0.03650763072678579,11.125224379900448,15.0
low-mileage,12.0,20.0,400.0,0.01,834.6827744664569,263.8901002091114,8400.0,1722.862728171861,0.03650763072678579,11.125224379900448,15.0
low-mileage,12.0,20.0,400.0,0.02,834.6827744664569,263.8901002091114,8400.0,1015.8952353183013,0.03650763072678579,11.125224379900448,15.0
low-mileage,12.0,20.0,400.0,0.03,834.6827744664569,263.8901002091114,8400.0,379.87114233286815,0.03650763072678579,11.125224379900448,15.0
low-mileage,12.0,20.0,400.0,0.04,834.6827744664569,263.8901002091114,8400.0,-193.69395920244432,0.03650763072678579,11.125224379900448,15.0
low-mileage,12.0,30.0,100.0,0.0,1058.2128776196478,234.39261872642243,3400.0,10432.477109414693,0.28595332487202196,3.2895945920465315,15.0
low-mileage,12.0,30.0,100.0,0.01,1058.2128776196478,234.39261872642243,3400.0,9433.790303357828,0.28595332487202196,3.2895945920465315,15.0
low-mileage,12.0,30.0,100.0,0.02,1058.2128776196478,234.39261872642243,3400.0,8537.495174379848,0.28595332487202196,3.2895945920465315,15.0
low-mileage,12.0,30.0,100.0,0.03,1058.2128776196478,234.39261872642243,3400.0,7731.142262516097,0.28595332487202196,3.2895945920465315,15.0
low-mileage,12.0,30.0,100.0,0.04,1058.2128776196478,234.39261872642243,3400.0,7003.975013873804,0.28595332487202196,3.2895945920465315,15.0
low-mileage,12.0,30.0,150.0,0.0,1058.2128776196478,234.39261872642243,4900.0,8932.477109414693,0.18316547109049783,4.811884357434745,15.0
low-mileage,12.0,30.0,150.0,0.01,1058.2128776196478,234.39261872642243,4900.0,7933.790303357829,0.18316547109049783,4.811884357434745,15.0
low-mileage,12.0,30.0,150.0,0.02,1058.2128776196478,234.39261872642243,4900.0,7037.495174379847,0.18316547109049783,4.811884357434745,15.0
low-mileage,12.0,30.0,150.0,0.03,1058.2128776196478,234.39261872642243,4900.0,6231.142262516097,0.18316547109049783,4.811884357434745,15.0
low-mileage,12.0,30.0,150.0,0.04,1058.2128776196478,234.39261872642243,4900.0,5503.975013873804,0.18316547109049783,4.811884357434745,15.0
low-mileage,12.0,30.0,200.0,0.0,1058.2128776196478,234.39261872642243,6400.0,7432.477109414693,0.12427394333442629,6.38387358639424,15.0
low-mileage,12.0,30.0,200.0,0.01,1058.2128776196478,234.39261872642243,6400.0,6433.790303357829,0.12427394333442629,6.38387358639424,15.0
low-mileage,12.0,30.0,200.0,0.02,1058.2128776196478,234.39261872642243,6400.0,5537.495174379848,0.12427394333442629,6.38387358639424,15.0
low-mileage,12.0,30.0,200.0,0.03,1058.2128776196478,234.39261872642243,6400.0,4731.142262516096,0.12427394333442629,6.38387358639424,15.0
low-mileage,12.0,30.0,200.0,0.04,1058.2128776196478,234.39261872642243,6400.0,4003.9750138738023,0.12427394333442629,6.38387358639424,15.0
low-mileage,12.0,30.0,250.0,0.0,1058.2128776196478,234.39261872642243,7900.0,5932.477109414693,0.08475061775662959,8.00419358286534,15.0
low-mileage,12.0,30.0,250.0,0.01,1058.2128776196478,234.39261872642243,7900.0,4933.790303357828,0.08475061775662959,8.00419358286534,15.0
low-mileage,12.0,30.0,250.0,0.02,1058.2128776196478,234.39261872642243,7900.0,4037.495174379848,0.08475061775662959,8.00419358286534,15.0
low-mileage,12.0,30.0,250.0,0.03,1058.2128776196478,234.39261872642243,7900.0,3231.1422625160953,0.08475061775662959,8.00419358286534,15.0
low-mileage,12.0,30.0,250.0,0.04,1058.2128776196478,234.39261872642243,7900.0,2503.975013873803,0.08475061775662959,8.00419358286534,15.0
low-mileage,12.0,30.0,300.0,0.0,1058.2128776196478,234.39261872642243,9400.0,4432.477109414693,0.05570238959756261,9.68400650193957,15.0
low-mileage,12.0,30.0,300.0,0.01,1058.2128776196478,234.39261872642243,9400.0,3433.7903033578286,0.05570238959756261,9.68400650193957,15.0
low-mileage,12.0,30.0,300.0,0.02,1058.2128776196478,234.39261872642243,9400.0,2537.495174379847,0.05570238959756261,9.68400650193957,15.0
low-mileage,12.0,30.0,300.0,0.03,1058.2128776196478,234.39261872642243,9400.0,1731.142262516095,0.05570238959756261,9.68400650193957,15.0
low-mileage,12.0,30.0,300.0,0.04,1058.2128776196478,234.39261872642243,9400.0,1003.9750138738034,0.05570238959756261,9.68400650193957,15.0
low-mileage,12.0,30.0,350.0,0.0,1058.2128776196478,234.39261872642243,10900.0,2932.477109414693,0.033069142005560014,11.420805915197127,15.0
low-mileage,12.0,30.0,350.0,0.01,1058.2128776196478,234.39261872642243,10900.0,1933.790303357828,0.033069142005560014,11.420805915197127,15.0
low-mileage,12.0,30.0,350.0,0.02,1058.2128776196478,234.39261872642243,10900.0,1037.495174379847,0.033069142005560014,11.420805915197127,15.0
low-mileage,12.0,30.0,350.0,0.03,1058.2128776196478,234.39261872642243,10900.0,231.14226251609466,0.033069142005560014,11.420805915197127,15.0
low-mileage,12.0,30.0,350.0,0.04,1058.2128776196478,234.39261872642243,10900.0,-496.02498612619644,0.033069142005560014,11.420805915197127,15.0
low-mileage,12.0,30.0,400.0,0.0,1058.2128776196478,234.39261872642243,12400.0,1432.477109414695,0.01470646856031459,13.219744684130326,15.0
low-mileage,12.0,30.0,400.0,0.01,1058.2128776196478,234.39261872642243,12400.0,433.7903033578275,0.01470646856031459,13.219744684130326,15.0
low-mileage,12.0,30.0,400.0,0.02,1058.2128776196478,234.39261872642243,12400.0,-462.5048256201544,0.01470646856031459,13.219744684130326,15.0
low-mileage,12.0,30.0,400.0,0.03,1058.2128776196478,234.39261872642243,12400.0,-1268.8577374839078,0.01470646856031459,13.219744684130326,15.0
low-mileage,12.0,30.0,400.0,0.04,1058.2128776196478,234.39261872642243,12400.0,-1996.0249861261975,0.01470646856031459,13.219744684130326,15.0
slow-charger,0.0,2.5,100.0,0.0,93.24902724146796,276.87753156588894,650.0,568.9088434590069,0.09705412355488527,7.434106297407563,15.0
slow-charger,0.0,2.5,100.0,0.01,93.24902724146796,276.87753156588894,650.0,480.90521474379926,0.09705412355488527,7.434106297407563,15.0
slow-charger,0.0,2.5,100.0,0.02,93.24902724146796,276.87753156588894,650.0,401.92427370057044,0.09705412355488527,7.434106297407563,15.0
slow-charger,0.0,2.5,100.0,0.03,93.24902724146796,276.87753156588894,650.0,330.8689820528666,0.09705412355488527,7.434106297407563,15.0
slow-charger,0.0,2.5,100.0,0.04,93.24902724146796,276.87753156588894,650.0,266.79147930098605,0.09705412355488527,7.434106297407563,15.0
slow-charger,0.0,2.5,150.0,0.0,93.24902724146796,276.87753156588894,775.0,443.90884345900696,0.0664806473069893,8.998197808973135,15.0
slow-charger,0.0,2.5,150.0,0.01,93.24902724146796,276.87753156588894,775.0,355.90521474379915,0.0664806473069893,8.998197808973135,15.0
slow-charger,0.0,2.5,150.0,0.02,93.24902724146796,276.87753156588894,775.0,276.92427370057055,0.0664806473069893,8.998197808973135,15.0
slow-charger,0.0,2.5,150.0,0.03,93.24902724146796,276.87753156588894,775.0,205.86898205286658,0.0664806473069893,8.998197808973135,15.0
slow-charger,0.0,2.5,150.0,0.04,93.24902724146796,276.87753156588894,775.0,141.79147930098603,0.0664806473069893,8.998197808973135,15.0
slow-charger,0.0,2.5,200.0,0.0,93.24902724146796,276.87753156588894,900.0,318.908843459007,0.04279756931237893,10.618323793848418,15.0
slow-charger,0.0,2.5,200.0,0.01,93.24902724146796,276.87753156588894,900.0,230.905214743799,0.04279756931237893,10.618323793848418,15.0
slow-charger,0.0,2.5,200.0,0.02,93.24902724146796,276.87753156588894,900.0,151.92427370057052,0.04279756931237893,10.618323793848418,15.0
slow-charger,0.0,2.5,200.0,0.03,93.24902724146796,276.87753156588894,900.0,80.86898205286657,0.04279756931237893,10.618323793848418,15.0
slow-charger,0.0,2.5,200.0,0.04,93.24902724146796,276.87753156588894,900.0,16.791479300986026,0.04279756931237893,10.618323793848418,15.0
slow-charger,0.0,2.5,250.0,0.0,93.24902724146796,276.87753156588894,1025.0,193.90884345900696,0.023667156447877404,12.29043341462579,15.0
slow-charger,0.0,2.5,250.0,0.01,93.24902724146796,276.87753156588894,1025.0,105.90521474379904,0.023667156447877404,12.29043341462579,15.0
slow-charger,0.0,2.5,250.0,0.02,93.24902724146796,276.87753156588894,1025.0,26.924273700570524,0.023667156447877404,12.29043341462579,15.0
slow-charger,0.0,2.5,250.0,0.03,93.24902724146796,276.87753156588894,1025.0,-44.13101794713328,0.023667156447877404,12.29043341462579,15.0
slow-charger,0.0,2.5,250.0,0.04,93.24902724146796,276.87753156588894,1025.0,-108.20852069901412,0.023667156447877404,12.29043341462579,15.0
slow-charger,0.0,2.5,300.0,0.0,93.24902724146796,276.87753156588894,1150.0,68.90884345900696,0.007735594692221584,14.019459376139782,15.0
slow-charger,0.0,2.5,300.0,0.01,93.24902724146796,276.87753156588894,1150.0,-19.09478525620097,0.007735594692221584,14.019459376139782,15.0
slow-charger,0.0,2.5,300.0,0.02,93.24902724146796,276.87753156588894,1150.0,-98.07572629942948,0.007735594692221584,14.019459376139782,15.0
slow-charger,0.0,2.5,300.0,0.03,93.24902724146796,276.87753156588894,1150.0,-169.13101794713316,0.007735594692221584,14.019459376139782,15.0
slow-charger,0.0,2.5,300.0,0.04,93.24902724146796,276.87753156588894,1150.0,-233.20852069901392,0.007735594692221584,14.019459376139782,15.0
slow-charger,0.0,2.5,350.0,0.0,93.24902724146796,276.87753156588894,1275.0,-56.09115654099301,-0.005842520912790462,Inf,15.0
slow-charger,0.0,2.5,350.0,0.01,93.24902724146796,276.87753156588894,1275.0,-144.09478525620074,-0.005842520912790462,Inf,15.0
slow-charger,0.0,2.5,350.0,0.02,93.24902724146796,276.87753156588894,1275.0,-223.07572629942953,-0.005842520912790462,Inf,15.0
slow-charger,0.0,2.5,350.0,0.03,93.24902724146796,276.87753156588894,1275.0,-294.13101794713316,-0.005842520912790462,Inf,15.0
slow-charger,0.0,2.5,350.0,0.04,93.24902724146796,276.87753156588894,1275.0,-358.20852069901366,-0.005842520912790462,Inf,15.0
slow-charger,0.0,2.5,400.0,0.0,93.24902724146796,276.87753156588894,1400.0,-181.09115654099304,-0.017626308690562434,Inf,15.0
slow-charger,0.0,2.5,400.0,0.01,93.24902724146796,276.87753156588894,1400.0,-269.09478525620074,-0.017626308690562434,Inf,15.0
slow-charger,0.0,2.5,400.0,0.02,93.24902724146796,276.87753156588894,1400.0,-348.07572629942956,-0.017626308690562434,Inf,15.0
slow-charger,0.0,2.5,400.0,0.03,93.24902724146796,276.87753156588894,1400.0,-419.13101794713305,-0.017626308690562434,Inf,15.0
slow-charger,0.0,2.5,400.0,0.04,93.24902724146796,276.87753156588894,1400.0,-483.20852069901366,-0.017626308690562434,Inf,15.0
slow-charger,0.0,7.5,100.0,0.0,200.56113453318562,210.09376127239508,1150.0,1471.643868773329,0.1351685198425593,6.0293862228097215,15.0
slow-charger,0.0,7.5,100.0,0.01,200.56113453318562,210.09376127239508,1150.0,1282.3646007713749,0.1351685198425593,6.0293862228097215,15.0
slow-charger,0.0,7.5,100.0,0.02,200.56113453318562,210.09376127239508,1150.0,1112.4914384368267,0.1351685198425593,6.0293862228097215,15.0
slow-charger,0.0,7.5,100.0,0.03,200.56113453318562,210.09376127239508,1150.0,959.6648585890056,0.1351685198425593,6.0293862228097215,15.0
slow-charger,0.0,7.5,100.0,0.04,200.56113453318562,210.09376127239508,1150.0,821.8461914120098,0.1351685198425593,6.0293862228097215,15.0
slow-charger,0.0,7.5,150.0,0.0,200.56113453318562,210.09376127239508,1525.0,1096.6438687733291,0.0815443858010462,8.166694750222188,15.0
slow-charger,0.0,7.5,150.0,0.01,200.56113453318562,210.09376127239508,1525.0,907.364600771375,0.0815443858010462,8.166694750222188,15.0
slow-charger,0.0,7.5,150.0,0.02,200.56113453318562,210.09376127239508,1525.0,737.4914384368269,0.0815443858010462,8.166694750222188,15.0
slow-charger,0.0,7.5,150.0,0.03,200.56113453318562,210.09376127239508,1525.0,584.6648585890056,0.0815443858010462,8.166694750222188,15.0
slow-charger,0.0,7.5,150.0,0.04,200.56113453318562,210.09376127239508,1525.0,446.8461914120096,0.0815443858010462,8.166694750222188,15.0
slow-charger,0.0,7.5,200.0,0.0,200.56113453318562,210.09376127239508,1900.0,721.6438687733291,0.04564486854371688,10.40028382312878,15.0
slow-charger,0.0,7.5,200.0,0.01,200.56113453318562,210.09376127239508,1900.0,532.364600771375,0.04564486854371688,10.40028382312878,15.0
slow-charger,0.0,7.5,200.0,0.02,200.56113453318562,210.09376127239508,1900.0,362.491438436827,0.04564486854371688,10.40028382312878,15.0
slow-charger,0.0,7.5,200.0,0.03,200.56113453318562,210.09376127239508,1900.0,209.66485858900535,0.04564486854371688,10.40028382312878,15.0
slow-charger,0.0,7.5,200.0,0.04,200.56113453318562,210.09376127239508,1900.0,71.84619141200959,0.04564486854371688,10.40028382312878,15.0
slow-charger,0.0,7.5,250.0,0.0,200.56113453318562,210.09376127239508,2275.0,346.6438687733288,0.019226174604800632,12.73785983380386,15.0
slow-charger,0.0,7.5,250.0,0.01,200.56113453318562,210.09376127239508,2275.0,157.364600771375,0.019226174604800632,12.73785983380386,15.0
slow-charger,0.0,7.5,250.0,0.02,200.56113453318562,210.09376127239508,2275.0,-12.50856156317299,0.019226174604800632,12.73785983380386,15.0
slow-charger,0.0,7.5,250.0,0.03,200.56113453318562,210.09376127239508,2275.0,-165.3351414109948,0.019226174604800632,12.73785983380386,15.0
slow-charger,0.0,7.5,250.0,0.04,200.56113453318562,210.09376127239508,2275.0,-303.1538085879904,0.019226174604800632,12.73785983380386,15.0
slow-charger,0.0,7.5,300.0,0.0,200.56113453318562,210.09376127239508,2650.0,-28.356131226671295,-0.0014077706536659755,Inf,15.0
slow-charger,0.0,7.5,300.0,0.01,200.56113453318562,210.09376127239508,2650.0,-217.635399228625,-0.0014077706536659755,Inf,15.0
slow-charger,0.0,7.5,300.0,0.02,200.56113453318562,210.09376127239508,2650.0,-387.50856156317286,-0.0014077706536659755,Inf,15.0
slow-charger,0.0,7.5,300.0,0.03,200.56113453318562,210.09376127239508,2650.0,-540.3351414109943,-0.0014077706536659755,Inf,15.0
slow-charger,0.0,7.5,300.0,0.04,200.56113453318562,210.09376127239508,2650.0,-678.1538085879904,-0.0014077706536659755,Inf,15.0
slow-charger,0.0,7.5,350.0,0.0,200.56113453318562,210.09376127239508,3025.0,-403.3561312266714,-0.01819301421245148,Inf,15.0
slow-charger,0.0,7.5,350.0,0.01,200.56113453318562,210.09376127239508,3025.0,-592.6353992286253,-0.01819301421245148,Inf,15.0
slow-charger,0.0,7.5,350.0,0.02,200.56113453318562,210.09376127239508,3025.0,-762.508561563173,-0.01819301421245148,Inf,15.0
slow-charger,0.0,7.5,350.0,0.03,200.56113453318562,210.09376127239508,3025.0,-915.3351414109941,-0.01819301421245148,Inf,15.0
slow-charger,0.0,7.5,350.0,0.04,200.56113453318562,210.09376127239508,3025.0,-1053.1538085879904,-0.01819301421245148,Inf,15.0
slow-charger,0.0,7.5,400.0,0.0,200.56113453318562,210.09376127239508,3400.0,-778.3561312266713,-0.032256122796009146,Inf,15.0
slow-charger,0.0,7.5,400.0,0.01,200.56113453318562,210.09376127239508,3400.0,-967.6353992286251,-0.032256122796009146,Inf,15.0
slow-charger,0.0,7.5,400.0,0.02,200.56113453318562,210.09376127239508,3400.0,-1137.508561563173,-0.032256122796009146,Inf,15.0
slow-charger,0.0,7.5,400.0,0.03,200.56113453318562,210.09376127239508,3400.0,-1290.335141410994,-0.032256122796009146,Inf,15.0
slow-charger,0.0,7.5,400.0,0.04,200.56113453318562,210.09376127239508,3400.0,-1428.15380858799,-0.032256122796009146,Inf,15.0
slow-charger,0.0,10.0,100.0,0.0,233.46789604512583,186.729545589304,1400.0,1651.7860783283395,0.1259914823099006,6.325860288180971,15.0
slow-charger,0.0,10.0,100.0,0.01,233.46789604512583,186.729545589304,1400.0,1431.451103816786,0.1259914823099006,6.325860288180971,15.0
slow-charger,0.0,10.0,100.0,0.02,233.46789604512583,186.729545589304,1400.0,1233.7062620901515,0.1259914823099006,6.325860288180971,15.0
slow-charger,0.0,10.0,100.0,0.03,233.46789604512583,186.729545589304,1400.0,1055.804894809346,0.1259914823099006,6.325860288180971,15.0
slow-charger,0.0,10.0,100.0,0.04,233.46789604512583,186.729545589304,1400.0,895.3738405253333,0.1259914823099006,6.325860288180971,15.0
slow-charger,0.0,10.0,150.0,0.0,233.46789604512583,186.729545589304,1900.0,1151.7860783283395,0.06997122221441934,8.794951116304176,15.0
slow-charger,0.0,10.0,150.0,0.01,233.46789604512583,186.729545589304,1900.0,931.4511038167859,0.06997122221441934,8.794951116304176,15.0
slow-charger,0.0,10.0,150.0,0.02,233.46789604512583,186.729545589304,1900.0,733.7062620901513,0.06997122221441934,8.794951116304176,15.0
slow-charger,0.0,10.0,150.0,0.03,233.46789604512583,186.729545589304,1900.0,555.8048948093461,0.06997122221441934,8.794951116304176,15.0
slow-charger,0.0,10.0,150.0,0.04,233.46789604512583,186.729545589304,1900.0,395.3738405253332,0.06997122221441934,8.794951116304176,15.0
slow-charger,0.0,10.0,200.0,0.0,233.46789604512583,186.729545589304,2400.0,651.786078328339,0.033363642280647754,11.395080694326705,15.0
slow-charger,0.0,10.0,200.0,0.01,233.46789604512583,186.729545589304,2400.0,431.4511038167859,0.033363642280647754,11.395080694326705,15.0
slow-charger,0.0,10.0,200.0,0.02,233.46789604512583,186.729545589304,2400.0,233.70626209015128,0.033363642280647754,11.395080694326705,15.0
slow-charger,0.0,10.0,200.0,0.03,233.46789604512583,186.729545589304,2400.0,55.80489480934584,0.033363642280647754,11.395080694326705,15.0
slow-charger,0.0,10.0,200.0,0.04,233.46789604512583,186.729545589304,2400.0,-104.62615947466682,0.033363642280647754,11.395080694326705,15.0
slow-charger,0.0,10.0,250.0,0.0,233.46789604512583,186.729545589304,2900.0,151.78607832833916,0.0067702472119867164,14.137339900679217,15.0
slow-charger,0.0,10.0,250.0,0.01,233.46789604512583,186.729545589304,2900.0,-68.5488961832144,0.0067702472119867164,14.137339900679217,15.0
slow-charger,0.0,10.0,250.0,0.02,233.46789604512583,186.729545589304,2900.0,-266.2937379098488,0.0067702472119867164,14.137339900679217,15.0
slow-charger,0.0,10.0,250.0,0.03,233.46789604512583,186.729545589304,2900.0,-444.1951051906546,0.0067702472119867164,14.137339900679217,15.0
slow-charger,0.0,10.0,250.0,0.04,233.46789604512583,186.729545589304,2900.0,-604.6261594746663,0.0067702472119867164,14.137339900679217,15.0
slow-charger,0.0,10.0,300.0,0.0,233.46789604512583,186.729545589304,3400.0,-348.2139216716611,-0.013839390414514752,Inf,15.0
slow-charger,0.0,10.0,300.0,0.01,233.46789604512583,186.729545589304,3400.0,-568.5488961832143,-0.013839390414514752,Inf,15.0
slow-charger,0.0,10.0,300.0,0.02,233.46789604512583,186.729545589304,3400.0,-766.293737909849,-0.013839390414514752,Inf,15.0
slow-charger,0.0,10.0,300.0,0.03,233.46789604512583,186.729545589304,3400.0,-944.1951051906547,-0.013839390414514752,Inf,15.0
slow-charger,0.0,10.0,300.0,0.04,233.46789604512583,186.729545589304,3400.0,-1104.6261594746668,-0.013839390414514752,Inf,15.0
slow-charger,0.0,10.0,350.0,0.0,233.46789604512583,186.729545589304,3900.0,-848.2139216716607,-0.03052066190139391,Inf,15.0
slow-charger,0.0,10.0,350.0,0.01,233.46789604512583,186.729545589304,3900.0,-1068.5488961832145,-0.03052066190139391,Inf,15.0
slow-charger,0.0,10.0,350.0,0.02,233.46789604512583,186.729545589304,3900.0,-1266.293737909849,-0.03052066190139391,Inf,15.0
slow-charger,0.0,10.0,350.0,0.03,233.46789604512583,186.729545589304,3900.0,-1444.1951051906547,-0.03052066190139391,Inf,15.0
slow-charger,0.0,10.0,350.0,0.04,233.46789604512583,186.729545589304,3900.0,-1604.6261594746672,-0.03052066190139391,Inf,15.0
slow-charger,0.0,10.0,400.0,0.0,233.46789604512583,186.729545589304,4400.0,-1348.2139216716607,-0.044448618352028915,Inf,15.0
slow-charger,0.0,10.0,400.0,0.01,233.46789604512583,186.729545589304,4400.0,-1568.5488961832145,-0.044448618352028915,Inf,15.0
slow-charger,0.0,10.0,400.0,0.02,233.46789604512583,186.729545589304,4400.0,-1766.2937379098487,-0.044448618352028915,Inf,15.0
slow-charger,0.0,10.0,400.0,0.03,233.46789604512583,186.729545589304,4400.0,-1944.1951051906547,-0.044448618352028915,Inf,15.0
slow-charger,0.0,10.0,400.0,0.04,233.46789604512583,186.729545589304,4400.0,-2104.626159474667,-0.044448618352028915,Inf,15.0
slow-charger,0.0,12.5,100.0,0.0,260.2425543960719,168.72637859752177,1650.0,1751.772226280868,0.11494705501321043,6.713849421033451,15.0
slow-charger,0.0,12.5,100.0,0.01,260.2425543960719,168.72637859752177,1650.0,1506.1687083625106,0.11494705501321043,6.713849421033451,15.0
slow-charger,0.0,12.5,100.0,0.02,260.2425543960719,168.72637859752177,1650.0,1285.7460138450617,0.11494705501321043,6.713849421033451,15.0
slow-charger,0.0,12.5,100.0,0.03,260.2425543960719,168.72637859752177,1650.0,1087.4424910225407,0.11494705501321043,6.713849421033451,15.0
slow-charger,0.0,12.5,100.0,0.04,260.2425543960719,168.72637859752177,1650.0,908.6128185983011,0.11494705501321043,6.713849421033451,15.0
slow-charger,0.0,12.5,150.0,0.0,260.2425543960719,168.72637859752177,2275.0,1126.7722262808675,0.058258917917022424,9.514823362349874,15.0
slow-charger,0.0,12.5,150.0,0.01,260.2425543960719,168.72637859752177,2275.0,881.168708362511,0.058258917917022424,9.514823362349874,15.0
slow-charger,0.0,12.5,150.0,0.02,260.2425543960719,168.72637859752177,2275.0,660.7460138450618,0.058258917917022424,9.514823362349874,15.0
slow-charger,0.0,12.5,150.0,0.03,260.2425543960719,168.72637859752177,2275.0,462.4424910225409,0.058258917917022424,9.514823362349874,15.0
slow-charger,0.0,12.5,150.0,0.04,260.2425543960719,168.72637859752177,2275.0,283.6128185983011,0.058258917917022424,9.514823362349874,15.0
slow-charger,0.0,12.5,200.0,0.0,260.2425543960719,168.72637859752177,2900.0,501.77222628086736,0.021726886503064917,12.483342061216971,15.0
slow-charger,0.0,12.5,200.0,0.01,260.2425543960719,168.72637859752177,2900.0,256.16870836251087,0.021726886503064917,12.483342061216971,15.0
slow-charger,0.0,12.5,200.0,0.02,260.2425543960719,168.72637859752177,2900.0,35.74601384506187,0.021726886503064917,12.483342061216971,15.0
slow-charger,0.0,12.5,200.0,0.03,260.2425543960719,168.72637859752177,2900.0,-162.557508977459,0.021726886503064917,12.483342061216971,15.0
slow-charger,0.0,12.5,200.0,0.04,260.2425543960719,168.72637859752177,2900.0,-341.38718140169857,0.021726886503064917,12.483342061216971,15.0
slow-charger,0.0,12.5,250.0,0.0,260.2425543960719,168.72637859752177,3525.0,-123.22777371913267,-0.004630657083123478,Inf,15.0
slow-charger,0.0,12.5,250.0,0.01,260.2425543960719,168.72637859752177,3525.0,-368.83129163748924,-0.004630657083123478,Inf,15.0
slow-charger,0.0,12.5,250.0,0.02,260.2425543960719,168.72637859752177,3525.0,-589.2539861549377,-0.004630657083123478,Inf,15.0
slow-charger,0.0,12.5,250.0,0.03,260.2425543960719,168.72637859752177,3525.0,-787.5575089774587,-0.004630657083123478,Inf,15.0
slow-charger,0.0,12.5,250.0,0.04,260.2425543960719,168.72637859752177,3525.0,-966.3871814016983,-0.004630657083123478,Inf,15.0
slow-charger,0.0,12.5,300.0,0.0,260.2425543960719,168.72637859752177,4150.0,-748.2277737191328,-0.024979719298364726,Inf,15.0
slow-charger,0.0,12.5,300.0,0.01,260.2425543960719,168.72637859752177,4150.0,-993.8312916374892,-0.024979719298364726,Inf,15.0
slow-charger,0.0,12.5,300.0,0.02,260.2425543960719,168.72637859752177,4150.0,-1214.2539861549383,-0.024979719298364726,Inf,15.0
slow-charger,0.0,12.5,300.0,0.03,260.2425543960719,168.72637859752177,4150.0,-1412.557508977459,-0.024979719298364726,Inf,15.0
slow-charger,0.0,12.5,300.0,0.04,260.2425543960719,168.72637859752177,4150.0,-1591.3871814016986,-0.024979719298364726,Inf,15.0
slow-charger,0.0,12.5,350.0,0.0,260.2425543960719,168.72637859752177,4775.0,-1373.2277737191325,-0.04141222047449452,Inf,15.0
slow-charger,0.0,12.5,350.0,0.01,260.2425543960719,168.72637859752177,4775.0,-1618.8312916374898,-0.04141222047449452,Inf,15.0
slow-charger,0.0,12.5,350.0,0.02,260.2425543960719,168.72637859752177,4775.0,-1839.2539861549374,-0.04141222047449452,Inf,15.0
slow-charger,0.0,12.5,350.0,0.03,260.2425543960719,168.72637859752177,4775.0,-2037.5575089774593,-0.04141222047449452,Inf,15.0
slow-charger,0.0,12.5,350.0,0.04,260.2425543960719,168.72637859752177,4775.0,-2216.387181401699,-0.04141222047449452,Inf,15.0
slow-charger,0.0,12.5,400.0,0.0,260.2425543960719,168.72637859752177,5400.0,-1998.227773719132,-0.05511243127625966,Inf,15.0
slow-charger,0.0,12.5,400.0,0.01,260.2425543960719,168.72637859752177,5400.0,-2243.83129163749,-0.05511243127625966,Inf,15.0
slow-charger,0.0,12.5,400.0,0.02,260.2425543960719,168.72637859752177,5400.0,-2464.253986154938,-0.05511243127625966,Inf,15.0
slow-charger,0.0,12.5,400.0,0.03,260.2425543960719,168.72637859752177,5400.0,-2662.5575089774584,-0.05511243127625966,Inf,15.0
slow-charger,0.0,12.5,400.0,0.04,260.2425543960719,168.72637859752177,5400.0,-2841.3871814016993,-0.05511243127625966,Inf,15.0
slow-charger,0.0,20.0,100.0,0.0,331.323299476551,138.72442726347094,2400.0,1930.9073748320152,0.09009648521450793,7.748689866099864,15.0
slow-charger,0.0,20.0,100.0,0.01,331.323299476551,138.72442726347094,2400.0,1618.221511028542,0.09009648521450793,7.748689866099864,15.0
slow-charger,0.0,20.0,100.0,0.02,331.323299476551,138.72442726347094,2400.0,1337.5941762849523,0.09009648521450793,7.748689866099864,15.0
slow-charger,0.0,20.0,100.0,0.03,331.323299476551,138.72442726347094,2400.0,1085.1274817743142,0.09009648521450793,7.748689866099864,15.0
slow-charger,0.0,20.0,100.0,0.04,331.323299476551,138.72442726347094,2400.0,857.4535825174903,0.09009648521450793,7.748689866099864,15.0
slow-charger,0.0,20.0,150.0,0.0,331.323299476551,138.72442726347094,3400.0,930.9073748320151,0.033620362792765326,11.372718911276772,15.0
slow-charger,0.0,20.0,150.0,0.01,331.323299476551,138.72442726347094,3400.0,618.2215110285417,0.033620362792765326,11.372718911276772,15.0
slow-charger,0.0,20.0,150.0,0.02,331.323299476551,138.72442726347094,3400.0,337.5941762849523,0.033620362792765326,11.372718911276772,15.0
slow-charger,0.0,20.0,150.0,0.03,331.323299476551,138.72442726347094,3400.0,85.12748177431448,0.033620362792765326,11.372718911276772,15.0
slow-charger,0.0,20.0,150.0,0.04,331.323299476551,138.72442726347094,3400.0,-142.54641748250904,0.033620362792765326,11.372718911276772,15.0
slow-charger,0.0,20.0,200.0,0.0,331.323299476551,138.72442726347094,4400.0,-69.09262516798526,-0.0020687811335085918,Inf,15.0
slow-charger,0.0,20.0,200.0,0.01,331.323299476551,138.72442726347094,4400.0,-381.7784889714585,-0.0020687811335085918,Inf,15.0
slow-charger,0.0,20.0,200.0,0.02,331.323299476551,138.72442726347094,4400.0,-662.4058237150475,-0.0020687811335085918,Inf,15.0
slow-charger,0.0,20.0,200.0,0.03,331.323299476551,138.72442726347094,4400.0,-914.8725182256856,-0.0020687811335085918,Inf,15.0
slow-charger,0.0,20.0,200.0,0.04,331.323299476551,138.72442726347094,4400.0,-1142.5464174825095,-0.0020687811335085918,Inf,15.0
slow-charger,0.0,20.0,250.0,0.0,331.323299476551,138.72442726347094,5400.0,-1069.0926251679844,-0.02759503543009549,Inf,15.0
slow-charger,0.0,20.0,250.0,0.01,331.323299476551,138.72442726347094,5400.0,-1381.778488971458,-0.02759503543009549,Inf,15.0
slow-charger,0.0,20.0,250.0,0.02,331.323299476551,138.72442726347094,5400.0,-1662.4058237150473,-0.02759503543009549,Inf,15.0
slow-charger,0.0,20.0,250.0,0.03,331.323299476551,138.72442726347094,5400.0,-1914.8725182256856,-0.02759503543009549,Inf,15.0
slow-charger,0.0,20.0,250.0,0.04,331.323299476551,138.72442726347094,5400.0,-2142.5464174825092,-0.02759503543009549,Inf,15.0
slow-charger,0.0,20.0,300.0,0.0,331.323299476551,138.72442726347094,6400.0,-2069.092625167985,-0.04721583243084643,Inf,15.0
slow-charger,0.0,20.0,300.0,0.01,331.323299476551,138.72442726347094,6400.0,-2381.778488971458,-0.04721583243084643,Inf,15.0
slow-charger,0.0,20.0,300.0,0.02,331.323299476551,138.72442726347094,6400.0,-2662.405823715047,-0.04721583243084643,Inf,15.0
slow-charger,0.0,20.0,300.0,0.03,331.323299476551,138.72442726347094,6400.0,-2914.8725182256862,-0.04721583243084643,Inf,15.0
slow-charger,0.0,20.0,300.0,0.04,331.323299476551,138.72442726347094,6400.0,-3142.5464174825083,-0.04721583243084643,Inf,15.0
slow-charger,0.0,20.0,350.0,0.0,331.323299476551,138.72442726347094,7400.0,-3069.092625167984,-0.06302268301477601,Inf,15.0
slow-charger,0.0,20.0,350.0,0.01,331.323299476551,138.72442726347094,7400.0,-3381.778488971458,-0.06302268301477601,Inf,15.0
slow-charger,0.0,20.0,350.0,0.02,331.323299476551,138.72442726347094,7400.0,-3662.405823715047,-0.06302268301477601,Inf,15.0
slow-charger,0.0,20.0,350.0,0.03,331.323299476551,138.72442726347094,7400.0,-3914.872518225686,-0.06302268301477601,Inf,15.0
slow-charger,0.0,20.0,350.0,0.04,331.323299476551,138.72442726347094,7400.0,-4142.54641748251,-0.06302268301477601,Inf,15.0
slow-charger,0.0,20.0,400.0,0.0,331.323299476551,138.72442726347094,8400.0,-4069.092625167983,-0.0761840140906484,Inf,15.0
slow-charger,0.0,20.0,400.0,0.01,331.323299476551,138.72442726347094,8400.0,-4381.7784889714585,-0.0761840140906484,Inf,15.0
slow-charger,0.0,20.0,400.0,0.02,331.323299476551,138.72442726347094,8400.0,-4662.4058237150475,-0.0761840140906484,Inf,15.0
slow-charger,0.0,20.0,400.0,0.03,331.323299476551,138.72442726347094,8400.0,-4914.872518225686,-0.0761840140906484,Inf,15.0
slow-charger,0.0,20.0,400.0,0.04,331.323299476551,138.72442726347094,8400.0,-5142.54641748251,-0.0761840140906484,Inf,15.0
slow-charger,0.0,25.0,100.0,0.0,361.8635879267298,121.38219963854618,2900.0,1830.116125581937,0.07254903650535874,8.64908884318656,15.0
slow-charger,0.0,25.0,100.0,0.01,361.8635879267298,121.38219963854618,2900.0,1488.6079106491031,0.07254903650535874,8.64908884318656,15.0
slow-charger,0.0,25.0,100.0,0.02,361.8635879267298,121.38219963854618,2900.0,1182.1132741986492,0.07254903650535874,8.64908884318656,15.0
slow-charger,0.0,25.0,100.0,0.03,361.8635879267298,121.38219963854618,2900.0,906.3750328737672,0.07254903650535874,8.64908884318656,15.0
slow-charger,0.0,25.0,100.0,0.04,361.8635879267298,121.38219963854618,2900.0,657.7149048583094,0.07254903650535874,8.64908884318656,15.0
slow-charger,0.0,25.0,150.0,0.0,361.8635879267298,121.38219963854618,4150.0,580.1161255819372,0.0176912301912426,12.897452790194997,15.0
slow-charger,0.0,25.0,150.0,0.01,361.8635879267298,121.38219963854618,4150.0,238.60791064910345,0.0176912301912426,12.897452790194997,15.0
slow-charger,0.0,25.0,150.0,0.02,361.8635879267298,121.38219963854618,4150.0,-67.88672580135088,0.0176912301912426,12.897452790194997,15.0
slow-charger,0.0,25.0,150.0,0.03,361.8635879267298,121.38219963854618,4150.0,-343.624967126232,0.0176912301912426,12.897452790194997,15.0
slow-charger,0.0,25.0,150.0,0.04,361.8635879267298,121.38219963854618,4150.0,-592.2850951416907,0.0176912301912426,12.897452790194997,15.0
slow-charger,0.0,25.0,200.0,0.0,361.8635879267298,121.38219963854618,5400.0,-669.8838744180633,-0.016876117876114788,Inf,15.0
slow-charger,0.0,25.0,200.0,0.01,361.8635879267298,121.38219963854618,5400.0,-1011.3920893508973,-0.016876117876114788,Inf,15.0
slow-charger,0.0,25.0,200.0,0.02,361.8635879267298,121.38219963854618,5400.0,-1317.8867258013508,-0.016876117876114788,Inf,15.0
slow-charger,0.0,25.0,200.0,0.03,361.8635879267298,121.38219963854618,5400.0,-1593.624967126232,-0.016876117876114788,Inf,15.0
slow-charger,0.0,25.0,200.0,0.04,361.8635879267298,121.38219963854618,5400.0,-1842.2850951416915,-0.016876117876114788,Inf,15.0
slow-charger,0.0,25.0,250.0,0.0,361.8635879267298,121.38219963854618,6650.0,-1919.8838744180625,-0.041591046145353,Inf,15.0
slow-charger,0.0,25.0,250.0,0.01,361.8635879267298,121.38219963854618,6650.0,-2261.3920893508957,-0.041591046145353,Inf,15.0
slow-charger,0.0,25.0,250.0,0.02,361.8635879267298,121.38219963854618,6650.0,-2567.88672580135,-0.041591046145353,Inf,15.0
slow-charger,0.0,25.0,250.0,0.03,361.8635879267298,121.38219963854618,6650.0,-2843.6249671262326,-0.041591046145353,Inf,15.0
slow-charger,0.0,25.0,250.0,0.04,361.8635879267298,121.38219963854618,6650.0,-3092.285095141692,-0.041591046145353,Inf,15.0
slow-charger,0.0,25.0,300.0,0.0,361.8635879267298,121.38219963854618,7900.0,-3169.8838744180625,-0.06059522291803864,Inf,15.0
slow-charger,0.0,25.0,300.0,0.01,361.8635879267298,121.38219963854618,7900.0,-3511.3920893508966,-0.06059522291803864,Inf,15.0
slow-charger,0.0,25.0,300.0,0.02,361.8635879267298,121.38219963854618,7900.0,-3817.8867258013506,-0.06059522291803864,Inf,15.0
slow-charger,0.0,25.0,300.0,0.03,361.8635879267298,121.38219963854618,7900.0,-4093.6249671262344,-0.06059522291803864,Inf,15.0
slow-charger,0.0,25.0,300.0,0.04,361.8635879267298,121.38219963854618,7900.0,-4342.285095141691,-0.06059522291803864,Inf,15.0
slow-charger,0.0,25.0,350.0,0.0,361.8635879267298,121.38219963854618,9150.0,-4419.883874418065,-0.07591446340991702,Inf,15.0
slow-charger,0.0,25.0,350.0,0.01,361.8635879267298,121.38219963854618,9150.0,-4761.392089350898,-0.07591446340991702,Inf,15.0
slow-charger,0.0,25.0,350.0,0.02,361.8635879267298,121.38219963854618,9150.0,-5067.88672580135,-0.07591446340991702,Inf,15.0
slow-charger,0.0,25.0,350.0,0.03,361.8635879267298,121.38219963854618,9150.0,-5343.624967126233,-0.07591446340991702,Inf,15.0
slow-charger,0.0,25.0,350.0,0.04,361.8635879267298,121.38219963854618,9150.0,-5592.28509514169,-0.07591446340991702,Inf,15.0
slow-charger,0.0,25.0,400.0,0.0,361.8635879267298,121.38219963854618,10400.0,-5669.883874418065,-0.08867813489261384,Inf,15.0
slow-charger,0.0,25.0,400.0,0.01,361.8635879267298,121.38219963854618,10400.0,-6011.392089350898,-0.08867813489261384,Inf,15.0
slow-charger,0.0,25.0,400.0,0.02,361.8635879267298,121.38219963854618,10400.0,-6317.886725801351,-0.08867813489261384,Inf,15.0
slow-charger,0.0,25.0,400.0,0.03,361.8635879267298,121.38219963854618,10400.0,-6593.624967126232,-0.08867813489261384,Inf,15.0
slow-charger,0.0,25.0,400.0,0.04,361.8635879267298,121.38219963854618,10400.0,-6842.28509514169,-0.08867813489261384,Inf,15.0
slow-charger,3.0,2.5,100.0,0.0,172.5150832152317,321.38413189881874,650.0,1605.0386506080415,0.2373767059622059,3.8790836416097703,15.0
slow-charger,3.0,2.5,100.0,0.01,172.5150832152317,321.38413189881874,650.0,1442.2278012065476,0.2373767059622059,3.8790836416097703,15.0
slow-charger,3.0,2.5,100.0,0.02,172.5150832152317,321.38413189881874,650.0,1296.1093480755892,0.2373767059622059,3.8790836416097703,15.0
slow-charger,3.0,2.5,100.0,0.03,172.5150832152317,321.38413189881874,650.0,1164.6537188415828,0.2373767059622059,3.8790836416097703,15.0
slow-charger,3.0,2.5,100.0,0.04,172.5150832152317,321.38413189881874,650.0,1046.107327029476,0.2373767059622059,3.8790836416097703,15.0
slow-charger,3.0,2.5,150.0,0.0,172.5150832152317,321.38413189881874,775.0,1480.0386506080415,0.19059208009281509,4.662174652657695,15.0
slow-charger,3.0,2.5,150.0,0.01,172.5150832152317,321.38413189881874,775.0,1317.2278012065476,0.19059208009281509,4.662174652657695,15.0
slow-charger,3.0,2.5,150.0,0.02,172.5150832152317,321.38413189881874,775.0,1171.1093480755894,0.19059208009281509,4.662174652657695,15.0
slow-charger,3.0,2.5,150.0,0.03,172.5150832152317,321.38413189881874,775.0,1039.6537188415828,0.19059208009281509,4.662174652657695,15.0
slow-charger,3.0,2.5,150.0,0.04,172.5150832152317,321.38413189881874,775.0,921.1073270294759,0.19059208009281509,4.662174652657695,15.0
slow-charger,3.0,2.5,200.0,0.0,172.5150832152317,321.38413189881874,900.0,1355.0386506080415,0.15548319537615496,5.45687075968275,15.0
slow-charger,3.0,2.5,200.0,0.01,172.5150832152317,321.38413189881874,900.0,1192.227801206548,0.15548319537615496,5.45687075968275,15.0
slow-charger,3.0,2.5,200.0,0.02,172.5150832152317,321.38413189881874,900.0,1046.1093480755892,0.15548319537615496,5.45687075968275,15.0
slow-charger,3.0,2.5,200.0,0.03,172.5150832152317,321.38413189881874,900.0,914.6537188415828,0.15548319537615496,5.45687075968275,15.0
slow-charger,3.0,2.5,200.0,0.04,172.5150832152317,321.38413189881874,900.0,796.1073270294759,0.15548319537615496,5.45687075968275,15.0
slow-charger,3.0,2.5,250.0,0.0,172.5150832152317,321.38413189881874,1025.0,1230.0386506080417,0.12785816536293393,6.263735981175026,15.0
slow-charger,3.0,2.5,250.0,0.01,172.5150832152317,321.38413189881874,1025.0,1067.2278012065478,0.12785816536293393,6.263735981175026,15.0
slow-charger,3.0,2.5,250.0,0.02,172.5150832152317,321.38413189881874,1025.0,921.1093480755892,0.12785816536293393,6.263735981175026,15.0
slow-charger,3.0,2.5,250.0,0.03,172.5150832152317,321.38413189881874,1025.0,789.6537188415828,0.12785816536293393,6.263735981175026,15.0
slow-charger,3.0,2.5,250.0,0.04,172.5150832152317,321.38413189881874,1025.0,671.1073270294759,0.12785816536293393,6.263735981175026,15.0
slow-charger,3.0,2.5,300.0,0.0,172.5150832152317,321.38413189881874,1150.0,1105.0386506080417,0.10535211751194304,7.083352523344753,15.0
slow-charger,3.0,2.5,300.0,0.01,172.5150832152317,321.38413189881874,1150.0,942.2278012065477,0.10535211751194304,7.083352523344753,15.0
slow-charger,3.0,2.5,300.0,0.02,172.5150832152317,321.38413189881874,1150.0,796.1093480755892,0.10535211751194304,7.083352523344753,15.0
slow-charger,3.0,2.5,300.0,0.03,172.5150832152317,321.38413189881874,1150.0,664.6537188415828,0.10535211751194304,7.083352523344753,15.0
slow-charger,3.0,2.5,300.0,0.04,172.5150832152317,321.38413189881874,1150.0,546.1073270294759,0.10535211751194304,7.083352523344753,15.0
slow-charger,3.0,2.5,350.0,0.0,172.5150832152317,321.38413189881874,1275.0,980.0386506080417,0.08652422135400223,7.91799486181703,15.0
slow-charger,3.0,2.5,350.0,0.01,172.5150832152317,321.38413189881874,1275.0,817.2278012065478,0.08652422135400223,7.91799486181703,15.0
slow-charger,3.0,2.5,350.0,0.02,172.5150832152317,321.38413189881874,1275.0,671.1093480755892,0.08652422135400223,7.91799486181703,15.0
slow-charger,3.0,2.5,350.0,0.03,172.5150832152317,321.38413189881874,1275.0,539.653718841583,0.08652422135400223,7.91799486181703,15.0
slow-charger,3.0,2.5,350.0,0.04,172.5150832152317,321.38413189881874,1275.0,421.10732702947575,0.08652422135400223,7.91799486181703,15.0
slow-charger,3.0,2.5,400.0,0.0,172.5150832152317,321.38413189881874,1400.0,855.0386506080418,0.07044289658392695,8.767997143152353,15.0
slow-charger,3.0,2.5,400.0,0.01,172.5150832152317,321.38413189881874,1400.0,692.2278012065478,0.07044289658392695,8.767997143152353,15.0
slow-charger,3.0,2.5,400.0,0.02,172.5150832152317,321.38413189881874,1400.0,546.1093480755894,0.07044289658392695,8.767997143152353,15.0
slow-charger,3.0,2.5,400.0,0.03,172.5150832152317,321.38413189881874,1400.0,414.65371884158304,0.07044289658392695,8.767997143152353,15.0
slow-charger,3.0,2.5,400.0,0.04,172.5150832152317,321.38413189881874,1400.0,296.10732702947564,0.07044289658392695,8.767997143152353,15.0
slow-charger,3.0,5.0,100.0,0.0,292.3846030803835,285.8531891700417,900.0,2921.9184577986025,0.30019467331478145,3.1463436385097183,15.0
slow-charger,3.0,5.0,100.0,0.01,292.3846030803835,285.8531891700417,900.0,2645.9809299475132,0.30019467331478145,3.1463436385097183,15.0
slow-charger,3.0,5.0,100.0,0.02,292.3846030803835,285.8531891700417,900.0,2398.3342597249834,0.30019467331478145,3.1463436385097183,15.0
slow-charger,3.0,5.0,100.0,0.03,292.3846030803835,285.8531891700417,900.0,2175.538656813472,0.30019467331478145,3.1463436385097183,15.0
slow-charger,3.0,5.0,100.0,0.04,292.3846030803835,285.8531891700417,900.0,1974.6220814590092,0.30019467331478145,3.1463436385097183,15.0
slow-charger,3.0,5.0,150.0,0.0,292.3846030803835,285.8531891700417,1150.0,2671.9184577986025,0.22533899326648216,4.055925223669996,15.0
slow-charger,3.0,5.0,150.0,0.01,292.3846030803835,285.8531891700417,1150.0,2395.9809299475137,0.22533899326648216,4.055925223669996,15.0
slow-charger,3.0,5.0,150.0,0.02,292.3846030803835,285.8531891700417,1150.0,2148.3342597249834,0.22533899326648216,4.055925223669996,15.0
slow-charger,3.0,5.0,150.0,0.03,292.3846030803835,285.8531891700417,1150.0,1925.5386568134718,0.22533899326648216,4.055925223669996,15.0
slow-charger,3.0,5.0,150.0,0.04,292.3846030803835,285.8531891700417,1150.0,1724.6220814590092,0.22533899326648216,4.055925223669996,15.0
slow-charger,3.0,5.0,200.0,0.0,292.3846030803835,285.8531891700417,1400.0,2421.918457798602,0.1751416012516187,4.982928367228036,15.0
slow-charger,3.0,5.0,200.0,0.01,292.3846030803835,285.8531891700417,1400.0,2145.9809299475137,0.1751416012516187,4.982928367228036,15.0
slow-charger,3.0,5.0,200.0,0.02,292.3846030803835,285.8531891700417,1400.0,1898.3342597249832,0.1751416012516187,4.982928367228036,15.0
slow-charger,3.0,5.0,200.0,0.03,292.3846030803835,285.8531891700417,1400.0,1675.5386568134718,0.1751416012516187,4.982928367228036,15.0
slow-charger,3.0,5.0,200.0,0.04,292.3846030803835,285.8531891700417,1400.0,1474.6220814590088,0.1751416012516187,4.982928367228036,15.0
slow-charger,3.0,5.0,250.0,0.0,292.3846030803835,285.8531891700417,1650.0,2171.918457798602,0.13850229856478785,5.928501541618443,15.0
slow-charger,3.0,5.0,250.0,0.01,292.3846030803835,285.8531891700417,1650.0,1895.980929947514,0.13850229856478785,5.928501541618443,15.0
slow-charger,3.0,5.0,250.0,0.02,292.3846030803835,285.8531891700417,1650.0,1648.3342597249832,0.13850229856478785,5.928501541618443,15.0
slow-charger,3.0,5.0,250.0,0.03,292.3846030803835,285.8531891700417,1650.0,1425.5386568134718,0.13850229856478785,5.928501541618443,15.0
slow-charger,3.0,5.0,250.0,0.04,292.3846030803835,285.8531891700417,1650.0,1224.622081459009,0.13850229856478785,5.928501541618443,15.0
slow-charger,3.0,5.0,300.0,0.0,292.3846030803835,285.8531891700417,1900.0,1921.918457798602,0.1101943559092933,6.892268486405783,15.0
slow-charger,3.0,5.0,300.0,0.01,292.3846030803835,285.8531891700417,1900.0,1645.980929947514,0.1101943559092933,6.892268486405783,15.0
slow-charger,3.0,5.0,300.0,0.02,292.3846030803835,285.8531891700417,1900.0,1398.334259724983,0.1101943559092933,6.892268486405783,15.0
slow-charger,3.0,5.0,300.0,0.03,292.3846030803835,285.8531891700417,1900.0,1175.5386568134718,0.1101943559092933,6.892268486405783,15.0
slow-charger,3.0,5.0,300.0,0.04,292.3846030803835,285.8531891700417,1900.0,974.6220814590089,0.1101943559092933,6.892268486405783,15.0
slow-charger,3.0,5.0,350.0,0.0,292.3846030803835,285.8531891700417,2150.0,1671.918457798602,0.08742064712750555,7.874994472862235,15.0
slow-charger,3.0,5.0,350.0,0.01,292.3846030803835,285.8531891700417,2150.0,1395.9809299475137,0.08742064712750555,7.874994472862235,15.0
slow-charger,3.0,5.0,350.0,0.02,292.3846030803835,285.8531891700417,2150.0,1148.3342597249832,0.08742064712750555,7.874994472862235,15.0
slow-charger,3.0,5.0,350.0,0.03,292.3846030803835,285.8531891700417,2150.0,925.5386568134718,0.08742064712750555,7.874994472862235,15.0
slow-charger,3.0,5.0,350.0,0.04,292.3846030803835,285.8531891700417,2150.0,724.6220814590088,0.08742064712750555,7.874994472862235,15.0
slow-charger,3.0,5.0,400.0,0.0,292.3846030803835,285.8531891700417,2400.0,1421.918457798602,0.06854013772310277,8.877468430241771,15.0
slow-charger,3.0,5.0,400.0,0.01,292.3846030803835,285.8531891700417,2400.0,1145.9809299475135,0.06854013772310277,8.877468430241771,15.0
slow-charger,3.0,5.0,400.0,0.02,292.3846030803835,285.8531891700417,2400.0,898.3342597249834,0.06854013772310277,8.877468430241771,15.0
slow-charger,3.0,5.0,400.0,0.03,292.3846030803835,285.8531891700417,2400.0,675.5386568134718,0.06854013772310277,8.877468430241771,15.0
slow-charger,3.0,5.0,400.0,0.04,292.3846030803835,285.8531891700417,2400.0,474.6220814590089,0.06854013772310277,8.877468430241771,15.0
slow-charger,3.0,10.0,100.0,0.0,424.9423820635668,230.91293440031887,1400.0,4154.653413343894,0.2778636347775637,3.3762933561501454,15.0
slow-charger,3.0,10.0,100.0,0.01,424.9423820635668,230.91293440031887,1400.0,3753.6146816513883,0.2778636347775637,3.3762933561501454,15.0
slow-charger,3.0,10.0,100.0,0.02,424.9423820635668,230.91293440031887,1400.0,3393.6929728959485,0.2778636347775637,3.3762933561501454,15.0
slow-charger,3.0,10.0,100.0,0.03,424.9423820635668,230.91293440031887,1400.0,3069.8890064180096,0.2778636347775637,3.3762933561501454,15.0
slow-charger,3.0,10.0,100.0,0.04,424.9423820635668,230.91293440031887,1400.0,2777.883315189094,0.2778636347775637,3.3762933561501454,15.0
slow-charger,3.0,10.0,150.0,0.0,424.9423820635668,230.91293440031887,1900.0,3654.6534133438936,0.19176606090601794,4.639226751214867,15.0
slow-charger,3.0,10.0,150.0,0.01,424.9423820635668,230.91293440031887,1900.0,3253.6146816513883,0.19176606090601794,4.639226751214867,15.0
slow-charger,3.0,10.0,150.0,0.02,424.9423820635668,230.91293440031887,1900.0,2893.6929728959485,0.19176606090601794,4.639226751214867,15.0
slow-charger,3.0,10.0,150.0,0.03,424.9423820635668,230.91293440031887,1900.0,2569.8890064180086,0.19176606090601794,4.639226751214867,15.0
slow-charger,3.0,10.0,150.0,0.04,424.9423820635668,230.91293440031887,1900.0,2277.883315189094,0.19176606090601794,4.639226751214867,15.0
slow-charger,3.0,10.0,200.0,0.0,424.9423820635668,230.91293440031887,2400.0,3154.6534133438936,0.1383319997006151,5.933560054384625,15.0
slow-charger,3.0,10.0,200.0,0.01,424.9423820635668,230.91293440031887,2400.0,2753.6146816513883,0.1383319997006151,5.933560054384625,15.0
slow-charger,3.0,10.0,200.0,0.02,424.9423820635668,230.91293440031887,2400.0,2393.6929728959485,0.1383319997006151,5.933560054384625,15.0
slow-charger,3.0,10.0,200.0,0.03,424.9423820635668,230.91293440031887,2400.0,2069.889006418009,0.1383319997006151,5.933560054384625,15.0
slow-charger,3.0,10.0,200.0,0.04,424.9423820635668,230.91293440031887,2400.0,1777.8833151890935,0.1383319997006151,5.933560054384625,15.0
slow-charger,3.0,10.0,250.0,0.0,424.9423820635668,230.91293440031887,2900.0,2654.6534133438936,0.10096109971988304,7.265781004703608,15.0
slow-charger,3.0,10.0,250.0,0.01,424.9423820635668,230.91293440031887,2900.0,2253.6146816513883,0.10096109971988304,7.265781004703608,15.0
slow-charger,3.0,10.0,250.0,0.02,424.9423820635668,230.91293440031887,2900.0,1893.6929728959483,0.10096109971988304,7.265781004703608,15.0
slow-charger,3.0,10.0,250.0,0.03,424.9423820635668,230.91293440031887,2900.0,1569.889006418009,0.10096109971988304,7.265781004703608,15.0
slow-charger,3.0,10.0,250.0,0.04,424.9423820635668,230.91293440031887,2900.0,1277.8833151890935,0.10096109971988304,7.265781004703608,15.0
slow-charger,3.0,10.0,300.0,0.0,424.9423820635668,230.91293440031887,3400.0,2154.653413343894,0.0728224122581809,8.63382614753426,15.0
slow-charger,3.0,10.0,300.0,0.01,424.9423820635668,230.91293440031887,3400.0,1753.6146816513885,0.0728224122581809,8.63382614753426,15.0
slow-charger,3.0,10.0,300.0,0.02,424.9423820635668,230.91293440031887,3400.0,1393.692972895948,0.0728224122581809,8.63382614753426,15.0
slow-charger,3.0,10.0,300.0,0.03,424.9423820635668,230.91293440031887,3400.0,1069.889006418009,0.0728224122581809,8.63382614753426,15.0
slow-charger,3.0,10.0,300.0,0.04,424.9423820635668,230.91293440031887,3400.0,777.8833151890934,0.0728224122581809,8.63382614753426,15.0
slow-charger,3.0,10.0,350.0,0.0,424.9423820635668,230.91293440031887,3900.0,1654.653413343894,0.050556647089264786,10.038375001554986,15.0
slow-charger,3.0,10.0,350.0,0.01,424.9423820635668,230.91293440031887,3900.0,1253.6146816513885,0.050556647089264786,10.038375001554986,15.0
slow-charger,3.0,10.0,350.0,0.02,424.9423820635668,230.91293440031887,3900.0,893.6929728959482,0.050556647089264786,10.038375001554986,15.0
slow-charger,3.0,10.0,350.0,0.03,424.9423820635668,230.91293440031887,3900.0,569.8890064180092,0.050556647089264786,10.038375001554986,15.0
slow-charger,3.0,10.0,350.0,0.04,424.9423820635668,230.91293440031887,3900.0,277.8833151890932,0.050556647089264786,10.038375001554986,15.0
slow-charger,3.0,10.0,400.0,0.0,424.9423820635668,230.91293440031887,4400.0,1154.653413343894,0.03230187984786988,11.488194284962642,15.0
slow-charger,3.0,10.0,400.0,0.01,424.9423820635668,230.91293440031887,4400.0,753.6146816513883,0.03230187984786988,11.488194284962642,15.0
slow-charger,3.0,10.0,400.0,0.02,424.9423820635668,230.91293440031887,4400.0,393.6929728959484,0.03230187984786988,11.488194284962642,15.0
slow-charger,3.0,10.0,400.0,0.03,424.9423820635668,230.91293440031887,4400.0,69.88900641800925,0.03230187984786988,11.488194284962642,15.0
slow-charger,3.0,10.0,400.0,0.04,424.9423820635668,230.91293440031887,4400.0,-222.1166848109067,0.03230187984786988,11.488194284962642,15.0
slow-charger,3.0,20.0,100.0,0.0,524.5140917117131,158.64936755538946,2400.0,4456.209483566204,0.1860647680935755,4.752488604123322,15.0
slow-charger,3.0,20.0,100.0,0.01,524.5140917117131,158.64936755538946,2400.0,3961.2001011802267,0.1860647680935755,4.752488604123322,15.0
slow-charger,3.0,20.0,100.0,0.02,524.5140917117131,158.64936755538946,2400.0,3516.9422061723635,0.1860647680935755,4.752488604123322,15.0
slow-charger,3.0,20.0,100.0,0.03,524.5140917117131,158.64936755538946,2400.0,3117.2650957249057,0.1860647680935755,4.752488604123322,15.0
slow-charger,3.0,20.0,100.0,0.04,524.5140917117131,158.64936755538946,2400.0,2756.837173318534,0.1860647680935755,4.752488604123322,15.0
slow-charger,3.0,20.0,150.0,0.0,524.5140917117131,158.64936755538946,3400.0,3456.2094835662033,0.11066976801748632,6.874093472648669,15.0
slow-charger,3.0,20.0,150.0,0.01,524.5140917117131,158.64936755538946,3400.0,2961.2001011802267,0.11066976801748632,6.874093472648669,15.0
slow-charger,3.0,20.0,150.0,0.02,524.5140917117131,158.64936755538946,3400.0,2516.942206172364,0.11066976801748632,6.874093472648669,15.0
slow-charger,3.0,20.0,150.0,0.03,524.5140917117131,158.64936755538946,3400.0,2117.265095724905,0.11066976801748632,6.874093472648669,15.0
slow-charger,3.0,20.0,150.0,0.04,524.5140917117131,158.64936755538946,3400.0,1756.837173318534,0.11066976801748632,6.874093472648669,15.0
slow-charger,3.0,20.0,200.0,0.0,524.5140917117131,158.64936755538946,4400.0,2456.2094835662033,0.06495022265555399,9.091280097141627,15.0
slow-charger,3.0,20.0,200.0,0.01,524.5140917117131,158.64936755538946,4400.0,1961.2001011802267,0.06495022265555399,9.091280097141627,15.0
slow-charger,3.0,20.0,200.0,0.02,524.5140917117131,158.64936755538946,4400.0,1516.942206172364,0.06495022265555399,9.091280097141627,15.0
slow-charger,3.0,20.0,200.0,0.03,524.5140917117131,158.64936755538946,4400.0,1117.265095724906,0.06495022265555399,9.091280097141627,15.0
slow-charger,3.0,20.0,200.0,0.04,524.5140917117131,158.64936755538946,4400.0,756.8371733185334,0.06495022265555399,9.091280097141627,15.0
slow-charger,3.0,20.0,250.0,0.0,524.5140917117131,158.64936755538946,5400.0,1456.2094835662033,0.03314257316952414,11.41438427244423,15.0
slow-charger,3.0,20.0,250.0,0.01,524.5140917117131,158.64936755538946,5400.0,961.2001011802276,0.03314257316952414,11.41438427244423,15.0
slow-charger,3.0,20.0,250.0,0.02,524.5140917117131,158.64936755538946,5400.0,516.9422061723632,0.03314257316952414,11.41438427244423,15.0
slow-charger,3.0,20.0,250.0,0.03,524.5140917117131,158.64936755538946,5400.0,117.26509572490616,0.03314257316952414,11.41438427244423,15.0
slow-charger,3.0,20.0,250.0,0.04,524.5140917117131,158.64936755538946,5400.0,-243.1628266814672,0.03314257316952414,11.41438427244423,15.0
slow-charger,3.0,20.0,300.0,0.0,524.5140917117131,158.64936755538946,6400.0,456.20948356620323,0.009175565718381278,13.84898552153974,15.0
slow-charger,3.0,20.0,300.0,0.01,524.5140917117131,158.64936755538946,6400.0,-38.799898819772466,0.009175565718381278,13.84898552153974,15.0
slow-charger,3.0,20.0,300.0,0.02,524.5140917117131,158.64936755538946,6400.0,-483.0577938276371,0.009175565718381278,13.84898552153974,15.0
slow-charger,3.0,20.0,300.0,0.03,524.5140917117131,158.64936755538946,6400.0,-882.7349042750951,0.009175565718381278,13.84898552153974,15.0
slow-charger,3.0,20.0,300.0,0.04,524.5140917117131,158.64936755538946,6400.0,-1243.1628266814678,0.009175565718381278,13.84898552153974,15.0
slow-charger,3.0,20.0,350.0,0.0,524.5140917117131,158.64936755538946,7400.0,-543.7905164337968,-0.009843704379329719,Inf,15.0
slow-charger,3.0,20.0,350.0,0.01,524.5140917117131,158.64936755538946,7400.0,-1038.7998988197724,-0.009843704379329719,Inf,15.0
slow-charger,3.0,20.0,350.0,0.02,524.5140917117131,158.64936755538946,7400.0,-1483.0577938276365,-0.009843704379329719,Inf,15.0
slow-charger,3.0,20.0,350.0,0.03,524.5140917117131,158.64936755538946,7400.0,-1882.734904275095,-0.009843704379329719,Inf,15.0
slow-charger,3.0,20.0,350.0,0.04,524.5140917117131,158.64936755538946,7400.0,-2243.1628266814682,-0.009843704379329719,Inf,15.0
slow-charger,3.0,20.0,400.0,0.0,524.5140917117131,158.64936755538946,8400.0,-1543.7905164337967,-0.025492995671126603,Inf,15.0
slow-charger,3.0,20.0,400.0,0.01,524.5140917117131,158.64936755538946,8400.0,-2038.7998988197724,-0.025492995671126603,Inf,15.0
slow-charger,3.0,20.0,400.0,0.02,524.5140917117131,158.64936755538946,8400.0,-2483.0577938276365,-0.025492995671126603,Inf,15.0
slow-charger,3.0,20.0,400.0,0.03,524.5140917117131,158.64936755538946,8400.0,-2882.734904275095,-0.025492995671126603,Inf,15.0
slow-charger,3.0,20.0,400.0,0.04,524.5140917117131,158.64936755538946,8400.0,-3243.1628266814673,-0.025492995671126603,Inf,15.0
slow-charger,3.0,30.0,100.0,0.0,579.0752733554009,122.05078211723337,3400.0,4169.408417458023,0.13027748567531142,6.184625576459367,15.0
slow-charger,3.0,30.0,100.0,0.01,579.0752733554009,122.05078211723337,3400.0,3622.907002246863,0.13027748567531142,6.184625576459367,15.0
slow-charger,3.0,30.0,100.0,0.02,579.0752733554009,122.05078211723337,3400.0,3132.4363627404427,0.13027748567531142,6.184625576459367,15.0
slow-charger,3.0,30.0,100.0,0.03,579.0752733554009,122.05078211723337,3400.0,2691.1839051926177,0.13027748567531142,6.184625576459367,15.0
slow-charger,3.0,30.0,100.0,0.04,579.0752733554009,122.05078211723337,3400.0,2293.26342795384,0.13027748567531142,6.184625576459367,15.0
slow-charger,3.0,30.0,150.0,0.0,579.0752733554009,122.05078211723337,4900.0,2669.408417458023,0.06353033246409999,9.178897079708557,15.0
slow-charger,3.0,30.0,150.0,0.01,579.0752733554009,122.05078211723337,4900.0,2122.9070022468636,0.06353033246409999,9.178897079708557,15.0
slow-charger,3.0,30.0,150.0,0.02,579.0752733554009,122.05078211723337,4900.0,1632.4363627404423,0.06353033246409999,9.178897079708557,15.0
slow-charger,3.0,30.0,150.0,0.03,579.0752733554009,122.05078211723337,4900.0,1191.1839051926174,0.06353033246409999,9.178897079708557,15.0
slow-charger,3.0,30.0,150.0,0.04,579.0752733554009,122.05078211723337,4900.0,793.2634279538405,0.06353033246409999,9.178897079708557,15.0
slow-charger,3.0,30.0,200.0,0.0,579.0752733554009,122.05078211723337,6400.0,1169.408417458022,0.022892967762883472,12.366934879446292,15.0
slow-charger,3.0,30.0,200.0,0.01,579.0752733554009,122.05078211723337,6400.0,622.907002246862,0.022892967762883472,12.366934879446292,15.0
slow-charger,3.0,30.0,200.0,0.02,579.0752733554009,122.05078211723337,6400.0,132.4363627404424,0.022892967762883472,12.366934879446292,15.0
slow-charger,3.0,30.0,200.0,0.03,579.0752733554009,122.05078211723337,6400.0,-308.81609480738217,0.022892967762883472,12.366934879446292,15.0
slow-charger,3.0,30.0,200.0,0.04,579.0752733554009,122.05078211723337,6400.0,-706.736572046159,0.022892967762883472,12.366934879446292,15.0
slow-charger,3.0,30.0,250.0,0.0,579.0752733554009,122.05078211723337,7900.0,-330.59158254197763,-0.0055540918394442525,Inf,15.0
slow-charger,3.0,30.0,250.0,0.01,579.0752733554009,122.05078211723337,7900.0,-877.0929977531375,-0.0055540918394442525,Inf,15.0
slow-charger,3.0,30.0,250.0,0.02,579.0752733554009,122.05078211723337,7900.0,-1367.5636372595573,-0.0055540918394442525,Inf,15.0
slow-charger,3.0,30.0,250.0,0.03,579.0752733554009,122.05078211723337,7900.0,-1808.816094807382,-0.0055540918394442525,Inf,15.0
slow-charger,3.0,30.0,250.0,0.04,579.0752733554009,122.05078211723337,7900.0,-2206.7365720461603,-0.0055540918394442525,Inf,15.0
slow-charger,3.0,30.0,300.0,0.0,579.0752733554009,122.05078211723337,9400.0,-1830.5915825419786,-0.02711387267811608,Inf,15.0
slow-charger,3.0,30.0,300.0,0.01,579.0752733554009,122.05078211723337,9400.0,-2377.0929977531378,-0.02711387267811608,Inf,15.0
slow-charger,3.0,30.0,300.0,0.02,579.0752733554009,122.05078211723337,9400.0,-2867.563637259556,-0.02711387267811608,Inf,15.0
slow-charger,3.0,30.0,300.0,0.03,579.0752733554009,122.05078211723337,9400.0,-3308.8160948073833,-0.02711387267811608,Inf,15.0
slow-charger,3.0,30.0,300.0,0.04,579.0752733554009,122.05078211723337,9400.0,-3706.7365720461603,-0.02711387267811608,Inf,15.0
slow-charger,3.0,30.0,350.0,0.0,579.0752733554009,122.05078211723337,10900.0,-3330.5915825419784,-0.044309869789323435,Inf,15.0
slow-charger,3.0,30.0,350.0,0.01,579.0752733554009,122.05078211723337,10900.0,-3877.0929977531378,-0.044309869789323435,Inf,15.0
slow-charger,3.0,30.0,350.0,0.02,579.0752733554009,122.05078211723337,10900.0,-4367.563637259558,-0.044309869789323435,Inf,15.0
slow-charger,3.0,30.0,350.0,0.03,579.0752733554009,122.05078211723337,10900.0,-4808.816094807383,-0.044309869789323435,Inf,15.0
slow-charger,3.0,30.0,350.0,0.04,579.0752733554009,122.05078211723337,10900.0,-5206.736572046162,-0.044309869789323435,Inf,15.0
slow-charger,3.0,30.0,400.0,0.0,579.0752733554009,122.05078211723337,12400.0,-4830.591582541978,-0.05852087552374603,Inf,15.0
slow-charger,3.0,30.0,400.0,0.01,579.0752733554009,122.05078211723337,12400.0,-5377.092997753136,-0.05852087552374603,Inf,15.0
slow-charger,3.0,30.0,400.0,0.02,579.0752733554009,122.05078211723337,12400.0,-5867.563637259558,-0.05852087552374603,Inf,15.0
slow-charger,3.0,30.0,400.0,0.03,579.0752733554009,122.05078211723337,12400.0,-6308.816094807383,-0.05852087552374603,Inf,15.0
slow-charger,3.0,30.0,400.0,0.04,579.0752733554009,122.05078211723337,12400.0,-6706.736572046163,-0.05852087552374603,Inf,15.0
slow-charger,6.0,5.0,100.0,0.0,329.94749765304226,308.7059632748865,900.0,3412.9235195669153,0.34337512043630336,2.7785367555297755,15.0
slow-charger,6.0,5.0,100.0,0.01,329.94749765304226,308.7059632748865,900.0,3101.5360666578335,0.34337512043630336,2.7785367555297755,15.0
slow-charger,6.0,5.0,100.0,0.02,329.94749765304226,308.7059632748865,900.0,2822.07402152556,0.34337512043630336,2.7785367555297755,15.0
slow-charger,6.0,5.0,100.0,0.03,329.94749765304226,308.7059632748865,900.0,2570.6556811126625,0.34337512043630336,2.7785367555297755,15.0
slow-charger,6.0,5.0,100.0,0.04,329.94749765304226,308.7059632748865,900.0,2343.9271852315064,0.34337512043630336,2.7785367555297755,15.0
slow-charger,6.0,5.0,150.0,0.0,329.94749765304226,308.7059632748865,1150.0,3162.9235195669153,0.26032027781104705,3.5790561389911426,15.0
slow-charger,6.0,5.0,150.0,0.01,329.94749765304226,308.7059632748865,1150.0,2851.5360666578335,0.26032027781104705,3.5790561389911426,15.0
slow-charger,6.0,5.0,150.0,0.02,329.94749765304226,308.7059632748865,1150.0,2572.07402152556,0.26032027781104705,3.5790561389911426,15.0
slow-charger,6.0,5.0,150.0,0.03,329.94749765304226,308.7059632748865,1150.0,2320.6556811126625,0.26032027781104705,3.5790561389911426,15.0
slow-charger,6.0,5.0,150.0,0.04,329.94749765304226,308.7059632748865,1150.0,2093.927185231507,0.26032027781104705,3.5790561389911426,15.0
slow-charger,6.0,5.0,200.0,0.0,329.94749765304226,308.7059632748865,1400.0,2912.9235195669153,0.205071685626267,4.391933857656043,15.0
slow-charger,6.0,5.0,200.0,0.01,329.94749765304226,308.7059632748865,1400.0,2601.5360666578345,0.205071685626267,4.391933857656043,15.0
slow-charger,6.0,5.0,200.0,0.02,329.94749765304226,308.7059632748865,1400.0,2322.07402152556,0.205071685626267,4.391933857656043,15.0
slow-charger,6.0,5.0,200.0,0.03,329.94749765304226,308.7059632748865,1400.0,2070.655681112662,0.205071685626267,4.391933857656043,15.0
slow-charger,6.0,5.0,200.0,0.04,329.94749765304226,308.7059632748865,1400.0,1843.9271852315067,0.205071685626267,4.391933857656043,15.0
slow-charger,6.0,5.0,250.0,0.0,329.94749765304226,308.7059632748865,1650.0,2662.9235195669157,0.1650300979970507,5.217757415675449,15.0
slow-charger,6.0,5.0,250.0,0.01,329.94749765304226,308.7059632748865,1650.0,2351.5360666578345,0.1650300979970507,5.217757415675449,15.0
slow-charger,6.0,5.0,250.0,0.02,329.94749765304226,308.7059632748865,1650.0,2072.07402152556,0.1650300979970507,5.217757415675449,15.0
slow-charger,6.0,5.0,250.0,0.03,329.94749765304226,308.7059632748865,1650.0,1820.655681112662,0.1650300979970507,5.217757415675449,15.0
slow-charger,6.0,5.0,250.0,0.04,329.94749765304226,308.7059632748865,1650.0,1593.9271852315067,0.1650300979970507,5.217757415675449,15.0
slow-charger,6.0,5.0,300.0,0.0,329.94749765304226,308.7059632748865,1900.0,2412.9235195669157,0.1342799291515166,6.057133149799915,15.0
slow-charger,6.0,5.0,300.0,0.01,329.94749765304226,308.7059632748865,1900.0,2101.5360666578345,0.1342799291515166,6.057133149799915,15.0
slow-charger,6.0,5.0,300.0,0.02,329.94749765304226,308.7059632748865,1900.0,1822.07402152556,0.1342799291515166,6.057133149799915,15.0
slow-charger,6.0,5.0,300.0,0.03,329.94749765304226,308.7059632748865,1900.0,1570.655681112662,0.1342799291515166,6.057133149799915,15.0
slow-charger,6.0,5.0,300.0,0.04,329.94749765304226,308.7059632748865,1900.0,1343.9271852315067,0.1342799291515166,6.057133149799915,15.0
slow-charger,6.0,5.0,350.0,0.0,329.94749765304226,308.7059632748865,2150.0,2162.9235195669157,0.10966812205187576,6.91247301829835,15.0
slow-charger,6.0,5.0,350.0,0.01,329.94749765304226,308.7059632748865,2150.0,1851.5360666578342,0.10966812205187576,6.91247301829835,15.0
slow-charger,6.0,5.0,350.0,0.02,329.94749765304226,308.7059632748865,2150.0,1572.0740215255603,0.10966812205187576,6.91247301829835,15.0
slow-charger,6.0,5.0,350.0,0.03,329.94749765304226,308.7059632748865,2150.0,1320.6556811126623,0.10966812205187576,6.91247301829835,15.0
slow-charger,6.0,5.0,350.0,0.04,329.94749765304226,308.7059632748865,2150.0,1093.9271852315064,0.10966812205187576,6.91247301829835,15.0
slow-charger,6.0,5.0,400.0,0.0,329.94749765304226,308.7059632748865,2400.0,1912.9235195669157,0.08935291755453359,7.783482537547739,15.0
slow-charger,6.0,5.0,400.0,0.01,329.94749765304226,308.7059632748865,2400.0,1601.536066657834,0.08935291755453359,7.783482537547739,15.0
slow-charger,6.0,5.0,400.0,0.02,329.94749765304226,308.7059632748865,2400.0,1322.07402152556,0.08935291755453359,7.783482537547739,15.0
slow-charger,6.0,5.0,400.0,0.03,329.94749765304226,308.7059632748865,2400.0,1070.6556811126625,0.08935291755453359,7.783482537547739,15.0
slow-charger,6.0,5.0,400.0,0.04,329.94749765304226,308.7059632748865,2400.0,843.9271852315064,0.08935291755453359,7.783482537547739,15.0
slow-charger,6.0,7.5,100.0,0.0,436.33301464703777,290.60329076114783,1150.0,4553.546578230559,0.3565288272128372,2.6826339227371445,15.0
slow-charger,6.0,7.5,100.0,0.01,436.33301464703777,290.60329076114783,1150.0,4141.757954229673,0.3565288272128372,2.6826339227371445,15.0
slow-charger,6.0,7.5,100.0,0.02,436.33301464703777,290.60329076114783,1150.0,3772.1885000002712,0.3565288272128372,2.6826339227371445,15.0
slow-charger,6.0,7.5,100.0,0.03,436.33301464703777,290.60329076114783,1150.0,3439.7049285525723,0.3565288272128372,2.6826339227371445,15.0
slow-charger,6.0,7.5,100.0,0.04,436.33301464703777,290.60329076114783,1150.0,3139.871989015498,0.3565288272128372,2.6826339227371445,15.0
slow-charger,6.0,7.5,150.0,0.0,436.33301464703777,290.60329076114783,1525.0,4178.546578230559,0.25948163464746354,3.5892920148807126,15.0
slow-charger,6.0,7.5,150.0,0.01,436.33301464703777,290.60329076114783,1525.0,3766.757954229673,0.25948163464746354,3.5892920148807126,15.0
slow-charger,6.0,7.5,150.0,0.02,436.33301464703777,290.60329076114783,1525.0,3397.188500000271,0.25948163464746354,3.5892920148807126,15.0
slow-charger,6.0,7.5,150.0,0.03,436.33301464703777,290.60329076114783,1525.0,3064.7049285525723,0.25948163464746354,3.5892920148807126,15.0
slow-charger,6.0,7.5,150.0,0.04,436.33301464703777,290.60329076114783,1525.0,2764.871989015499,0.25948163464746354,3.5892920148807126,15.0
slow-charger,6.0,7.5,200.0,0.0,436.33301464703777,290.60329076114783,1900.0,3803.5465782305596,0.19842058536284402,4.512680577289726,15.0
slow-charger,6.0,7.5,200.0,0.01,436.33301464703777,290.60329076114783,1900.0,3391.757954229673,0.19842058536284402,4.512680577289726,15.0
slow-charger,6.0,7.5,200.0,0.02,436.33301464703777,290.60329076114783,1900.0,3022.1885000002712,0.19842058536284402,4.512680577289726,15.0
slow-charger,6.0,7.5,200.0,0.03,436.33301464703777,290.60329076114783,1900.0,2689.704928552572,0.19842058536284402,4.512680577289726,15.0
slow-charger,6.0,7.5,200.0,0.04,436.33301464703777,290.60329076114783,1900.0,2389.871989015499,0.19842058536284402,4.512680577289726,15.0
slow-charger,6.0,7.5,250.0,0.0,436.33301464703777,290.60329076114783,2275.0,3428.5465782305596,0.15561222026124025,5.453521362564713,15.0
slow-charger,6.0,7.5,250.0,0.01,436.33301464703777,290.60329076114783,2275.0,3016.757954229673,0.15561222026124025,5.453521362564713,15.0
slow-charger,6.0,7.5,250.0,0.02,436.33301464703777,290.60329076114783,2275.0,2647.1885000002712,0.15561222026124025,5.453521362564713,15.0
slow-charger,6.0,7.5,250.0,0.03,436.33301464703777,290.60329076114783,2275.0,2314.704928552572,0.15561222026124025,5.453521362564713,15.0
slow-charger,6.0,7.5,250.0,0.04,436.33301464703777,290.60329076114783,2275.0,2014.871989015499,0.15561222026124025,5.453521362564713,15.0
slow-charger,6.0,7.5,300.0,0.0,436.33301464703777,290.60329076114783,2650.0,3053.5465782305596,0.123433647858809,6.412558614470127,15.0
slow-charger,6.0,7.5,300.0,0.01,436.33301464703777,290.60329076114783,2650.0,2641.757954229673,0.123433647858809,6.412558614470127,15.0
slow-charger,6.0,7.5,300.0,0.02,436.33301464703777,290.60329076114783,2650.0,2272.1885000002712,0.123433647858809,6.412558614470127,15.0
slow-charger,6.0,7.5,300.0,0.03,436.33301464703777,290.60329076114783,2650.0,1939.7049285525713,0.123433647858809,6.412558614470127,15.0
slow-charger,6.0,7.5,300.0,0.04,436.33301464703777,290.60329076114783,2650.0,1639.8719890154991,0.123433647858809,6.412558614470127,15.0
slow-charger,6.0,7.5,350.0,0.0,436.33301464703777,290.60329076114783,3025.0,2678.5465782305596,0.09805205305190831,7.390559685336045,15.0
slow-charger,6.0,7.5,350.0,0.01,436.33301464703777,290.60329076114783,3025.0,2266.7579542296726,0.09805205305190831,7.390559685336045,15.0
slow-charger,6.0,7.5,350.0,0.02,436.33301464703777,290.60329076114783,3025.0,1897.1885000002712,0.09805205305190831,7.390559685336045,15.0
slow-charger,6.0,7.5,350.0,0.03,436.33301464703777,290.60329076114783,3025.0,1564.7049285525716,0.09805205305190831,7.390559685336045,15.0
slow-charger,6.0,7.5,350.0,0.04,436.33301464703777,290.60329076114783,3025.0,1264.8719890154994,0.09805205305190831,7.390559685336045,15.0
slow-charger,6.0,7.5,400.0,0.0,436.33301464703777,290.60329076114783,3400.0,2303.5465782305596,0.07731845125373521,8.388315669292504,15.0
slow-charger,6.0,7.5,400.0,0.01,436.33301464703777,290.60329076114783,3400.0,1891.757954229673,0.07731845125373521,8.388315669292504,15.0
slow-charger,6.0,7.5,400.0,0.02,436.33301464703777,290.60329076114783,3400.0,1522.188500000271,0.07731845125373521,8.388315669292504,15.0
slow-charger,6.0,7.5,400.0,0.03,436.33301464703777,290.60329076114783,3400.0,1189.7049285525716,0.07731845125373521,8.388315669292504,15.0
slow-charger,6.0,7.5,400.0,0.04,436.33301464703777,290.60329076114783,3400.0,889.8719890154989,0.07731845125373521,8.388315669292504,15.0
slow-charger,6.0,10.0,100.0,0.0,522.0043049983931,273.2167007909028,1400.0,5423.402693934609,0.34979895318420395,2.730914430055721,15.0
slow-charger,6.0,10.0,100.0,0.01,522.0043049983931,273.2167007909028,1400.0,4930.76191897122,0.34979895318420395,2.730914430055721,15.0
slow-charger,6.0,10.0,100.0,0.02,522.0043049983931,273.2167007909028,1400.0,4488.629786797564,0.34979895318420395,2.730914430055721,15.0
slow-charger,6.0,10.0,100.0,0.03,522.0043049983931,273.2167007909028,1400.0,4090.8651212534364,0.34979895318420395,2.730914430055721,15.0
slow-charger,6.0,10.0,100.0,0.04,522.0043049983931,273.2167007909028,1400.0,3732.161837374531,0.34979895318420395,2.730914430055721,15.0
slow-charger,6.0,10.0,150.0,0.0,522.0043049983931,273.2167007909028,1900.0,4923.402693934609,0.24737060911175368,3.7431180091601757,15.0
slow-charger,6.0,10.0,150.0,0.01,522.0043049983931,273.2167007909028,1900.0,4430.761918971221,0.24737060911175368,3.7431180091601757,15.0
slow-charger,6.0,10.0,150.0,0.02,522.0043049983931,273.2167007909028,1900.0,3988.629786797564,0.24737060911175368,3.7431180091601757,15.0
slow-charger,6.0,10.0,150.0,0.03,522.0043049983931,273.2167007909028,1900.0,3590.8651212534364,0.24737060911175368,3.7431180091601757,15.0
slow-charger,6.0,10.0,150.0,0.04,522.0043049983931,273.2167007909028,1900.0,3232.161837374531,0.24737060911175368,3.7431180091601757,15.0
slow-charger,6.0,10.0,200.0,0.0,522.0043049983931,273.2167007909028,2400.0,4423.402693934608,0.1848932269508599,4.776339929090195,15.0
slow-charger,6.0,10.0,200.0,0.01,522.0043049983931,273.2167007909028,2400.0,3930.761918971221,0.1848932269508599,4.776339929090195,15.0
slow-charger,6.0,10.0,200.0,0.02,522.0043049983931,273.2167007909028,2400.0,3488.629786797564,0.1848932269508599,4.776339929090195,15.0
slow-charger,6.0,10.0,200.0,0.03,522.0043049983931,273.2167007909028,2400.0,3090.8651212534364,0.1848932269508599,4.776339929090195,15.0
slow-charger,6.0,10.0,200.0,0.04,522.0043049983931,273.2167007909028,2400.0,2732.1618373745314,0.1848932269508599,4.776339929090195,15.0
slow-charger,6.0,10.0,250.0,0.0,522.0043049983931,273.2167007909028,2900.0,3923.402693934608,0.14181597354734884,5.831432998601215,15.0
slow-charger,6.0,10.0,250.0,0.01,522.0043049983931,273.2167007909028,2900.0,3430.7619189712213,0.14181597354734884,5.831432998601215,15.0
slow-charger,6.0,10.0,250.0,0.02,522.0043049983931,273.2167007909028,2900.0,2988.629786797565,0.14181597354734884,5.831432998601215,15.0
slow-charger,6.0,10.0,250.0,0.03,522.0043049983931,273.2167007909028,2900.0,2590.865121253436,0.14181597354734884,5.831432998601215,15.0
slow-charger,6.0,10.0,250.0,0.04,522.0043049983931,273.2167007909028,2900.0,2232.161837374531,0.14181597354734884,5.831432998601215,15.0
slow-charger,6.0,10.0,300.0,0.0,522.0043049983931,273.2167007909028,3400.0,3423.4026939346077,0.10975122924532964,6.909276080974787,15.0
slow-charger,6.0,10.0,300.0,0.01,522.0043049983931,273.2167007909028,3400.0,2930.7619189712213,0.10975122924532964,6.909276080974787,15.0
slow-charger,6.0,10.0,300.0,0.02,522.0043049983931,273.2167007909028,3400.0,2488.629786797565,0.10975122924532964,6.909276080974787,15.0
slow-charger,6.0,10.0,300.0,0.03,522.0043049983931,273.2167007909028,3400.0,2090.865121253436,0.10975122924532964,6.909276080974787,15.0
slow-charger,6.0,10.0,300.0,0.04,522.0043049983931,273.2167007909028,3400.0,1732.161837374531,0.10975122924532964,6.909276080974787,15.0
slow-charger,6.0,10.0,350.0,0.0,522.0043049983931,273.2167007909028,3900.0,2923.4026939346077,0.08461453002988768,8.010994696203717,15.0
slow-charger,6.0,10.0,350.0,0.01,522.0043049983931,273.2167007909028,3900.0,2430.7619189712213,0.08461453002988768,8.010994696203717,15.0
slow-charger,6.0,10.0,350.0,0.02,522.0043049983931,273.2167007909028,3900.0,1988.6297867975643,0.08461453002988768,8.010994696203717,15.0
slow-charger,6.0,10.0,350.0,0.03,522.0043049983931,273.2167007909028,3900.0,1590.865121253436,0.08461453002988768,8.010994696203717,15.0
slow-charger,6.0,10.0,350.0,0.04,522.0043049983931,273.2167007909028,3900.0,1232.161837374531,0.08461453002988768,8.010994696203717,15.0
slow-charger,6.0,10.0,400.0,0.0,522.0043049983931,273.2167007909028,4400.0,2423.4026939346077,0.0641638901861574,9.139655385397784,15.0
slow-charger,6.0,10.0,400.0,0.01,522.0043049983931,273.2167007909028,4400.0,1930.7619189712213,0.0641638901861574,9.139655385397784,15.0
slow-charger,6.0,10.0,400.0,0.02,522.0043049983931,273.2167007909028,4400.0,1488.629786797564,0.0641638901861574,9.139655385397784,15.0
slow-charger,6.0,10.0,400.0,0.03,522.0043049983931,273.2167007909028,4400.0,1090.8651212534362,0.0641638901861574,9.139655385397784,15.0
slow-charger,6.0,10.0,400.0,0.04,522.0043049983931,273.2167007909028,4400.0,732.1618373745312,0.0641638901861574,9.139655385397784,15.0
slow-charger,6.0,15.0,100.0,0.0,656.6466514433982,242.69567402584164,1900.0,6683.3861665869135,0.32171387768277315,2.9511549446918384,15.0
slow-charger,6.0,15.0,100.0,0.01,656.6466514433982,242.69567402584164,1900.0,6063.676880386324,0.32171387768277315,2.9511549446918384,15.0
slow-charger,6.0,15.0,100.0,0.02,656.6466514433982,242.69567402584164,1900.0,5507.504103059792,0.32171387768277315,2.9511549446918384,15.0
slow-charger,6.0,15.0,100.0,0.03,656.6466514433982,242.69567402584164,1900.0,5007.142643985508,0.32171387768277315,2.9511549446918384,15.0
slow-charger,6.0,15.0,100.0,0.04,656.6466514433982,242.69567402584164,1900.0,4555.917801651,0.32171387768277315,2.9511549446918384,15.0
slow-charger,6.0,15.0,150.0,0.0,656.6466514433982,242.69567402584164,2650.0,5933.3861665869135,0.2183285896829033,4.167030919477744,15.0
slow-charger,6.0,15.0,150.0,0.01,656.6466514433982,242.69567402584164,2650.0,5313.676880386324,0.2183285896829033,4.167030919477744,15.0
slow-charger,6.0,15.0,150.0,0.02,656.6466514433982,242.69567402584164,2650.0,4757.504103059792,0.2183285896829033,4.167030919477744,15.0
slow-charger,6.0,15.0,150.0,0.03,656.6466514433982,242.69567402584164,2650.0,4257.142643985508,0.2183285896829033,4.167030919477744,15.0
slow-charger,6.0,15.0,150.0,0.04,656.6466514433982,242.69567402584164,2650.0,3805.917801651,0.2183285896829033,4.167030919477744,15.0
slow-charger,6.0,15.0,200.0,0.0,656.6466514433982,242.69567402584164,3400.0,5183.3861665869135,0.15715997023892891,5.413601098862944,15.0
slow-charger,6.0,15.0,200.0,0.01,656.6466514433982,242.69567402584164,3400.0,4563.676880386323,0.15715997023892891,5.413601098862944,15.0
slow-charger,6.0,15.0,200.0,0.02,656.6466514433982,242.69567402584164,3400.0,4007.5041030597936,0.15715997023892891,5.413601098862944,15.0
slow-charger,6.0,15.0,200.0,0.03,656.6466514433982,242.69567402584164,3400.0,3507.142643985507,0.15715997023892891,5.413601098862944,15.0
slow-charger,6.0,15.0,200.0,0.04,656.6466514433982,242.69567402584164,3400.0,3055.917801651,0.15715997023892891,5.413601098862944,15.0
slow-charger,6.0,15.0,250.0,0.0,656.6466514433982,242.69567402584164,4150.0,4433.3861665869135,0.11557009640978146,6.690990456365709,15.0
slow-charger,6.0,15.0,250.0,0.01,656.6466514433982,242.69567402584164,4150.0,3813.6768803863242,0.11557009640978146,6.690990456365709,15.0
slow-charger,6.0,15.0,250.0,0.02,656.6466514433982,242.69567402584164,4150.0,3257.5041030597936,0.11557009640978146,6.690990456365709,15.0
slow-charger,6.0,15.0,250.0,0.03,656.6466514433982,242.69567402584164,4150.0,2757.142643985507,0.11557009640978146,6.690990456365709,15.0
slow-charger,6.0,15.0,250.0,0.04,656.6466514433982,242.69567402584164,4150.0,2305.9178016510004,0.11557009640978146,6.690990456365709,15.0
slow-charger,6.0,15.0,300.0,0.0,656.6466514433982,242.69567402584164,4900.0,3683.386166586912,0.08482737159125965,8.000361451875756,15.0
slow-charger,6.0,15.0,300.0,0.01,656.6466514433982,242.69567402584164,4900.0,3063.6768803863242,0.08482737159125965,8.000361451875756,15.0
slow-charger,6.0,15.0,300.0,0.02,656.6466514433982,242.69567402584164,4900.0,2507.504103059794,0.08482737159125965,8.000361451875756,15.0
slow-charger,6.0,15.0,300.0,0.03,656.6466514433982,242.69567402584164,4900.0,2007.1426439855068,0.08482737159125965,8.000361451875756,15.0
slow-charger,6.0,15.0,300.0,0.04,656.6466514433982,242.69567402584164,4900.0,1555.9178016510004,0.08482737159125965,8.000361451875756,15.0
slow-charger,6.0,15.0,350.0,0.0,656.6466514433982,242.69567402584164,5650.0,2933.386166586913,0.06081383847152262,9.34987953615972,15.0
slow-charger,6.0,15.0,350.0,0.01,656.6466514433982,242.69567402584164,5650.0,2313.6768803863242,0.06081383847152262,9.34987953615972,15.0
slow-charger,6.0,15.0,350.0,0.02,656.6466514433982,242.69567402584164,5650.0,1757.504103059794,0.06081383847152262,9.34987953615972,15.0
slow-charger,6.0,15.0,350.0,0.03,656.6466514433982,242.69567402584164,5650.0,1257.1426439855072,0.06081383847152262,9.34987953615972,15.0
slow-charger,6.0,15.0,350.0,0.04,656.6466514433982,242.69567402584164,5650.0,805.9178016509998,0.06081383847152262,9.34987953615972,15.0
slow-charger,6.0,15.0,400.0,0.0,656.6466514433982,242.69567402584164,6400.0,2183.3861665869135,0.04131316841382436,10.734488170551122,15.0
slow-charger,6.0,15.0,400.0,0.01,656.6466514433982,242.69567402584164,6400.0,1563.6768803863242,0.04131316841382436,10.734488170551122,15.0
slow-charger,6.0,15.0,400.0,0.02,656.6466514433982,242.69567402584164,6400.0,1007.5041030597935,0.04131316841382436,10.734488170551122,15.0
slow-charger,6.0,15.0,400.0,0.03,656.6466514433982,242.69567402584164,6400.0,507.1426439855061,0.04131316841382436,10.734488170551122,15.0
slow-charger,6.0,15.0,400.0,0.04,656.6466514433982,242.69567402584164,6400.0,55.917801650999934,0.04131316841382436,10.734488170551122,15.0
slow-charger,6.0,30.0,100.0,0.0,839.6713352609638,168.4935328928105,3400.0,7575.801533010283,0.217425762489513,4.181718511929761,15.0
slow-charger,6.0,30.0,100.0,0.01,839.6713352609638,168.4935328928105,3400.0,6783.362977702245,0.217425762489513,4.181718511929761,15.0
slow-charger,6.0,30.0,100.0,0.02,839.6713352609638,168.4935328928105,3400.0,6072.170226552092,0.217425762489513,4.181718511929761,15.0
slow-charger,6.0,30.0,100.0,0.03,839.6713352609638,168.4935328928105,3400.0,5432.344875230328,0.217425762489513,4.181718511929761,15.0
slow-charger,6.0,30.0,100.0,0.04,839.6713352609638,168.4935328928105,3400.0,4855.351807447067,0.217425762489513,4.181718511929761,15.0
slow-charger,6.0,30.0,150.0,0.0,839.6713352609638,168.4935328928105,4900.0,6075.801533010283,0.13153261451966042,6.144196830824565,15.0
slow-charger,6.0,30.0,150.0,0.01,839.6713352609638,168.4935328928105,4900.0,5283.362977702245,0.13153261451966042,6.144196830824565,15.0
slow-charger,6.0,30.0,150.0,0.02,839.6713352609638,168.4935328928105,4900.0,4572.170226552091,0.13153261451966042,6.144196830824565,15.0
slow-charger,6.0,30.0,150.0,0.03,839.6713352609638,168.4935328928105,4900.0,3932.3448752303298,0.13153261451966042,6.144196830824565,15.0
slow-charger,6.0,30.0,150.0,0.04,839.6713352609638,168.4935328928105,4900.0,3355.3518074470667,0.13153261451966042,6.144196830824565,15.0
slow-charger,6.0,30.0,200.0,0.0,839.6713352609638,168.4935328928105,6400.0,4575.801533010283,0.08112550479102591,8.188279223252962,15.0
slow-charger,6.0,30.0,200.0,0.01,839.6713352609638,168.4935328928105,6400.0,3783.3629777022447,0.08112550479102591,8.188279223252962,15.0
slow-charger,6.0,30.0,200.0,0.02,839.6713352609638,168.4935328928105,6400.0,3072.1702265520908,0.08112550479102591,8.188279223252962,15.0
slow-charger,6.0,30.0,200.0,0.03,839.6713352609638,168.4935328928105,6400.0,2432.3448752303293,0.08112550479102591,8.188279223252962,15.0
slow-charger,6.0,30.0,200.0,0.04,839.6713352609638,168.4935328928105,6400.0,1855.351807447067,0.08112550479102591,8.188279223252962,15.0
slow-charger,6.0,30.0,250.0,0.0,839.6713352609638,168.4935328928105,7900.0,3075.8015330102817,0.0467038307775976,10.320759013623936,15.0
slow-charger,6.0,30.0,250.0,0.01,839.6713352609638,168.4935328928105,7900.0,2283.3629777022447,0.0467038307775976,10.320759013623936,15.0
slow-charger,6.0,30.0,250.0,0.02,839.6713352609638,168.4935328928105,7900.0,1572.1702265520908,0.0467038307775976,10.320759013623936,15.0
slow-charger,6.0,30.0,250.0,0.03,839.6713352609638,168.4935328928105,7900.0,932.3448752303283,0.0467038307775976,10.320759013623936,15.0
slow-charger,6.0,30.0,250.0,0.04,839.6713352609638,168.4935328928105,7900.0,355.35180744706736,0.0467038307775976,10.320759013623936,15.0
slow-charger,6.0,30.0,300.0,0.0,839.6713352609638,168.4935328928105,9400.0,1575.8015330102812,0.021076906168567805,12.54885100339532,15.0
slow-charger,6.0,30.0,300.0,0.01,839.6713352609638,168.4935328928105,9400.0,783.362977702245,0.021076906168567805,12.54885100339532,15.0
slow-charger,6.0,30.0,300.0,0.02,839.6713352609638,168.4935328928105,9400.0,72.1702265520895,0.021076906168567805,12.54885100339532,15.0
slow-charger,6.0,30.0,300.0,0.03,839.6713352609638,168.4935328928105,9400.0,-567.6551247696714,0.021076906168567805,12.54885100339532,15.0
slow-charger,6.0,30.0,300.0,0.04,839.6713352609638,168.4935328928105,9400.0,-1144.6481925529329,0.021076906168567805,12.54885100339532,15.0
slow-charger,6.0,30.0,350.0,0.0,839.6713352609638,168.4935328928105,10900.0,75.80153301028315,0.0009104855264822635,14.88021467880872,15.0
slow-charger,6.0,30.0,350.0,0.01,839.6713352609638,168.4935328928105,10900.0,-716.6370222977554,0.0009104855264822635,14.88021467880872,15.0
slow-charger,6.0,30.0,350.0,0.02,839.6713352609638,168.4935328928105,10900.0,-1427.829773447912,0.0009104855264822635,14.88021467880872,15.0
slow-charger,6.0,30.0,350.0,0.03,839.6713352609638,168.4935328928105,10900.0,-2067.655124769672,0.0009104855264822635,14.88021467880872,15.0
slow-charger,6.0,30.0,350.0,0.04,839.6713352609638,168.4935328928105,10900.0,-2644.648192552934,0.0009104855264822635,14.88021467880872,15.0
slow-charger,6.0,30.0,400.0,0.0,839.6713352609638,168.4935328928105,12400.0,-1424.1984669897165,-0.015579975878909719,Inf,15.0
slow-charger,6.0,30.0,400.0,0.01,839.6713352609638,168.4935328928105,12400.0,-2216.6370222977544,-0.015579975878909719,Inf,15.0
slow-charger,6.0,30.0,400.0,0.02,839.6713352609638,168.4935328928105,12400.0,-2927.829773447913,-0.015579975878909719,Inf,15.0
slow-charger,6.0,30.0,400.0,0.03,839.6713352609638,168.4935328928105,12400.0,-3567.655124769671,-0.015579975878909719,Inf,15.0
slow-charger,6.0,30.0,400.0,0.04,839.6713352609638,168.4935328928105,12400.0,-4144.648192552936,-0.015579975878909719,Inf,15.0
slow-charger,9.0,2.5,100.0,0.0,197.3319097321264,343.4879867859939,650.0,1929.4329118982976,0.27792385054975044,3.3756329017509206,15.0
slow-charger,9.0,2.5,100.0,0.01,197.3319097321264,343.4879867859939,650.0,1743.2012199283645,0.27792385054975044,3.3756329017509206,15.0
slow-charger,9.0,2.5,100.0,0.02,197.3319097321264,343.4879867859939,650.0,1576.0631768885983,0.27792385054975044,3.3756329017509206,15.0
slow-charger,9.0,2.5,100.0,0.03,197.3319097321264,343.4879867859939,650.0,1425.6972501630994,0.27792385054975044,3.3756329017509206,15.0
slow-charger,9.0,2.5,100.0,0.04,197.3319097321264,343.4879867859939,650.0,1290.0975944567595,0.27792385054975044,3.3756329017509206,15.0
slow-charger,9.0,2.5,150.0,0.0,197.3319097321264,343.4879867859939,775.0,1804.4329118982976,0.22574437096220207,4.049656091604935,15.0
slow-charger,9.0,2.5,150.0,0.01,197.3319097321264,343.4879867859939,775.0,1618.2012199283645,0.22574437096220207,4.049656091604935,15.0
slow-charger,9.0,2.5,150.0,0.02,197.3319097321264,343.4879867859939,775.0,1451.0631768885983,0.22574437096220207,4.049656091604935,15.0
slow-charger,9.0,2.5,150.0,0.03,197.3319097321264,343.4879867859939,775.0,1300.6972501630994,0.22574437096220207,4.049656091604935,15.0
slow-charger,9.0,2.5,150.0,0.04,197.3319097321264,343.4879867859939,775.0,1165.0975944567595,0.22574437096220207,4.049656091604935,15.0
slow-charger,9.0,2.5,200.0,0.0,197.3319097321264,343.4879867859939,900.0,1679.4329118982978,0.18685955280124744,4.736421467137502,15.0
slow-charger,9.0,2.5,200.0,0.01,197.3319097321264,343.4879867859939,900.0,1493.2012199283645,0.18685955280124744,4.736421467137502,15.0
slow-charger,9.0,2.5,200.0,0.02,197.3319097321264,343.4879867859939,900.0,1326.0631768885983,0.18685955280124744,4.736421467137502,15.0
slow-charger,9.0,2.5,200.0,0.03,197.3319097321264,343.4879867859939,900.0,1175.6972501630994,0.18685955280124744,4.736421467137502,15.0
slow-charger,9.0,2.5,200.0,0.04,197.3319097321264,343.4879867859939,900.0,1040.0975944567595,0.18685955280124744,4.736421467137502,15.0
slow-charger,9.0,2.5,250.0,0.0,197.3319097321264,343.4879867859939,1025.0,1554.4329118982978,0.15645118943430353,5.43182330884701,15.0
slow-charger,9.0,2.5,250.0,0.01,197.3319097321264,343.4879867859939,1025.0,1368.2012199283645,0.15645118943430353,5.43182330884701,15.0
slow-charger,9.0,2.5,250.0,0.02,197.3319097321264,343.4879867859939,1025.0,1201.0631768885983,0.15645118943430353,5.43182330884701,15.0
slow-charger,9.0,2.5,250.0,0.03,197.3319097321264,343.4879867859939,1025.0,1050.6972501630994,0.15645118943430353,5.43182330884701,15.0
slow-charger,9.0,2.5,250.0,0.04,197.3319097321264,343.4879867859939,1025.0,915.0975944567597,0.15645118943430353,5.43182330884701,15.0
slow-charger,9.0,2.5,300.0,0.0,197.3319097321264,343.4879867859939,1150.0,1429.4329118982976,0.13181022658781094,6.135310514580006,15.0
slow-charger,9.0,2.5,300.0,0.01,197.3319097321264,343.4879867859939,1150.0,1243.2012199283645,0.13181022658781094,6.135310514580006,15.0
slow-charger,9.0,2.5,300.0,0.02,197.3319097321264,343.4879867859939,1150.0,1076.063176888598,0.13181022658781094,6.135310514580006,15.0
slow-charger,9.0,2.5,300.0,0.03,197.3319097321264,343.4879867859939,1150.0,925.6972501630993,0.13181022658781094,6.135310514580006,15.0
slow-charger,9.0,2.5,300.0,0.04,197.3319097321264,343.4879867859939,1150.0,790.0975944567597,0.13181022658781094,6.135310514580006,15.0
slow-charger,9.0,2.5,350.0,0.0,197.3319097321264,343.4879867859939,1275.0,1304.4329118982976,0.11129263036928472,6.850393162989593,15.0
slow-charger,9.0,2.5,350.0,0.01,197.3319097321264,343.4879867859939,1275.0,1118.2012199283643,0.11129263036928472,6.850393162989593,15.0
slow-charger,9.0,2.5,350.0,0.02,197.3319097321264,343.4879867859939,1275.0,951.063176888598,0.11129263036928472,6.850393162989593,15.0
slow-charger,9.0,2.5,350.0,0.03,197.3319097321264,343.4879867859939,1275.0,800.6972501630993,0.11129263036928472,6.850393162989593,15.0
slow-charger,9.0,2.5,350.0,0.04,197.3319097321264,343.4879867859939,1275.0,665.0975944567593,0.11129263036928472,6.850393162989593,15.0
slow-charger,9.0,2.5,400.0,0.0,197.3319097321264,343.4879867859939,1400.0,1179.4329118982976,0.09383979755021293,7.577016134080795,15.0
slow-charger,9.0,2.5,400.0,0.01,197.3319097321264,343.4879867859939,1400.0,993.2012199283646,0.09383979755021293,7.577016134080795,15.0
slow-charger,9.0,2.5,400.0,0.02,197.3319097321264,343.4879867859939,1400.0,826.063176888598,0.09383979755021293,7.577016134080795,15.0
slow-charger,9.0,2.5,400.0,0.03,197.3319097321264,343.4879867859939,1400.0,675.6972501630993,0.09383979755021293,7.577016134080795,15.0
slow-charger,9.0,2.5,400.0,0.04,197.3319097321264,343.4879867859939,1400.0,540.0975944567596,0.09383979755021293,7.577016134080795,15.0
slow-charger,9.0,7.5,100.0,0.0,460.7222391124589,305.0132494904619,1150.0,4872.351420119444,0.3782217551456688,2.5373604130452243,15.0
slow-charger,9.0,7.5,100.0,0.01,460.7222391124589,305.0132494904619,1150.0,4437.545502340802,0.3782217551456688,2.5373604130452243,15.0
slow-charger,9.0,7.5,100.0,0.02,460.7222391124589,305.0132494904619,1150.0,4047.318632623244,0.3782217551456688,2.5373604130452243,15.0
slow-charger,9.0,7.5,100.0,0.03,460.7222391124589,305.0132494904619,1150.0,3696.2505943052975,0.3782217551456688,2.5373604130452243,15.0
slow-charger,9.0,7.5,100.0,0.04,460.7222391124589,305.0132494904619,1150.0,3379.6582241979477,0.3782217551456688,2.5373604130452243,15.0
slow-charger,9.0,7.5,150.0,0.0,460.7222391124589,305.0132494904619,1525.0,4497.351420119445,0.27637316005723733,3.392715171686234,15.0
slow-charger,9.0,7.5,150.0,0.01,460.7222391124589,305.0132494904619,1525.0,4062.545502340803,0.27637316005723733,3.392715171686234,15.0
slow-charger,9.0,7.5,150.0,0.02,460.7222391124589,305.0132494904619,1525.0,3672.318632623244,0.27637316005723733,3.392715171686234,15.0
slow-charger,9.0,7.5,150.0,0.03,460.7222391124589,305.0132494904619,1525.0,3321.2505943052975,0.27637316005723733,3.392715171686234,15.0
slow-charger,9.0,7.5,150.0,0.04,460.7222391124589,305.0132494904619,1525.0,3004.6582241979477,0.27637316005723733,3.392715171686234,15.0
slow-charger,9.0,7.5,200.0,0.0,460.7222391124589,305.0132494904619,1900.0,4122.351420119445,0.21253963907236761,4.262766892398786,15.0
slow-charger,9.0,7.5,200.0,0.01,460.7222391124589,305.0132494904619,1900.0,3687.545502340803,0.21253963907236761,4.262766892398786,15.0
slow-charger,9.0,7.5,200.0,0.02,460.7222391124589,305.0132494904619,1900.0,3297.318632623244,0.21253963907236761,4.262766892398786,15.0
slow-charger,9.0,7.5,200.0,0.03,460.7222391124589,305.0132494904619,1900.0,2946.2505943052975,0.21253963907236761,4.262766892398786,15.0
slow-charger,9.0,7.5,200.0,0.04,460.7222391124589,305.0132494904619,1900.0,2629.658224197948,0.21253963907236761,4.262766892398786,15.0
slow-charger,9.0,7.5,250.0,0.0,460.7222391124589,305.0132494904619,2275.0,3747.351420119445,0.16794312459845967,5.148175694934805,15.0
slow-charger,9.0,7.5,250.0,0.01,460.7222391124589,305.0132494904619,2275.0,3312.545502340803,0.16794312459845967,5.148175694934805,15.0
slow-charger,9.0,7.5,250.0,0.02,460.7222391124589,305.0132494904619,2275.0,2922.318632623244,0.16794312459845967,5.148175694934805,15.0
slow-charger,9.0,7.5,250.0,0.03,460.7222391124589,305.0132494904619,2275.0,2571.2505943052975,0.16794312459845967,5.148175694934805,15.0
slow-charger,9.0,7.5,250.0,0.04,460.7222391124589,305.0132494904619,2275.0,2254.658224197948,0.16794312459845967,5.148175694934805,15.0
slow-charger,9.0,7.5,300.0,0.0,460.7222391124589,305.0132494904619,2650.0,3372.351420119445,0.13451982543160165,6.049622521525856,15.0
slow-charger,9.0,7.5,300.0,0.01,460.7222391124589,305.0132494904619,2650.0,2937.5455023408035,0.13451982543160165,6.049622521525856,15.0
slow-charger,9.0,7.5,300.0,0.02,460.7222391124589,305.0132494904619,2650.0,2547.3186326232444,0.13451982543160165,6.049622521525856,15.0
slow-charger,9.0,7.5,300.0,0.03,460.7222391124589,305.0132494904619,2650.0,2196.2505943052975,0.13451982543160165,6.049622521525856,15.0
slow-charger,9.0,7.5,300.0,0.04,460.7222391124589,305.0132494904619,2650.0,1879.6582241979481,0.13451982543160165,6.049622521525856,15.0
slow-charger,9.0,7.5,350.0,0.0,460.7222391124589,305.0132494904619,3025.0,2997.3514201194453,0.10822240007488515,6.968453517608032,15.0
slow-charger,9.0,7.5,350.0,0.01,460.7222391124589,305.0132494904619,3025.0,2562.5455023408026,0.10822240007488515,6.968453517608032,15.0
slow-charger,9.0,7.5,350.0,0.02,460.7222391124589,305.0132494904619,3025.0,2172.3186326232444,0.10822240007488515,6.968453517608032,15.0
slow-charger,9.0,7.5,350.0,0.03,460.7222391124589,305.0132494904619,3025.0,1821.2505943052975,0.10822240007488515,6.968453517608032,15.0
slow-charger,9.0,7.5,350.0,0.04,460.7222391124589,305.0132494904619,3025.0,1504.6582241979481,0.10822240007488515,6.968453517608032,15.0
slow-charger,9.0,7.5,400.0,0.0,460.7222391124589,305.0132494904619,3400.0,2622.3514201194453,0.08678619155405834,7.905392360908377,15.0
slow-charger,9.0,7.5,400.0,0.01,460.7222391124589,305.0132494904619,3400.0,2187.5455023408026,0.08678619155405834,7.905392360908377,15.0
slow-charger,9.0,7.5,400.0,0.02,460.7222391124589,305.0132494904619,3400.0,1797.3186326232442,0.08678619155405834,7.905392360908377,15.0
slow-charger,9.0,7.5,400.0,0.03,460.7222391124589,305.0132494904619,3400.0,1446.2505943052975,0.08678619155405834,7.905392360908377,15.0
slow-charger,9.0,7.5,400.0,0.04,460.7222391124589,305.0132494904619,3400.0,1129.6582241979477,0.08678619155405834,7.905392360908377,15.0
slow-charger,9.0,12.5,100.0,0.0,646.697107751113,280.64501906187746,1650.0,6803.330259799768,0.36934393983328384,2.5949878033266205,15.0
slow-charger,9.0,12.5,100.0,0.01,646.697107751113,280.64501906187746,1650.0,6193.01084044159,0.36934393983328384,2.5949878033266205,15.0
slow-charger,9.0,12.5,100.0,0.02,646.697107751113,280.64501906187746,1650.0,5645.265221521038,0.36934393983328384,2.5949878033266205,15.0
slow-charger,9.0,12.5,100.0,0.03,646.697107751113,280.64501906187746,1650.0,5152.485264900244,0.36934393983328384,2.5949878033266205,15.0
slow-charger,9.0,12.5,100.0,0.04,646.697107751113,280.64501906187746,1650.0,4708.097404485897,0.36934393983328384,2.5949878033266205,15.0
slow-charger,9.0,12.5,150.0,0.0,646.697107751113,280.64501906187746,2275.0,6178.330259799768,0.25751039560935846,3.6135577408134973,15.0
slow-charger,9.0,12.5,150.0,0.01,646.697107751113,280.64501906187746,2275.0,5568.01084044159,0.25751039560935846,3.6135577408134973,15.0
slow-charger,9.0,12.5,150.0,0.02,646.697107751113,280.64501906187746,2275.0,5020.265221521038,0.25751039560935846,3.6135577408134973,15.0
slow-charger,9.0,12.5,150.0,0.03,646.697107751113,280.64501906187746,2275.0,4527.485264900244,0.25751039560935846,3.6135577408134973,15.0
slow-charger,9.0,12.5,150.0,0.04,646.697107751113,280.64501906187746,2275.0,4083.0974044858963,0.25751039560935846,3.6135577408134973,15.0
slow-charger,9.0,12.5,200.0,0.0,646.697107751113,280.64501906187746,2900.0,5553.330259799768,0.1910366315066266,4.653462482994413,15.0
slow-charger,9.0,12.5,200.0,0.01,646.697107751113,280.64501906187746,2900.0,4943.010840441589,0.1910366315066266,4.653462482994413,15.0
slow-charger,9.0,12.5,200.0,0.02,646.697107751113,280.64501906187746,2900.0,4395.265221521038,0.1910366315066266,4.653462482994413,15.0
slow-charger,9.0,12.5,200.0,0.03,646.697107751113,280.64501906187746,2900.0,3902.4852649002432,0.1910366315066266,4.653462482994413,15.0
slow-charger,9.0,12.5,200.0,0.04,646.697107751113,280.64501906187746,2900.0,3458.0974044858963,0.1910366315066266,4.653462482994413,15.0
slow-charger,9.0,12.5,250.0,0.0,646.697107751113,280.64501906187746,3525.0,4928.330259799768,0.14588931861732016,5.715565103972878,15.0
slow-charger,9.0,12.5,250.0,0.01,646.697107751113,280.64501906187746,3525.0,4318.010840441589,0.14588931861732016,5.715565103972878,15.0
slow-charger,9.0,12.5,250.0,0.02,646.697107751113,280.64501906187746,3525.0,3770.2652215210387,0.14588931861732016,5.715565103972878,15.0
slow-charger,9.0,12.5,250.0,0.03,646.697107751113,280.64501906187746,3525.0,3277.4852649002432,0.14588931861732016,5.715565103972878,15.0
slow-charger,9.0,12.5,250.0,0.04,646.697107751113,280.64501906187746,3525.0,2833.0974044858963,0.14588931861732016,5.715565103972878,15.0
slow-charger,9.0,12.5,300.0,0.0,646.697107751113,280.64501906187746,4150.0,4303.330259799768,0.1126080070021657,6.800755019567292,15.0
slow-charger,9.0,12.5,300.0,0.01,646.697107751113,280.64501906187746,4150.0,3693.010840441589,0.1126080070021657,6.800755019567292,15.0
slow-charger,9.0,12.5,300.0,0.02,646.697107751113,280.64501906187746,4150.0,3145.265221521039,0.1126080070021657,6.800755019567292,15.0
slow-charger,9.0,12.5,300.0,0.03,646.697107751113,280.64501906187746,4150.0,2652.4852649002432,0.1126080070021657,6.800755019567292,15.0
slow-charger,9.0,12.5,300.0,0.04,646.697107751113,280.64501906187746,4150.0,2208.097404485897,0.1126080070021657,6.800755019567292,15.0
slow-charger,9.0,12.5,350.0,0.0,646.697107751113,280.64501906187746,4775.0,3678.3302597997686,0.0866914063428066,7.90994870301855,15.0
slow-charger,9.0,12.5,350.0,0.01,646.697107751113,280.64501906187746,4775.0,3068.010840441589,0.0866914063428066,7.90994870301855,15.0
slow-charger,9.0,12.5,350.0,0.02,646.697107751113,280.64501906187746,4775.0,2520.265221521039,0.0866914063428066,7.90994870301855,15.0
slow-charger,9.0,12.5,350.0,0.03,646.697107751113,280.64501906187746,4775.0,2027.4852649002437,0.0866914063428066,7.90994870301855,15.0
slow-charger,9.0,12.5,350.0,0.04,646.697107751113,280.64501906187746,4775.0,1583.0974044858976,0.0866914063428066,7.90994870301855,15.0
slow-charger,9.0,12.5,400.0,0.0,646.697107751113,280.64501906187746,5400.0,3053.330259799769,0.0657082169418657,9.044990223407195,15.0
slow-charger,9.0,12.5,400.0,0.01,646.697107751113,280.64501906187746,5400.0,2443.0108404415882,0.0657082169418657,9.044990223407195,15.0
slow-charger,9.0,12.5,400.0,0.02,646.697107751113,280.64501906187746,5400.0,1895.2652215210387,0.0657082169418657,9.044990223407195,15.0
slow-charger,9.0,12.5,400.0,0.03,646.697107751113,280.64501906187746,5400.0,1402.4852649002441,0.0657082169418657,9.044990223407195,15.0
slow-charger,9.0,12.5,400.0,0.04,646.697107751113,280.64501906187746,5400.0,958.0974044858966,0.0657082169418657,9.044990223407195,15.0
slow-charger,9.0,15.0,100.0,0.0,723.2657081347947,269.7247727816772,1900.0,7554.200155174337,0.35780614350180706,2.673650259423354,15.0
slow-charger,9.0,15.0,100.0,0.01,723.2657081347947,269.7247727816772,1900.0,6871.6192347716515,0.35780614350180706,2.673650259423354,15.0
slow-charger,9.0,15.0,100.0,0.02,723.2657081347947,269.7247727816772,1900.0,6259.020820153766,0.35780614350180706,2.673650259423354,15.0
slow-charger,9.0,15.0,100.0,0.03,723.2657081347947,269.7247727816772,1900.0,5707.895973594006,0.35780614350180706,2.673650259423354,15.0
slow-charger,9.0,15.0,100.0,0.04,723.2657081347947,269.7247727816772,1900.0,5210.892822200933,0.35780614350180706,2.673650259423354,15.0
slow-charger,9.0,15.0,150.0,0.0,723.2657081347947,269.7247727816772,2650.0,6804.200155174337,0.24543824171736772,3.76874539455678,15.0
slow-charger,9.0,15.0,150.0,0.01,723.2657081347947,269.7247727816772,2650.0,6121.6192347716515,0.24543824171736772,3.76874539455678,15.0
slow-charger,9.0,15.0,150.0,0.02,723.2657081347947,269.7247727816772,2650.0,5509.020820153766,0.24543824171736772,3.76874539455678,15.0
slow-charger,9.0,15.0,150.0,0.03,723.2657081347947,269.7247727816772,2650.0,4957.895973594006,0.24543824171736772,3.76874539455678,15.0
slow-charger,9.0,15.0,150.0,0.04,723.2657081347947,269.7247727816772,2650.0,4460.892822200933,0.24543824171736772,3.76874539455678,15.0
slow-charger,9.0,15.0,200.0,0.0,723.2657081347947,269.7247727816772,3400.0,6054.200155174337,0.17952419432696604,4.8882660494668215,15.0
slow-charger,9.0,15.0,200.0,0.01,723.2657081347947,269.7247727816772,3400.0,5371.6192347716515,0.17952419432696604,4.8882660494668215,15.0
slow-charger,9.0,15.0,200.0,0.02,723.2657081347947,269.7247727816772,3400.0,4759.020820153766,0.17952419432696604,4.8882660494668215,15.0
slow-charger,9.0,15.0,200.0,0.03,723.2657081347947,269.7247727816772,3400.0,4207.895973594006,0.17952419432696604,4.8882660494668215,15.0
slow-charger,9.0,15.0,200.0,0.04,723.2657081347947,269.7247727816772,3400.0,3710.892822200932,0.17952419432696604,4.8882660494668215,15.0
slow-charger,9.0,15.0,250.0,0.0,723.2657081347947,269.7247727816772,4150.0,5304.200155174337,0.1350252481986512,6.033846507830697,15.0
slow-charger,9.0,15.0,250.0,0.01,723.2657081347947,269.7247727816772,4150.0,4621.619234771651,0.1350252481986512,6.033846507830697,15.0
slow-charger,9.0,15.0,250.0,0.02,723.2657081347947,269.7247727816772,4150.0,4009.0208201537657,0.1350252481986512,6.033846507830697,15.0
slow-charger,9.0,15.0,250.0,0.03,723.2657081347947,269.7247727816772,4150.0,3457.895973594006,0.1350252481986512,6.033846507830697,15.0
slow-charger,9.0,15.0,250.0,0.04,723.2657081347947,269.7247727816772,4150.0,2960.892822200932,0.1350252481986512,6.033846507830697,15.0
slow-charger,9.0,15.0,300.0,0.0,723.2657081347947,269.7247727816772,4900.0,4554.200155174338,0.10231907416992779,7.2086145258081045,15.0
slow-charger,9.0,15.0,300.0,0.01,723.2657081347947,269.7247727816772,4900.0,3871.6192347716515,0.10231907416992779,7.2086145258081045,15.0
slow-charger,9.0,15.0,300.0,0.02,723.2657081347947,269.7247727816772,4900.0,3259.020820153766,0.10231907416992779,7.2086145258081045,15.0
slow-charger,9.0,15.0,300.0,0.03,723.2657081347947,269.7247727816772,4900.0,2707.8959735940057,0.10231907416992779,7.2086145258081045,15.0
slow-charger,9.0,15.0,300.0,0.04,723.2657081347947,269.7247727816772,4900.0,2210.8928222009326,0.10231907416992779,7.2086145258081045,15.0
slow-charger,9.0,15.0,350.0,0.0,723.2657081347947,269.7247727816772,5650.0,3804.2001551743383,0.07688897934107208,8.411326491829643,15.0
slow-charger,9.0,15.0,350.0,0.01,723.2657081347947,269.7247727816772,5650.0,3121.6192347716515,0.07688897934107208,8.411326491829643,15.0
slow-charger,9.0,15.0,350.0,0.02,723.2657081347947,269.7247727816772,5650.0,2509.0208201537657,0.07688897934107208,8.411326491829643,15.0
slow-charger,9.0,15.0,350.0,0.03,723.2657081347947,269.7247727816772,5650.0,1957.8959735940057,0.07688897934107208,8.411326491829643,15.0
slow-charger,9.0,15.0,350.0,0.04,723.2657081347947,269.7247727816772,5650.0,1460.8928222009329,0.07688897934107208,8.411326491829643,15.0
slow-charger,9.0,15.0,400.0,0.0,723.2657081347947,269.7247727816772,6400.0,3054.200155174338,0.056315479712159736,9.643050185524775,15.0
slow-charger,9.0,15.0,400.0,0.01,723.2657081347947,269.7247727816772,6400.0,2371.6192347716506,0.056315479712159736,9.643050185524775,15.0
slow-charger,9.0,15.0,400.0,0.02,723.2657081347947,269.7247727816772,6400.0,1759.0208201537657,0.056315479712159736,9.643050185524775,15.0
slow-charger,9.0,15.0,400.0,0.03,723.2657081347947,269.7247727816772,6400.0,1207.8959735940057,0.056315479712159736,9.643050185524775,15.0
slow-charger,9.0,15.0,400.0,0.04,723.2657081347947,269.7247727816772,6400.0,710.8928222009322,0.056315479712159736,9.643050185524775,15.0
slow-charger,9.0,25.0,100.0,0.0,944.4351892376563,229.12241080585278,2900.0,9445.226950782911,0.3010233412347338,3.1383546887561593,15.0
slow-charger,9.0,25.0,100.0,0.01,944.4351892376563,229.12241080585278,2900.0,8553.917666408017,0.3010233412347338,3.1383546887561593,15.0
slow-charger,9.0,25.0,100.0,0.02,944.4351892376563,229.12241080585278,2900.0,7753.991037606054,0.3010233412347338,3.1383546887561593,15.0
slow-charger,9.0,25.0,100.0,0.03,944.4351892376563,229.12241080585278,2900.0,7034.336154345317,0.3010233412347338,3.1383546887561593,15.0
slow-charger,9.0,25.0,100.0,0.04,944.4351892376563,229.12241080585278,2900.0,6385.352993581182,0.3010233412347338,3.1383546887561593,15.0
slow-charger,9.0,25.0,150.0,0.0,944.4351892376563,229.12241080585278,4150.0,8195.226950782911,0.1961228173555821,4.555709455767722,15.0
slow-charger,9.0,25.0,150.0,0.01,944.4351892376563,229.12241080585278,4150.0,7303.917666408017,0.1961228173555821,4.555709455767722,15.0
slow-charger,9.0,25.0,150.0,0.02,944.4351892376563,229.12241080585278,4150.0,6503.991037606054,0.1961228173555821,4.555709455767722,15.0
slow-charger,9.0,25.0,150.0,0.03,944.4351892376563,229.12241080585278,4150.0,5784.336154345317,0.1961228173555821,4.555709455767722,15.0
slow-charger,9.0,25.0,150.0,0.04,944.4351892376563,229.12241080585278,4150.0,5135.352993581182,0.1961228173555821,4.555709455767722,15.0
slow-charger,9.0,25.0,200.0,0.0,944.4351892376563,229.12241080585278,5400.0,6945.226950782911,0.13575803477764337,6.01108790188248,15.0
slow-charger,9.0,25.0,200.0,0.01,944.4351892376563,229.12241080585278,5400.0,6053.917666408017,0.13575803477764337,6.01108790188248,15.0
slow-charger,9.0,25.0,200.0,0.02,944.4351892376563,229.12241080585278,5400.0,5253.991037606054,0.13575803477764337,6.01108790188248,15.0
slow-charger,9.0,25.0,200.0,0.03,944.4351892376563,229.12241080585278,5400.0,4534.336154345317,0.13575803477764337,6.01108790188248,15.0
slow-charger,9.0,25.0,200.0,0.04,944.4351892376563,229.12241080585278,5400.0,3885.352993581181,0.13575803477764337,6.01108790188248,15.0
slow-charger,9.0,25.0,250.0,0.0,944.4351892376563,229.12241080585278,6650.0,5695.226950782912,0.09521209773356469,7.515503941988611,15.0
slow-charger,9.0,25.0,250.0,0.01,944.4351892376563,229.12241080585278,6650.0,4803.917666408019,0.09521209773356469,7.515503941988611,15.0
slow-charger,9.0,25.0,250.0,0.02,944.4351892376563,229.12241080585278,6650.0,4003.9910376060548,0.09521209773356469,7.515503941988611,15.0
slow-charger,9.0,25.0,250.0,0.03,944.4351892376563,229.12241080585278,6650.0,3284.336154345316,0.09521209773356469,7.515503941988611,15.0
slow-charger,9.0,25.0,250.0,0.04,944.4351892376563,229.12241080585278,6650.0,2635.352993581181,0.09521209773356469,7.515503941988611,15.0
slow-charger,9.0,25.0,300.0,0.0,944.4351892376563,229.12241080585278,7900.0,4445.226950782911,0.06541953972497759,9.06258003087064,15.0
slow-charger,9.0,25.0,300.0,0.01,944.4351892376563,229.12241080585278,7900.0,3553.9176664080182,0.06541953972497759,9.06258003087064,15.0
slow-charger,9.0,25.0,300.0,0.02,944.4351892376563,229.12241080585278,7900.0,2753.9910376060548,0.06541953972497759,9.06258003087064,15.0
slow-charger,9.0,25.0,300.0,0.03,944.4351892376563,229.12241080585278,7900.0,2034.3361543453166,0.06541953972497759,9.06258003087064,15.0
slow-charger,9.0,25.0,300.0,0.04,944.4351892376563,229.12241080585278,7900.0,1385.3529935811812,0.06541953972497759,9.06258003087064,15.0
slow-charger,9.0,25.0,350.0,0.0,944.4351892376563,229.12241080585278,9150.0,3195.2269507829114,0.04222011574475341,10.66330757306449,15.0
slow-charger,9.0,25.0,350.0,0.01,944.4351892376563,229.12241080585278,9150.0,2303.9176664080182,0.04222011574475341,10.66330757306449,15.0
slow-charger,9.0,25.0,350.0,0.02,944.4351892376563,229.12241080585278,9150.0,1503.9910376060548,0.04222011574475341,10.66330757306449,15.0
slow-charger,9.0,25.0,350.0,0.03,944.4351892376563,229.12241080585278,9150.0,784.3361543453167,0.04222011574475341,10.66330757306449,15.0
slow-charger,9.0,25.0,350.0,0.04,944.4351892376563,229.12241080585278,9150.0,135.35299358118118,0.04222011574475341,10.66330757306449,15.0
slow-charger,9.0,25.0,400.0,0.0,944.4351892376563,229.12241080585278,10400.0,1945.2269507829114,0.023411103632733105,12.315666529609008,15.0
slow-charger,9.0,25.0,400.0,0.01,944.4351892376563,229.12241080585278,10400.0,1053.9176664080198,0.023411103632733105,12.315666529609008,15.0
slow-charger,9.0,25.0,400.0,0.02,944.4351892376563,229.12241080585278,10400.0,253.99103760605487,0.023411103632733105,12.315666529609008,15.0
slow-charger,9.0,25.0,400.0,0.03,944.4351892376563,229.12241080585278,10400.0,-465.6638456546842,0.023411103632733105,12.315666529609008,15.0
slow-charger,9.0,25.0,400.0,0.04,944.4351892376563,229.12241080585278,10400.0,-1114.6470064188188,0.023411103632733105,12.315666529609008,15.0
slow-charger,12.0,2.5,100.0,0.0,199.29795093113387,346.0379754818781,650.0,1955.132107642929,0.28110125298379895,3.341108386341992,15.0
slow-charger,12.0,2.5,100.0,0.01,199.29795093113387,346.0379754818781,650.0,1767.0449672588454,0.28110125298379895,3.341108386341992,15.0
slow-charger,12.0,2.5,100.0,0.02,199.29795093113387,346.0379754818781,650.0,1598.2417080916734,0.28110125298379895,3.341108386341992,15.0
slow-charger,12.0,2.5,100.0,0.03,199.29795093113387,346.0379754818781,650.0,1446.3776678209779,0.28110125298379895,3.341108386341992,15.0
slow-charger,12.0,2.5,100.0,0.04,199.29795093113387,346.0379754818781,650.0,1309.427016677297,0.28110125298379895,3.341108386341992,15.0
slow-charger,12.0,2.5,150.0,0.0,199.29795093113387,346.0379754818781,775.0,1830.132107642929,0.2284885132359158,4.0076521678342605,15.0
slow-charger,12.0,2.5,150.0,0.01,199.29795093113387,346.0379754818781,775.0,1642.0449672588454,0.2284885132359158,4.0076521678342605,15.0
slow-charger,12.0,2.5,150.0,0.02,199.29795093113387,346.0379754818781,775.0,1473.2417080916734,0.2284885132359158,4.0076521678342605,15.0
slow-charger,12.0,2.5,150.0,0.03,199.29795093113387,346.0379754818781,775.0,1321.3776678209779,0.2284885132359158,4.0076521678342605,15.0
slow-charger,12.0,2.5,150.0,0.04,199.29795093113387,346.0379754818781,775.0,1184.427016677297,0.2284885132359158,4.0076521678342605,15.0
slow-charger,12.0,2.5,200.0,0.0,199.29795093113387,346.0379754818781,900.0,1705.132107642929,0.18930052988529494,4.687642716952203,15.0
slow-charger,12.0,2.5,200.0,0.01,199.29795093113387,346.0379754818781,900.0,1517.0449672588452,0.18930052988529494,4.687642716952203,15.0
slow-charger,12.0,2.5,200.0,0.02,199.29795093113387,346.0379754818781,900.0,1348.2417080916734,0.18930052988529494,4.687642716952203,15.0
slow-charger,12.0,2.5,200.0,0.03,199.29795093113387,346.0379754818781,900.0,1196.3776678209779,0.18930052988529494,4.687642716952203,15.0
slow-charger,12.0,2.5,200.0,0.04,199.29795093113387,346.0379754818781,900.0,1059.427016677297,0.18930052988529494,4.687642716952203,15.0
slow-charger,12.0,2.5,250.0,0.0,199.29795093113387,346.0379754818781,1025.0,1580.132107642929,0.15866890963572128,5.375135985785863,15.0
slow-charger,12.0,2.5,250.0,0.01,199.29795093113387,346.0379754818781,1025.0,1392.0449672588454,0.15866890963572128,5.375135985785863,15.0
slow-charger,12.0,2.5,250.0,0.02,199.29795093113387,346.0379754818781,1025.0,1223.2417080916734,0.15866890963572128,5.375135985785863,15.0
slow-charger,12.0,2.5,250.0,0.03,199.29795093113387,346.0379754818781,1025.0,1071.3776678209779,0.15866890963572128,5.375135985785863,15.0
slow-charger,12.0,2.5,250.0,0.04,199.29795093113387,346.0379754818781,1025.0,934.4270166772969,0.15866890963572128,5.375135985785863,15.0
slow-charger,12.0,2.5,300.0,0.0,199.29795093113387,346.0379754818781,1150.0,1455.1321076429288,0.1338569242994322,6.070412135764357,15.0
slow-charger,12.0,2.5,300.0,0.01,199.29795093113387,346.0379754818781,1150.0,1267.0449672588452,0.1338569242994322,6.070412135764357,15.0
slow-charger,12.0,2.5,300.0,0.02,199.29795093113387,346.0379754818781,1150.0,1098.2417080916734,0.1338569242994322,6.070412135764357,15.0
slow-charger,12.0,2.5,300.0,0.03,199.29795093113387,346.0379754818781,1150.0,946.3776678209779,0.1338569242994322,6.070412135764357,15.0
slow-charger,12.0,2.5,300.0,0.04,199.29795093113387,346.0379754818781,1150.0,809.4270166772969,0.1338569242994322,6.070412135764357,15.0
slow-charger,12.0,2.5,350.0,0.0,199.29795093113387,346.0379754818781,1275.0,1330.132107642929,0.11320416784581758,6.778440612563546,15.0
slow-charger,12.0,2.5,350.0,0.01,199.29795093113387,346.0379754818781,1275.0,1142.0449672588452,0.11320416784581758,6.778440612563546,15.0
slow-charger,12.0,2.5,350.0,0.02,199.29795093113387,346.0379754818781,1275.0,973.2417080916736,0.11320416784581758,6.778440612563546,15.0
slow-charger,12.0,2.5,350.0,0.03,199.29795093113387,346.0379754818781,1275.0,821.3776678209776,0.11320416784581758,6.778440612563546,15.0
slow-charger,12.0,2.5,350.0,0.04,199.29795093113387,346.0379754818781,1275.0,684.4270166772969,0.11320416784581758,6.778440612563546,15.0
slow-charger,12.0,2.5,400.0,0.0,199.29795093113387,346.0379754818781,1400.0,1205.132107642929,0.09564179186340191,7.496397029961977,15.0
slow-charger,12.0,2.5,400.0,0.01,199.29795093113387,346.0379754818781,1400.0,1017.0449672588452,0.09564179186340191,7.496397029961977,15.0
slow-charger,12.0,2.5,400.0,0.02,199.29795093113387,346.0379754818781,1400.0,848.2417080916736,0.09564179186340191,7.496397029961977,15.0
slow-charger,12.0,2.5,400.0,0.03,199.29795093113387,346.0379754818781,1400.0,696.3776678209778,0.09564179186340191,7.496397029961977,15.0
slow-charger,12.0,2.5,400.0,0.04,199.29795093113387,346.0379754818781,1400.0,559.4270166772967,0.09564179186340191,7.496397029961977,15.0
slow-charger,12.0,5.0,100.0,0.0,350.54459822648175,324.30646711487884,900.0,3682.159443857773,0.3668448665453069,2.611655203734828,15.0
slow-charger,12.0,5.0,100.0,0.01,350.54459822648175,324.30646711487884,900.0,3351.3335083704123,0.3668448665453069,2.611655203734828,15.0
slow-charger,12.0,5.0,100.0,0.02,350.54459822648175,324.30646711487884,900.0,3054.425936628625,0.3668448665453069,2.611655203734828,15.0
slow-charger,12.0,5.0,100.0,0.03,350.54459822648175,324.30646711487884,900.0,2787.312708755367,0.3668448665453069,2.611655203734828,15.0
slow-charger,12.0,5.0,100.0,0.04,350.54459822648175,324.30646711487884,900.0,2546.4305985393657,0.3668448665453069,2.611655203734828,15.0
slow-charger,12.0,5.0,150.0,0.0,350.54459822648175,324.30646711487884,1150.0,3432.159443857773,0.27922052220303606,3.3614668140884327,15.0
slow-charger,12.0,5.0,150.0,0.01,350.54459822648175,324.30646711487884,1150.0,3101.3335083704123,0.27922052220303606,3.3614668140884327,15.0
slow-charger,12.0,5.0,150.0,0.02,350.54459822648175,324.30646711487884,1150.0,2804.425936628625,0.27922052220303606,3.3614668140884327,15.0
slow-charger,12.0,5.0,150.0,0.03,350.54459822648175,324.30646711487884,1150.0,2537.312708755367,0.27922052220303606,3.3614668140884327,15.0
slow-charger,12.0,5.0,150.0,0.04,350.54459822648175,324.30646711487884,1150.0,2296.4305985393657,0.27922052220303606,3.3614668140884327,15.0
slow-charger,12.0,5.0,200.0,0.0,350.54459822648175,324.30646711487884,1400.0,3182.159443857773,0.2211536883507278,4.121636559640254,15.0
slow-charger,12.0,5.0,200.0,0.01,350.54459822648175,324.30646711487884,1400.0,2851.333508370412,0.2211536883507278,4.121636559640254,15.0
slow-charger,12.0,5.0,200.0,0.02,350.54459822648175,324.30646711487884,1400.0,2554.425936628625,0.2211536883507278,4.121636559640254,15.0
slow-charger,12.0,5.0,200.0,0.03,350.54459822648175,324.30646711487884,1400.0,2287.312708755367,0.2211536883507278,4.121636559640254,15.0
slow-charger,12.0,5.0,200.0,0.04,350.54459822648175,324.30646711487884,1400.0,2046.4305985393655,0.2211536883507278,4.121636559640254,15.0
slow-charger,12.0,5.0,250.0,0.0,350.54459822648175,324.30646711487884,1650.0,2932.159443857773,0.179215371061357,4.8948375947004745,15.0
slow-charger,12.0,5.0,250.0,0.01,350.54459822648175,324.30646711487884,1650.0,2601.333508370412,0.179215371061357,4.8948375947004745,15.0
slow-charger,12.0,5.0,250.0,0.02,350.54459822648175,324.30646711487884,1650.0,2304.425936628625,0.179215371061357,4.8948375947004745,15.0
slow-charger,12.0,5.0,250.0,0.03,350.54459822648175,324.30646711487884,1650.0,2037.3127087553676,0.179215371061357,4.8948375947004745,15.0
slow-charger,12.0,5.0,250.0,0.04,350.54459822648175,324.30646711487884,1650.0,1796.4305985393653,0.179215371061357,4.8948375947004745,15.0
slow-charger,12.0,5.0,300.0,0.0,350.54459822648175,324.30646711487884,1900.0,2682.159443857773,0.14710604829299423,5.6816720711843836,15.0
slow-charger,12.0,5.0,300.0,0.01,350.54459822648175,324.30646711487884,1900.0,2351.3335083704123,0.14710604829299423,5.6816720711843836,15.0
slow-charger,12.0,5.0,300.0,0.02,350.54459822648175,324.30646711487884,1900.0,2054.425936628625,0.14710604829299423,5.6816720711843836,15.0
slow-charger,12.0,5.0,300.0,0.03,350.54459822648175,324.30646711487884,1900.0,1787.3127087553676,0.14710604829299423,5.6816720711843836,15.0
slow-charger,12.0,5.0,300.0,0.04,350.54459822648175,324.30646711487884,1900.0,1546.4305985393655,0.14710604829299423,5.6816720711843836,15.0
slow-charger,12.0,5.0,350.0,0.0,350.54459822648175,324.30646711487884,2150.0,2432.159443857773,0.1214734635730314,6.480257876739813,15.0
slow-charger,12.0,5.0,350.0,0.01,350.54459822648175,324.30646711487884,2150.0,2101.333508370412,0.1214734635730314,6.480257876739813,15.0
slow-charger,12.0,5.0,350.0,0.02,350.54459822648175,324.30646711487884,2150.0,1804.425936628625,0.1214734635730314,6.480257876739813,15.0
slow-charger,12.0,5.0,350.0,0.03,350.54459822648175,324.30646711487884,2150.0,1537.3127087553676,0.1214734635730314,6.480257876739813,15.0
slow-charger,12.0,5.0,350.0,0.04,350.54459822648175,324.30646711487884,2150.0,1296.4305985393655,0.1214734635730314,6.480257876739813,15.0
slow-charger,12.0,5.0,400.0,0.0,350.54459822648175,324.30646711487884,2400.0,2182.159443857773,0.10036328639927428,7.291163439426958,15.0
slow-charger,12.0,5.0,400.0,0.01,350.54459822648175,324.30646711487884,2400.0,1851.3335083704121,0.10036328639927428,7.291163439426958,15.0
slow-charger,12.0,5.0,400.0,0.02,350.54459822648175,324.30646711487884,2400.0,1554.425936628625,0.10036328639927428,7.291163439426958,15.0
slow-charger,12.0,5.0,400.0,0.03,350.54459822648175,324.30646711487884,2400.0,1287.3127087553676,0.10036328639927428,7.291163439426958,15.0
slow-charger,12.0,5.0,400.0,0.04,350.54459822648175,324.30646711487884,2400.0,1046.4305985393653,0.10036328639927428,7.291163439426958,15.0
slow-charger,12.0,10.0,100.0,0.0,576.7819582363134,303.1184099274645,1400.0,6139.431245983027,0.3898045395234384,2.4657021953880145,15.0
slow-charger,12.0,10.0,100.0,0.01,576.7819582363134,303.1184099274645,1400.0,5595.094143454128,0.3898045395234384,2.4657021953880145,15.0
slow-charger,12.0,10.0,100.0,0.02,576.7819582363134,303.1184099274645,1400.0,5106.5659176282825,0.3898045395234384,2.4657021953880145,15.0
slow-charger,12.0,10.0,100.0,0.03,576.7819582363134,303.1184099274645,1400.0,4667.06095471335,0.3898045395234384,2.4657021953880145,15.0
slow-charger,12.0,10.0,100.0,0.04,576.7819582363134,303.1184099274645,1400.0,4270.71636421786,0.3898045395234384,2.4657021953880145,15.0
slow-charger,12.0,10.0,150.0,0.0,576.7819582363134,303.1184099274645,1900.0,5639.431245983027,0.2779048214010685,3.3758415908885704,15.0
slow-charger,12.0,10.0,150.0,0.01,576.7819582363134,303.1184099274645,1900.0,5095.094143454128,0.2779048214010685,3.3758415908885704,15.0
slow-charger,12.0,10.0,150.0,0.02,576.7819582363134,303.1184099274645,1900.0,4606.565917628283,0.2779048214010685,3.3758415908885704,15.0
slow-charger,12.0,10.0,150.0,0.03,576.7819582363134,303.1184099274645,1900.0,4167.06095471335,0.2779048214010685,3.3758415908885704,15.0
slow-charger,12.0,10.0,150.0,0.04,576.7819582363134,303.1184099274645,1900.0,3770.71636421786,0.2779048214010685,3.3758415908885704,15.0
slow-charger,12.0,10.0,200.0,0.0,576.7819582363134,303.1184099274645,2400.0,5139.431245983028,0.2101758567811043,4.302943901242798,15.0
slow-charger,12.0,10.0,200.0,0.01,576.7819582363134,303.1184099274645,2400.0,4595.094143454128,0.2101758567811043,4.302943901242798,15.0
slow-charger,12.0,10.0,200.0,0.02,576.7819582363134,303.1184099274645,2400.0,4106.565917628283,0.2101758567811043,4.302943901242798,15.0
slow-charger,12.0,10.0,200.0,0.03,576.7819582363134,303.1184099274645,2400.0,3667.06095471335,0.2101758567811043,4.302943901242798,15.0
slow-charger,12.0,10.0,200.0,0.04,576.7819582363134,303.1184099274645,2400.0,3270.7163642178593,0.2101758567811043,4.302943901242798,15.0
slow-charger,12.0,10.0,250.0,0.0,576.7819582363134,303.1184099274645,2900.0,4639.431245983028,0.16379435803016573,5.247738916646516,15.0
slow-charger,12.0,10.0,250.0,0.01,576.7819582363134,303.1184099274645,2900.0,4095.0941434541282,0.16379435803016573,5.247738916646516,15.0
slow-charger,12.0,10.0,250.0,0.02,576.7819582363134,303.1184099274645,2900.0,3606.5659176282834,0.16379435803016573,5.247738916646516,15.0
slow-charger,12.0,10.0,250.0,0.03,576.7819582363134,303.1184099274645,2900.0,3167.06095471335,0.16379435803016573,5.247738916646516,15.0
slow-charger,12.0,10.0,250.0,0.04,576.7819582363134,303.1184099274645,2900.0,2770.7163642178593,0.16379435803016573,5.247738916646516,15.0
slow-charger,12.0,10.0,300.0,0.0,576.7819582363134,303.1184099274645,3400.0,4139.431245983027,0.12946620844056034,6.210979149713008,15.0
slow-charger,12.0,10.0,300.0,0.01,576.7819582363134,303.1184099274645,3400.0,3595.0941434541282,0.12946620844056034,6.210979149713008,15.0
slow-charger,12.0,10.0,300.0,0.02,576.7819582363134,303.1184099274645,3400.0,3106.5659176282834,0.12946620844056034,6.210979149713008,15.0
slow-charger,12.0,10.0,300.0,0.03,576.7819582363134,303.1184099274645,3400.0,2667.06095471335,0.12946620844056034,6.210979149713008,15.0
slow-charger,12.0,10.0,300.0,0.04,576.7819582363134,303.1184099274645,3400.0,2270.7163642178593,0.12946620844056034,6.210979149713008,15.0
slow-charger,12.0,10.0,350.0,0.0,576.7819582363134,303.1184099274645,3900.0,3639.431245983027,0.10268225441522243,7.193440458966036,15.0
slow-charger,12.0,10.0,350.0,0.01,576.7819582363134,303.1184099274645,3900.0,3095.094143454128,0.10268225441522243,7.193440458966036,15.0
slow-charger,12.0,10.0,350.0,0.02,576.7819582363134,303.1184099274645,3900.0,2606.5659176282834,0.10268225441522243,7.193440458966036,15.0
slow-charger,12.0,10.0,350.0,0.03,576.7819582363134,303.1184099274645,3900.0,2167.06095471335,0.10268225441522243,7.193440458966036,15.0
slow-charger,12.0,10.0,350.0,0.04,576.7819582363134,303.1184099274645,3900.0,1770.7163642178596,0.10268225441522243,7.193440458966036,15.0
slow-charger,12.0,10.0,400.0,0.0,576.7819582363134,303.1184099274645,4400.0,3139.4312459830276,0.08097755651177573,8.195922688317806,15.0
slow-charger,12.0,10.0,400.0,0.01,576.7819582363134,303.1184099274645,4400.0,2595.094143454128,0.08097755651177573,8.195922688317806,15.0
slow-charger,12.0,10.0,400.0,0.02,576.7819582363134,303.1184099274645,4400.0,2106.5659176282834,0.08097755651177573,8.195922688317806,15.0
slow-charger,12.0,10.0,400.0,0.03,576.7819582363134,303.1184099274645,4400.0,1667.0609547133497,0.08097755651177573,8.195922688317806,15.0
slow-charger,12.0,10.0,400.0,0.04,576.7819582363134,303.1184099274645,4400.0,1270.7163642178596,0.08097755651177573,8.195922688317806,15.0
slow-charger,12.0,12.5,100.0,0.0,667.7075820252734,292.2719131450045,1650.0,7077.969616966739,0.38234726168991984,2.5113927801875913,15.0
slow-charger,12.0,12.5,100.0,0.01,667.7075820252734,292.2719131450045,1650.0,6447.821594224144,0.38234726168991984,2.5113927801875913,15.0
slow-charger,12.0,12.5,100.0,0.02,667.7075820252734,292.2719131450045,1650.0,5882.280325536217,0.38234726168991984,2.5113927801875913,15.0
slow-charger,12.0,12.5,100.0,0.03,667.7075820252734,292.2719131450045,1650.0,5373.490492765817,0.38234726168991984,2.5113927801875913,15.0
slow-charger,12.0,12.5,100.0,0.04,667.7075820252734,292.2719131450045,1650.0,4914.6649619226455,0.38234726168991984,2.5113927801875913,15.0
slow-charger,12.0,12.5,150.0,0.0,667.7075820252734,292.2719131450045,2275.0,6452.969616966739,0.26729130301931026,3.495945695271573,15.0
slow-charger,12.0,12.5,150.0,0.01,667.7075820252734,292.2719131450045,2275.0,5822.821594224143,0.26729130301931026,3.495945695271573,15.0
slow-charger,12.0,12.5,150.0,0.02,667.7075820252734,292.2719131450045,2275.0,5257.280325536216,0.26729130301931026,3.495945695271573,15.0
slow-charger,12.0,12.5,150.0,0.03,667.7075820252734,292.2719131450045,2275.0,4748.490492765816,0.26729130301931026,3.495945695271573,15.0
slow-charger,12.0,12.5,150.0,0.04,667.7075820252734,292.2719131450045,2275.0,4289.664961922645,0.26729130301931026,3.495945695271573,15.0
slow-charger,12.0,12.5,200.0,0.0,667.7075820252734,292.2719131450045,2900.0,5827.969616966739,0.19907888037684296,4.500479781908259,15.0
slow-charger,12.0,12.5,200.0,0.01,667.7075820252734,292.2719131450045,2900.0,5197.821594224143,0.19907888037684296,4.500479781908259,15.0
slow-charger,12.0,12.5,200.0,0.02,667.7075820252734,292.2719131450045,2900.0,4632.280325536217,0.19907888037684296,4.500479781908259,15.0
slow-charger,12.0,12.5,200.0,0.03,667.7075820252734,292.2719131450045,2900.0,4123.490492765816,0.19907888037684296,4.500479781908259,15.0
slow-charger,12.0,12.5,200.0,0.04,667.7075820252734,292.2719131450045,2900.0,3664.6649619226455,0.19907888037684296,4.500479781908259,15.0
slow-charger,12.0,12.5,250.0,0.0,667.7075820252734,292.2719131450045,3525.0,5202.969616966739,0.15285543349528552,5.525817031724921,15.0
slow-charger,12.0,12.5,250.0,0.01,667.7075820252734,292.2719131450045,3525.0,4572.821594224144,0.15285543349528552,5.525817031724921,15.0
slow-charger,12.0,12.5,250.0,0.02,667.7075820252734,292.2719131450045,3525.0,4007.2803255362164,0.15285543349528552,5.525817031724921,15.0
slow-charger,12.0,12.5,250.0,0.03,667.7075820252734,292.2719131450045,3525.0,3498.4904927658167,0.15285543349528552,5.525817031724921,15.0
slow-charger,12.0,12.5,250.0,0.04,667.7075820252734,292.2719131450045,3525.0,3039.664961922645,0.15285543349528552,5.525817031724921,15.0
slow-charger,12.0,12.5,300.0,0.0,667.7075820252734,292.2719131450045,4150.0,4577.969616966738,0.1188447463669035,6.572804665006859,15.0
slow-charger,12.0,12.5,300.0,0.01,667.7075820252734,292.2719131450045,4150.0,3947.821594224144,0.1188447463669035,6.572804665006859,15.0
slow-charger,12.0,12.5,300.0,0.02,667.7075820252734,292.2719131450045,4150.0,3382.280325536216,0.1188447463669035,6.572804665006859,15.0
slow-charger,12.0,12.5,300.0,0.03,667.7075820252734,292.2719131450045,4150.0,2873.4904927658163,0.1188447463669035,6.572804665006859,15.0
slow-charger,12.0,12.5,300.0,0.04,667.7075820252734,292.2719131450045,4150.0,2414.664961922645,0.1188447463669035,6.572804665006859,15.0
slow-charger,12.0,12.5,350.0,0.0,667.7075820252734,292.2719131450045,4775.0,3952.969616966738,0.09240113588636853,7.6423158180846755,15.0
slow-charger,12.0,12.5,350.0,0.01,667.7075820252734,292.2719131450045,4775.0,3322.821594224143,0.09240113588636853,7.6423158180846755,15.0
slow-charger,12.0,12.5,350.0,0.02,667.7075820252734,292.2719131450045,4775.0,2757.280325536216,0.09240113588636853,7.6423158180846755,15.0
slow-charger,12.0,12.5,350.0,0.03,667.7075820252734,292.2719131450045,4775.0,2248.4904927658163,0.09240113588636853,7.6423158180846755,15.0
slow-charger,12.0,12.5,350.0,0.04,667.7075820252734,292.2719131450045,4775.0,1789.664961922645,0.09240113588636853,7.6423158180846755,15.0
slow-charger,12.0,12.5,400.0,0.0,667.7075820252734,292.2719131450045,5400.0,3327.969616966738,0.07101877450008026,8.73525024827062,15.0
slow-charger,12.0,12.5,400.0,0.01,667.7075820252734,292.2719131450045,5400.0,2697.821594224143,0.07101877450008026,8.73525024827062,15.0
slow-charger,12.0,12.5,400.0,0.02,667.7075820252734,292.2719131450045,5400.0,2132.2803255362155,0.07101877450008026,8.73525024827062,15.0
slow-charger,12.0,12.5,400.0,0.03,667.7075820252734,292.2719131450045,5400.0,1623.4904927658163,0.07101877450008026,8.73525024827062,15.0
slow-charger,12.0,12.5,400.0,0.04,667.7075820252734,292.2719131450045,5400.0,1164.6649619226444,0.07101877450008026,8.73525024827062,15.0
slow-charger,12.0,20.0,100.0,0.0,891.6632779440711,266.6345258510831,2400.0,9255.416544552956,0.34842924364792893,2.7409402481237155,15.0
slow-charger,12.0,20.0,100.0,0.01,891.6632779440711,266.6345258510831,2400.0,8413.910671810941,0.34842924364792893,2.7409402481237155,15.0
slow-charger,12.0,20.0,100.0,0.02,891.6632779440711,266.6345258510831,2400.0,7658.681294421845,0.34842924364792893,2.7409402481237155,15.0
slow-charger,12.0,20.0,100.0,0.03,891.6632779440711,266.6345258510831,2400.0,6979.238343217649,0.34842924364792893,2.7409402481237155,15.0
slow-charger,12.0,20.0,100.0,0.04,891.6632779440711,266.6345258510831,2400.0,6366.518212655216,0.34842924364792893,2.7409402481237155,15.0
slow-charger,12.0,20.0,150.0,0.0,891.6632779440711,266.6345258510831,3400.0,8255.416544552954,0.23398464280867526,3.927226967068204,15.0
slow-charger,12.0,20.0,150.0,0.01,891.6632779440711,266.6345258510831,3400.0,7413.9106718109415,0.23398464280867526,3.927226967068204,15.0
slow-charger,12.0,20.0,150.0,0.02,891.6632779440711,266.6345258510831,3400.0,6658.681294421845,0.23398464280867526,3.927226967068204,15.0
slow-charger,12.0,20.0,150.0,0.03,891.6632779440711,266.6345258510831,3400.0,5979.238343217648,0.23398464280867526,3.927226967068204,15.0
slow-charger,12.0,20.0,150.0,0.04,891.6632779440711,266.6345258510831,3400.0,5366.518212655216,0.23398464280867526,3.927226967068204,15.0
slow-charger,12.0,20.0,200.0,0.0,891.6632779440711,266.6345258510831,4400.0,7255.416544552955,0.16809778505355266,5.144523760646036,15.0
slow-charger,12.0,20.0,200.0,0.01,891.6632779440711,266.6345258510831,4400.0,6413.9106718109415,0.16809778505355266,5.144523760646036,15.0
slow-charger,12.0,20.0,200.0,0.02,891.6632779440711,266.6345258510831,4400.0,5658.681294421845,0.16809778505355266,5.144523760646036,15.0
slow-charger,12.0,20.0,200.0,0.03,891.6632779440711,266.6345258510831,4400.0,4979.238343217648,0.16809778505355266,5.144523760646036,15.0
slow-charger,12.0,20.0,200.0,0.04,891.6632779440711,266.6345258510831,4400.0,4366.518212655216,0.16809778505355266,5.144523760646036,15.0
slow-charger,12.0,20.0,250.0,0.0,891.6632779440711,266.6345258510831,5400.0,6255.416544552955,0.12400328451676382,6.393091178400051,15.0
slow-charger,12.0,20.0,250.0,0.01,891.6632779440711,266.6345258510831,5400.0,5413.9106718109415,0.12400328451676382,6.393091178400051,15.0
slow-charger,12.0,20.0,250.0,0.02,891.6632779440711,266.6345258510831,5400.0,4658.681294421845,0.12400328451676382,6.393091178400051,15.0
slow-charger,12.0,20.0,250.0,0.03,891.6632779440711,266.6345258510831,5400.0,3979.2383432176484,0.12400328451676382,6.393091178400051,15.0
slow-charger,12.0,20.0,250.0,0.04,891.6632779440711,266.6345258510831,5400.0,3366.518212655216,0.12400328451676382,6.393091178400051,15.0
slow-charger,12.0,20.0,300.0,0.0,891.6632779440711,266.6345258510831,6400.0,5255.416544552955,0.09174083315141777,7.672568668282034,15.0
slow-charger,12.0,20.0,300.0,0.01,891.6632779440711,266.6345258510831,6400.0,4413.9106718109415,0.09174083315141777,7.672568668282034,15.0
slow-charger,12.0,20.0,300.0,0.02,891.6632779440711,266.6345258510831,6400.0,3658.6812944218464,0.09174083315141777,7.672568668282034,15.0
slow-charger,12.0,20.0,300.0,0.03,891.6632779440711,266.6345258510831,6400.0,2979.2383432176484,0.09174083315141777,7.672568668282034,15.0
slow-charger,12.0,20.0,300.0,0.04,891.6632779440711,266.6345258510831,6400.0,2366.5182126552163,0.09174083315141777,7.672568668282034,15.0
slow-charger,12.0,20.0,350.0,0.0,891.6632779440711,266.6345258510831,7400.0,4255.416544552955,0.06671883141759416,8.984114339267737,15.0
slow-charger,12.0,20.0,350.0,0.01,891.6632779440711,266.6345258510831,7400.0,3413.910671810942,0.06671883141759416,8.984114339267737,15.0
slow-charger,12.0,20.0,350.0,0.02,891.6632779440711,266.6345258510831,7400.0,2658.6812944218464,0.06671883141759416,8.984114339267737,15.0
slow-charger,12.0,20.0,350.0,0.03,891.6632779440711,266.6345258510831,7400.0,1979.2383432176482,0.06671883141759416,8.984114339267737,15.0
slow-charger,12.0,20.0,350.0,0.04,891.6632779440711,266.6345258510831,7400.0,1366.5182126552163,0.06671883141759416,8.984114339267737,15.0
slow-charger,12.0,20.0,400.0,0.0,891.6632779440711,266.6345258510831,8400.0,3255.4165445529543,0.046504911485486036,10.335633363524906,15.0
slow-charger,12.0,20.0,400.0,0.01,891.6632779440711,266.6345258510831,8400.0,2413.9106718109415,0.046504911485486036,10.335633363524906,15.0
slow-charger,12.0,20.0,400.0,0.02,891.6632779440711,266.6345258510831,8400.0,1658.6812944218464,0.046504911485486036,10.335633363524906,15.0
slow-charger,12.0,20.0,400.0,0.03,891.6632779440711,266.6345258510831,8400.0,979.2383432176484,0.046504911485486036,10.335633363524906,15.0
slow-charger,12.0,20.0,400.0,0.04,891.6632779440711,266.6345258510831,8400.0,366.518212655216,0.046504911485486036,10.335633363524906,15.0
slow-charger,12.0,25.0,100.0,0.0,1013.1248653086988,250.83237745101636,2900.0,10343.107133495369,0.3255905680657451,2.9188160963618164,15.0
slow-charger,12.0,25.0,100.0,0.01,1013.1248653086988,250.83237745101636,2900.0,9386.972071004093,0.3255905680657451,2.9188160963618164,15.0
slow-charger,12.0,25.0,100.0,0.02,1013.1248653086988,250.83237745101636,2900.0,8528.866012169074,0.3255905680657451,2.9188160963618164,15.0
slow-charger,12.0,25.0,100.0,0.03,1013.1248653086988,250.83237745101636,2900.0,7756.8699398278795,0.3255905680657451,2.9188160963618164,15.0
slow-charger,12.0,25.0,100.0,0.04,1013.1248653086988,250.83237745101636,2900.0,7060.685612063145,0.3255905680657451,2.9188160963618164,15.0
slow-charger,12.0,25.0,150.0,0.0,1013.1248653086988,250.83237745101636,4150.0,9093.107133495369,0.21433294104843179,4.232711236897078,15.0
slow-charger,12.0,25.0,150.0,0.01,1013.1248653086988,250.83237745101636,4150.0,8136.972071004093,0.21433294104843179,4.232711236897078,15.0
slow-charger,12.0,25.0,150.0,0.02,1013.1248653086988,250.83237745101636,4150.0,7278.866012169074,0.21433294104843179,4.232711236897078,15.0
slow-charger,12.0,25.0,150.0,0.03,1013.1248653086988,250.83237745101636,4150.0,6506.8699398278795,0.21433294104843179,4.232711236897078,15.0
slow-charger,12.0,25.0,150.0,0.04,1013.1248653086988,250.83237745101636,4150.0,5810.6856120631455,0.21433294104843179,4.232711236897078,15.0
slow-charger,12.0,25.0,200.0,0.0,1013.1248653086988,250.83237745101636,5400.0,7843.1071334953685,0.1507529456061888,5.582002022403603,15.0
slow-charger,12.0,25.0,200.0,0.01,1013.1248653086988,250.83237745101636,5400.0,6886.972071004093,0.1507529456061888,5.582002022403603,15.0
slow-charger,12.0,25.0,200.0,0.02,1013.1248653086988,250.83237745101636,5400.0,6028.866012169074,0.1507529456061888,5.582002022403603,15.0
slow-charger,12.0,25.0,200.0,0.03,1013.1248653086988,250.83237745101636,5400.0,5256.8699398278795,0.1507529456061888,5.582002022403603,15.0
slow-charger,12.0,25.0,200.0,0.04,1013.1248653086988,250.83237745101636,5400.0,4560.685612063146,0.1507529456061888,5.582002022403603,15.0
slow-charger,12.0,25.0,250.0,0.0,1013.1248653086988,250.83237745101636,6650.0,6593.1071334953685,0.10827826692229277,6.9662773084277205,15.0
slow-charger,12.0,25.0,250.0,0.01,1013.1248653086988,250.83237745101636,6650.0,5636.972071004093,0.10827826692229277,6.9662773084277205,15.0
slow-charger,12.0,25.0,250.0,0.02,1013.1248653086988,250.83237745101636,6650.0,4778.866012169074,0.10827826692229277,6.9662773084277205,15.0
slow-charger,12.0,25.0,250.0,0.03,1013.1248653086988,250.83237745101636,6650.0,4006.86993982788,0.10827826692229277,6.9662773084277205,15.0
slow-charger,12.0,25.0,250.0,0.04,1013.1248653086988,250.83237745101636,6650.0,3310.6856120631464,0.10827826692229277,6.9662773084277205,15.0
slow-charger,12.0,25.0,300.0,0.0,1013.1248653086988,250.83237745101636,7900.0,5343.1071334953685,0.0771988648409194,8.394713833218653,15.0
slow-charger,12.0,25.0,300.0,0.01,1013.1248653086988,250.83237745101636,7900.0,4386.972071004092,0.0771988648409194,8.394713833218653,15.0
slow-charger,12.0,25.0,300.0,0.02,1013.1248653086988,250.83237745101636,7900.0,3528.8660121690727,0.0771988648409194,8.394713833218653,15.0
slow-charger,12.0,25.0,300.0,0.03,1013.1248653086988,250.83237745101636,7900.0,2756.86993982788,0.0771988648409194,8.394713833218653,15.0
slow-charger,12.0,25.0,300.0,0.04,1013.1248653086988,250.83237745101636,7900.0,2060.685612063147,0.0771988648409194,8.394713833218653,15.0
slow-charger,12.0,25.0,350.0,0.0,1013.1248653086988,250.83237745101636,9150.0,4093.107133495368,0.05307692635221281,9.86219286013764,15.0
slow-charger,12.0,25.0,350.0,0.01,1013.1248653086988,250.83237745101636,9150.0,3136.9720710040924,0.05307692635221281,9.86219286013764,15.0
slow-charger,12.0,25.0,350.0,0.02,1013.1248653086988,250.83237745101636,9150.0,2278.8660121690737,0.05307692635221281,9.86219286013764,15.0
slow-charger,12.0,25.0,350.0,0.03,1013.1248653086988,250.83237745101636,9150.0,1506.8699398278804,0.05307692635221281,9.86219286013764,15.0
slow-charger,12.0,25.0,350.0,0.04,1013.1248653086988,250.83237745101636,9150.0,810.685612063147,0.05307692635221281,9.86219286013764,15.0
slow-charger,12.0,25.0,400.0,0.0,1013.1248653086988,250.83237745101636,10400.0,2843.1071334953685,0.03357171410970545,11.376951963734417,15.0
slow-charger,12.0,25.0,400.0,0.01,1013.1248653086988,250.83237745101636,10400.0,1886.972071004093,0.03357171410970545,11.376951963734417,15.0
slow-charger,12.0,25.0,400.0,0.02,1013.1248653086988,250.83237745101636,10400.0,1028.8660121690746,0.03357171410970545,11.376951963734417,15.0
slow-charger,12.0,25.0,400.0,0.03,1013.1248653086988,250.83237745101636,10400.0,256.8699398278804,0.03357171410970545,11.376951963734417,15.0
slow-charger,12.0,25.0,400.0,0.04,1013.1248653086988,250.83237745101636,10400.0,-439.31438793685345,0.03357171410970545,11.376951963734417,15.0
small-connection,0.0,2.5,100.0,0.0,92.43998428810278,274.6100970204259,650.0,558.3334021941735,0.09546204429547281,7.504380873312084,15.0
small-connection,0.0,2.5,100.0,0.01,92.43998428810278,274.6100970204259,650.0,471.09330654508784,0.09546204429547281,7.504380873312084,15.0
small-connection,0.0,2.5,100.0,0.02,92.43998428810278,274.6100970204259,650.0,392.7976163370846,0.09546204429547281,7.504380873312084,15.0
small-connection,0.0,2.5,100.0,0.03,92.43998428810278,274.6100970204259,650.0,322.358811367124,0.09546204429547281,7.504380873312084,15.0
small-connection,0.0,2.5,100.0,0.04,92.43998428810278,274.6100970204259,650.0,258.83725491950264,0.09546204429547281,7.504380873312084,15.0
small-connection,0.0,2.5,150.0,0.0,92.43998428810278,274.6100970204259,775.0,433.33340219417346,0.06504612757741135,9.085404800310592,15.0
small-connection,0.0,2.5,150.0,0.01,92.43998428810278,274.6100970204259,775.0,346.0933065450879,0.06504612757741135,9.085404800310592,15.0
small-connection,0.0,2.5,150.0,0.02,92.43998428810278,274.6100970204259,775.0,267.7976163370846,0.06504612757741135,9.085404800310592,15.0
small-connection,0.0,2.5,150.0,0.03,92.43998428810278,274.6100970204259,775.0,197.358811367124,0.06504612757741135,9.085404800310592,15.0
small-connection,0.0,2.5,150.0,0.04,92.43998428810278,274.6100970204259,775.0,133.8372549195027,0.06504612757741135,9.085404800310592,15.0
small-connection,0.0,2.5,200.0,0.0,92.43998428810278,274.6100970204259,900.0,308.33340219417346,0.04147541377784359,10.721706800657572,15.0
small-connection,0.0,2.5,200.0,0.01,92.43998428810278,274.6100970204259,900.0,221.09330654508787,0.04147541377784359,10.721706800657572,15.0
small-connection,0.0,2.5,200.0,0.02,92.43998428810278,274.6100970204259,900.0,142.7976163370846,0.04147541377784359,10.721706800657572,15.0
small-connection,0.0,2.5,200.0,0.03,92.43998428810278,274.6100970204259,900.0,72.358811367124,0.04147541377784359,10.721706800657572,15.0
small-connection,0.0,2.5,200.0,0.04,92.43998428810278,274.6100970204259,900.0,8.837254919502733,0.04147541377784359,10.721706800657572,15.0
small-connection,0.0,2.5,250.0,0.0,92.43998428810278,274.6100970204259,1025.0,183.33340219417346,0.022429509403812012,12.413029997044438,15.0
small-connection,0.0,2.5,250.0,0.01,92.43998428810278,274.6100970204259,1025.0,96.09330654508794,0.022429509403812012,12.413029997044438,15.0
small-connection,0.0,2.5,250.0,0.02,92.43998428810278,274.6100970204259,1025.0,17.79761633708455,0.022429509403812012,12.413029997044438,15.0
small-connection,0.0,2.5,250.0,0.03,92.43998428810278,274.6100970204259,1025.0,-52.64118863287599,0.022429509403812012,12.413029997044438,15.0
small-connection,0.0,2.5,250.0,0.04,92.43998428810278,274.6100970204259,1025.0,-116.16274508049726,0.022429509403812012,12.413029997044438,15.0
small-connection,0.0,2.5,300.0,0.0,92.43998428810278,274.6100970204259,1150.0,58.33340219417346,0.006564064743044983,14.162678227818907,15.0
small-connection,0.0,2.5,300.0,0.01,92.43998428810278,274.6100970204259,1150.0,-28.906693454912038,0.006564064743044983,14.162678227818907,15.0
small-connection,0.0,2.5,300.0,0.02,92.43998428810278,274.6100970204259,1150.0,-107.20238366291542,0.006564064743044983,14.162678227818907,15.0
small-connection,0.0,2.5,300.0,0.03,92.43998428810278,274.6100970204259,1150.0,-177.64118863287607,0.006564064743044983,14.162678227818907,15.0
small-connection,0.0,2.5,300.0,0.04,92.43998428810278,274.6100970204259,1150.0,-241.1627450804973,0.006564064743044983,14.162678227818907,15.0
small-connection,0.0,2.5,350.0,0.0,92.43998428810278,274.6100970204259,1275.0,-66.66659780582668,-0.006960728503124812,Inf,15.0
small-connection,0.0,2.5,350.0,0.01,92.43998428810278,274.6100970204259,1275.0,-153.90669345491196,-0.006960728503124812,Inf,15.0
small-connection,0.0,2.5,350.0,0.02,92.43998428810278,274.6100970204259,1275.0,-232.20238366291542,-0.006960728503124812,Inf,15.0
small-connection,0.0,2.5,350.0,0.03,92.43998428810278,274.6100970204259,1275.0,-302.64118863287587,-0.006960728503124812,Inf,15.0
small-connection,0.0,2.5,350.0,0.04,92.43998428810278,274.6100970204259,1275.0,-366.1627450804973,-0.006960728503124812,Inf,15.0
small-connection,0.0,2.5,400.0,0.0,92.43998428810278,274.6100970204259,1400.0,-191.66659780582657,-0.018700467837181857,Inf,15.0
small-connection,0.0,2.5,400.0,0.01,92.43998428810278,274.6100970204259,1400.0,-278.90669345491204,-0.018700467837181857,Inf,15.0
small-connection,0.0,2.5,400.0,0.02,92.43998428810278,274.6100970204259,1400.0,-357.20238366291517,-0.018700467837181857,Inf,15.0
small-connection,0.0,2.5,400.0,0.03,92.43998428810278,274.6100970204259,1400.0,-427.6411886328759,-0.018700467837181857,Inf,15.0
small-connection,0.0,2.5,400.0,0.04,92.43998428810278,274.6100970204259,1400.0,-491.16274508049725,-0.018700467837181857,Inf,15.0
small-connection,0.0,7.5,100.0,0.0,197.3874132847095,208.2828785343688,1150.0,1430.158429076206,0.131868096916894,6.13346062675892,15.0
small-connection,0.0,7.5,100.0,0.01,197.3874132847095,208.2828785343688,1150.0,1243.8743557122957,0.131868096916894,6.13346062675892,15.0
small-connection,0.0,7.5,100.0,0.02,197.3874132847095,208.2828785343688,1150.0,1076.6893017498003,0.131868096916894,6.13346062675892,15.0
small-connection,0.0,7.5,100.0,0.03,197.3874132847095,208.2828785343688,1150.0,926.281081595266,0.131868096916894,6.13346062675892,15.0
small-connection,0.0,7.5,100.0,0.04,197.3874132847095,208.2828785343688,1150.0,790.6432857694136,0.131868096916894,6.13346062675892,15.0
small-connection,0.0,7.5,150.0,0.0,197.3874132847095,208.2828785343688,1525.0,1055.1584290762062,0.07878552673357941,8.310397071739065,15.0
small-connection,0.0,7.5,150.0,0.01,197.3874132847095,208.2828785343688,1525.0,868.8743557122957,0.07878552673357941,8.310397071739065,15.0
small-connection,0.0,7.5,150.0,0.02,197.3874132847095,208.2828785343688,1525.0,701.6893017498,0.07878552673357941,8.310397071739065,15.0
small-connection,0.0,7.5,150.0,0.03,197.3874132847095,208.2828785343688,1525.0,551.2810815952658,0.07878552673357941,8.310397071739065,15.0
small-connection,0.0,7.5,150.0,0.04,197.3874132847095,208.2828785343688,1525.0,415.6432857694136,0.07878552673357941,8.310397071739065,15.0
small-connection,0.0,7.5,200.0,0.0,197.3874132847095,208.2828785343688,1900.0,680.1584290762064,0.043205468979021985,10.586705062149449,15.0
small-connection,0.0,7.5,200.0,0.01,197.3874132847095,208.2828785343688,1900.0,493.8743557122958,0.043205468979021985,10.586705062149449,15.0
small-connection,0.0,7.5,200.0,0.02,197.3874132847095,208.2828785343688,1900.0,326.68930174980017,0.043205468979021985,10.586705062149449,15.0
small-connection,0.0,7.5,200.0,0.03,197.3874132847095,208.2828785343688,1900.0,176.28108159526573,0.043205468979021985,10.586705062149449,15.0
small-connection,0.0,7.5,200.0,0.04,197.3874132847095,208.2828785343688,1900.0,40.643285769413765,0.043205468979021985,10.586705062149449,15.0
small-connection,0.0,7.5,250.0,0.0,197.3874132847095,208.2828785343688,2275.0,305.1584290762063,0.016999031154026567,12.970278518327865,15.0
small-connection,0.0,7.5,250.0,0.01,197.3874132847095,208.2828785343688,2275.0,118.8743557122958,0.016999031154026567,12.970278518327865,15.0
small-connection,0.0,7.5,250.0,0.02,197.3874132847095,208.2828785343688,2275.0,-48.310698250199934,0.016999031154026567,12.970278518327865,15.0
small-connection,0.0,7.5,250.0,0.03,197.3874132847095,208.2828785343688,2275.0,-198.7189184047343,0.016999031154026567,12.970278518327865,15.0
small-connection,0.0,7.5,250.0,0.04,197.3874132847095,208.2828785343688,2275.0,-334.35671423058596,0.016999031154026567,12.970278518327865,15.0
small-connection,0.0,7.5,300.0,0.0,197.3874132847095,208.2828785343688,2650.0,-69.8415709237942,-0.0034825872517132545,Inf,15.0
small-connection,0.0,7.5,300.0,0.01,197.3874132847095,208.2828785343688,2650.0,-256.1256442877041,-0.0034825872517132545,Inf,15.0
small-connection,0.0,7.5,300.0,0.02,197.3874132847095,208.2828785343688,2650.0,-423.3106982501996,-0.0034825872517132545,Inf,15.0
small-connection,0.0,7.5,300.0,0.03,197.3874132847095,208.2828785343688,2650.0,-573.7189184047343,-0.0034825872517132545,Inf,15.0
small-connection,0.0,7.5,300.0,0.04,197.3874132847095,208.2828785343688,2650.0,-709.3567142305867,-0.0034825872517132545,Inf,15.0
small-connection,0.0,7.5,350.0,0.0,197.3874132847095,208.2828785343688,3025.0,-444.84157092379485,-0.020152485147821773,Inf,15.0
small-connection,0.0,7.5,350.0,0.01,197.3874132847095,208.2828785343688,3025.0,-631.1256442877041,-0.020152485147821773,Inf,15.0
small-connection,0.0,7.5,350.0,0.02,197.3874132847095,208.2828785343688,3025.0,-798.3106982501995,-0.020152485147821773,Inf,15.0
small-connection,0.0,7.5,350.0,0.03,197.3874132847095,208.2828785343688,3025.0,-948.7189184047344,-0.020152485147821773,Inf,15.0
small-connection,0.0,7.5,350.0,0.04,197.3874132847095,208.2828785343688,3025.0,-1084.3567142305867,-0.020152485147821773,Inf,15.0
small-connection,0.0,7.5,400.0,0.0,197.3874132847095,208.2828785343688,3400.0,-819.8415709237947,-0.034124744130446125,Inf,15.0
small-connection,0.0,7.5,400.0,0.01,197.3874132847095,208.2828785343688,3400.0,-1006.1256442877041,-0.034124744130446125,Inf,15.0
small-connection,0.0,7.5,400.0,0.02,197.3874132847095,208.2828785343688,3400.0,-1173.3106982501993,-0.034124744130446125,Inf,15.0
small-connection,0.0,7.5,400.0,0.03,197.3874132847095,208.2828785343688,3400.0,-1323.7189184047345,-0.034124744130446125,Inf,15.0
small-connection,0.0,7.5,400.0,0.04,197.3874132847095,208.2828785343688,3400.0,-1459.3567142305865,-0.034124744130446125,Inf,15.0
small-connection,0.0,12.5,100.0,0.0,249.2756072203872,166.43437999730241,1650.0,1608.4172842118824,0.10668543809870693,7.029323185223924,15.0
small-connection,0.0,12.5,100.0,0.01,249.2756072203872,166.43437999730241,1650.0,1373.1638061377917,0.10668543809870693,7.029323185223924,15.0
small-connection,0.0,12.5,100.0,0.02,249.2756072203872,166.43437999730241,1650.0,1162.0300000294842,0.10668543809870693,7.029323185223924,15.0
small-connection,0.0,12.5,100.0,0.03,249.2756072203872,166.43437999730241,1650.0,972.0832360183481,0.10668543809870693,7.029323185223924,15.0
small-connection,0.0,12.5,100.0,0.04,249.2756072203872,166.43437999730241,1650.0,800.7896699602366,0.10668543809870693,7.029323185223924,15.0
small-connection,0.0,12.5,150.0,0.0,249.2756072203872,166.43437999730241,2275.0,983.4172842118824,0.05143307128866349,9.976113718721713,15.0
small-connection,0.0,12.5,150.0,0.01,249.2756072203872,166.43437999730241,2275.0,748.1638061377918,0.05143307128866349,9.976113718721713,15.0
small-connection,0.0,12.5,150.0,0.02,249.2756072203872,166.43437999730241,2275.0,537.0300000294839,0.05143307128866349,9.976113718721713,15.0
small-connection,0.0,12.5,150.0,0.03,249.2756072203872,166.43437999730241,2275.0,347.083236018348,0.05143307128866349,9.976113718721713,15.0
small-connection,0.0,12.5,150.0,0.04,249.2756072203872,166.43437999730241,2275.0,175.78966996023627,0.05143307128866349,9.976113718721713,15.0
small-connection,0.0,12.5,200.0,0.0,249.2756072203872,166.43437999730241,2900.0,358.4172842118825,0.01570284675015723,13.110307534396172,15.0
small-connection,0.0,12.5,200.0,0.01,249.2756072203872,166.43437999730241,2900.0,123.16380613779211,0.01570284675015723,13.110307534396172,15.0
small-connection,0.0,12.5,200.0,0.02,249.2756072203872,166.43437999730241,2900.0,-87.96999997051614,0.01570284675015723,13.110307534396172,15.0
small-connection,0.0,12.5,200.0,0.03,249.2756072203872,166.43437999730241,2900.0,-277.9167639816522,0.01570284675015723,13.110307534396172,15.0
small-connection,0.0,12.5,200.0,0.04,249.2756072203872,166.43437999730241,2900.0,-449.2103300397632,0.01570284675015723,13.110307534396172,15.0
small-connection,0.0,12.5,250.0,0.0,249.2756072203872,166.43437999730241,3525.0,-266.582715788117,-0.010136964890014099,Inf,15.0
small-connection,0.0,12.5,250.0,0.01,249.2756072203872,166.43437999730241,3525.0,-501.8361938622078,-0.010136964890014099,Inf,15.0
small-connection,0.0,12.5,250.0,0.02,249.2756072203872,166.43437999730241,3525.0,-712.9699999705157,-0.010136964890014099,Inf,15.0
small-connection,0.0,12.5,250.0,0.03,249.2756072203872,166.43437999730241,3525.0,-902.9167639816519,-0.010136964890014099,Inf,15.0
small-connection,0.0,12.5,250.0,0.04,249.2756072203872,166.43437999730241,3525.0,-1074.2103300397632,-0.010136964890014099,Inf,15.0
small-connection,0.0,12.5,300.0,0.0,249.2756072203872,166.43437999730241,4150.0,-891.582715788117,-0.030120515852011684,Inf,15.0
small-connection,0.0,12.5,300.0,0.01,249.2756072203872,166.43437999730241,4150.0,-1126.836193862208,-0.030120515852011684,Inf,15.0
small-connection,0.0,12.5,300.0,0.02,249.2756072203872,166.43437999730241,4150.0,-1337.9699999705158,-0.030120515852011684,Inf,15.0
small-connection,0.0,12.5,300.0,0.03,249.2756072203872,166.43437999730241,4150.0,-1527.9167639816517,-0.030120515852011684,Inf,15.0
small-connection,0.0,12.5,300.0,0.04,249.2756072203872,166.43437999730241,4150.0,-1699.2103300397637,-0.030120515852011684,Inf,15.0
small-connection,0.0,12.5,350.0,0.0,249.2756072203872,166.43437999730241,4775.0,-1516.582715788117,-0.046278986161238204,Inf,15.0
small-connection,0.0,12.5,350.0,0.01,249.2756072203872,166.43437999730241,4775.0,-1751.8361938622074,-0.046278986161238204,Inf,15.0
small-connection,0.0,12.5,350.0,0.02,249.2756072203872,166.43437999730241,4775.0,-1962.9699999705158,-0.046278986161238204,Inf,15.0
small-connection,0.0,12.5,350.0,0.03,249.2756072203872,166.43437999730241,4775.0,-2152.916763981652,-0.046278986161238204,Inf,15.0
small-connection,0.0,12.5,350.0,0.04,249.2756072203872,166.43437999730241,4775.0,-2324.2103300397634,-0.046278986161238204,Inf,15.0
small-connection,0.0,12.5,400.0,0.0,249.2756072203872,166.43437999730241,5400.0,-2141.582715788117,-0.059764707226421805,Inf,15.0
small-connection,0.0,12.5,400.0,0.01,249.2756072203872,166.43437999730241,5400.0,-2376.8361938622074,-0.059764707226421805,Inf,15.0
small-connection,0.0,12.5,400.0,0.02,249.2756072203872,166.43437999730241,5400.0,-2587.969999970516,-0.059764707226421805,Inf,15.0
small-connection,0.0,12.5,400.0,0.03,249.2756072203872,166.43437999730241,5400.0,-2777.916763981652,-0.059764707226421805,Inf,15.0
small-connection,0.0,12.5,400.0,0.04,249.2756072203872,166.43437999730241,5400.0,-2949.2103300397634,-0.059764707226421805,Inf,15.0
small-connection,0.0,20.0,100.0,0.0,306.8954204301724,135.08124960704623,2400.0,1611.5972578538003,0.07670384071789152,8.42127439251477,15.0
small-connection,0.0,20.0,100.0,0.01,306.8954204301724,135.08124960704623,2400.0,1321.965168030518,0.07670384071789152,8.42127439251477,15.0
small-connection,0.0,20.0,100.0,0.02,306.8954204301724,135.08124960704623,2400.0,1062.0279887968322,0.07670384071789152,8.42127439251477,15.0
small-connection,0.0,20.0,100.0,0.03,306.8954204301724,135.08124960704623,2400.0,828.1752157534991,0.07670384071789152,8.42127439251477,15.0
small-connection,0.0,20.0,100.0,0.04,306.8954204301724,135.08124960704623,2400.0,617.2873091565623,0.07670384071789152,8.42127439251477,15.0
small-connection,0.0,20.0,150.0,0.0,306.8954204301724,135.08124960704623,3400.0,611.5972578538001,0.02255207239466353,12.400818156827503,15.0
small-connection,0.0,20.0,150.0,0.01,306.8954204301724,135.08124960704623,3400.0,321.9651680305181,0.02255207239466353,12.400818156827503,15.0
small-connection,0.0,20.0,150.0,0.02,306.8954204301724,135.08124960704623,3400.0,62.027988796832545,0.02255207239466353,12.400818156827503,15.0
small-connection,0.0,20.0,150.0,0.03,306.8954204301724,135.08124960704623,3400.0,-171.82478424650088,0.02255207239466353,12.400818156827503,15.0
small-connection,0.0,20.0,150.0,0.04,306.8954204301724,135.08124960704623,3400.0,-382.7126908434377,0.02255207239466353,12.400818156827503,15.0
small-connection,0.0,20.0,200.0,0.0,306.8954204301724,135.08124960704623,4400.0,-388.4027421462001,-0.011877112237900804,Inf,15.0
small-connection,0.0,20.0,200.0,0.01,306.8954204301724,135.08124960704623,4400.0,-678.0348319694824,-0.011877112237900804,Inf,15.0
small-connection,0.0,20.0,200.0,0.02,306.8954204301724,135.08124960704623,4400.0,-937.972011203168,-0.011877112237900804,Inf,15.0
small-connection,0.0,20.0,200.0,0.03,306.8954204301724,135.08124960704623,4400.0,-1171.8247842465005,-0.011877112237900804,Inf,15.0
small-connection,0.0,20.0,200.0,0.04,306.8954204301724,135.08124960704623,4400.0,-1382.7126908434377,-0.011877112237900804,Inf,15.0
small-connection,0.0,20.0,250.0,0.0,306.8954204301724,135.08124960704623,5400.0,-1388.4027421461994,-0.03660008622622746,Inf,15.0
small-connection,0.0,20.0,250.0,0.01,306.8954204301724,135.08124960704623,5400.0,-1678.0348319694822,-0.03660008622622746,Inf,15.0
small-connection,0.0,20.0,250.0,0.02,306.8954204301724,135.08124960704623,5400.0,-1937.9720112031682,-0.03660008622622746,Inf,15.0
small-connection,0.0,20.0,250.0,0.03,306.8954204301724,135.08124960704623,5400.0,-2171.8247842465007,-0.03660008622622746,Inf,15.0
small-connection,0.0,20.0,250.0,0.04,306.8954204301724,135.08124960704623,5400.0,-2382.7126908434384,-0.03660008622622746,Inf,15.0
small-connection,0.0,20.0,300.0,0.0,306.8954204301724,135.08124960704623,6400.0,-2388.4027421461988,-0.05565703999508066,Inf,15.0
small-connection,0.0,20.0,300.0,0.01,306.8954204301724,135.08124960704623,6400.0,-2678.034831969483,-0.05565703999508066,Inf,15.0
small-connection,0.0,20.0,300.0,0.02,306.8954204301724,135.08124960704623,6400.0,-2937.972011203168,-0.05565703999508066,Inf,15.0
small-connection,0.0,20.0,300.0,0.03,306.8954204301724,135.08124960704623,6400.0,-3171.8247842465003,-0.05565703999508066,Inf,15.0
small-connection,0.0,20.0,300.0,0.04,306.8954204301724,135.08124960704623,6400.0,-3382.712690843438,-0.05565703999508066,Inf,15.0
small-connection,0.0,20.0,350.0,0.0,306.8954204301724,135.08124960704623,7400.0,-3388.4027421461997,-0.0710422090958455,Inf,15.0
small-connection,0.0,20.0,350.0,0.01,306.8954204301724,135.08124960704623,7400.0,-3678.034831969483,-0.0710422090958455,Inf,15.0
small-connection,0.0,20.0,350.0,0.02,306.8954204301724,135.08124960704623,7400.0,-3937.9720112031678,-0.0710422090958455,Inf,15.0
small-connection,0.0,20.0,350.0,0.03,306.8954204301724,135.08124960704623,7400.0,-4171.824784246499,-0.0710422090958455,Inf,15.0
small-connection,0.0,20.0,350.0,0.04,306.8954204301724,135.08124960704623,7400.0,-4382.7126908434375,-0.0710422090958455,Inf,15.0
small-connection,0.0,20.0,400.0,0.0,306.8954204301724,135.08124960704623,8400.0,-4388.4027421462,-0.08387372983547896,Inf,15.0
small-connection,0.0,20.0,400.0,0.01,306.8954204301724,135.08124960704623,8400.0,-4678.034831969482,-0.08387372983547896,Inf,15.0
small-connection,0.0,20.0,400.0,0.02,306.8954204301724,135.08124960704623,8400.0,-4937.972011203167,-0.08387372983547896,Inf,15.0
small-connection,0.0,20.0,400.0,0.03,306.8954204301724,135.08124960704623,8400.0,-5171.824784246499,-0.08387372983547896,Inf,15.0
small-connection,0.0,20.0,400.0,0.04,306.8954204301724,135.08124960704623,8400.0,-5382.7126908434375,-0.08387372983547896,Inf,15.0
small-connection,0.0,25.0,100.0,0.0,321.9660070321596,114.49059090773648,2900.0,1308.5931068046837,0.053501804495643845,9.833045902216375,15.0
small-connection,0.0,25.0,100.0,0.01,321.9660070321596,114.49059090773648,2900.0,1004.7381736223249,0.053501804495643845,9.833045902216375,15.0
small-connection,0.0,25.0,100.0,0.02,321.9660070321596,114.49059090773648,2900.0,732.036366733959,0.053501804495643845,9.833045902216375,15.0
small-connection,0.0,25.0,100.0,0.03,321.9660070321596,114.49059090773648,2900.0,486.6998821926684,0.053501804495643845,9.833045902216375,15.0
small-connection,0.0,25.0,100.0,0.04,321.9660070321596,114.49059090773648,2900.0,265.4559903052833,0.053501804495643845,9.833045902216375,15.0
small-connection,0.0,25.0,150.0,0.0,321.9660070321596,114.49059090773648,4150.0,58.59310680468374,0.0018449088496924467,14.758525405687816,15.0
small-connection,0.0,25.0,150.0,0.01,321.9660070321596,114.49059090773648,4150.0,-245.26182637767465,0.0018449088496924467,14.758525405687816,15.0
small-connection,0.0,25.0,150.0,0.02,321.9660070321596,114.49059090773648,4150.0,-517.9636332660415,0.0018449088496924467,14.758525405687816,15.0
small-connection,0.0,25.0,150.0,0.03,321.9660070321596,114.49059090773648,4150.0,-763.3001178073316,0.0018449088496924467,14.758525405687816,15.0
small-connection,0.0,25.0,150.0,0.04,321.9660070321596,114.49059090773648,4150.0,-984.5440096947167,0.0018449088496924467,14.758525405687816,15.0
small-connection,0.0,25.0,200.0,0.0,321.9660070321596,114.49059090773648,5400.0,-1191.4068931953177,-0.03099560077833223,Inf,15.0
small-connection,0.0,25.0,200.0,0.01,321.9660070321596,114.49059090773648,5400.0,-1495.2618263776758,-0.03099560077833223,Inf,15.0
small-connection,0.0,25.0,200.0,0.02,321.9660070321596,114.49059090773648,5400.0,-1767.9636332660405,-0.03099560077833223,Inf,15.0
small-connection,0.0,25.0,200.0,0.03,321.9660070321596,114.49059090773648,5400.0,-2013.3001178073305,-0.03099560077833223,Inf,15.0
small-connection,0.0,25.0,200.0,0.04,321.9660070321596,114.49059090773648,5400.0,-2234.5440096947173,-0.03099560077833223,Inf,15.0
small-connection,0.0,25.0,250.0,0.0,321.9660070321596,114.49059090773648,6650.0,-2441.4068931953175,-0.054609612641571416,Inf,15.0
small-connection,0.0,25.0,250.0,0.01,321.9660070321596,114.49059090773648,6650.0,-2745.2618263776776,-0.054609612641571416,Inf,15.0
small-connection,0.0,25.0,250.0,0.02,321.9660070321596,114.49059090773648,6650.0,-3017.96363326604,-0.054609612641571416,Inf,15.0
small-connection,0.0,25.0,250.0,0.03,321.9660070321596,114.49059090773648,6650.0,-3263.300117807331,-0.054609612641571416,Inf,15.0
small-connection,0.0,25.0,250.0,0.04,321.9660070321596,114.49059090773648,6650.0,-3484.544009694717,-0.054609612641571416,Inf,15.0
small-connection,0.0,25.0,300.0,0.0,321.9660070321596,114.49059090773648,7900.0,-3691.406893195318,-0.07283990372164573,Inf,15.0
small-connection,0.0,25.0,300.0,0.01,321.9660070321596,114.49059090773648,7900.0,-3995.2618263776767,-0.07283990372164573,Inf,15.0
small-connection,0.0,25.0,300.0,0.02,321.9660070321596,114.49059090773648,7900.0,-4267.963633266041,-0.07283990372164573,Inf,15.0
small-connection,0.0,25.0,300.0,0.03,321.9660070321596,114.49059090773648,7900.0,-4513.30011780733,-0.07283990372164573,Inf,15.0
small-connection,0.0,25.0,300.0,0.04,321.9660070321596,114.49059090773648,7900.0,-4734.544009694717,-0.07283990372164573,Inf,15.0
small-connection,0.0,25.0,350.0,0.0,321.9660070321596,114.49059090773648,9150.0,-4941.406893195317,-0.08757926215114598,Inf,15.0
small-connection,0.0,25.0,350.0,0.01,321.9660070321596,114.49059090773648,9150.0,-5245.261826377675,-0.08757926215114598,Inf,15.0
small-connection,0.0,25.0,350.0,0.02,321.9660070321596,114.49059090773648,9150.0,-5517.963633266041,-0.08757926215114598,Inf,15.0
small-connection,0.0,25.0,350.0,0.03,321.9660070321596,114.49059090773648,9150.0,-5763.30011780733,-0.08757926215114598,Inf,15.0
small-connection,0.0,25.0,350.0,0.04,321.9660070321596,114.49059090773648,9150.0,-5984.544009694719,-0.08757926215114598,Inf,15.0
small-connection,0.0,25.0,400.0,0.0,321.9660070321596,114.49059090773648,10400.0,-6191.406893195317,-0.099888463869133,Inf,15.0
small-connection,0.0,25.0,400.0,0.01,321.9660070321596,114.49059090773648,10400.0,-6495.261826377673,-0.099888463869133,Inf,15.0
small-connection,0.0,25.0,400.0,0.02,321.9660070321596,114.49059090773648,10400.0,-6767.963633266043,-0.099888463869133,Inf,15.0
small-connection,0.0,25.0,400.0,0.03,321.9660070321596,114.49059090773648,10400.0,-7013.300117807327,-0.099888463869133,Inf,15.0
small-connection,0.0,25.0,400.0,0.04,321.9660070321596,114.49059090773648,10400.0,-7234.544009694715,-0.099888463869133,Inf,15.0
small-connection,3.0,2.5,100.0,0.0,172.4036451570919,319.7699280462404,650.0,1603.5819830310945,0.23719250792364607,3.881671229734329,15.0
small-connection,3.0,2.5,100.0,0.01,172.4036451570919,319.7699280462404,650.0,1440.8763031287726,0.23719250792364607,3.881671229734329,15.0
small-connection,3.0,2.5,100.0,0.02,172.4036451570919,319.7699280462404,650.0,1294.8522368558897,0.23719250792364607,3.881671229734329,15.0
small-connection,3.0,2.5,100.0,0.03,172.4036451570919,319.7699280462404,650.0,1163.4815228639616,0.23719250792364607,3.881671229734329,15.0
small-connection,3.0,2.5,100.0,0.04,172.4036451570919,319.7699280462404,650.0,1045.0117074268405,0.23719250792364607,3.881671229734329,15.0
small-connection,3.0,2.5,150.0,0.0,172.4036451570919,319.7699280462404,775.0,1478.5819830310945,0.19043178481657824,4.665322817173447,15.0
small-connection,3.0,2.5,150.0,0.01,172.4036451570919,319.7699280462404,775.0,1315.8763031287726,0.19043178481657824,4.665322817173447,15.0
small-connection,3.0,2.5,150.0,0.02,172.4036451570919,319.7699280462404,775.0,1169.8522368558897,0.19043178481657824,4.665322817173447,15.0
small-connection,3.0,2.5,150.0,0.03,172.4036451570919,319.7699280462404,775.0,1038.4815228639616,0.19043178481657824,4.665322817173447,15.0
small-connection,3.0,2.5,150.0,0.04,172.4036451570919,319.7699280462404,775.0,920.0117074268404,0.19043178481657824,4.665322817173447,15.0
small-connection,3.0,2.5,200.0,0.0,172.4036451570919,319.7699280462404,900.0,1353.5819830310945,0.1553396389473255,5.46060130354605,15.0
small-connection,3.0,2.5,200.0,0.01,172.4036451570919,319.7699280462404,900.0,1190.8763031287726,0.1553396389473255,5.46060130354605,15.0
small-connection,3.0,2.5,200.0,0.02,172.4036451570919,319.7699280462404,900.0,1044.8522368558897,0.1553396389473255,5.46060130354605,15.0
small-connection,3.0,2.5,200.0,0.03,172.4036451570919,319.7699280462404,900.0,913.4815228639616,0.1553396389473255,5.46060130354605,15.0
small-connection,3.0,2.5,200.0,0.04,172.4036451570919,319.7699280462404,900.0,795.0117074268404,0.1553396389473255,5.46060130354605,15.0
small-connection,3.0,2.5,250.0,0.0,172.4036451570919,319.7699280462404,1025.0,1228.5819830310948,0.1277269616884109,6.268071363782601,15.0
small-connection,3.0,2.5,250.0,0.01,172.4036451570919,319.7699280462404,1025.0,1065.8763031287726,0.1277269616884109,6.268071363782601,15.0
small-connection,3.0,2.5,250.0,0.02,172.4036451570919,319.7699280462404,1025.0,919.8522368558897,0.1277269616884109,6.268071363782601,15.0
small-connection,3.0,2.5,250.0,0.03,172.4036451570919,319.7699280462404,1025.0,788.4815228639616,0.1277269616884109,6.268071363782601,15.0
small-connection,3.0,2.5,250.0,0.04,172.4036451570919,319.7699280462404,1025.0,670.0117074268404,0.1277269616884109,6.268071363782601,15.0
small-connection,3.0,2.5,300.0,0.0,172.4036451570919,319.7699280462404,1150.0,1103.5819830310948,0.10523040238762627,7.088315878246408,15.0
small-connection,3.0,2.5,300.0,0.01,172.4036451570919,319.7699280462404,1150.0,940.8763031287729,0.10523040238762627,7.088315878246408,15.0
small-connection,3.0,2.5,300.0,0.02,172.4036451570919,319.7699280462404,1150.0,794.8522368558897,0.10523040238762627,7.088315878246408,15.0
small-connection,3.0,2.5,300.0,0.03,172.4036451570919,319.7699280462404,1150.0,663.4815228639617,0.10523040238762627,7.088315878246408,15.0
small-connection,3.0,2.5,300.0,0.04,172.4036451570919,319.7699280462404,1150.0,545.0117074268404,0.10523040238762627,7.088315878246408,15.0
small-connection,3.0,2.5,350.0,0.0,172.4036451570919,319.7699280462404,1275.0,978.5819830310945,0.08641002757070501,7.923497711816691,15.0
small-connection,3.0,2.5,350.0,0.01,172.4036451570919,319.7699280462404,1275.0,815.8763031287729,0.08641002757070501,7.923497711816691,15.0
small-connection,3.0,2.5,350.0,0.02,172.4036451570919,319.7699280462404,1275.0,669.8522368558897,0.08641002757070501,7.923497711816691,15.0
small-connection,3.0,2.5,350.0,0.03,172.4036451570919,319.7699280462404,1275.0,538.4815228639617,0.08641002757070501,7.923497711816691,15.0
small-connection,3.0,2.5,350.0,0.04,172.4036451570919,319.7699280462404,1275.0,420.01170742684036,0.08641002757070501,7.923497711816691,15.0
small-connection,3.0,2.5,400.0,0.0,172.4036451570919,319.7699280462404,1400.0,853.5819830310945,0.07033481721912714,8.77416280141528,15.0
small-connection,3.0,2.5,400.0,0.01,172.4036451570919,319.7699280462404,1400.0,690.8763031287726,0.07033481721912714,8.77416280141528,15.0
small-connection,3.0,2.5,400.0,0.02,172.4036451570919,319.7699280462404,1400.0,544.8522368558897,0.07033481721912714,8.77416280141528,15.0
small-connection,3.0,2.5,400.0,0.03,172.4036451570919,319.7699280462404,1400.0,413.4815228639618,0.07033481721912714,8.77416280141528,15.0
small-connection,3.0,2.5,400.0,0.04,172.4036451570919,319.7699280462404,1400.0,295.0117074268406,0.07033481721912714,8.77416280141528,15.0
small-connection,3.0,5.0,100.0,0.0,292.3778065958983,284.53984679815596,900.0,2921.8296172467108,0.30018680585739266,3.1464196623334777,15.0
small-connection,3.0,5.0,100.0,0.01,292.3778065958983,284.53984679815596,900.0,2645.898503567597,0.30018680585739266,3.1464196623334777,15.0
small-connection,3.0,5.0,100.0,0.02,292.3778065958983,284.53984679815596,900.0,2398.2575898956316,0.30018680585739266,3.1464196623334777,15.0
small-connection,3.0,5.0,100.0,0.03,292.3778065958983,284.53984679815596,900.0,2175.4671658712523,0.30018680585739266,3.1464196623334777,15.0
small-connection,3.0,5.0,100.0,0.04,292.3778065958983,284.53984679815596,900.0,1974.5552608255978,0.30018680585739266,3.1464196623334777,15.0
small-connection,3.0,5.0,150.0,0.0,292.3778065958983,284.53984679815596,1150.0,2671.8296172467108,0.22533259229638586,4.056024347703243,15.0
small-connection,3.0,5.0,150.0,0.01,292.3778065958983,284.53984679815596,1150.0,2395.898503567597,0.22533259229638586,4.056024347703243,15.0
small-connection,3.0,5.0,150.0,0.02,292.3778065958983,284.53984679815596,1150.0,2148.257589895631,0.22533259229638586,4.056024347703243,15.0
small-connection,3.0,5.0,150.0,0.03,292.3778065958983,284.53984679815596,1150.0,1925.4671658712523,0.22533259229638586,4.056024347703243,15.0
small-connection,3.0,5.0,150.0,0.04,292.3778065958983,284.53984679815596,1150.0,1724.5552608255978,0.22533259229638586,4.056024347703243,15.0
small-connection,3.0,5.0,200.0,0.0,292.3778065958983,284.53984679815596,1400.0,2421.8296172467108,0.1751361034335695,4.983049039964161,15.0
small-connection,3.0,5.0,200.0,0.01,292.3778065958983,284.53984679815596,1400.0,2145.898503567597,0.1751361034335695,4.983049039964161,15.0
small-connection,3.0,5.0,200.0,0.02,292.3778065958983,284.53984679815596,1400.0,1898.2575898956309,0.1751361034335695,4.983049039964161,15.0
small-connection,3.0,5.0,200.0,0.03,292.3778065958983,284.53984679815596,1400.0,1675.4671658712523,0.1751361034335695,4.983049039964161,15.0
small-connection,3.0,5.0,200.0,0.04,292.3778065958983,284.53984679815596,1400.0,1474.5552608255975,0.1751361034335695,4.983049039964161,15.0
small-connection,3.0,5.0,250.0,0.0,292.3778065958983,284.53984679815596,1650.0,2171.8296172467108,0.1384974096082896,5.928646665535796,15.0
small-connection,3.0,5.0,250.0,0.01,292.3778065958983,284.53984679815596,1650.0,1895.898503567597,0.1384974096082896,5.928646665535796,15.0
small-connection,3.0,5.0,250.0,0.02,292.3778065958983,284.53984679815596,1650.0,1648.257589895631,0.1384974096082896,5.928646665535796,15.0
small-connection,3.0,5.0,250.0,0.03,292.3778065958983,284.53984679815596,1650.0,1425.4671658712523,0.1384974096082896,5.928646665535796,15.0
small-connection,3.0,5.0,250.0,0.04,292.3778065958983,284.53984679815596,1650.0,1224.5552608255978,0.1384974096082896,5.928646665535796,15.0
small-connection,3.0,5.0,300.0,0.0,292.3778065958983,284.53984679815596,1900.0,1921.829617246711,0.1101899046265407,6.892439009252393,15.0
small-connection,3.0,5.0,300.0,0.01,292.3778065958983,284.53984679815596,1900.0,1645.898503567597,0.1101899046265407,6.892439009252393,15.0
small-connection,3.0,5.0,300.0,0.02,292.3778065958983,284.53984679815596,1900.0,1398.257589895631,0.1101899046265407,6.892439009252393,15.0
small-connection,3.0,5.0,300.0,0.03,292.3778065958983,284.53984679815596,1900.0,1175.4671658712523,0.1101899046265407,6.892439009252393,15.0
small-connection,3.0,5.0,300.0,0.04,292.3778065958983,284.53984679815596,1900.0,974.5552608255978,0.1101899046265407,6.892439009252393,15.0
small-connection,3.0,5.0,350.0,0.0,292.3778065958983,284.53984679815596,2150.0,1671.8296172467108,0.08741652578490283,7.87519137088598,15.0
small-connection,3.0,5.0,350.0,0.01,292.3778065958983,284.53984679815596,2150.0,1395.8985035675971,0.08741652578490283,7.87519137088598,15.0
small-connection,3.0,5.0,350.0,0.02,292.3778065958983,284.53984679815596,2150.0,1148.257589895631,0.08741652578490283,7.87519137088598,15.0
small-connection,3.0,5.0,350.0,0.03,292.3778065958983,284.53984679815596,2150.0,925.4671658712523,0.08741652578490283,7.87519137088598,15.0
small-connection,3.0,5.0,350.0,0.04,292.3778065958983,284.53984679815596,2150.0,724.5552608255978,0.08741652578490283,7.87519137088598,15.0
small-connection,3.0,5.0,400.0,0.0,292.3778065958983,284.53984679815596,2400.0,1421.8296172467108,0.06853627433041418,8.8776927089589,15.0
small-connection,3.0,5.0,400.0,0.01,292.3778065958983,284.53984679815596,2400.0,1145.898503567597,0.06853627433041418,8.8776927089589,15.0
small-connection,3.0,5.0,400.0,0.02,292.3778065958983,284.53984679815596,2400.0,898.2575898956311,0.06853627433041418,8.8776927089589,15.0
small-connection,3.0,5.0,400.0,0.03,292.3778065958983,284.53984679815596,2400.0,675.4671658712522,0.06853627433041418,8.8776927089589,15.0
small-connection,3.0,5.0,400.0,0.04,292.3778065958983,284.53984679815596,2400.0,474.55526082559794,0.06853627433041418,8.8776927089589,15.0
small-connection,3.0,10.0,100.0,0.0,421.09102094217246,228.8375044024101,1400.0,4104.3101736437575,0.2749697740586816,3.4083086890187455,15.0
small-connection,3.0,10.0,100.0,0.01,421.09102094217246,228.8375044024101,1400.0,3706.906158196578,0.2749697740586816,3.4083086890187455,15.0
small-connection,3.0,10.0,100.0,0.02,421.09102094217246,228.8375044024101,1400.0,3350.246511627345,0.2749697740586816,3.4083086890187455,15.0
small-connection,3.0,10.0,100.0,0.03,421.09102094217246,228.8375044024101,1400.0,3029.3772630313706,0.2749697740586816,3.4083086890187455,15.0
small-connection,3.0,10.0,100.0,0.04,421.09102094217246,228.8375044024101,1400.0,2740.018093810835,0.2749697740586816,3.4083086890187455,15.0
small-connection,3.0,10.0,150.0,0.0,421.09102094217246,228.8375044024101,1900.0,3604.310173643758,0.18950663346096458,4.68356285358392,15.0
small-connection,3.0,10.0,150.0,0.01,421.09102094217246,228.8375044024101,1900.0,3206.906158196578,0.18950663346096458,4.68356285358392,15.0
small-connection,3.0,10.0,150.0,0.02,421.09102094217246,228.8375044024101,1900.0,2850.246511627345,0.18950663346096458,4.68356285358392,15.0
small-connection,3.0,10.0,150.0,0.03,421.09102094217246,228.8375044024101,1900.0,2529.3772630313706,0.18950663346096458,4.68356285358392,15.0
small-connection,3.0,10.0,150.0,0.04,421.09102094217246,228.8375044024101,1900.0,2240.018093810835,0.18950663346096458,4.68356285358392,15.0
small-connection,3.0,10.0,200.0,0.0,421.09102094217246,228.8375044024101,2400.0,3104.310173643758,0.1364241392510314,5.9907064806390435,15.0
small-connection,3.0,10.0,200.0,0.01,421.09102094217246,228.8375044024101,2400.0,2706.9061581965775,0.1364241392510314,5.9907064806390435,15.0
small-connection,3.0,10.0,200.0,0.02,421.09102094217246,228.8375044024101,2400.0,2350.246511627345,0.1364241392510314,5.9907064806390435,15.0
small-connection,3.0,10.0,200.0,0.03,421.09102094217246,228.8375044024101,2400.0,2029.3772630313706,0.1364241392510314,5.9907064806390435,15.0
small-connection,3.0,10.0,200.0,0.04,421.09102094217246,228.8375044024101,2400.0,1740.0180938108351,0.1364241392510314,5.9907064806390435,15.0
small-connection,3.0,10.0,250.0,0.0,421.09102094217246,228.8375044024101,2900.0,2604.3101736437575,0.09927579210818971,7.337680142275545,15.0
small-connection,3.0,10.0,250.0,0.01,421.09102094217246,228.8375044024101,2900.0,2206.906158196578,0.09927579210818971,7.337680142275545,15.0
small-connection,3.0,10.0,250.0,0.02,421.09102094217246,228.8375044024101,2900.0,1850.2465116273456,0.09927579210818971,7.337680142275545,15.0
small-connection,3.0,10.0,250.0,0.03,421.09102094217246,228.8375044024101,2900.0,1529.3772630313708,0.09927579210818971,7.337680142275545,15.0
small-connection,3.0,10.0,250.0,0.04,421.09102094217246,228.8375044024101,2900.0,1240.0180938108351,0.09927579210818971,7.337680142275545,15.0
small-connection,3.0,10.0,300.0,0.0,421.09102094217246,228.8375044024101,3400.0,2104.3101736437575,0.07129082219241692,8.719842005290976,15.0
small-connection,3.0,10.0,300.0,0.01,421.09102094217246,228.8375044024101,3400.0,1706.9061581965777,0.07129082219241692,8.719842005290976,15.0
small-connection,3.0,10.0,300.0,0.02,421.09102094217246,228.8375044024101,3400.0,1350.2465116273459,0.07129082219241692,8.719842005290976,15.0
small-connection,3.0,10.0,300.0,0.03,421.09102094217246,228.8375044024101,3400.0,1029.3772630313708,0.07129082219241692,8.719842005290976,15.0
small-connection,3.0,10.0,300.0,0.04,421.09102094217246,228.8375044024101,3400.0,740.0180938108352,0.07129082219241692,8.719842005290976,15.0
small-connection,3.0,10.0,350.0,0.0,421.09102094217246,228.8375044024101,3900.0,1604.3101736437575,0.04913790225772567,10.141108496560497,15.0
small-connection,3.0,10.0,350.0,0.01,421.09102094217246,228.8375044024101,3900.0,1206.9061581965777,0.04913790225772567,10.141108496560497,15.0
small-connection,3.0,10.0,350.0,0.02,421.09102094217246,228.8375044024101,3900.0,850.2465116273461,0.04913790225772567,10.141108496560497,15.0
small-connection,3.0,10.0,350.0,0.03,421.09102094217246,228.8375044024101,3900.0,529.3772630313708,0.04913790225772567,10.141108496560497,15.0
small-connection,3.0,10.0,350.0,0.04,421.09102094217246,228.8375044024101,3900.0,240.01809381083524,0.04913790225772567,10.141108496560497,15.0
small-connection,3.0,10.0,400.0,0.0,421.09102094217246,228.8375044024101,4400.0,1104.3101736437575,0.030969763186881157,11.606464137925553,15.0
small-connection,3.0,10.0,400.0,0.01,421.09102094217246,228.8375044024101,4400.0,706.9061581965781,0.030969763186881157,11.606464137925553,15.0
small-connection,3.0,10.0,400.0,0.02,421.09102094217246,228.8375044024101,4400.0,350.24651162734585,0.030969763186881157,11.606464137925553,15.0
small-connection,3.0,10.0,400.0,0.03,421.09102094217246,228.8375044024101,4400.0,29.37726303137063,0.030969763186881157,11.606464137925553,15.0
small-connection,3.0,10.0,400.0,0.04,421.09102094217246,228.8375044024101,4400.0,-259.9819061891644,0.030969763186881157,11.606464137925553,15.0
small-connection,3.0,12.5,100.0,0.0,453.7420477398001,204.5465845574264,1650.0,4281.1095354063955,0.2476440204505092,3.7395168755035875,15.0
small-connection,3.0,12.5,100.0,0.01,453.7420477398001,204.5465845574264,1650.0,3852.89116270026,0.2476440204505092,3.7395168755035875,15.0
small-connection,3.0,12.5,100.0,0.02,453.7420477398001,204.5465845574264,1650.0,3468.576441340526,0.2476440204505092,3.7395168755035875,15.0
small-connection,3.0,12.5,100.0,0.03,453.7420477398001,204.5465845574264,1650.0,3122.827273882827,0.2476440204505092,3.7395168755035875,15.0
small-connection,3.0,12.5,100.0,0.04,453.7420477398001,204.5465845574264,1650.0,2811.031449596078,0.2476440204505092,3.7395168755035875,15.0
small-connection,3.0,12.5,150.0,0.0,453.7420477398001,204.5465845574264,2275.0,3656.1095354063955,0.16443286214135916,5.232212619266949,15.0
small-connection,3.0,12.5,150.0,0.01,453.7420477398001,204.5465845574264,2275.0,3227.89116270026,0.16443286214135916,5.232212619266949,15.0
small-connection,3.0,12.5,150.0,0.02,453.7420477398001,204.5465845574264,2275.0,2843.576441340526,0.16443286214135916,5.232212619266949,15.0
small-connection,3.0,12.5,150.0,0.03,453.7420477398001,204.5465845574264,2275.0,2497.8272738828273,0.16443286214135916,5.232212619266949,15.0
small-connection,3.0,12.5,150.0,0.04,453.7420477398001,204.5465845574264,2275.0,2186.0314495960783,0.16443286214135916,5.232212619266949,15.0
small-connection,3.0,12.5,200.0,0.0,453.7420477398001,204.5465845574264,2900.0,3031.109535406395,0.11339057149008107,6.771486714277605,15.0
small-connection,3.0,12.5,200.0,0.01,453.7420477398001,204.5465845574264,2900.0,2602.89116270026,0.11339057149008107,6.771486714277605,15.0
small-connection,3.0,12.5,200.0,0.02,453.7420477398001,204.5465845574264,2900.0,2218.576441340526,0.11339057149008107,6.771486714277605,15.0
small-connection,3.0,12.5,200.0,0.03,453.7420477398001,204.5465845574264,2900.0,1872.827273882827,0.11339057149008107,6.771486714277605,15.0
small-connection,3.0,12.5,200.0,0.04,453.7420477398001,204.5465845574264,2900.0,1561.0314495960783,0.11339057149008107,6.771486714277605,15.0
small-connection,3.0,12.5,250.0,0.0,453.7420477398001,204.5465845574264,3525.0,2406.1095354063955,0.07783586603740385,8.360714222727303,15.0
small-connection,3.0,12.5,250.0,0.01,453.7420477398001,204.5465845574264,3525.0,1977.89116270026,0.07783586603740385,8.360714222727303,15.0
small-connection,3.0,12.5,250.0,0.02,453.7420477398001,204.5465845574264,3525.0,1593.5764413405261,0.07783586603740385,8.360714222727303,15.0
small-connection,3.0,12.5,250.0,0.03,453.7420477398001,204.5465845574264,3525.0,1247.827273882827,0.07783586603740385,8.360714222727303,15.0
small-connection,3.0,12.5,250.0,0.04,453.7420477398001,204.5465845574264,3525.0,936.0314495960782,0.07783586603740385,8.360714222727303,15.0
small-connection,3.0,12.5,300.0,0.0,453.7420477398001,204.5465845574264,4150.0,1781.1095354063955,0.051095056337308556,9.999767491369456,15.0
small-connection,3.0,12.5,300.0,0.01,453.7420477398001,204.5465845574264,4150.0,1352.8911627002597,0.051095056337308556,9.999767491369456,15.0
small-connection,3.0,12.5,300.0,0.02,453.7420477398001,204.5465845574264,4150.0,968.5764413405261,0.051095056337308556,9.999767491369456,15.0
small-connection,3.0,12.5,300.0,0.03,453.7420477398001,204.5465845574264,4150.0,622.8272738828266,0.051095056337308556,9.999767491369456,15.0
small-connection,3.0,12.5,300.0,0.04,453.7420477398001,204.5465845574264,4150.0,311.03144959607835,0.051095056337308556,9.999767491369456,15.0
small-connection,3.0,12.5,350.0,0.0,453.7420477398001,204.5465845574264,4775.0,1156.1095354063955,0.02993379283999667,11.699570396217593,15.0
small-connection,3.0,12.5,350.0,0.01,453.7420477398001,204.5465845574264,4775.0,727.8911627002594,0.02993379283999667,11.699570396217593,15.0
small-connection,3.0,12.5,350.0,0.02,453.7420477398001,204.5465845574264,4775.0,343.5764413405261,0.02993379283999667,11.699570396217593,15.0
small-connection,3.0,12.5,350.0,0.03,453.7420477398001,204.5465845574264,4775.0,-2.17272611717371,0.02993379283999667,11.699570396217593,15.0
small-connection,3.0,12.5,350.0,0.04,453.7420477398001,204.5465845574264,4775.0,-313.96855040392177,0.02993379283999667,11.699570396217593,15.0
small-connection,3.0,12.5,400.0,0.0,453.7420477398001,204.5465845574264,5400.0,531.1095354063957,0.012574005296872543,13.457924876423855,15.0
small-connection,3.0,12.5,400.0,0.01,453.7420477398001,204.5465845574264,5400.0,102.89116270025983,0.012574005296872543,13.457924876423855,15.0
small-connection,3.0,12.5,400.0,0.02,453.7420477398001,204.5465845574264,5400.0,-281.4235586594755,0.012574005296872543,13.457924876423855,15.0
small-connection,3.0,12.5,400.0,0.03,453.7420477398001,204.5465845574264,5400.0,-627.1727261171725,0.012574005296872543,13.457924876423855,15.0
small-connection,3.0,12.5,400.0,0.04,453.7420477398001,204.5465845574264,5400.0,-938.9685504039221,0.012574005296872543,13.457924876423855,15.0
small-connection,3.0,20.0,100.0,0.0,510.68276507189466,156.67798149225126,2400.0,4275.412676813589,0.17959100738785527,4.886846259005799,15.0
small-connection,3.0,20.0,100.0,0.01,510.68276507189466,156.67798149225126,2400.0,3793.4565880678506,0.17959100738785527,4.886846259005799,15.0
small-connection,3.0,20.0,100.0,0.02,510.68276507189466,156.67798149225126,2400.0,3360.913680617555,0.17959100738785527,4.886846259005799,15.0
small-connection,3.0,20.0,100.0,0.03,510.68276507189466,156.67798149225126,2400.0,2971.7759717846793,0.17959100738785527,4.886846259005799,15.0
small-connection,3.0,20.0,100.0,0.04,510.68276507189466,156.67798149225126,2400.0,2620.8524581324077,0.17959100738785527,4.886846259005799,15.0
small-connection,3.0,20.0,150.0,0.0,510.68276507189466,156.67798149225126,3400.0,3275.412676813589,0.1055877941526864,7.073756876615284,15.0
small-connection,3.0,20.0,150.0,0.01,510.68276507189466,156.67798149225126,3400.0,2793.4565880678506,0.1055877941526864,7.073756876615284,15.0
small-connection,3.0,20.0,150.0,0.02,510.68276507189466,156.67798149225126,3400.0,2360.913680617555,0.1055877941526864,7.073756876615284,15.0
small-connection,3.0,20.0,150.0,0.03,510.68276507189466,156.67798149225126,3400.0,1971.7759717846786,0.1055877941526864,7.073756876615284,15.0
small-connection,3.0,20.0,150.0,0.04,510.68276507189466,156.67798149225126,3400.0,1620.8524581324082,0.1055877941526864,7.073756876615284,15.0
small-connection,3.0,20.0,200.0,0.0,510.68276507189466,156.67798149225126,4400.0,2275.4126768135893,0.06059600898722517,9.363784467166697,15.0
small-connection,3.0,20.0,200.0,0.01,510.68276507189466,156.67798149225126,4400.0,1793.4565880678504,0.06059600898722517,9.363784467166697,15.0
small-connection,3.0,20.0,200.0,0.02,510.68276507189466,156.67798149225126,4400.0,1360.9136806175552,0.06059600898722517,9.363784467166697,15.0
small-connection,3.0,20.0,200.0,0.03,510.68276507189466,156.67798149225126,4400.0,971.7759717846789,0.06059600898722517,9.363784467166697,15.0
small-connection,3.0,20.0,200.0,0.04,510.68276507189466,156.67798149225126,4400.0,620.8524581324082,0.06059600898722517,9.363784467166697,15.0
small-connection,3.0,20.0,250.0,0.0,510.68276507189466,156.67798149225126,5400.0,1275.4126768135907,0.02923859686234942,11.762611241826155,15.0
small-connection,3.0,20.0,250.0,0.01,510.68276507189466,156.67798149225126,5400.0,793.4565880678497,0.02923859686234942,11.762611241826155,15.0
small-connection,3.0,20.0,250.0,0.02,510.68276507189466,156.67798149225126,5400.0,360.91368061755537,0.02923859686234942,11.762611241826155,15.0
small-connection,3.0,20.0,250.0,0.03,510.68276507189466,156.67798149225126,5400.0,-28.22402821532023,0.02923859686234942,11.762611241826155,15.0
small-connection,3.0,20.0,250.0,0.04,510.68276507189466,156.67798149225126,5400.0,-379.1475418675925,0.02923859686234942,11.762611241826155,15.0
small-connection,3.0,20.0,300.0,0.0,510.68276507189466,156.67798149225126,6400.0,275.4126768135903,0.0055799694793915375,14.284404393662674,15.0
small-connection,3.0,20.0,300.0,0.01,510.68276507189466,156.67798149225126,6400.0,-206.54341193215004,0.0055799694793915375,14.284404393662674,15.0
small-connection,3.0,20.0,300.0,0.02,510.68276507189466,156.67798149225126,6400.0,-639.0863193824443,0.0055799694793915375,14.284404393662674,15.0
small-connection,3.0,20.0,300.0,0.03,510.68276507189466,156.67798149225126,6400.0,-1028.224028215321,0.0055799694793915375,14.284404393662674,15.0
small-connection,3.0,20.0,300.0,0.04,510.68276507189466,156.67798149225126,6400.0,-1379.1475418675918,0.0055799694793915375,14.284404393662674,15.0
small-connection,3.0,20.0,350.0,0.0,510.68276507189466,156.67798149225126,7400.0,-724.5873231864108,-0.013213296637696943,Inf,15.0
small-connection,3.0,20.0,350.0,0.01,510.68276507189466,156.67798149225126,7400.0,-1206.5434119321503,-0.013213296637696943,Inf,15.0
small-connection,3.0,20.0,350.0,0.02,510.68276507189466,156.67798149225126,7400.0,-1639.0863193824453,-0.013213296637696943,Inf,15.0
small-connection,3.0,20.0,350.0,0.03,510.68276507189466,156.67798149225126,7400.0,-2028.2240282153207,-0.013213296637696943,Inf,15.0
small-connection,3.0,20.0,350.0,0.04,510.68276507189466,156.67798149225126,7400.0,-2379.1475418675927,-0.013213296637696943,Inf,15.0
small-connection,3.0,20.0,400.0,0.0,510.68276507189466,156.67798149225126,8400.0,-1724.5873231864111,-0.028688810042443218,Inf,15.0
small-connection,3.0,20.0,400.0,0.01,510.68276507189466,156.67798149225126,8400.0,-2206.5434119321512,-0.028688810042443218,Inf,15.0
small-connection,3.0,20.0,400.0,0.02,510.68276507189466,156.67798149225126,8400.0,-2639.0863193824453,-0.028688810042443218,Inf,15.0
small-connection,3.0,20.0,400.0,0.03,510.68276507189466,156.67798149225126,8400.0,-3028.2240282153193,-0.028688810042443218,Inf,15.0
small-connection,3.0,20.0,400.0,0.04,510.68276507189466,156.67798149225126,8400.0,-3379.1475418675923,-0.028688810042443218,Inf,15.0
small-connection,6.0,5.0,100.0,0.0,328.6003877139874,307.6387765158991,900.0,3395.3147115567954,0.34183567158036576,2.7901801735025,15.0
small-connection,6.0,5.0,100.0,0.01,328.6003877139874,307.6387765158991,900.0,3085.1985916194576,0.34183567158036576,2.7901801735025,15.0
small-connection,6.0,5.0,100.0,0.02,328.6003877139874,307.6387765158991,900.0,2806.877534375452,0.34183567158036576,2.7901801735025,15.0
small-connection,6.0,5.0,100.0,0.03,328.6003877139874,307.6387765158991,900.0,2556.485684988065,0.34183567158036576,2.7901801735025,15.0
small-connection,6.0,5.0,100.0,0.04,328.6003877139874,307.6387765158991,900.0,2330.682876413045,0.34183567158036576,2.7901801735025,15.0
small-connection,6.0,5.0,150.0,0.0,328.6003877139874,307.6387765158991,1150.0,3145.3147115567954,0.2590779680901414,3.594237466279842,15.0
small-connection,6.0,5.0,150.0,0.01,328.6003877139874,307.6387765158991,1150.0,2835.1985916194576,0.2590779680901414,3.594237466279842,15.0
small-connection,6.0,5.0,150.0,0.02,328.6003877139874,307.6387765158991,1150.0,2556.877534375452,0.2590779680901414,3.594237466279842,15.0
small-connection,6.0,5.0,150.0,0.03,328.6003877139874,307.6387765158991,1150.0,2306.4856849880657,0.2590779680901414,3.594237466279842,15.0
small-connection,6.0,5.0,150.0,0.04,328.6003877139874,307.6387765158991,1150.0,2080.682876413045,0.2590779680901414,3.594237466279842,15.0
small-connection,6.0,5.0,200.0,0.0,328.6003877139874,307.6387765158991,1400.0,2895.3147115567954,0.20401253566727964,4.410792649319023,15.0
small-connection,6.0,5.0,200.0,0.01,328.6003877139874,307.6387765158991,1400.0,2585.1985916194576,0.20401253566727964,4.410792649319023,15.0
small-connection,6.0,5.0,200.0,0.02,328.6003877139874,307.6387765158991,1400.0,2306.877534375452,0.20401253566727964,4.410792649319023,15.0
small-connection,6.0,5.0,200.0,0.03,328.6003877139874,307.6387765158991,1400.0,2056.4856849880653,0.20401253566727964,4.410792649319023,15.0
small-connection,6.0,5.0,200.0,0.04,328.6003877139874,307.6387765158991,1400.0,1830.6828764130448,0.20401253566727964,4.410792649319023,15.0
small-connection,6.0,5.0,250.0,0.0,328.6003877139874,307.6387765158991,1650.0,2645.3147115567954,0.16409424026817526,5.240437449380929,15.0
small-connection,6.0,5.0,250.0,0.01,328.6003877139874,307.6387765158991,1650.0,2335.1985916194576,0.16409424026817526,5.240437449380929,15.0
small-connection,6.0,5.0,250.0,0.02,328.6003877139874,307.6387765158991,1650.0,2056.877534375452,0.16409424026817526,5.240437449380929,15.0
small-connection,6.0,5.0,250.0,0.03,328.6003877139874,307.6387765158991,1650.0,1806.4856849880653,0.16409424026817526,5.240437449380929,15.0
small-connection,6.0,5.0,250.0,0.04,328.6003877139874,307.6387765158991,1650.0,1580.6828764130448,0.16409424026817526,5.240437449380929,15.0
small-connection,6.0,5.0,300.0,0.0,328.6003877139874,307.6387765158991,1900.0,2395.3147115567954,0.13343246874520664,6.083782540053724,15.0
small-connection,6.0,5.0,300.0,0.01,328.6003877139874,307.6387765158991,1900.0,2085.198591619458,0.13343246874520664,6.083782540053724,15.0
small-connection,6.0,5.0,300.0,0.02,328.6003877139874,307.6387765158991,1900.0,1806.877534375452,0.13343246874520664,6.083782540053724,15.0
small-connection,6.0,5.0,300.0,0.03,328.6003877139874,307.6387765158991,1900.0,1556.4856849880653,0.13343246874520664,6.083782540053724,15.0
small-connection,6.0,5.0,300.0,0.04,328.6003877139874,307.6387765158991,1900.0,1330.6828764130448,0.13343246874520664,6.083782540053724,15.0
small-connection,6.0,5.0,350.0,0.0,328.6003877139874,307.6387765158991,2150.0,2145.314711556796,0.10888709928622797,6.942628907269766,15.0
small-connection,6.0,5.0,350.0,0.01,328.6003877139874,307.6387765158991,2150.0,1835.198591619458,0.10888709928622797,6.942628907269766,15.0
small-connection,6.0,5.0,350.0,0.02,328.6003877139874,307.6387765158991,2150.0,1556.877534375452,0.10888709928622797,6.942628907269766,15.0
small-connection,6.0,5.0,350.0,0.03,328.6003877139874,307.6387765158991,2150.0,1306.4856849880653,0.10888709928622797,6.942628907269766,15.0
small-connection,6.0,5.0,350.0,0.04,328.6003877139874,307.6387765158991,2150.0,1080.6828764130448,0.10888709928622797,6.942628907269766,15.0
small-connection,6.0,5.0,400.0,0.0,328.6003877139874,307.6387765158991,2400.0,1895.3147115567958,0.08862367614012773,7.81783191274062,15.0
small-connection,6.0,5.0,400.0,0.01,328.6003877139874,307.6387765158991,2400.0,1585.1985916194583,0.08862367614012773,7.81783191274062,15.0
small-connection,6.0,5.0,400.0,0.02,328.6003877139874,307.6387765158991,2400.0,1306.877534375452,0.08862367614012773,7.81783191274062,15.0
small-connection,6.0,5.0,400.0,0.03,328.6003877139874,307.6387765158991,2400.0,1056.485684988065,0.08862367614012773,7.81783191274062,15.0
small-connection,6.0,5.0,400.0,0.04,328.6003877139874,307.6387765158991,2400.0,830.6828764130452,0.08862367614012773,7.81783191274062,15.0
small-connection,6.0,7.5,100.0,0.0,434.43529368368985,289.81599984887754,1150.0,4528.740433511726,0.35483681035331294,2.6946215952245782,15.0
small-connection,6.0,7.5,100.0,0.01,434.43529368368985,289.81599984887754,1150.0,4118.742780805703,0.35483681035331294,2.6946215952245782,15.0
small-connection,6.0,7.5,100.0,0.02,434.43529368368985,289.81599984887754,1150.0,3750.7806761858,0.35483681035331294,2.6946215952245782,15.0
small-connection,6.0,7.5,100.0,0.03,434.43529368368985,289.81599984887754,1150.0,3419.74315860596,0.35483681035331294,2.6946215952245782,15.0
small-connection,6.0,7.5,100.0,0.04,434.43529368368985,289.81599984887754,1150.0,3121.214267205887,0.35483681035331294,2.6946215952245782,15.0
small-connection,6.0,7.5,150.0,0.0,434.43529368368985,289.81599984887754,1525.0,4153.740433511725,0.25816128897536605,3.605513133375244,15.0
small-connection,6.0,7.5,150.0,0.01,434.43529368368985,289.81599984887754,1525.0,3743.7427808057028,0.25816128897536605,3.605513133375244,15.0
small-connection,6.0,7.5,150.0,0.02,434.43529368368985,289.81599984887754,1525.0,3375.7806761858,0.25816128897536605,3.605513133375244,15.0
small-connection,6.0,7.5,150.0,0.03,434.43529368368985,289.81599984887754,1525.0,3044.74315860596,0.25816128897536605,3.605513133375244,15.0
small-connection,6.0,7.5,150.0,0.04,434.43529368368985,289.81599984887754,1525.0,2746.214267205887,0.25816128897536605,3.605513133375244,15.0
small-connection,6.0,7.5,200.0,0.0,434.43529368368985,289.81599984887754,1900.0,3778.7404335117258,0.197314731171516,4.53330294272272,15.0
small-connection,6.0,7.5,200.0,0.01,434.43529368368985,289.81599984887754,1900.0,3368.742780805703,0.197314731171516,4.53330294272272,15.0
small-connection,6.0,7.5,200.0,0.02,434.43529368368985,289.81599984887754,1900.0,3000.7806761858,0.197314731171516,4.53330294272272,15.0
small-connection,6.0,7.5,200.0,0.03,434.43529368368985,289.81599984887754,1900.0,2669.7431586059606,0.197314731171516,4.53330294272272,15.0
small-connection,6.0,7.5,200.0,0.04,434.43529368368985,289.81599984887754,1900.0,2371.2142672058867,0.197314731171516,4.53330294272272,15.0
small-connection,6.0,7.5,250.0,0.0,434.43529368368985,289.81599984887754,2275.0,3403.7404335117258,0.154644741099637,5.478717861683972,15.0
small-connection,6.0,7.5,250.0,0.01,434.43529368368985,289.81599984887754,2275.0,2993.742780805703,0.154644741099637,5.478717861683972,15.0
small-connection,6.0,7.5,250.0,0.02,434.43529368368985,289.81599984887754,2275.0,2625.7806761858,0.154644741099637,5.478717861683972,15.0
small-connection,6.0,7.5,250.0,0.03,434.43529368368985,289.81599984887754,2275.0,2294.7431586059606,0.154644741099637,5.478717861683972,15.0
small-connection,6.0,7.5,250.0,0.04,434.43529368368985,289.81599984887754,2275.0,1996.2142672058867,0.154644741099637,5.478717861683972,15.0
small-connection,6.0,7.5,300.0,0.0,434.43529368368985,289.81599984887754,2650.0,3028.7404335117258,0.12256255225436452,6.442507357536304,15.0
small-connection,6.0,7.5,300.0,0.01,434.43529368368985,289.81599984887754,2650.0,2618.7427808057037,0.12256255225436452,6.442507357536304,15.0
small-connection,6.0,7.5,300.0,0.02,434.43529368368985,289.81599984887754,2650.0,2250.780676185801,0.12256255225436452,6.442507357536304,15.0
small-connection,6.0,7.5,300.0,0.03,434.43529368368985,289.81599984887754,2650.0,1919.7431586059608,0.12256255225436452,6.442507357536304,15.0
small-connection,6.0,7.5,300.0,0.04,434.43529368368985,289.81599984887754,2650.0,1621.2142672058867,0.12256255225436452,6.442507357536304,15.0
small-connection,6.0,7.5,350.0,0.0,434.43529368368985,289.81599984887754,3025.0,2653.7404335117258,0.09725192853262904,7.425444147321098,15.0
small-connection,6.0,7.5,350.0,0.01,434.43529368368985,289.81599984887754,3025.0,2243.742780805704,0.09725192853262904,7.425444147321098,15.0
small-connection,6.0,7.5,350.0,0.02,434.43529368368985,289.81599984887754,3025.0,1875.780676185801,0.09725192853262904,7.425444147321098,15.0
small-connection,6.0,7.5,350.0,0.03,434.43529368368985,289.81599984887754,3025.0,1544.7431586059608,0.09725192853262904,7.425444147321098,15.0
small-connection,6.0,7.5,350.0,0.04,434.43529368368985,289.81599984887754,3025.0,1246.214267205887,0.09725192853262904,7.425444147321098,15.0
small-connection,6.0,7.5,400.0,0.0,434.43529368368985,289.81599984887754,3400.0,2278.7404335117258,0.07657281844267,8.428324834665814,15.0
small-connection,6.0,7.5,400.0,0.01,434.43529368368985,289.81599984887754,3400.0,1868.7427808057041,0.07657281844267,8.428324834665814,15.0
small-connection,6.0,7.5,400.0,0.02,434.43529368368985,289.81599984887754,3400.0,1500.780676185801,0.07657281844267,8.428324834665814,15.0
small-connection,6.0,7.5,400.0,0.03,434.43529368368985,289.81599984887754,3400.0,1169.7431586059608,0.07657281844267,8.428324834665814,15.0
small-connection,6.0,7.5,400.0,0.04,434.43529368368985,289.81599984887754,3400.0,871.2142672058869,0.07657281844267,8.428324834665814,15.0
small-connection,6.0,10.0,100.0,0.0,519.1041889680378,272.3107091355778,1400.0,5385.493697122194,0.34767156386770237,2.746515796584736,15.0
small-connection,6.0,10.0,100.0,0.01,519.1041889680378,272.3107091355778,1400.0,4895.589902285214,0.34767156386770237,2.746515796584736,15.0
small-connection,6.0,10.0,100.0,0.02,519.1041889680378,272.3107091355778,1400.0,4455.914137754073,0.34767156386770237,2.746515796584736,15.0
small-connection,6.0,10.0,100.0,0.03,519.1041889680378,272.3107091355778,1400.0,4060.359346097587,0.34767156386770237,2.746515796584736,15.0
small-connection,6.0,10.0,100.0,0.04,519.1041889680378,272.3107091355778,1400.0,3703.648921537576,0.34767156386770237,2.746515796584736,15.0
small-connection,6.0,10.0,150.0,0.0,519.1041889680378,272.3107091355778,1900.0,4885.493697122196,0.2457399702658471,3.7647234001260124,15.0
small-connection,6.0,10.0,150.0,0.01,519.1041889680378,272.3107091355778,1900.0,4395.589902285213,0.2457399702658471,3.7647234001260124,15.0
small-connection,6.0,10.0,150.0,0.02,519.1041889680378,272.3107091355778,1900.0,3955.914137754072,0.2457399702658471,3.7647234001260124,15.0
small-connection,6.0,10.0,150.0,0.03,519.1041889680378,272.3107091355778,1900.0,3560.359346097588,0.2457399702658471,3.7647234001260124,15.0
small-connection,6.0,10.0,150.0,0.04,519.1041889680378,272.3107091355778,1900.0,3203.6489215375764,0.2457399702658471,3.7647234001260124,15.0
small-connection,6.0,10.0,200.0,0.0,519.1041889680378,272.3107091355778,2400.0,4385.493697122196,0.18353776045638814,4.80418790885282,15.0
small-connection,6.0,10.0,200.0,0.01,519.1041889680378,272.3107091355778,2400.0,3895.589902285213,0.18353776045638814,4.80418790885282,15.0
small-connection,6.0,10.0,200.0,0.02,519.1041889680378,272.3107091355778,2400.0,3455.914137754072,0.18353776045638814,4.80418790885282,15.0
small-connection,6.0,10.0,200.0,0.03,519.1041889680378,272.3107091355778,2400.0,3060.359346097588,0.18353776045638814,4.80418790885282,15.0
small-connection,6.0,10.0,200.0,0.04,519.1041889680378,272.3107091355778,2400.0,2703.648921537576,0.18353776045638814,4.80418790885282,15.0
small-connection,6.0,10.0,250.0,0.0,519.1041889680378,272.3107091355778,2900.0,3885.4936971221955,0.14063376345145112,5.865769368206492,15.0
small-connection,6.0,10.0,250.0,0.01,519.1041889680378,272.3107091355778,2900.0,3395.5899022852136,0.14063376345145112,5.865769368206492,15.0
small-connection,6.0,10.0,250.0,0.02,519.1041889680378,272.3107091355778,2900.0,2955.914137754072,0.14063376345145112,5.865769368206492,15.0
small-connection,6.0,10.0,250.0,0.03,519.1041889680378,272.3107091355778,2900.0,2560.3593460975876,0.14063376345145112,5.865769368206492,15.0
small-connection,6.0,10.0,250.0,0.04,519.1041889680378,272.3107091355778,2900.0,2203.648921537576,0.14063376345145112,5.865769368206492,15.0
small-connection,6.0,10.0,300.0,0.0,519.1041889680378,272.3107091355778,3400.0,3385.4936971221955,0.10868786234012187,6.950354074168998,15.0
small-connection,6.0,10.0,300.0,0.01,519.1041889680378,272.3107091355778,3400.0,2895.5899022852136,0.10868786234012187,6.950354074168998,15.0
small-connection,6.0,10.0,300.0,0.02,519.1041889680378,272.3107091355778,3400.0,2455.914137754072,0.10868786234012187,6.950354074168998,15.0
small-connection,6.0,10.0,300.0,0.03,519.1041889680378,272.3107091355778,3400.0,2060.359346097588,0.10868786234012187,6.950354074168998,15.0
small-connection,6.0,10.0,300.0,0.04,519.1041889680378,272.3107091355778,3400.0,1703.648921537576,0.10868786234012187,6.950354074168998,15.0
small-connection,6.0,10.0,350.0,0.0,519.1041889680378,272.3107091355778,3900.0,2885.4936971221955,0.08363779157197648,8.060056414806695,15.0
small-connection,6.0,10.0,350.0,0.01,519.1041889680378,272.3107091355778,3900.0,2395.5899022852136,0.08363779157197648,8.060056414806695,15.0
small-connection,6.0,10.0,350.0,0.02,519.1041889680378,272.3107091355778,3900.0,1955.9141377540716,0.08363779157197648,8.060056414806695,15.0
small-connection,6.0,10.0,350.0,0.03,519.1041889680378,272.3107091355778,3900.0,1560.3593460975878,0.08363779157197648,8.060056414806695,15.0
small-connection,6.0,10.0,350.0,0.04,519.1041889680378,272.3107091355778,3900.0,1203.648921537576,0.08363779157197648,8.060056414806695,15.0
small-connection,6.0,10.0,400.0,0.0,519.1041889680378,272.3107091355778,4400.0,2385.4936971221955,0.06325320761413018,9.196136694098229,15.0
small-connection,6.0,10.0,400.0,0.01,519.1041889680378,272.3107091355778,4400.0,1895.5899022852132,0.06325320761413018,9.196136694098229,15.0
small-connection,6.0,10.0,400.0,0.02,519.1041889680378,272.3107091355778,4400.0,1455.9141377540718,0.06325320761413018,9.196136694098229,15.0
small-connection,6.0,10.0,400.0,0.03,519.1041889680378,272.3107091355778,4400.0,1060.3593460975878,0.06325320761413018,9.196136694098229,15.0
small-connection,6.0,10.0,400.0,0.04,519.1041889680378,272.3107091355778,4400.0,703.6489215375758,0.06325320761413018,9.196136694098229,15.0
small-connection,6.0,15.0,100.0,0.0,648.3430899998687,241.85864025893562,1900.0,6574.845790615866,0.3171900950817098,2.989740897850955,15.0
small-connection,6.0,15.0,100.0,0.01,648.3430899998687,241.85864025893562,1900.0,5962.972977994759,0.3171900950817098,2.989740897850955,15.0
small-connection,6.0,15.0,100.0,0.02,648.3430899998687,241.85864025893562,1900.0,5413.833229496745,0.3171900950817098,2.989740897850955,15.0
small-connection,6.0,15.0,100.0,0.03,648.3430899998687,241.85864025893562,1900.0,4919.799042647579,0.3171900950817098,2.989740897850955,15.0
small-connection,6.0,15.0,100.0,0.04,648.3430899998687,241.85864025893562,1900.0,4474.280120224392,0.3171900950817098,2.989740897850955,15.0
small-connection,6.0,15.0,150.0,0.0,648.3430899998687,241.85864025893562,2650.0,5824.845790615866,0.21491297767229295,4.223067206919193,15.0
small-connection,6.0,15.0,150.0,0.01,648.3430899998687,241.85864025893562,2650.0,5212.972977994758,0.21491297767229295,4.223067206919193,15.0
small-connection,6.0,15.0,150.0,0.02,648.3430899998687,241.85864025893562,2650.0,4663.833229496744,0.21491297767229295,4.223067206919193,15.0
small-connection,6.0,15.0,150.0,0.03,648.3430899998687,241.85864025893562,2650.0,4169.79904264758,0.21491297767229295,4.223067206919193,15.0
small-connection,6.0,15.0,150.0,0.04,648.3430899998687,241.85864025893562,2650.0,3724.2801202243922,0.21491297767229295,4.223067206919193,15.0
small-connection,6.0,15.0,200.0,0.0,648.3430899998687,241.85864025893562,3400.0,5074.845790615865,0.15432967539138068,5.486963970368885,15.0
small-connection,6.0,15.0,200.0,0.01,648.3430899998687,241.85864025893562,3400.0,4462.972977994759,0.15432967539138068,5.486963970368885,15.0
small-connection,6.0,15.0,200.0,0.02,648.3430899998687,241.85864025893562,3400.0,3913.833229496744,0.15432967539138068,5.486963970368885,15.0
small-connection,6.0,15.0,200.0,0.03,648.3430899998687,241.85864025893562,3400.0,3419.79904264758,0.15432967539138068,5.486963970368885,15.0
small-connection,6.0,15.0,200.0,0.04,648.3430899998687,241.85864025893562,3400.0,2974.280120224392,0.15432967539138068,5.486963970368885,15.0
small-connection,6.0,15.0,250.0,0.0,648.3430899998687,241.85864025893562,4150.0,4324.845790615865,0.11309913523763263,6.782363780720347,15.0
small-connection,6.0,15.0,250.0,0.01,648.3430899998687,241.85864025893562,4150.0,3712.9729779947593,0.11309913523763263,6.782363780720347,15.0
small-connection,6.0,15.0,250.0,0.02,648.3430899998687,241.85864025893562,4150.0,3163.833229496744,0.11309913523763263,6.782363780720347,15.0
small-connection,6.0,15.0,250.0,0.03,648.3430899998687,241.85864025893562,4150.0,2669.7990426475794,0.11309913523763263,6.782363780720347,15.0
small-connection,6.0,15.0,250.0,0.04,648.3430899998687,241.85864025893562,4150.0,2224.280120224392,0.11309913523763263,6.782363780720347,15.0
small-connection,6.0,15.0,300.0,0.0,648.3430899998687,241.85864025893562,4900.0,3574.8457906158646,0.0825994081216117,8.112696495341009,15.0
small-connection,6.0,15.0,300.0,0.01,648.3430899998687,241.85864025893562,4900.0,2962.9729779947593,0.0825994081216117,8.112696495341009,15.0
small-connection,6.0,15.0,300.0,0.02,648.3430899998687,241.85864025893562,4900.0,2413.8332294967436,0.0825994081216117,8.112696495341009,15.0
small-connection,6.0,15.0,300.0,0.03,648.3430899998687,241.85864025893562,4900.0,1919.7990426475794,0.0825994081216117,8.112696495341009,15.0
small-connection,6.0,15.0,300.0,0.04,648.3430899998687,241.85864025893562,4900.0,1474.2801202243918,0.0825994081216117,8.112696495341009,15.0
small-connection,6.0,15.0,350.0,0.0,648.3430899998687,241.85864025893562,5650.0,2824.8457906158646,0.05876153707051453,9.482052171640499,15.0
small-connection,6.0,15.0,350.0,0.01,648.3430899998687,241.85864025893562,5650.0,2212.9729779947597,0.05876153707051453,9.482052171640499,15.0
small-connection,6.0,15.0,350.0,0.02,648.3430899998687,241.85864025893562,5650.0,1663.8332294967438,0.05876153707051453,9.482052171640499,15.0
small-connection,6.0,15.0,350.0,0.03,648.3430899998687,241.85864025893562,5650.0,1169.7990426475792,0.05876153707051453,9.482052171640499,15.0
small-connection,6.0,15.0,350.0,0.04,648.3430899998687,241.85864025893562,5650.0,724.2801202243905,0.05876153707051453,9.482052171640499,15.0
small-connection,6.0,15.0,400.0,0.0,648.3430899998687,241.85864025893562,6400.0,2074.845790615864,0.03939415412116881,10.887261308907089,15.0
small-connection,6.0,15.0,400.0,0.01,648.3430899998687,241.85864025893562,6400.0,1462.9729779947597,0.03939415412116881,10.887261308907089,15.0
small-connection,6.0,15.0,400.0,0.02,648.3430899998687,241.85864025893562,6400.0,913.8332294967438,0.03939415412116881,10.887261308907089,15.0
small-connection,6.0,15.0,400.0,0.03,648.3430899998687,241.85864025893562,6400.0,419.7990426475791,0.03939415412116881,10.887261308907089,15.0
small-connection,6.0,15.0,400.0,0.04,648.3430899998687,241.85864025893562,6400.0,-25.719879775608092,0.03939415412116881,10.887261308907089,15.0
small-connection,6.0,20.0,100.0,0.0,731.8021935045988,214.49100820074818,2400.0,7165.78520669845,0.2793215805563931,3.3603672318957805,15.0
small-connection,6.0,20.0,100.0,0.01,731.8021935045988,214.49100820074818,2400.0,6475.147991112419,0.2793215805563931,3.3603672318957805,15.0
small-connection,6.0,20.0,100.0,0.02,731.8021935045988,214.49100820074818,2400.0,5855.319263560941,0.2793215805563931,3.3603672318957805,15.0
small-connection,6.0,20.0,100.0,0.03,731.8021935045988,214.49100820074818,2400.0,5297.689657911019,0.2793215805563931,3.3603672318957805,15.0
small-connection,6.0,20.0,100.0,0.04,731.8021935045988,214.49100820074818,2400.0,4794.820529349534,0.2793215805563931,3.3603672318957805,15.0
small-connection,6.0,20.0,150.0,0.0,731.8021935045988,214.49100820074818,3400.0,6165.785206698451,0.18235003513054712,4.828814643030908,15.0
small-connection,6.0,20.0,150.0,0.01,731.8021935045988,214.49100820074818,3400.0,5475.147991112419,0.18235003513054712,4.828814643030908,15.0
small-connection,6.0,20.0,150.0,0.02,731.8021935045988,214.49100820074818,3400.0,4855.319263560941,0.18235003513054712,4.828814643030908,15.0
small-connection,6.0,20.0,150.0,0.03,731.8021935045988,214.49100820074818,3400.0,4297.689657911018,0.18235003513054712,4.828814643030908,15.0
small-connection,6.0,20.0,150.0,0.04,731.8021935045988,214.49100820074818,3400.0,3794.8205293495334,0.18235003513054712,4.828814643030908,15.0
small-connection,6.0,20.0,200.0,0.0,731.8021935045988,214.49100820074818,4400.0,5165.785206698451,0.12545372084653755,6.343935635284618,15.0
small-connection,6.0,20.0,200.0,0.01,731.8021935045988,214.49100820074818,4400.0,4475.147991112418,0.12545372084653755,6.343935635284618,15.0
small-connection,6.0,20.0,200.0,0.02,731.8021935045988,214.49100820074818,4400.0,3855.3192635609416,0.12545372084653755,6.343935635284618,15.0
small-connection,6.0,20.0,200.0,0.03,731.8021935045988,214.49100820074818,4400.0,3297.6896579110185,0.12545372084653755,6.343935635284618,15.0
small-connection,6.0,20.0,200.0,0.04,731.8021935045988,214.49100820074818,4400.0,2794.8205293495334,0.12545372084653755,6.343935635284618,15.0
small-connection,6.0,20.0,250.0,0.0,731.8021935045988,214.49100820074818,5400.0,4165.785206698451,0.08680235947038163,7.9046155568935825,15.0
small-connection,6.0,20.0,250.0,0.01,731.8021935045988,214.49100820074818,5400.0,3475.147991112418,0.08680235947038163,7.9046155568935825,15.0
small-connection,6.0,20.0,250.0,0.02,731.8021935045988,214.49100820074818,5400.0,2855.319263560942,0.08680235947038163,7.9046155568935825,15.0
small-connection,6.0,20.0,250.0,0.03,731.8021935045988,214.49100820074818,5400.0,2297.689657911019,0.08680235947038163,7.9046155568935825,15.0
small-connection,6.0,20.0,250.0,0.04,731.8021935045988,214.49100820074818,5400.0,1794.8205293495334,0.08680235947038163,7.9046155568935825,15.0
small-connection,6.0,20.0,300.0,0.0,731.8021935045988,214.49100820074818,6400.0,3165.7852066984506,0.058191262850619915,9.519246717170146,15.0
small-connection,6.0,20.0,300.0,0.01,731.8021935045988,214.49100820074818,6400.0,2475.1479911124184,0.058191262850619915,9.519246717170146,15.0
small-connection,6.0,20.0,300.0,0.02,731.8021935045988,214.49100820074818,6400.0,1855.3192635609416,0.058191262850619915,9.519246717170146,15.0
small-connection,6.0,20.0,300.0,0.03,731.8021935045988,214.49100820074818,6400.0,1297.6896579110187,0.058191262850619915,9.519246717170146,15.0
small-connection,6.0,20.0,300.0,0.04,731.8021935045988,214.49100820074818,6400.0,794.8205293495326,0.058191262850619915,9.519246717170146,15.0
small-connection,6.0,20.0,350.0,0.0,731.8021935045988,214.49100820074818,7400.0,2165.7852066984506,0.03579578373584092,11.185567482562316,15.0
small-connection,6.0,20.0,350.0,0.01,731.8021935045988,214.49100820074818,7400.0,1475.1479911124177,0.03579578373584092,11.185567482562316,15.0
small-connection,6.0,20.0,350.0,0.02,731.8021935045988,214.49100820074818,7400.0,855.3192635609414,0.03579578373584092,11.185567482562316,15.0
small-connection,6.0,20.0,350.0,0.03,731.8021935045988,214.49100820074818,7400.0,297.6896579110188,0.03579578373584092,11.185567482562316,15.0
small-connection,6.0,20.0,350.0,0.04,731.8021935045988,214.49100820074818,7400.0,-205.17947065046673,0.03579578373584092,11.185567482562316,15.0
small-connection,6.0,20.0,400.0,0.0,731.8021935045988,214.49100820074818,8400.0,1165.7852066984497,0.01756850316363165,12.910325739419322,15.0
small-connection,6.0,20.0,400.0,0.01,731.8021935045988,214.49100820074818,8400.0,475.14799111241706,0.01756850316363165,12.910325739419322,15.0
small-connection,6.0,20.0,400.0,0.02,731.8021935045988,214.49100820074818,8400.0,-144.68073643905848,0.01756850316363165,12.910325739419322,15.0
small-connection,6.0,20.0,400.0,0.03,731.8021935045988,214.49100820074818,8400.0,-702.3103420889818,0.01756850316363165,12.910325739419322,15.0
small-connection,6.0,20.0,400.0,0.04,731.8021935045988,214.49100820074818,8400.0,-1205.179470650467,0.01756850316363165,12.910325739419322,15.0
small-connection,6.0,30.0,100.0,0.0,800.5294176538721,164.28958473868872,3400.0,7064.156200800198,0.20482195401116762,4.396368114807364,15.0
small-connection,6.0,30.0,100.0,0.01,800.5294176538721,164.28958473868872,3400.0,6308.657771155627,0.20482195401116762,4.396368114807364,15.0
small-connection,6.0,30.0,100.0,0.02,800.5294176538721,164.28958473868872,3400.0,5630.617810745469,0.20482195401116762,4.396368114807364,15.0
small-connection,6.0,30.0,100.0,0.03,800.5294176538721,164.28958473868872,3400.0,5020.618404567569,0.20482195401116762,4.396368114807364,15.0
small-connection,6.0,30.0,100.0,0.04,800.5294176538721,164.28958473868872,3400.0,4470.522307266235,0.20482195401116762,4.396368114807364,15.0
small-connection,6.0,30.0,150.0,0.0,800.5294176538721,164.28958473868872,4900.0,5564.156200800199,0.12187498906710284,6.466300076439216,15.0
small-connection,6.0,30.0,150.0,0.01,800.5294176538721,164.28958473868872,4900.0,4808.6577711556265,0.12187498906710284,6.466300076439216,15.0
small-connection,6.0,30.0,150.0,0.02,800.5294176538721,164.28958473868872,4900.0,4130.617810745469,0.12187498906710284,6.466300076439216,15.0
small-connection,6.0,30.0,150.0,0.03,800.5294176538721,164.28958473868872,4900.0,3520.6184045675686,0.12187498906710284,6.466300076439216,15.0
small-connection,6.0,30.0,150.0,0.04,800.5294176538721,164.28958473868872,4900.0,2970.522307266234,0.12187498906710284,6.466300076439216,15.0
small-connection,6.0,30.0,200.0,0.0,800.5294176538721,164.28958473868872,6400.0,4064.1562008001993,0.07295689187762258,8.626332409411315,15.0
small-connection,6.0,30.0,200.0,0.01,800.5294176538721,164.28958473868872,6400.0,3308.6577711556274,0.07295689187762258,8.626332409411315,15.0
small-connection,6.0,30.0,200.0,0.02,800.5294176538721,164.28958473868872,6400.0,2630.617810745469,0.07295689187762258,8.626332409411315,15.0
small-connection,6.0,30.0,200.0,0.03,800.5294176538721,164.28958473868872,6400.0,2020.6184045675686,0.07295689187762258,8.626332409411315,15.0
small-connection,6.0,30.0,200.0,0.04,800.5294176538721,164.28958473868872,6400.0,1470.5223072662343,0.07295689187762258,8.626332409411315,15.0
small-connection,6.0,30.0,250.0,0.0,800.5294176538721,164.28958473868872,7900.0,2564.1562008001993,0.03943751676477571,10.88377640394486,15.0
small-connection,6.0,30.0,250.0,0.01,800.5294176538721,164.28958473868872,7900.0,1808.6577711556279,0.03943751676477571,10.88377640394486,15.0
small-connection,6.0,30.0,250.0,0.02,800.5294176538721,164.28958473868872,7900.0,1130.6178107454691,0.03943751676477571,10.88377640394486,15.0
small-connection,6.0,30.0,250.0,0.03,800.5294176538721,164.28958473868872,7900.0,520.6184045675693,0.03943751676477571,10.88377640394486,15.0
small-connection,6.0,30.0,250.0,0.04,800.5294176538721,164.28958473868872,7900.0,-29.477692733766105,0.03943751676477571,10.88377640394486,15.0
small-connection,6.0,30.0,300.0,0.0,800.5294176538721,164.28958473868872,9400.0,1064.1562008001997,0.01442003480400723,13.25142152729589,15.0
small-connection,6.0,30.0,300.0,0.01,800.5294176538721,164.28958473868872,9400.0,308.6577711556281,0.01442003480400723,13.25142152729589,15.0
small-connection,6.0,30.0,300.0,0.02,800.5294176538721,164.28958473868872,9400.0,-369.38218925453015,0.01442003480400723,13.25142152729589,15.0
small-connection,6.0,30.0,300.0,0.03,800.5294176538721,164.28958473868872,9400.0,-979.3815954324305,0.01442003480400723,13.25142152729589,15.0
small-connection,6.0,30.0,300.0,0.04,800.5294176538721,164.28958473868872,9400.0,-1529.4776927337666,0.01442003480400723,13.25142152729589,15.0
small-connection,6.0,30.0,350.0,0.0,800.5294176538721,164.28958473868872,10900.0,-435.84379919979995,-0.0053042138963726015,Inf,15.0
small-connection,6.0,30.0,350.0,0.01,800.5294176538721,164.28958473868872,10900.0,-1191.3422288443742,-0.0053042138963726015,Inf,15.0
small-connection,6.0,30.0,350.0,0.02,800.5294176538721,164.28958473868872,10900.0,-1869.3821892545309,-0.0053042138963726015,Inf,15.0
small-connection,6.0,30.0,350.0,0.03,800.5294176538721,164.28958473868872,10900.0,-2479.3815954324286,-0.0053042138963726015,Inf,15.0
small-connection,6.0,30.0,350.0,0.04,800.5294176538721,164.28958473868872,10900.0,-3029.477692733767,-0.0053042138963726015,Inf,15.0
small-connection,6.0,30.0,400.0,0.0,800.5294176538721,164.28958473868872,12400.0,-1935.8437991997998,-0.021457264953474376,Inf,15.0
small-connection,6.0,30.0,400.0,0.01,800.5294176538721,164.28958473868872,12400.0,-2691.3422288443735,-0.021457264953474376,Inf,15.0
small-connection,6.0,30.0,400.0,0.02,800.5294176538721,164.28958473868872,12400.0,-3369.3821892545316,-0.021457264953474376,Inf,15.0
small-connection,6.0,30.0,400.0,0.03,800.5294176538721,164.28958473868872,12400.0,-3979.3815954324305,-0.021457264953474376,Inf,15.0
small-connection,6.0,30.0,400.0,0.04,800.5294176538721,164.28958473868872,12400.0,-4529.477692733765,-0.021457264953474376,Inf,15.0
small-connection,9.0,2.5,100.0,0.0,186.6462969788978,341.82335897865744,650.0,1789.7554453552839,0.2605718249709388,3.575996057793962,15.0
small-connection,9.0,2.5,100.0,0.01,186.6462969788978,341.82335897865744,650.0,1613.6082842930518,0.2605718249709388,3.575996057793962,15.0
small-connection,9.0,2.5,100.0,0.02,186.6462969788978,341.82335897865744,650.0,1455.5208423784652,0.2605718249709388,3.575996057793962,15.0
small-connection,9.0,2.5,100.0,0.03,186.6462969788978,341.82335897865744,650.0,1313.2972990437222,0.2605718249709388,3.575996057793962,15.0
small-connection,9.0,2.5,100.0,0.04,186.6462969788978,341.82335897865744,650.0,1185.0404264296658,0.2605718249709388,3.575996057793962,15.0
small-connection,9.0,2.5,150.0,0.0,186.6462969788978,341.82335897865744,775.0,1664.7554453552839,0.21073242349988047,4.293426022426532,15.0
small-connection,9.0,2.5,150.0,0.01,186.6462969788978,341.82335897865744,775.0,1488.6082842930516,0.21073242349988047,4.293426022426532,15.0
small-connection,9.0,2.5,150.0,0.02,186.6462969788978,341.82335897865744,775.0,1330.5208423784652,0.21073242349988047,4.293426022426532,15.0
small-connection,9.0,2.5,150.0,0.03,186.6462969788978,341.82335897865744,775.0,1188.2972990437222,0.21073242349988047,4.293426022426532,15.0
small-connection,9.0,2.5,150.0,0.04,186.6462969788978,341.82335897865744,775.0,1060.0404264296658,0.21073242349988047,4.293426022426532,15.0
small-connection,9.0,2.5,200.0,0.0,186.6462969788978,341.82335897865744,900.0,1539.755445355284,0.1734851123849147,5.0199072742212,15.0
small-connection,9.0,2.5,200.0,0.01,186.6462969788978,341.82335897865744,900.0,1363.6082842930516,0.1734851123849147,5.0199072742212,15.0
small-connection,9.0,2.5,200.0,0.02,186.6462969788978,341.82335897865744,900.0,1205.5208423784652,0.1734851123849147,5.0199072742212,15.0
small-connection,9.0,2.5,200.0,0.03,186.6462969788978,341.82335897865744,900.0,1063.297299043722,0.1734851123849147,5.0199072742212,15.0
small-connection,9.0,2.5,200.0,0.04,186.6462969788978,341.82335897865744,900.0,935.0404264296658,0.1734851123849147,5.0199072742212,15.0
small-connection,9.0,2.5,250.0,0.0,186.6462969788978,341.82335897865744,1025.0,1414.755445355284,0.14428311144125922,5.760808403109205,15.0
small-connection,9.0,2.5,250.0,0.01,186.6462969788978,341.82335897865744,1025.0,1238.6082842930516,0.14428311144125922,5.760808403109205,15.0
small-connection,9.0,2.5,250.0,0.02,186.6462969788978,341.82335897865744,1025.0,1080.5208423784652,0.14428311144125922,5.760808403109205,15.0
small-connection,9.0,2.5,250.0,0.03,186.6462969788978,341.82335897865744,1025.0,938.2972990437221,0.14428311144125922,5.760808403109205,15.0
small-connection,9.0,2.5,250.0,0.04,186.6462969788978,341.82335897865744,1025.0,810.0404264296658,0.14428311144125922,5.760808403109205,15.0
small-connection,9.0,2.5,300.0,0.0,186.6462969788978,341.82335897865744,1150.0,1289.755445355284,0.12056678634448409,6.511948502037968,15.0
small-connection,9.0,2.5,300.0,0.01,186.6462969788978,341.82335897865744,1150.0,1113.6082842930516,0.12056678634448409,6.511948502037968,15.0
small-connection,9.0,2.5,300.0,0.02,186.6462969788978,341.82335897865744,1150.0,955.5208423784651,0.12056678634448409,6.511948502037968,15.0
small-connection,9.0,2.5,300.0,0.03,186.6462969788978,341.82335897865744,1150.0,813.2972990437221,0.12056678634448409,6.511948502037968,15.0
small-connection,9.0,2.5,300.0,0.04,186.6462969788978,341.82335897865744,1150.0,685.0404264296658,0.12056678634448409,6.511948502037968,15.0
small-connection,9.0,2.5,350.0,0.0,186.6462969788978,341.82335897865744,1275.0,1164.755445355284,0.10078041016673517,7.2734388389058875,15.0
small-connection,9.0,2.5,350.0,0.01,186.6462969788978,341.82335897865744,1275.0,988.6082842930517,0.10078041016673517,7.2734388389058875,15.0
small-connection,9.0,2.5,350.0,0.02,186.6462969788978,341.82335897865744,1275.0,830.5208423784651,0.10078041016673517,7.2734388389058875,15.0
small-connection,9.0,2.5,350.0,0.03,186.6462969788978,341.82335897865744,1275.0,688.2972990437221,0.10078041016673517,7.2734388389058875,15.0
small-connection,9.0,2.5,350.0,0.04,186.6462969788978,341.82335897865744,1275.0,560.0404264296657,0.10078041016673517,7.2734388389058875,15.0
small-connection,9.0,2.5,400.0,0.0,186.6462969788978,341.82335897865744,1400.0,1039.7554453552839,0.08392060821594208,8.04580552084295,15.0
small-connection,9.0,2.5,400.0,0.01,186.6462969788978,341.82335897865744,1400.0,863.6082842930516,0.08392060821594208,8.04580552084295,15.0
small-connection,9.0,2.5,400.0,0.02,186.6462969788978,341.82335897865744,1400.0,705.5208423784651,0.08392060821594208,8.04580552084295,15.0
small-connection,9.0,2.5,400.0,0.03,186.6462969788978,341.82335897865744,1400.0,563.2972990437221,0.08392060821594208,8.04580552084295,15.0
small-connection,9.0,2.5,400.0,0.04,186.6462969788978,341.82335897865744,1400.0,435.0404264296657,0.08392060821594208,8.04580552084295,15.0
small-connection,9.0,7.5,100.0,0.0,447.98303492692435,304.27274311483905,1150.0,4705.830341029059,0.3669026285448217,2.611267697206419,15.0
small-connection,9.0,7.5,100.0,0.01,447.98303492692435,304.27274311483905,1150.0,4283.047027972801,0.3669026285448217,2.611267697206419,15.0
small-connection,9.0,7.5,100.0,0.02,447.98303492692435,304.27274311483905,1150.0,3903.6101296305997,0.3669026285448217,2.611267697206419,15.0
small-connection,9.0,7.5,100.0,0.03,447.98303492692435,304.27274311483905,1150.0,3562.2493010878156,0.3669026285448217,2.611267697206419,15.0
small-connection,9.0,7.5,100.0,0.04,447.98303492692435,304.27274311483905,1150.0,3254.4108709989673,0.3669026285448217,2.611267697206419,15.0
small-connection,9.0,7.5,150.0,0.0,447.98303492692435,304.27274311483905,1525.0,4330.830341029058,0.26756758006146797,3.4927228099700156,15.0
small-connection,9.0,7.5,150.0,0.01,447.98303492692435,304.27274311483905,1525.0,3908.0470279728006,0.26756758006146797,3.4927228099700156,15.0
small-connection,9.0,7.5,150.0,0.02,447.98303492692435,304.27274311483905,1525.0,3528.6101296305997,0.26756758006146797,3.4927228099700156,15.0
small-connection,9.0,7.5,150.0,0.03,447.98303492692435,304.27274311483905,1525.0,3187.2493010878156,0.26756758006146797,3.4927228099700156,15.0
small-connection,9.0,7.5,150.0,0.04,447.98303492692435,304.27274311483905,1525.0,2879.4108709989678,0.26756758006146797,3.4927228099700156,15.0
small-connection,9.0,7.5,200.0,0.0,447.98303492692435,304.27274311483905,1900.0,3955.8303410290587,0.20518584169712079,4.389909423505634,15.0
small-connection,9.0,7.5,200.0,0.01,447.98303492692435,304.27274311483905,1900.0,3533.0470279728015,0.20518584169712079,4.389909423505634,15.0
small-connection,9.0,7.5,200.0,0.02,447.98303492692435,304.27274311483905,1900.0,3153.6101296305997,0.20518584169712079,4.389909423505634,15.0
small-connection,9.0,7.5,200.0,0.03,447.98303492692435,304.27274311483905,1900.0,2812.2493010878156,0.20518584169712079,4.389909423505634,15.0
small-connection,9.0,7.5,200.0,0.04,447.98303492692435,304.27274311483905,1900.0,2504.4108709989673,0.20518584169712079,4.389909423505634,15.0
small-connection,9.0,7.5,250.0,0.0,447.98303492692435,304.27274311483905,2275.0,3580.8303410290587,0.16152558524323685,5.30351901301648,15.0
small-connection,9.0,7.5,250.0,0.01,447.98303492692435,304.27274311483905,2275.0,3158.0470279728006,0.16152558524323685,5.30351901301648,15.0
small-connection,9.0,7.5,250.0,0.02,447.98303492692435,304.27274311483905,2275.0,2778.6101296305997,0.16152558524323685,5.30351901301648,15.0
small-connection,9.0,7.5,250.0,0.03,447.98303492692435,304.27274311483905,2275.0,2437.249301087816,0.16152558524323685,5.30351901301648,15.0
small-connection,9.0,7.5,250.0,0.04,447.98303492692435,304.27274311483905,2275.0,2129.4108709989673,0.16152558524323685,5.30351901301648,15.0
small-connection,9.0,7.5,300.0,0.0,447.98303492692435,304.27274311483905,2650.0,3205.830341029058,0.1287538387167183,6.234264725121478,15.0
small-connection,9.0,7.5,300.0,0.01,447.98303492692435,304.27274311483905,2650.0,2783.0470279728015,0.1287538387167183,6.234264725121478,15.0
small-connection,9.0,7.5,300.0,0.02,447.98303492692435,304.27274311483905,2650.0,2403.610129630599,0.1287538387167183,6.234264725121478,15.0
small-connection,9.0,7.5,300.0,0.03,447.98303492692435,304.27274311483905,2650.0,2062.2493010878156,0.1287538387167183,6.234264725121478,15.0
small-connection,9.0,7.5,300.0,0.04,447.98303492692435,304.27274311483905,2650.0,1754.4108709989673,0.1287538387167183,6.234264725121478,15.0
small-connection,9.0,7.5,350.0,0.0,447.98303492692435,304.27274311483905,3025.0,2830.8303410290587,0.10293564512499409,7.18288197440818,15.0
small-connection,9.0,7.5,350.0,0.01,447.98303492692435,304.27274311483905,3025.0,2408.0470279728006,0.10293564512499409,7.18288197440818,15.0
small-connection,9.0,7.5,350.0,0.02,447.98303492692435,304.27274311483905,3025.0,2028.6101296305992,0.10293564512499409,7.18288197440818,15.0
small-connection,9.0,7.5,350.0,0.03,447.98303492692435,304.27274311483905,3025.0,1687.2493010878154,0.10293564512499409,7.18288197440818,15.0
small-connection,9.0,7.5,350.0,0.04,447.98303492692435,304.27274311483905,3025.0,1379.4108709989673,0.10293564512499409,7.18288197440818,15.0
small-connection,9.0,7.5,400.0,0.0,447.98303492692435,304.27274311483905,3400.0,2455.830341029058,0.08186696463539644,8.150129055308783,15.0
small-connection,9.0,7.5,400.0,0.01,447.98303492692435,304.27274311483905,3400.0,2033.047027972801,0.08186696463539644,8.150129055308783,15.0
small-connection,9.0,7.5,400.0,0.02,447.98303492692435,304.27274311483905,3400.0,1653.6101296305992,0.08186696463539644,8.150129055308783,15.0
small-connection,9.0,7.5,400.0,0.03,447.98303492692435,304.27274311483905,3400.0,1312.2493010878159,0.08186696463539644,8.150129055308783,15.0
small-connection,9.0,7.5,400.0,0.04,447.98303492692435,304.27274311483905,3400.0,1004.410870998967,0.08186696463539644,8.150129055308783,15.0
small-connection,9.0,12.5,100.0,0.0,631.2717257776806,280.06890632340094,1650.0,6601.696687232175,0.3597763018105342,2.6599036107612792,15.0
small-connection,9.0,12.5,100.0,0.01,631.2717257776806,280.06890632340094,1650.0,6005.934948829369,0.3597763018105342,2.6599036107612792,15.0
small-connection,9.0,12.5,100.0,0.02,631.2717257776806,280.06890632340094,1650.0,5471.254465495254,0.3597763018105342,2.6599036107612792,15.0
small-connection,9.0,12.5,100.0,0.03,631.2717257776806,280.06890632340094,1650.0,4990.228572668189,0.3597763018105342,2.6599036107612792,15.0
small-connection,9.0,12.5,100.0,0.04,631.2717257776806,280.06890632340094,1650.0,4556.440500638679,0.3597763018105342,2.6599036107612792,15.0
small-connection,9.0,12.5,150.0,0.0,631.2717257776806,280.06890632340094,2275.0,5976.6966872321755,0.2502970580645295,3.704889504520268,15.0
small-connection,9.0,12.5,150.0,0.01,631.2717257776806,280.06890632340094,2275.0,5380.934948829369,0.2502970580645295,3.704889504520268,15.0
small-connection,9.0,12.5,150.0,0.02,631.2717257776806,280.06890632340094,2275.0,4846.254465495254,0.2502970580645295,3.704889504520268,15.0
small-connection,9.0,12.5,150.0,0.03,631.2717257776806,280.06890632340094,2275.0,4365.2285726681885,0.2502970580645295,3.704889504520268,15.0
small-connection,9.0,12.5,150.0,0.04,631.2717257776806,280.06890632340094,2275.0,3931.440500638679,0.2502970580645295,3.704889504520268,15.0
small-connection,9.0,12.5,200.0,0.0,631.2717257776806,280.06890632340094,2900.0,5351.6966872321755,0.18509286166054145,4.7722613682824315,15.0
small-connection,9.0,12.5,200.0,0.01,631.2717257776806,280.06890632340094,2900.0,4755.934948829369,0.18509286166054145,4.7722613682824315,15.0
small-connection,9.0,12.5,200.0,0.02,631.2717257776806,280.06890632340094,2900.0,4221.254465495254,0.18509286166054145,4.7722613682824315,15.0
small-connection,9.0,12.5,200.0,0.03,631.2717257776806,280.06890632340094,2900.0,3740.2285726681894,0.18509286166054145,4.7722613682824315,15.0
small-connection,9.0,12.5,200.0,0.04,631.2717257776806,280.06890632340094,2900.0,3306.440500638679,0.18509286166054145,4.7722613682824315,15.0
small-connection,9.0,12.5,250.0,0.0,631.2717257776806,280.06890632340094,3525.0,4726.696687232175,0.1407316445714354,5.86291417879352,15.0
small-connection,9.0,12.5,250.0,0.01,631.2717257776806,280.06890632340094,3525.0,4130.93494882937,0.1407316445714354,5.86291417879352,15.0
small-connection,9.0,12.5,250.0,0.02,631.2717257776806,280.06890632340094,3525.0,3596.254465495254,0.1407316445714354,5.86291417879352,15.0
small-connection,9.0,12.5,250.0,0.03,631.2717257776806,280.06890632340094,3525.0,3115.2285726681894,0.1407316445714354,5.86291417879352,15.0
small-connection,9.0,12.5,250.0,0.04,631.2717257776806,280.06890632340094,3525.0,2681.440500638679,0.1407316445714354,5.86291417879352,15.0
small-connection,9.0,12.5,300.0,0.0,631.2717257776806,280.06890632340094,4150.0,4101.696687232176,0.10798353126147384,6.977770118859713,15.0
small-connection,9.0,12.5,300.0,0.01,631.2717257776806,280.06890632340094,4150.0,3505.9349488293697,0.10798353126147384,6.977770118859713,15.0
small-connection,9.0,12.5,300.0,0.02,631.2717257776806,280.06890632340094,4150.0,2971.254465495254,0.10798353126147384,6.977770118859713,15.0
small-connection,9.0,12.5,300.0,0.03,631.2717257776806,280.06890632340094,4150.0,2490.2285726681894,0.10798353126147384,6.977770118859713,15.0
small-connection,9.0,12.5,300.0,0.04,631.2717257776806,280.06890632340094,4150.0,2056.4405006386787,0.10798353126147384,6.977770118859713,15.0
small-connection,9.0,12.5,350.0,0.0,631.2717257776806,280.06890632340094,4775.0,3476.6966872321755,0.08245252659199759,8.120182974538157,15.0
small-connection,9.0,12.5,350.0,0.01,631.2717257776806,280.06890632340094,4775.0,2880.93494882937,0.08245252659199759,8.120182974538157,15.0
small-connection,9.0,12.5,350.0,0.02,631.2717257776806,280.06890632340094,4775.0,2346.2544654952544,0.08245252659199759,8.120182974538157,15.0
small-connection,9.0,12.5,350.0,0.03,631.2717257776806,280.06890632340094,4775.0,1865.2285726681898,0.08245252659199759,8.120182974538157,15.0
small-connection,9.0,12.5,350.0,0.04,631.2717257776806,280.06890632340094,4775.0,1431.440500638679,0.08245252659199759,8.120182974538157,15.0
small-connection,9.0,12.5,400.0,0.0,631.2717257776806,280.06890632340094,5400.0,2851.696687232176,0.061761651875810286,9.289714892002035,15.0
small-connection,9.0,12.5,400.0,0.01,631.2717257776806,280.06890632340094,5400.0,2255.93494882937,0.061761651875810286,9.289714892002035,15.0
small-connection,9.0,12.5,400.0,0.02,631.2717257776806,280.06890632340094,5400.0,1721.2544654952544,0.061761651875810286,9.289714892002035,15.0
small-connection,9.0,12.5,400.0,0.03,631.2717257776806,280.06890632340094,5400.0,1240.2285726681907,0.061761651875810286,9.289714892002035,15.0
small-connection,9.0,12.5,400.0,0.04,631.2717257776806,280.06890632340094,5400.0,806.4405006386789,0.061761651875810286,9.289714892002035,15.0
small-connection,9.0,15.0,100.0,0.0,706.0250818947532,269.0941390402334,1900.0,7328.838535729875,0.3484968049654753,2.7404441102032844,15.0
small-connection,9.0,15.0,100.0,0.01,706.0250818947532,269.0941390402334,1900.0,6662.528430319364,0.3484968049654753,2.7404441102032844,15.0
small-connection,9.0,15.0,100.0,0.02,706.0250818947532,269.0941390402334,1900.0,6064.532644006512,0.3484968049654753,2.7404441102032844,15.0
small-connection,9.0,15.0,100.0,0.03,706.0250818947532,269.0941390402334,1900.0,5526.545068278575,0.3484968049654753,2.7404441102032844,15.0
small-connection,9.0,15.0,100.0,0.04,706.0250818947532,269.0941390402334,1900.0,5041.389078277111,0.3484968049654753,2.7404441102032844,15.0
small-connection,9.0,15.0,150.0,0.0,706.0250818947532,269.0941390402334,2650.0,6578.838535729875,0.23846864371468424,3.863806460382137,15.0
small-connection,9.0,15.0,150.0,0.01,706.0250818947532,269.0941390402334,2650.0,5912.528430319364,0.23846864371468424,3.863806460382137,15.0
small-connection,9.0,15.0,150.0,0.02,706.0250818947532,269.0941390402334,2650.0,5314.532644006512,0.23846864371468424,3.863806460382137,15.0
small-connection,9.0,15.0,150.0,0.03,706.0250818947532,269.0941390402334,2650.0,4776.545068278575,0.23846864371468424,3.863806460382137,15.0
small-connection,9.0,15.0,150.0,0.04,706.0250818947532,269.0941390402334,2650.0,4291.389078277112,0.23846864371468424,3.863806460382137,15.0
small-connection,9.0,15.0,200.0,0.0,706.0250818947532,269.0941390402334,3400.0,5828.838535729875,0.17379100612183485,5.012979872486915,15.0
small-connection,9.0,15.0,200.0,0.01,706.0250818947532,269.0941390402334,3400.0,5162.528430319364,0.17379100612183485,5.012979872486915,15.0
small-connection,9.0,15.0,200.0,0.02,706.0250818947532,269.0941390402334,3400.0,4564.532644006512,0.17379100612183485,5.012979872486915,15.0
small-connection,9.0,15.0,200.0,0.03,706.0250818947532,269.0941390402334,3400.0,4026.5450682785745,0.17379100612183485,5.012979872486915,15.0
small-connection,9.0,15.0,200.0,0.04,706.0250818947532,269.0941390402334,3400.0,3541.3890782771127,0.17379100612183485,5.012979872486915,15.0
small-connection,9.0,15.0,250.0,0.0,706.0250818947532,269.0941390402334,4150.0,5078.838535729875,0.13004938779635597,6.192017440321136,15.0
small-connection,9.0,15.0,250.0,0.01,706.0250818947532,269.0941390402334,4150.0,4412.528430319364,0.13004938779635597,6.192017440321136,15.0
small-connection,9.0,15.0,250.0,0.02,706.0250818947532,269.0941390402334,4150.0,3814.5326440065114,0.13004938779635597,6.192017440321136,15.0
small-connection,9.0,15.0,250.0,0.03,706.0250818947532,269.0941390402334,4150.0,3276.5450682785745,0.13004938779635597,6.192017440321136,15.0
small-connection,9.0,15.0,250.0,0.04,706.0250818947532,269.0941390402334,4150.0,2791.3890782771123,0.13004938779635597,6.192017440321136,15.0
small-connection,9.0,15.0,300.0,0.0,706.0250818947532,269.0941390402334,4900.0,4328.838535729875,0.09785376339105364,7.399181914350802,15.0
small-connection,9.0,15.0,300.0,0.01,706.0250818947532,269.0941390402334,4900.0,3662.5284303193635,0.09785376339105364,7.399181914350802,15.0
small-connection,9.0,15.0,300.0,0.02,706.0250818947532,269.0941390402334,4900.0,3064.5326440065114,0.09785376339105364,7.399181914350802,15.0
small-connection,9.0,15.0,300.0,0.03,706.0250818947532,269.0941390402334,4900.0,2526.5450682785736,0.09785376339105364,7.399181914350802,15.0
small-connection,9.0,15.0,300.0,0.04,706.0250818947532,269.0941390402334,4900.0,2041.3890782771123,0.09785376339105364,7.399181914350802,15.0
small-connection,9.0,15.0,350.0,0.0,706.0250818947532,269.0941390402334,5650.0,3578.8385357298744,0.07279155865174963,8.63554676364685,15.0
small-connection,9.0,15.0,350.0,0.01,706.0250818947532,269.0941390402334,5650.0,2912.528430319364,0.07279155865174963,8.63554676364685,15.0
small-connection,9.0,15.0,350.0,0.02,706.0250818947532,269.0941390402334,5650.0,2314.5326440065114,0.07279155865174963,8.63554676364685,15.0
small-connection,9.0,15.0,350.0,0.03,706.0250818947532,269.0941390402334,5650.0,1776.545068278574,0.07279155865174963,8.63554676364685,15.0
small-connection,9.0,15.0,350.0,0.04,706.0250818947532,269.0941390402334,5650.0,1291.3890782771125,0.07279155865174963,8.63554676364685,15.0
small-connection,9.0,15.0,400.0,0.0,706.0250818947532,269.0941390402334,6400.0,2828.8385357298744,0.05249635040224171,9.902217557681201,15.0
small-connection,9.0,15.0,400.0,0.01,706.0250818947532,269.0941390402334,6400.0,2162.528430319364,0.05249635040224171,9.902217557681201,15.0
small-connection,9.0,15.0,400.0,0.02,706.0250818947532,269.0941390402334,6400.0,1564.5326440065114,0.05249635040224171,9.902217557681201,15.0
small-connection,9.0,15.0,400.0,0.03,706.0250818947532,269.0941390402334,6400.0,1026.545068278574,0.05249635040224171,9.902217557681201,15.0
small-connection,9.0,15.0,400.0,0.04,706.0250818947532,269.0941390402334,6400.0,541.3890782771125,0.05249635040224171,9.902217557681201,15.0
small-connection,9.0,25.0,100.0,0.0,911.4031785422668,228.04381725760365,2900.0,9013.447540906795,0.289133751259551,3.25659677455849,15.0
small-connection,9.0,25.0,100.0,0.01,911.4031785422668,228.04381725760365,2900.0,8153.3121667693395,0.289133751259551,3.25659677455849,15.0
small-connection,9.0,25.0,100.0,0.02,911.4031785422668,228.04381725760365,2900.0,7381.363302094784,0.289133751259551,3.25659677455849,15.0
small-connection,9.0,25.0,100.0,0.03,911.4031785422668,228.04381725760365,2900.0,6686.878645517409,0.289133751259551,3.25659677455849,15.0
small-connection,9.0,25.0,100.0,0.04,911.4031785422668,228.04381725760365,2900.0,6060.593938762378,0.289133751259551,3.25659677455849,15.0
small-connection,9.0,25.0,150.0,0.0,911.4031785422668,228.04381725760365,4150.0,7763.447540906797,0.18725948017555646,4.728371192600822,15.0
small-connection,9.0,25.0,150.0,0.01,911.4031785422668,228.04381725760365,4150.0,6903.3121667693395,0.18725948017555646,4.728371192600822,15.0
small-connection,9.0,25.0,150.0,0.02,911.4031785422668,228.04381725760365,4150.0,6131.363302094783,0.18725948017555646,4.728371192600822,15.0
small-connection,9.0,25.0,150.0,0.03,911.4031785422668,228.04381725760365,4150.0,5436.878645517409,0.18725948017555646,4.728371192600822,15.0
small-connection,9.0,25.0,150.0,0.04,911.4031785422668,228.04381725760365,4150.0,4810.593938762378,0.18725948017555646,4.728371192600822,15.0
small-connection,9.0,25.0,200.0,0.0,911.4031785422668,228.04381725760365,5400.0,6513.447540906796,0.12842620945604033,6.245019892794585,15.0
small-connection,9.0,25.0,200.0,0.01,911.4031785422668,228.04381725760365,5400.0,5653.3121667693395,0.12842620945604033,6.245019892794585,15.0
small-connection,9.0,25.0,200.0,0.02,911.4031785422668,228.04381725760365,5400.0,4881.363302094783,0.12842620945604033,6.245019892794585,15.0
small-connection,9.0,25.0,200.0,0.03,911.4031785422668,228.04381725760365,5400.0,4186.878645517409,0.12842620945604033,6.245019892794585,15.0
small-connection,9.0,25.0,200.0,0.04,911.4031785422668,228.04381725760365,5400.0,3560.5939387623766,0.12842620945604033,6.245019892794585,15.0
small-connection,9.0,25.0,250.0,0.0,911.4031785422668,228.04381725760365,6650.0,5263.447540906797,0.08880084223733313,7.809466099880807,15.0
small-connection,9.0,25.0,250.0,0.01,911.4031785422668,228.04381725760365,6650.0,4403.3121667693395,0.08880084223733313,7.809466099880807,15.0
small-connection,9.0,25.0,250.0,0.02,911.4031785422668,228.04381725760365,6650.0,3631.3633020947827,0.08880084223733313,7.809466099880807,15.0
small-connection,9.0,25.0,250.0,0.03,911.4031785422668,228.04381725760365,6650.0,2936.87864551741,0.08880084223733313,7.809466099880807,15.0
small-connection,9.0,25.0,250.0,0.04,911.4031785422668,228.04381725760365,6650.0,2310.5939387623766,0.08880084223733313,7.809466099880807,15.0
small-connection,9.0,25.0,300.0,0.0,911.4031785422668,228.04381725760365,7900.0,4013.4475409067973,0.0596238630700554,9.426197484649038,15.0
small-connection,9.0,25.0,300.0,0.01,911.4031785422668,228.04381725760365,7900.0,3153.31216676934,0.0596238630700554,9.426197484649038,15.0
small-connection,9.0,25.0,300.0,0.02,911.4031785422668,228.04381725760365,7900.0,2381.363302094783,0.0596238630700554,9.426197484649038,15.0
small-connection,9.0,25.0,300.0,0.03,911.4031785422668,228.04381725760365,7900.0,1686.8786455174095,0.0596238630700554,9.426197484649038,15.0
small-connection,9.0,25.0,300.0,0.04,911.4031785422668,228.04381725760365,7900.0,1060.5939387623764,0.0596238630700554,9.426197484649038,15.0
small-connection,9.0,25.0,350.0,0.0,911.4031785422668,228.04381725760365,9150.0,2763.4475409067973,0.036866679843408516,11.094953438801557,15.0
small-connection,9.0,25.0,350.0,0.01,911.4031785422668,228.04381725760365,9150.0,1903.31216676934,0.036866679843408516,11.094953438801557,15.0
small-connection,9.0,25.0,350.0,0.02,911.4031785422668,228.04381725760365,9150.0,1131.3633020947823,0.036866679843408516,11.094953438801557,15.0
small-connection,9.0,25.0,350.0,0.03,911.4031785422668,228.04381725760365,9150.0,436.8786455174085,0.036866679843408516,11.094953438801557,15.0
small-connection,9.0,25.0,350.0,0.04,911.4031785422668,228.04381725760365,9150.0,-189.40606123762194,0.036866679843408516,11.094953438801557,15.0
small-connection,9.0,25.0,400.0,0.0,911.4031785422668,228.04381725760365,10400.0,1513.447540906797,0.01839206500660135,12.824262297810641,15.0
small-connection,9.0,25.0,400.0,0.01,911.4031785422668,228.04381725760365,10400.0,653.3121667693397,0.01839206500660135,12.824262297810641,15.0
small-connection,9.0,25.0,400.0,0.02,911.4031785422668,228.04381725760365,10400.0,-118.63669790521806,0.01839206500660135,12.824262297810641,15.0
small-connection,9.0,25.0,400.0,0.03,911.4031785422668,228.04381725760365,10400.0,-813.1213544825919,0.01839206500660135,12.824262297810641,15.0
small-connection,9.0,25.0,400.0,0.04,911.4031785422668,228.04381725760365,10400.0,-1439.4060612376225,0.01839206500660135,12.824262297810641,15.0
small-connection,9.0,30.0,100.0,0.0,972.4737244405051,208.90064578713034,3400.0,9311.73392171237,0.2593773418998444,3.5905685792399993,15.0
small-connection,9.0,30.0,100.0,0.01,972.4737244405051,208.90064578713034,3400.0,8393.963312059303,0.2593773418998444,3.5905685792399993,15.0
small-connection,9.0,30.0,100.0,0.02,972.4737244405051,208.90064578713034,3400.0,7570.288340123848,0.2593773418998444,3.5905685792399993,15.0
small-connection,9.0,30.0,100.0,0.03,972.4737244405051,208.90064578713034,3400.0,6829.268233491355,0.2593773418998444,3.5905685792399993,15.0
small-connection,9.0,30.0,100.0,0.04,972.4737244405051,208.90064578713034,3400.0,6161.017962176384,0.2593773418998444,3.5905685792399993,15.0
small-connection,9.0,30.0,150.0,0.0,972.4737244405051,208.90064578713034,4900.0,7811.733921712371,0.16330509850224184,5.259686900133695,15.0
small-connection,9.0,30.0,150.0,0.01,972.4737244405051,208.90064578713034,4900.0,6893.963312059302,0.16330509850224184,5.259686900133695,15.0
small-connection,9.0,30.0,150.0,0.02,972.4737244405051,208.90064578713034,4900.0,6070.288340123848,0.16330509850224184,5.259686900133695,15.0
small-connection,9.0,30.0,150.0,0.03,972.4737244405051,208.90064578713034,4900.0,5329.268233491355,0.16330509850224184,5.259686900133695,15.0
small-connection,9.0,30.0,150.0,0.04,972.4737244405051,208.90064578713034,4900.0,4661.0179621763855,0.16330509850224184,5.259686900133695,15.0
small-connection,9.0,30.0,200.0,0.0,972.4737244405051,208.90064578713034,6400.0,6311.733921712371,0.10777774934605866,6.985811628803475,15.0
small-connection,9.0,30.0,200.0,0.01,972.4737244405051,208.90064578713034,6400.0,5393.963312059302,0.10777774934605866,6.985811628803475,15.0
small-connection,9.0,30.0,200.0,0.02,972.4737244405051,208.90064578713034,6400.0,4570.288340123849,0.10777774934605866,6.985811628803475,15.0
small-connection,9.0,30.0,200.0,0.03,972.4737244405051,208.90064578713034,6400.0,3829.268233491355,0.10777774934605866,6.985811628803475,15.0
small-connection,9.0,30.0,200.0,0.04,972.4737244405051,208.90064578713034,6400.0,3161.017962176385,0.10777774934605866,6.985811628803475,15.0
small-connection,9.0,30.0,250.0,0.0,972.4737244405051,208.90064578713034,7900.0,4811.733921712372,0.07027027878243579,8.777847551106595,15.0
small-connection,9.0,30.0,250.0,0.01,972.4737244405051,208.90064578713034,7900.0,3893.9633120593016,0.07027027878243579,8.777847551106595,15.0
small-connection,9.0,30.0,250.0,0.02,972.4737244405051,208.90064578713034,7900.0,3070.288340123848,0.07027027878243579,8.777847551106595,15.0
small-connection,9.0,30.0,250.0,0.03,972.4737244405051,208.90064578713034,7900.0,2329.268233491355,0.07027027878243579,8.777847551106595,15.0
small-connection,9.0,30.0,250.0,0.04,972.4737244405051,208.90064578713034,7900.0,1661.017962176385,0.07027027878243579,8.777847551106595,15.0
small-connection,9.0,30.0,300.0,0.0,972.4737244405051,208.90064578713034,9400.0,3311.733921712371,0.04256942885855632,10.636064830514176,15.0
small-connection,9.0,30.0,300.0,0.01,972.4737244405051,208.90064578713034,9400.0,2393.963312059301,0.04256942885855632,10.636064830514176,15.0
small-connection,9.0,30.0,300.0,0.02,972.4737244405051,208.90064578713034,9400.0,1570.2883401238482,0.04256942885855632,10.636064830514176,15.0
small-connection,9.0,30.0,300.0,0.03,972.4737244405051,208.90064578713034,9400.0,829.2682334913552,0.04256942885855632,10.636064830514176,15.0
small-connection,9.0,30.0,300.0,0.04,972.4737244405051,208.90064578713034,9400.0,161.0179621763843,0.04256942885855632,10.636064830514176,15.0
small-connection,9.0,30.0,350.0,0.0,972.4737244405051,208.90064578713034,10900.0,1811.7339217123701,0.020904775107667257,12.566274724124295,15.0
small-connection,9.0,30.0,350.0,0.01,972.4737244405051,208.90064578713034,10900.0,893.9633120593013,0.020904775107667257,12.566274724124295,15.0
small-connection,9.0,30.0,350.0,0.02,972.4737244405051,208.90064578713034,10900.0,70.28834012384652,0.020904775107667257,12.566274724124295,15.0
small-connection,9.0,30.0,350.0,0.03,972.4737244405051,208.90064578713034,10900.0,-670.731766508645,0.020904775107667257,12.566274724124295,15.0
small-connection,9.0,30.0,350.0,0.04,972.4737244405051,208.90064578713034,10900.0,-1338.9820378236154,0.020904775107667257,12.566274724124295,15.0
small-connection,9.0,30.0,400.0,0.0,972.4737244405051,208.90064578713034,12400.0,311.73392171237106,0.003275298847448143,14.574655200135886,15.0
small-connection,9.0,30.0,400.0,0.01,972.4737244405051,208.90064578713034,12400.0,-606.0366879406986,0.003275298847448143,14.574655200135886,15.0
small-connection,9.0,30.0,400.0,0.02,972.4737244405051,208.90064578713034,12400.0,-1429.7116598761518,0.003275298847448143,14.574655200135886,15.0
small-connection,9.0,30.0,400.0,0.03,972.4737244405051,208.90064578713034,12400.0,-2170.7317665086457,0.003275298847448143,14.574655200135886,15.0
small-connection,9.0,30.0,400.0,0.04,972.4737244405051,208.90064578713034,12400.0,-2838.9820378236145,0.003275298847448143,14.574655200135886,15.0
small-connection,12.0,2.5,100.0,0.0,186.916438815402,344.35852523035294,650.0,1793.2866164917996,0.2610123348362503,3.5706484431807928,15.0
small-connection,12.0,2.5,100.0,0.01,186.916438815402,344.35852523035294,650.0,1616.8845094791006,0.2610123348362503,3.5706484431807928,15.0
small-connection,12.0,2.5,100.0,0.02,186.916438815402,344.35852523035294,650.0,1458.568260282621,0.2610123348362503,3.5706484431807928,15.0
small-connection,12.0,2.5,100.0,0.03,186.916438815402,344.35852523035294,650.0,1316.138870221678,0.2610123348362503,3.5706484431807928,15.0
small-connection,12.0,2.5,100.0,0.04,186.916438815402,344.35852523035294,650.0,1187.6963654912972,0.2610123348362503,3.5706484431807928,15.0
small-connection,12.0,2.5,150.0,0.0,186.916438815402,344.35852523035294,775.0,1668.2866164917996,0.21111408695551281,4.286919897897166,15.0
small-connection,12.0,2.5,150.0,0.01,186.916438815402,344.35852523035294,775.0,1491.8845094791006,0.21111408695551281,4.286919897897166,15.0
small-connection,12.0,2.5,150.0,0.02,186.916438815402,344.35852523035294,775.0,1333.568260282621,0.21111408695551281,4.286919897897166,15.0
small-connection,12.0,2.5,150.0,0.03,186.916438815402,344.35852523035294,775.0,1191.138870221678,0.21111408695551281,4.286919897897166,15.0
small-connection,12.0,2.5,150.0,0.04,186.916438815402,344.35852523035294,775.0,1062.6963654912972,0.21111408695551281,4.286919897897166,15.0
small-connection,12.0,2.5,200.0,0.0,186.916438815402,344.35852523035294,900.0,1543.2866164917996,0.17382559329764252,5.012197580901345,15.0
small-connection,12.0,2.5,200.0,0.01,186.916438815402,344.35852523035294,900.0,1366.8845094791006,0.17382559329764252,5.012197580901345,15.0
small-connection,12.0,2.5,200.0,0.02,186.916438815402,344.35852523035294,900.0,1208.5682602826212,0.17382559329764252,5.012197580901345,15.0
small-connection,12.0,2.5,200.0,0.03,186.916438815402,344.35852523035294,900.0,1066.138870221678,0.17382559329764252,5.012197580901345,15.0
small-connection,12.0,2.5,200.0,0.04,186.916438815402,344.35852523035294,900.0,937.6963654912972,0.17382559329764252,5.012197580901345,15.0
small-connection,12.0,2.5,250.0,0.0,186.916438815402,344.35852523035294,1025.0,1418.2866164917996,0.14459324178837046,5.752027919050481,15.0
small-connection,12.0,2.5,250.0,0.01,186.916438815402,344.35852523035294,1025.0,1241.8845094791006,0.14459324178837046,5.752027919050481,15.0
small-connection,12.0,2.5,250.0,0.02,186.916438815402,344.35852523035294,1025.0,1083.5682602826212,0.14459324178837046,5.752027919050481,15.0
small-connection,12.0,2.5,250.0,0.03,186.916438815402,344.35852523035294,1025.0,941.138870221678,0.14459324178837046,5.752027919050481,15.0
small-connection,12.0,2.5,250.0,0.04,186.916438815402,344.35852523035294,1025.0,812.6963654912972,0.14459324178837046,5.752027919050481,15.0
small-connection,12.0,2.5,300.0,0.0,186.916438815402,344.35852523035294,1150.0,1293.2866164917998,0.12085364224176817,6.501896180815936,15.0
small-connection,12.0,2.5,300.0,0.01,186.916438815402,344.35852523035294,1150.0,1116.8845094791006,0.12085364224176817,6.501896180815936,15.0
small-connection,12.0,2.5,300.0,0.02,186.916438815402,344.35852523035294,1150.0,958.5682602826213,0.12085364224176817,6.501896180815936,15.0
small-connection,12.0,2.5,300.0,0.03,186.916438815402,344.35852523035294,1150.0,816.1388702216778,0.12085364224176817,6.501896180815936,15.0
small-connection,12.0,2.5,300.0,0.04,186.916438815402,344.35852523035294,1150.0,687.6963654912972,0.12085364224176817,6.501896180815936,15.0
small-connection,12.0,2.5,350.0,0.0,186.916438815402,344.35852523035294,1275.0,1168.2866164917998,0.10104884982000606,7.262066425810863,15.0
small-connection,12.0,2.5,350.0,0.01,186.916438815402,344.35852523035294,1275.0,991.8845094791008,0.10104884982000606,7.262066425810863,15.0
small-connection,12.0,2.5,350.0,0.02,186.916438815402,344.35852523035294,1275.0,833.5682602826213,0.10104884982000606,7.262066425810863,15.0
small-connection,12.0,2.5,350.0,0.03,186.916438815402,344.35852523035294,1275.0,691.1388702216778,0.10104884982000606,7.262066425810863,15.0
small-connection,12.0,2.5,350.0,0.04,186.916438815402,344.35852523035294,1275.0,562.6963654912972,0.10104884982000606,7.262066425810863,15.0
small-connection,12.0,2.5,400.0,0.0,186.916438815402,344.35852523035294,1400.0,1043.2866164917996,0.08417410331149308,8.033063321296705,15.0
small-connection,12.0,2.5,400.0,0.01,186.916438815402,344.35852523035294,1400.0,866.8845094791005,0.08417410331149308,8.033063321296705,15.0
small-connection,12.0,2.5,400.0,0.02,186.916438815402,344.35852523035294,1400.0,708.5682602826215,0.08417410331149308,8.033063321296705,15.0
small-connection,12.0,2.5,400.0,0.03,186.916438815402,344.35852523035294,1400.0,566.1388702216781,0.08417410331149308,8.033063321296705,15.0
small-connection,12.0,2.5,400.0,0.04,186.916438815402,344.35852523035294,1400.0,437.6963654912974,0.08417410331149308,8.033063321296705,15.0
small-connection,12.0,5.0,100.0,0.0,335.68460541368177,323.1896716865901,900.0,3487.9163810711166,0.3499249060431885,2.7299959363140807,15.0
small-connection,12.0,5.0,100.0,0.01,335.68460541368177,323.1896716865901,900.0,3171.1145413721424,0.3499249060431885,2.7299959363140807,15.0
small-connection,12.0,5.0,100.0,0.02,335.68460541368177,323.1896716865901,900.0,2886.793226570188,0.3499249060431885,2.7299959363140807,15.0
small-connection,12.0,5.0,100.0,0.03,335.68460541368177,323.1896716865901,900.0,2631.0032387824494,0.3499249060431885,2.7299959363140807,15.0
small-connection,12.0,5.0,100.0,0.04,335.68460541368177,323.1896716865901,900.0,2400.3324010968245,0.3499249060431885,2.7299959363140807,15.0
small-connection,12.0,5.0,150.0,0.0,335.68460541368177,323.1896716865901,1150.0,3237.9163810711157,0.26560218118203904,3.515765955206506,15.0
small-connection,12.0,5.0,150.0,0.01,335.68460541368177,323.1896716865901,1150.0,2921.1145413721424,0.26560218118203904,3.515765955206506,15.0
small-connection,12.0,5.0,150.0,0.02,335.68460541368177,323.1896716865901,1150.0,2636.7932265701875,0.26560218118203904,3.515765955206506,15.0
small-connection,12.0,5.0,150.0,0.03,335.68460541368177,323.1896716865901,1150.0,2381.0032387824494,0.26560218118203904,3.515765955206506,15.0
small-connection,12.0,5.0,150.0,0.04,335.68460541368177,323.1896716865901,1150.0,2150.3324010968245,0.26560218118203904,3.515765955206506,15.0
small-connection,12.0,5.0,200.0,0.0,335.68460541368177,323.1896716865901,1400.0,2987.916381071116,0.20957192573728656,4.313312511339724,15.0
small-connection,12.0,5.0,200.0,0.01,335.68460541368177,323.1896716865901,1400.0,2671.114541372143,0.20957192573728656,4.313312511339724,15.0
small-connection,12.0,5.0,200.0,0.02,335.68460541368177,323.1896716865901,1400.0,2386.7932265701875,0.20957192573728656,4.313312511339724,15.0
small-connection,12.0,5.0,200.0,0.03,335.68460541368177,323.1896716865901,1400.0,2131.0032387824494,0.20957192573728656,4.313312511339724,15.0
small-connection,12.0,5.0,200.0,0.04,335.68460541368177,323.1896716865901,1400.0,1900.3324010968242,0.20957192573728656,4.313312511339724,15.0
small-connection,12.0,5.0,250.0,0.0,335.68460541368177,323.1896716865901,1650.0,2737.916381071116,0.16900420765751267,5.123205505018069,15.0
small-connection,12.0,5.0,250.0,0.01,335.68460541368177,323.1896716865901,1650.0,2421.114541372143,0.16900420765751267,5.123205505018069,15.0
small-connection,12.0,5.0,250.0,0.02,335.68460541368177,323.1896716865901,1650.0,2136.793226570188,0.16900420765751267,5.123205505018069,15.0
small-connection,12.0,5.0,250.0,0.03,335.68460541368177,323.1896716865901,1650.0,1881.00323878245,0.16900420765751267,5.123205505018069,15.0
small-connection,12.0,5.0,250.0,0.04,335.68460541368177,323.1896716865901,1650.0,1650.3324010968242,0.16900420765751267,5.123205505018069,15.0
small-connection,12.0,5.0,300.0,0.0,335.68460541368177,323.1896716865901,1900.0,2487.916381071116,0.13787688907253365,5.947112529077235,15.0
small-connection,12.0,5.0,300.0,0.01,335.68460541368177,323.1896716865901,1900.0,2171.1145413721424,0.13787688907253365,5.947112529077235,15.0
small-connection,12.0,5.0,300.0,0.02,335.68460541368177,323.1896716865901,1900.0,1886.7932265701882,0.13787688907253365,5.947112529077235,15.0
small-connection,12.0,5.0,300.0,0.03,335.68460541368177,323.1896716865901,1900.0,1631.00323878245,0.13787688907253365,5.947112529077235,15.0
small-connection,12.0,5.0,300.0,0.04,335.68460541368177,323.1896716865901,1900.0,1400.332401096824,0.13787688907253365,5.947112529077235,15.0
small-connection,12.0,5.0,350.0,0.0,335.68460541368177,323.1896716865901,2150.0,2237.916381071116,0.11298169258931008,6.7867546460575525,15.0
small-connection,12.0,5.0,350.0,0.01,335.68460541368177,323.1896716865901,2150.0,1921.1145413721424,0.11298169258931008,6.7867546460575525,15.0
small-connection,12.0,5.0,350.0,0.02,335.68460541368177,323.1896716865901,2150.0,1636.7932265701882,0.11298169258931008,6.7867546460575525,15.0
small-connection,12.0,5.0,350.0,0.03,335.68460541368177,323.1896716865901,2150.0,1381.0032387824494,0.11298169258931008,6.7867546460575525,15.0
small-connection,12.0,5.0,350.0,0.04,335.68460541368177,323.1896716865901,2150.0,1150.332401096824,0.11298169258931008,6.7867546460575525,15.0
small-connection,12.0,5.0,400.0,0.0,335.68460541368177,323.1896716865901,2400.0,1987.9163810711161,0.09244567233914605,7.640281733856277,15.0
small-connection,12.0,5.0,400.0,0.01,335.68460541368177,323.1896716865901,2400.0,1671.1145413721426,0.09244567233914605,7.640281733856277,15.0
small-connection,12.0,5.0,400.0,0.02,335.68460541368177,323.1896716865901,2400.0,1386.7932265701882,0.09244567233914605,7.640281733856277,15.0
small-connection,12.0,5.0,400.0,0.03,335.68460541368177,323.1896716865901,2400.0,1131.00323878245,0.09244567233914605,7.640281733856277,15.0
small-connection,12.0,5.0,400.0,0.04,335.68460541368177,323.1896716865901,2400.0,900.3324010968241,0.09244567233914605,7.640281733856277,15.0
small-connection,12.0,10.0,100.0,0.0,556.9684277038436,302.5815768674145,1400.0,5880.437792639714,0.3753696758908699,2.555609609774053,15.0
small-connection,12.0,10.0,100.0,0.01,556.9684277038436,302.5815768674145,1400.0,5354.799679645599,0.3753696758908699,2.555609609774053,15.0
small-connection,12.0,10.0,100.0,0.02,556.9684277038436,302.5815768674145,1400.0,4883.053304881759,0.3753696758908699,2.555609609774053,15.0
small-connection,12.0,10.0,100.0,0.03,556.9684277038436,302.5815768674145,1400.0,4458.646152981087,0.3753696758908699,2.555609609774053,15.0
small-connection,12.0,10.0,100.0,0.04,556.9684277038436,302.5815768674145,1400.0,4075.916734619577,0.3753696758908699,2.555609609774053,15.0
small-connection,12.0,10.0,150.0,0.0,556.9684277038436,302.5815768674145,1900.0,5380.437792639715,0.2669145751209817,3.500348943172443,15.0
small-connection,12.0,10.0,150.0,0.01,556.9684277038436,302.5815768674145,1900.0,4854.799679645598,0.2669145751209817,3.500348943172443,15.0
small-connection,12.0,10.0,150.0,0.02,556.9684277038436,302.5815768674145,1900.0,4383.053304881759,0.2669145751209817,3.500348943172443,15.0
small-connection,12.0,10.0,150.0,0.03,556.9684277038436,302.5815768674145,1900.0,3958.6461529810867,0.2669145751209817,3.500348943172443,15.0
small-connection,12.0,10.0,150.0,0.04,556.9684277038436,302.5815768674145,1900.0,3575.916734619577,0.2669145751209817,3.500348943172443,15.0
small-connection,12.0,10.0,200.0,0.0,556.9684277038436,302.5815768674145,2400.0,4880.437792639715,0.20109680074420105,4.4634259879674465,15.0
small-connection,12.0,10.0,200.0,0.01,556.9684277038436,302.5815768674145,2400.0,4354.799679645598,0.20109680074420105,4.4634259879674465,15.0
small-connection,12.0,10.0,200.0,0.02,556.9684277038436,302.5815768674145,2400.0,3883.053304881759,0.20109680074420105,4.4634259879674465,15.0
small-connection,12.0,10.0,200.0,0.03,556.9684277038436,302.5815768674145,2400.0,3458.6461529810863,0.20109680074420105,4.4634259879674465,15.0
small-connection,12.0,10.0,200.0,0.04,556.9684277038436,302.5815768674145,2400.0,3075.9167346195763,0.20109680074420105,4.4634259879674465,15.0
small-connection,12.0,10.0,250.0,0.0,556.9684277038436,302.5815768674145,2900.0,4380.437792639715,0.15591740426481915,5.4456122378631315,15.0
small-connection,12.0,10.0,250.0,0.01,556.9684277038436,302.5815768674145,2900.0,3854.799679645598,0.15591740426481915,5.4456122378631315,15.0
small-connection,12.0,10.0,250.0,0.02,556.9684277038436,302.5815768674145,2900.0,3383.053304881759,0.15591740426481915,5.4456122378631315,15.0
small-connection,12.0,10.0,250.0,0.03,556.9684277038436,302.5815768674145,2900.0,2958.646152981086,0.15591740426481915,5.4456122378631315,15.0
small-connection,12.0,10.0,250.0,0.04,556.9684277038436,302.5815768674145,2900.0,2575.9167346195763,0.15591740426481915,5.4456122378631315,15.0
small-connection,12.0,10.0,300.0,0.0,556.9684277038436,302.5815768674145,3400.0,3880.437792639715,0.12241207053328132,6.447703038571732,15.0
small-connection,12.0,10.0,300.0,0.01,556.9684277038436,302.5815768674145,3400.0,3354.7996796455986,0.12241207053328132,6.447703038571732,15.0
small-connection,12.0,10.0,300.0,0.02,556.9684277038436,302.5815768674145,3400.0,2883.053304881759,0.12241207053328132,6.447703038571732,15.0
small-connection,12.0,10.0,300.0,0.03,556.9684277038436,302.5815768674145,3400.0,2458.6461529810863,0.12241207053328132,6.447703038571732,15.0
small-connection,12.0,10.0,300.0,0.04,556.9684277038436,302.5815768674145,3400.0,2075.916734619576,0.12241207053328132,6.447703038571732,15.0
small-connection,12.0,10.0,350.0,0.0,556.9684277038436,302.5815768674145,3900.0,3380.4377926397146,0.09622640291643615,7.470518240043173,15.0
small-connection,12.0,10.0,350.0,0.01,556.9684277038436,302.5815768674145,3900.0,2854.7996796455986,0.09622640291643615,7.470518240043173,15.0
small-connection,12.0,10.0,350.0,0.02,556.9684277038436,302.5815768674145,3900.0,2383.053304881759,0.09622640291643615,7.470518240043173,15.0
small-connection,12.0,10.0,350.0,0.03,556.9684277038436,302.5815768674145,3900.0,1958.646152981086,0.09622640291643615,7.470518240043173,15.0
small-connection,12.0,10.0,350.0,0.04,556.9684277038436,302.5815768674145,3900.0,1575.9167346195757,0.09622640291643615,7.470518240043173,15.0
small-connection,12.0,10.0,400.0,0.0,556.9684277038436,302.5815768674145,4400.0,2880.4377926397146,0.07497676085157759,8.514902865382016,15.0
small-connection,12.0,10.0,400.0,0.01,556.9684277038436,302.5815768674145,4400.0,2354.7996796455986,0.07497676085157759,8.514902865382016,15.0
small-connection,12.0,10.0,400.0,0.02,556.9684277038436,302.5815768674145,4400.0,1883.0533048817588,0.07497676085157759,8.514902865382016,15.0
small-connection,12.0,10.0,400.0,0.03,556.9684277038436,302.5815768674145,4400.0,1458.646152981086,0.07497676085157759,8.514902865382016,15.0
small-connection,12.0,10.0,400.0,0.04,556.9684277038436,302.5815768674145,4400.0,1075.9167346195761,0.07497676085157759,8.514902865382016,15.0
small-connection,12.0,12.5,100.0,0.0,646.0886561441695,291.8464892897787,1650.0,6795.376857319763,0.3689668955572415,2.597489673679357,15.0
small-connection,12.0,12.5,100.0,0.01,646.0886561441695,291.8464892897787,1650.0,6185.631663247281,0.3689668955572415,2.597489673679357,15.0
small-connection,12.0,12.5,100.0,0.02,646.0886561441695,291.8464892897787,1650.0,5638.4013964104715,0.3689668955572415,2.597489673679357,15.0
small-connection,12.0,12.5,100.0,0.03,646.0886561441695,291.8464892897787,1650.0,5146.085076866263,0.3689668955572415,2.597489673679357,15.0
small-connection,12.0,12.5,100.0,0.04,646.0886561441695,291.8464892897787,1650.0,4702.115323328435,0.3689668955572415,2.597489673679357,15.0
small-connection,12.0,12.5,150.0,0.0,646.0886561441695,291.8464892897787,2275.0,6170.376857319763,0.2572264043734617,3.6170776882794686,15.0
small-connection,12.0,12.5,150.0,0.01,646.0886561441695,291.8464892897787,2275.0,5560.631663247281,0.2572264043734617,3.6170776882794686,15.0
small-connection,12.0,12.5,150.0,0.02,646.0886561441695,291.8464892897787,2275.0,5013.401396410471,0.2572264043734617,3.6170776882794686,15.0
small-connection,12.0,12.5,150.0,0.03,646.0886561441695,291.8464892897787,2275.0,4521.085076866264,0.2572264043734617,3.6170776882794686,15.0
small-connection,12.0,12.5,150.0,0.04,646.0886561441695,291.8464892897787,2275.0,4077.1153233284354,0.2572264043734617,3.6170776882794686,15.0
small-connection,12.0,12.5,200.0,0.0,646.0886561441695,291.8464892897787,2900.0,5545.376857319763,0.19080282998669074,4.658041019729698,15.0
small-connection,12.0,12.5,200.0,0.01,646.0886561441695,291.8464892897787,2900.0,4935.631663247281,0.19080282998669074,4.658041019729698,15.0
small-connection,12.0,12.5,200.0,0.02,646.0886561441695,291.8464892897787,2900.0,4388.401396410471,0.19080282998669074,4.658041019729698,15.0
small-connection,12.0,12.5,200.0,0.03,646.0886561441695,291.8464892897787,2900.0,3896.085076866264,0.19080282998669074,4.658041019729698,15.0
small-connection,12.0,12.5,200.0,0.04,646.0886561441695,291.8464892897787,2900.0,3452.1153233284354,0.19080282998669074,4.658041019729698,15.0
small-connection,12.0,12.5,250.0,0.0,646.0886561441695,291.8464892897787,3525.0,4920.376857319763,0.1456865884124635,5.721243971668824,15.0
small-connection,12.0,12.5,250.0,0.01,646.0886561441695,291.8464892897787,3525.0,4310.631663247281,0.1456865884124635,5.721243971668824,15.0
small-connection,12.0,12.5,250.0,0.02,646.0886561441695,291.8464892897787,3525.0,3763.4013964104706,0.1456865884124635,5.721243971668824,15.0
small-connection,12.0,12.5,250.0,0.03,646.0886561441695,291.8464892897787,3525.0,3271.0850768662635,0.1456865884124635,5.721243971668824,15.0
small-connection,12.0,12.5,250.0,0.04,646.0886561441695,291.8464892897787,3525.0,2827.1153233284354,0.1456865884124635,5.721243971668824,15.0
small-connection,12.0,12.5,300.0,0.0,646.0886561441695,291.8464892897787,4150.0,4295.376857319763,0.11242634533032736,6.807577222762597,15.0
small-connection,12.0,12.5,300.0,0.01,646.0886561441695,291.8464892897787,4150.0,3685.631663247281,0.11242634533032736,6.807577222762597,15.0
small-connection,12.0,12.5,300.0,0.02,646.0886561441695,291.8464892897787,4150.0,3138.401396410471,0.11242634533032736,6.807577222762597,15.0
small-connection,12.0,12.5,300.0,0.03,646.0886561441695,291.8464892897787,4150.0,2646.085076866263,0.11242634533032736,6.807577222762597,15.0
small-connection,12.0,12.5,300.0,0.04,646.0886561441695,291.8464892897787,4150.0,2202.1153233284354,0.11242634533032736,6.807577222762597,15.0
small-connection,12.0,12.5,350.0,0.0,646.0886561441695,291.8464892897787,4775.0,3670.3768573197635,0.08652497542107927,7.917958543258918,15.0
small-connection,12.0,12.5,350.0,0.01,646.0886561441695,291.8464892897787,4775.0,3060.631663247281,0.08652497542107927,7.917958543258918,15.0
small-connection,12.0,12.5,350.0,0.02,646.0886561441695,291.8464892897787,4775.0,2513.4013964104706,0.08652497542107927,7.917958543258918,15.0
small-connection,12.0,12.5,350.0,0.03,646.0886561441695,291.8464892897787,4775.0,2021.0850768662633,0.08652497542107927,7.917958543258918,15.0
small-connection,12.0,12.5,350.0,0.04,646.0886561441695,291.8464892897787,4775.0,1577.1153233284354,0.08652497542107927,7.917958543258918,15.0
small-connection,12.0,12.5,400.0,0.0,646.0886561441695,291.8464892897787,5400.0,3045.376857319763,0.06555332807935538,9.054421969188947,15.0
small-connection,12.0,12.5,400.0,0.01,646.0886561441695,291.8464892897787,5400.0,2435.631663247281,0.06555332807935538,9.054421969188947,15.0
small-connection,12.0,12.5,400.0,0.02,646.0886561441695,291.8464892897787,5400.0,1888.4013964104706,0.06555332807935538,9.054421969188947,15.0
small-connection,12.0,12.5,400.0,0.03,646.0886561441695,291.8464892897787,5400.0,1396.0850768662647,0.06555332807935538,9.054421969188947,15.0
small-connection,12.0,12.5,400.0,0.04,646.0886561441695,291.8464892897787,5400.0,952.1153233284354,0.06555332807935538,9.054421969188947,15.0
small-connection,12.0,20.0,100.0,0.0,863.7950387206815,265.5456014764079,2400.0,8891.135605159792,0.33648593727734344,2.8313586931121093,15.0
small-connection,12.0,20.0,100.0,0.01,863.7950387206815,265.5456014764079,2400.0,8075.930341122371,0.33648593727734344,2.8313586931121093,15.0
small-connection,12.0,20.0,100.0,0.02,863.7950387206815,265.5456014764079,2400.0,7344.305067971076,0.33648593727734344,2.8313586931121093,15.0
small-connection,12.0,20.0,100.0,0.03,863.7950387206815,265.5456014764079,2400.0,6686.097575455345,0.33648593727734344,2.8313586931121093,15.0
small-connection,12.0,20.0,100.0,0.04,863.7950387206815,265.5456014764079,2400.0,6092.527533943201,0.33648593727734344,2.8313586931121093,15.0
small-connection,12.0,20.0,150.0,0.0,863.7950387206815,265.5456014764079,3400.0,7891.135605159792,0.2251330678178874,4.05911622739872,15.0
small-connection,12.0,20.0,150.0,0.01,863.7950387206815,265.5456014764079,3400.0,7075.930341122371,0.2251330678178874,4.05911622739872,15.0
small-connection,12.0,20.0,150.0,0.02,863.7950387206815,265.5456014764079,3400.0,6344.305067971076,0.2251330678178874,4.05911622739872,15.0
small-connection,12.0,20.0,150.0,0.03,863.7950387206815,265.5456014764079,3400.0,5686.097575455344,0.2251330678178874,4.05911622739872,15.0
small-connection,12.0,20.0,150.0,0.04,863.7950387206815,265.5456014764079,3400.0,5092.527533943201,0.2251330678178874,4.05911622739872,15.0
small-connection,12.0,20.0,200.0,0.0,863.7950387206815,265.5456014764079,4400.0,6891.13560515979,0.16083664116258542,5.320648450555627,15.0
small-connection,12.0,20.0,200.0,0.01,863.7950387206815,265.5456014764079,4400.0,6075.930341122371,0.16083664116258542,5.320648450555627,15.0
small-connection,12.0,20.0,200.0,0.02,863.7950387206815,265.5456014764079,4400.0,5344.305067971076,0.16083664116258542,5.320648450555627,15.0
small-connection,12.0,20.0,200.0,0.03,863.7950387206815,265.5456014764079,4400.0,4686.097575455345,0.16083664116258542,5.320648450555627,15.0
small-connection,12.0,20.0,200.0,0.04,863.7950387206815,265.5456014764079,4400.0,4092.5275339432,0.16083664116258542,5.320648450555627,15.0
small-connection,12.0,20.0,250.0,0.0,863.7950387206815,265.5456014764079,5400.0,5891.13560515979,0.11770261120079789,6.613655493221897,15.0
small-connection,12.0,20.0,250.0,0.01,863.7950387206815,265.5456014764079,5400.0,5075.930341122371,0.11770261120079789,6.613655493221897,15.0
small-connection,12.0,20.0,250.0,0.02,863.7950387206815,265.5456014764079,5400.0,4344.305067971075,0.11770261120079789,6.613655493221897,15.0
small-connection,12.0,20.0,250.0,0.03,863.7950387206815,265.5456014764079,5400.0,3686.0975754553447,0.11770261120079789,6.613655493221897,15.0
small-connection,12.0,20.0,250.0,0.04,863.7950387206815,265.5456014764079,5400.0,3092.5275339432005,0.11770261120079789,6.613655493221897,15.0
small-connection,12.0,20.0,300.0,0.0,863.7950387206815,265.5456014764079,6400.0,4891.135605159792,0.08608248712180673,7.939313115534453,15.0
small-connection,12.0,20.0,300.0,0.01,863.7950387206815,265.5456014764079,6400.0,4075.930341122371,0.08608248712180673,7.939313115534453,15.0
small-connection,12.0,20.0,300.0,0.02,863.7950387206815,265.5456014764079,6400.0,3344.3050679710755,0.08608248712180673,7.939313115534453,15.0
small-connection,12.0,20.0,300.0,0.03,863.7950387206815,265.5456014764079,6400.0,2686.097575455346,0.08608248712180673,7.939313115534453,15.0
small-connection,12.0,20.0,300.0,0.04,863.7950387206815,265.5456014764079,6400.0,2092.527533943201,0.08608248712180673,7.939313115534453,15.0
small-connection,12.0,20.0,350.0,0.0,863.7950387206815,265.5456014764079,7400.0,3891.1356051597913,0.06152113213159731,9.304930570197827,15.0
small-connection,12.0,20.0,350.0,0.01,863.7950387206815,265.5456014764079,7400.0,3075.930341122371,0.06152113213159731,9.304930570197827,15.0
small-connection,12.0,20.0,350.0,0.02,863.7950387206815,265.5456014764079,7400.0,2344.3050679710755,0.06152113213159731,9.304930570197827,15.0
small-connection,12.0,20.0,350.0,0.03,863.7950387206815,265.5456014764079,7400.0,1686.097575455345,0.06152113213159731,9.304930570197827,15.0
small-connection,12.0,20.0,350.0,0.04,863.7950387206815,265.5456014764079,7400.0,1092.5275339432008,0.06152113213159731,9.304930570197827,15.0
small-connection,12.0,20.0,400.0,0.0,863.7950387206815,265.5456014764079,8400.0,2891.1356051597913,0.04165465606287676,10.70761069335644,15.0
small-connection,12.0,20.0,400.0,0.01,863.7950387206815,265.5456014764079,8400.0,2075.9303411223714,0.04165465606287676,10.70761069335644,15.0
small-connection,12.0,20.0,400.0,0.02,863.7950387206815,265.5456014764079,8400.0,1344.3050679710755,0.04165465606287676,10.70761069335644,15.0
small-connection,12.0,20.0,400.0,0.03,863.7950387206815,265.5456014764079,8400.0,686.0975754553442,0.04165465606287676,10.70761069335644,15.0
small-connection,12.0,20.0,400.0,0.04,863.7950387206815,265.5456014764079,8400.0,92.52753394320075,0.04165465606287676,10.70761069335644,15.0
small-connection,12.0,25.0,100.0,0.0,972.621251281893,249.27108950917471,2900.0,9813.662325438767,0.3111281056889788,3.043809755493514,15.0
small-connection,12.0,25.0,100.0,0.01,972.621251281893,249.27108950917471,2900.0,8895.752487551807,0.3111281056889788,3.043809755493514,15.0
small-connection,12.0,25.0,100.0,0.02,972.621251281893,249.27108950917471,2900.0,8071.952561940087,0.3111281056889788,3.043809755493514,15.0
small-connection,12.0,25.0,100.0,0.03,972.621251281893,249.27108950917471,2900.0,7330.8200405934585,0.3111281056889788,3.043809755493514,15.0
small-connection,12.0,25.0,100.0,0.04,972.621251281893,249.27108950917471,2900.0,6662.468393941238,0.3111281056889788,3.043809755493514,15.0
small-connection,12.0,25.0,150.0,0.0,972.621251281893,249.27108950917471,4150.0,8563.662325438767,0.2036292489373454,4.417651231615723,15.0
small-connection,12.0,25.0,150.0,0.01,972.621251281893,249.27108950917471,4150.0,7645.7524875518075,0.2036292489373454,4.417651231615723,15.0
small-connection,12.0,25.0,150.0,0.02,972.621251281893,249.27108950917471,4150.0,6821.952561940087,0.2036292489373454,4.417651231615723,15.0
small-connection,12.0,25.0,150.0,0.03,972.621251281893,249.27108950917471,4150.0,6080.8200405934585,0.2036292489373454,4.417651231615723,15.0
small-connection,12.0,25.0,150.0,0.04,972.621251281893,249.27108950917471,4150.0,5412.468393941238,0.2036292489373454,4.417651231615723,15.0
small-connection,12.0,25.0,200.0,0.0,972.621251281893,249.27108950917471,5400.0,7313.662325438768,0.1419500943469602,5.827557953429096,15.0
small-connection,12.0,25.0,200.0,0.01,972.621251281893,249.27108950917471,5400.0,6395.752487551807,0.1419500943469602,5.827557953429096,15.0
small-connection,12.0,25.0,200.0,0.02,972.621251281893,249.27108950917471,5400.0,5571.952561940087,0.1419500943469602,5.827557953429096,15.0
small-connection,12.0,25.0,200.0,0.03,972.621251281893,249.27108950917471,5400.0,4830.820040593459,0.1419500943469602,5.827557953429096,15.0
small-connection,12.0,25.0,200.0,0.04,972.621251281893,249.27108950917471,5400.0,4162.468393941237,0.1419500943469602,5.827557953429096,15.0
small-connection,12.0,25.0,250.0,0.0,972.621251281893,249.27108950917471,6650.0,6063.662325438767,0.10061510317240044,7.280455376910669,15.0
small-connection,12.0,25.0,250.0,0.01,972.621251281893,249.27108950917471,6650.0,5145.752487551807,0.10061510317240044,7.280455376910669,15.0
small-connection,12.0,25.0,250.0,0.02,972.621251281893,249.27108950917471,6650.0,4321.952561940087,0.10061510317240044,7.280455376910669,15.0
small-connection,12.0,25.0,250.0,0.03,972.621251281893,249.27108950917471,6650.0,3580.820040593459,0.10061510317240044,7.280455376910669,15.0
small-connection,12.0,25.0,250.0,0.04,972.621251281893,249.27108950917471,6650.0,2912.468393941237,0.10061510317240044,7.280455376910669,15.0
small-connection,12.0,25.0,300.0,0.0,972.621251281893,249.27108950917471,7900.0,4813.662325438766,0.0702956416437751,8.776399219862595,15.0
small-connection,12.0,25.0,300.0,0.01,972.621251281893,249.27108950917471,7900.0,3895.7524875518066,0.0702956416437751,8.776399219862595,15.0
small-connection,12.0,25.0,300.0,0.02,972.621251281893,249.27108950917471,7900.0,3071.9525619400874,0.0702956416437751,8.776399219862595,15.0
small-connection,12.0,25.0,300.0,0.03,972.621251281893,249.27108950917471,7900.0,2330.820040593459,0.0702956416437751,8.776399219862595,15.0
small-connection,12.0,25.0,300.0,0.04,972.621251281893,249.27108950917471,7900.0,1662.4683939412378,0.0702956416437751,8.776399219862595,15.0
small-connection,12.0,25.0,350.0,0.0,972.621251281893,249.27108950917471,9150.0,3563.662325438766,0.0467181788495676,10.319687262556437,15.0
small-connection,12.0,25.0,350.0,0.01,972.621251281893,249.27108950917471,9150.0,2645.752487551806,0.0467181788495676,10.319687262556437,15.0
small-connection,12.0,25.0,350.0,0.02,972.621251281893,249.27108950917471,9150.0,1821.9525619400868,0.0467181788495676,10.319687262556437,15.0
small-connection,12.0,25.0,350.0,0.03,972.621251281893,249.27108950917471,9150.0,1080.82004059346,0.0467181788495676,10.319687262556437,15.0
small-connection,12.0,25.0,350.0,0.04,972.621251281893,249.27108950917471,9150.0,412.4683939412366,0.0467181788495676,10.319687262556437,15.0
small-connection,12.0,25.0,400.0,0.0,972.621251281893,249.27108950917471,10400.0,2313.662325438766,0.02762365479210069,11.910819550161719,15.0
small-connection,12.0,25.0,400.0,0.01,972.621251281893,249.27108950917471,10400.0,1395.7524875518047,0.02762365479210069,11.910819550161719,15.0
small-connection,12.0,25.0,400.0,0.02,972.621251281893,249.27108950917471,10400.0,571.9525619400875,0.02762365479210069,11.910819550161719,15.0
small-connection,12.0,25.0,400.0,0.03,972.621251281893,249.27108950917471,10400.0,-169.17995940654095,0.02762365479210069,11.910819550161719,15.0
small-connection,12.0,25.0,400.0,0.04,972.621251281893,249.27108950917471,10400.0,-837.5316060587638,0.02762365479210069,11.910819550161719,15.0
