name,scenario,pv_kwp,battery_kwh,battery_kw,orientation,ev_kwh_per_day,ev_charge_kw,connection_kw,battery_efficiency,ev_efficiency,annual_bill,imported_kwh,exported_kwh,solar_available_kwh,solar_curtailed_kwh,base_load_kwh,ev_charge_kwh,battery_charge_kwh,battery_discharge_kwh,peak_import_kw,peak_export_kw,solar_curtailed_share,solar_to_load_share,solar_to_export_share,solar_to_battery_share,solar_to_ev_share,ev_from_solar_share,ev_from_grid_share,ev_from_battery_share,load_from_solar_share,load_from_grid_share,load_from_battery_share,battery_from_solar_share,battery_from_grid_share,self_consumption,self_sufficiency,capex,annual_savings,npv,irr,payback_years,lifetime_years,cycles_per_year
base|pv=00.0|bat=00.0,base,0.0,0.0,0.0,south,10.0,12.0,17.25,0.95,0.92,1338.814211402097,6339.13043478261,0.0,0.0,0.0,3500.0,2839.13043478261,0.0,0.0,13.069897129267877,0.0,NaN,NaN,NaN,NaN,NaN,0.0,1.0,0.0,0.0,1.0,0.0,NaN,NaN,NaN,0.0,0.0,0.0,NaN,NaN,NaN,NaN,NaN
base|pv=00.0|bat=02.5,base,0.0,2.5,1.25,south,10.0,12.0,17.25,0.95,0.92,1245.5651978388898,6418.60414356566,5.87797657342651,0.0,0.0,3500.0,2839.1304347826103,765.7895611243459,692.1938289147223,14.319897129267877,0.9171151468928354,NaN,NaN,NaN,NaN,NaN,0.0,1.0,0.0,0.0,0.8039097564739139,0.19609024352608606,0.0,1.0,NaN,0.1960902435260845,1400.0,93.2490135632072,-181.09133533699222,-0.017626326805879042,Inf,15.0,276.87753156588894
base|pv=00.0|bat=05.0,base,0.0,5.0,2.5,south,10.0,12.0,17.25,0.95,0.92,1183.5974697080621,6495.047711296076,29.835329572846057,0.0,0.0,3500.0,2839.1304347826103,1315.0712506730229,1188.9893037324032,15.170410269270693,2.252660847088021,NaN,NaN,NaN,NaN,NaN,0.0,1.0,0.0,0.0,0.6688131502401239,0.3311868497598761,0.0,1.0,NaN,0.3311868497598735,2400.0,155.2167416940349,-371.07739672359537,-0.021240587271561313,Inf,15.0,237.79786074648064
base|pv=00.0|bat=07.5,base,0.0,7.5,3.75,south,10.0,12.0,17.25,0.95,0.92,1138.4663700487583,6573.345065410171,67.73237854748919,0.0,0.0,3500.0,2839.1304347826103,1740.3948931289394,1573.912641048868,16.2964521972328,3.502660847088021,NaN,NaN,NaN,NaN,NaN,0.0,0.9900503708784677,0.009949629121532248,0.0,0.5777337235292447,0.4222662764707554,0.0,1.0,NaN,0.42226627647075343,3400.0,200.3478413533387,-781.1442025970207,-0.03238114237197358,Inf,15.0,209.85501880651572
base|pv=00.0|bat=10.0,base,0.0,10.0,5.0,south,10.0,12.0,17.25,0.95,0.92,1106.1524778895882,6657.244876870831,121.64499083310906,0.0,0.0,3500.0,2839.1304347826103,2058.917448770372,1862.4479975152608,17.250000000000014,4.794466056279509,NaN,NaN,NaN,NaN,NaN,0.0,0.9520138857082768,0.047986114291723135,0.0,0.5415530945286939,0.4584469054713061,0.0,1.0,NaN,0.45844690547130384,4400.0,232.66173351250882,-1358.7517113874474,-0.044838569860184016,Inf,15.0,186.24479975152607
base|pv=00.0|bat=12.5,base,0.0,12.5,6.25,south,10.0,12.0,17.25,0.95,0.92,1080.7415125950665,6751.3706048463255,191.19287406881017,0.0,0.0,3500.0,2839.1304347826094,2321.9594461015995,2100.912150106694,17.250000000000036,6.08621967461185,NaN,NaN,NaN,NaN,NaN,0.0,0.9052581897707854,0.09474181022921464,0.0,0.5312185945229343,0.46878140547706576,0.0,1.0,NaN,0.4688120403731873,5400.0,258.0726988070305,-2026.5911384077795,-0.05602274850867935,Inf,15.0,168.07297200853552
base|pv=00.0|bat=15.0,base,0.0,15.0,7.5,south,10.0,12.0,17.25,0.95,0.92,1057.8009118126622,6850.997587199506,268.12591043291036,0.0,0.0,3500.0,2839.13043478261,2565.6794049639616,2321.938162979975,17.250000000000036,7.319289852147554,NaN,NaN,NaN,NaN,NaN,0.0,0.8581747351951277,0.14182526480487231,0.0,0.5282423351947267,0.4717576648052733,0.0,1.0,NaN,0.4718041993277456,6400.0,281.01329958943484,-2726.722045987906,-0.06508563650213098,Inf,15.0,154.79587753199834
base|pv=00.0|bat=20.0,base,0.0,20.0,10.0,south,10.0,12.0,17.25,0.95,0.92,1013.5938939527456,7051.44251556346,424.71685069301213,0.0,0.0,3500.0,2839.13043478261,3037.386975259878,2749.79174517204,17.25000000000002,9.824552792661352,NaN,NaN,NaN,NaN,NaN,0.0,0.7740277358752667,0.22597226412473326,0.0,0.5189970965754946,0.48100290342450536,0.0,1.0,NaN,0.48100290342450386,8400.0,325.22031744935146,-4148.868028563473,-0.07806821392080712,Inf,15.0,137.489587258602
base|pv=00.0|bat=25.0,base,0.0,25.0,12.5,south,10.0,12.0,17.25,0.95,0.92,984.4673574597331,7268.759901521651,617.2410471432887,0.0,0.0,3500.0,2839.13043478261,3313.599175341061,3001.210755745308,17.25000000000004,12.33621967461185,NaN,NaN,NaN,NaN,NaN,0.0,0.7598940017531781,0.24010599824682194,0.0,0.5136350110269678,0.48636498897303215,0.0,1.0,NaN,0.48636498897303077,10400.0,354.34685394236396,-5768.139199953489,-0.09072183996961178,Inf,15.0,120.04843022981231
base|pv=00.0|bat=30.0,base,0.0,30.0,15.0,south,10.0,12.0,17.25,0.95,0.92,959.6175491236563,7501.811084050225,827.7267476891567,0.0,0.0,3500.0,2839.1304347826103,3566.963093112399,3232.00919153394,17.250000000000007,14.838065418908581,NaN,NaN,NaN,NaN,NaN,0.0,0.7534716146038125,0.2465283853961875,0.0,0.5130410851918126,0.48695891480818737,0.0,1.0,NaN,0.48695891480818604,12400.0,379.1966622784407,-7443.313815333979,-0.10104448247726217,Inf,15.0,107.733639717798
base|pv=03.0|bat=00.0,base,3.0,0.0,0.0,south,10.0,12.0,17.25,0.95,0.92,929.3587755953723,5020.408404592494,2176.9831010416383,3591.9103823688893,96.2052511371347,3500.0,2839.13043478261,0.0,0.0,13.069897129267877,2.3347800562488095,0.026783867328473456,0.2652744645142615,0.6060794589217754,0.0,0.10186220923549123,0.12887041836526533,0.8711295816347348,0.0,0.2722406009331783,0.7277593990668216,0.0,NaN,NaN,0.37724063691992465,0.27521369195649514,0.0,0.0,NaN,NaN,NaN,NaN,NaN
base|pv=03.0|bat=02.5,base,3.0,2.5,1.25,south,10.0,12.0,17.25,0.95,0.92,755.6680573080737,4432.776567666517,1528.466900564627,3591.9103823688893,71.23728964983583,3500.0,2839.13043478261,891.4982055213605,805.6458804830279,13.644774998606088,2.2323585036465707,0.019832702396893977,0.2645488884729135,0.42337435881743496,0.21188296749353888,0.08036108281922011,0.10166838556639404,0.8983316144336059,0.0,0.27149597118571694,0.5005321045332781,0.22797192428100493,0.8536917136497096,0.14630828635029045,0.5681661078052085,0.5030779618687076,1400.0,173.69071828729864,870.4060172006415,0.07158129763091206,8.703433462512548,15.0,322.2583521932112
base|pv=03.0|bat=05.0,base,3.0,5.0,2.5,south,10.0,12.0,17.25,0.95,0.92,636.0160519781296,3985.6775144294907,1035.9217723118818,3591.9103823688893,50.17697073673331,3500.0,2839.1304347826103,1584.5766047913246,1432.2178858241705,14.894774998606088,2.3188037683001634,0.01396943837547563,0.26344489579067604,0.27734548030444844,0.3802924700175068,0.06494771551189317,0.08216824799603546,0.912725433378462,0.00510631862550265,0.27036298753503457,0.3359230927216639,0.39371391974330155,0.8620450833757455,0.1379549166242544,0.7189155308974794,0.6681605361242322,2400.0,293.34272361724277,1434.442573384852,0.0690843872535151,8.845955196820583,15.0,286.4435771648341
base|pv=03.0|bat=07.5,base,3.0,7.5,3.75,south,10.0,12.0,17.25,0.95,0.92,557.3344809379497,3733.9716268674897,738.7412162910681,3591.9103823688893,42.44337023545712,3500.0,2839.13043478261,2141.2639787409607,1935.696990813717,16.1447749986061,3.806125615661524,0.011816377837206904,0.26161655541175916,0.16137332720877326,0.5037679868553739,0.06142575268688712,0.07771245593996357,0.8646873421484887,0.057600201911547695,0.2684866347380239,0.27063913164353326,0.46087423361844276,0.8450566956040851,0.1549433043959149,0.8373286186685583,0.7335378155924105,3400.0,372.0242946574226,1462.9322595000324,0.05121452320265342,9.991398389528017,15.0,258.09293210849563
base|pv=03.0|bat=10.0,base,3.0,10.0,5.0,south,10.0,12.0,17.25,0.95,0.92,504.8747384273366,3614.1752085612243,584.1601059627219,3591.9103823688893,38.276551320127616,3500.0,2839.13043478261,2551.7281934836333,2307.209694618979,17.250000000000014,5.183375042154696,0.0106563213570167,0.26072373195636883,0.07607181498751127,0.5917855011932812,0.06076263050582305,0.07687351052986115,0.8012607055264669,0.12186578394367203,0.26757036564115544,0.260915384483867,0.4715142498749776,0.8330199475397828,0.16698005246021713,0.9240942465315566,0.7434236676021554,4400.0,424.48403716803574,1148.6621374770643,0.03214365969745524,11.502156902170125,15.0,230.7209694618979
base|pv=03.0|bat=12.5,base,3.0,12.5,6.25,south,10.0,12.0,17.25,0.95,0.92,470.6427946207493,3583.552290604421,528.0424166965528,3591.9103823688893,36.06253598191982,3500.0,2839.1304347826094,2846.8824155100315,2574.655129997803,17.25000000000001,6.433375042154696,0.010039931998007238,0.2601700696274587,0.02947522699957652,0.6398448899835123,0.06046988139144646,0.07650314058472732,0.7469558333486676,0.17654102606660513,0.2670021640790016,0.2612086681809246,0.4717891677400738,0.8072920366911996,0.19270796330880036,0.971376466914252,0.7434805248303816,5400.0,458.715980974623,596.1265268544747,0.014071287315633417,13.290121061515036,15.0,205.97241039982427
base|pv=03.0|bat=15.0,base,3.0,15.0,7.5,south,10.0,12.0,17.25,0.95,0.92,446.26693582225636,3658.126502776857,582.1946058413477,3591.9103823688893,32.89349436519739,3500.0,2839.1304347826094,3099.8035913496597,2803.9852411930683,17.250000000000014,7.683375042154696,0.009157660092706408,0.259677109107858,0.02043544379347437,0.6514538727541945,0.05927591425176694,0.07499259957094312,0.6984173041529622,0.22659009627609472,0.26649625836230095,0.2615397189165462,0.4719640227211528,0.7548749010131275,0.24512509898687246,0.9804877787054718,0.7436212757332399,6400.0,483.09183977311596,-85.24334117157798,-0.0017535876631681034,Inf,15.0,186.93234941287122
base|pv=03.0|bat=20.0,base,3.0,20.0,10.0,south,10.0,12.0,17.25,0.95,0.92,409.3650957974391,3884.100593875073,773.3907740238841,3591.9103823688893,32.43271883601541,3500.0,2839.1304347826094,3483.1492164251626,3152.092167823709,17.25000000000002,10.183375042154696,0.009029378626820253,0.25937182694792693,0.019808766443376948,0.6515327861930804,0.060257241788796816,0.07623412075136467,0.6451943839947284,0.27857149525390695,0.2661829594594985,0.2598307841943741,0.4739862563461274,0.6718768659536504,0.32812313404634963,0.9811529759404113,0.7457225881340995,8400.0,519.9936797979333,-1602.87928358539,-0.026531889799688083,Inf,15.0,157.60460839118545
base|pv=03.0|bat=25.0,base,3.0,25.0,12.5,south,10.0,12.0,17.25,0.95,0.92,382.59224885000583,4139.650627412131,1006.5647843012698,3591.9103823688893,31.29337892461337,3500.0,2839.1304347826094,3746.25550535925,3391.683093586723,17.250000000000032,12.683375042154696,0.008712182541696704,0.2593169488151708,0.01990073616033089,0.6507801252745353,0.06129000720826794,0.07754071828816787,0.641003482646038,0.28145579906579404,0.26612664022098115,0.2602990040810834,0.47357435569793543,0.6239680890075238,0.3760319109924762,0.9811590066835947,0.7453788753070946,10400.0,546.7665267453665,-3252.9168134751544,-0.04548736949434363,Inf,15.0,135.66732374346893
base|pv=03.0|bat=30.0,base,3.0,30.0,15.0,south,10.0,12.0,17.25,0.95,0.92,356.180532813884,4392.71476803549,1237.7530690055364,3591.9103823688893,29.787005680653973,3500.0,2839.13043478261,4007.9963172879957,3630.0416763524167,17.25000000000001,15.183375042154696,0.00829280313530797,0.2592527148277642,0.01988830657394225,0.6480292052506168,0.06453697021237041,0.08164859582092249,0.6335393313103981,0.2848120728686794,0.26606071944204784,0.2610515668600762,0.472887713697876,0.5807547328269393,0.41924526717306054,0.9811732882168238,0.7447452671348043,12400.0,573.1782427814883,-4907.674882275248,-0.05962097458259612,Inf,15.0,121.00138921174722
base|pv=06.0|bat=00.0,base,6.0,0.0,0.0,south,10.0,12.0,17.25,0.95,0.92,634.000800561844,4672.436183128888,5297.744495299596,7183.8207647377785,219.38201778446006,3500.0,2839.13043478261,0.0,0.0,13.069897129267877,4.833343879611602,0.03053834790273583,0.1524080467332728,0.7374549934909136,0.0,0.07959861187307637,0.2014074992161792,0.7985925007838207,0.0,0.3128205973816037,0.6871794026183963,0.0,NaN,NaN,0.23931494154971766,0.3152856896267605,0.0,0.0,NaN,NaN,NaN,NaN,NaN
base|pv=06.0|bat=02.5,base,6.0,2.5,1.25,south,10.0,12.0,17.25,0.95,0.92,447.04301776113516,3958.1257756352998,4531.581976308352,7183.8207647377785,181.3919661131086,3500.0,2839.1304347826103,932.419622246224,842.5774590772172,13.644774998606088,4.590965073326103,0.025250068459876127,0.15222572061688888,0.6293706355953856,0.11691467414847984,0.07623890117936799,0.19290645990171673,0.8070935400982832,1.4977311233111217e-18,0.3124463693413657,0.44975896680857164,0.23779466385006254,0.9007683277053663,0.09923167229463367,0.35443480713494824,0.5528627698201296,1400.0,186.95778280070886,1043.8270462507487,0.08421288660134446,8.031116434406623,15.0,337.0309836308869
base|pv=06.0|bat=05.0,base,6.0,5.0,2.5,south,10.0,12.0,17.25,0.95,0.92,305.94726255018855,3334.7329397949343,3868.0210147972684,7183.8207647377785,146.734815535837,3500.0,2839.13043478261,1710.8198914563782,1546.1524520393814,14.894774998606088,4.590965073326103,0.02042573448604032,0.15112918849534038,0.5306718719077416,0.22238325512574464,0.07538994998513453,0.19075836795684986,0.7990801450341292,0.010161487009021076,0.3101957149916564,0.27222335275541965,0.417580932252924,0.933798732338997,0.06620126766100307,0.45852983212446075,0.7304122299431076,2400.0,328.05353801165546,1888.1665411368583,0.08832731001897737,7.831856299965157,15.0,309.2304904078763
base|pv=06.0|bat=07.5,base,6.0,7.5,3.75,south,10.0,12.0,17.25,0.95,0.92,199.72413255883419,2914.814540133146,3407.1410209772735,7183.8207647377785,120.22027965060325,3500.0,2839.13043478261,2413.8443021583303,2181.700732697893,16.144774998606096,5.552015186319853,0.01673486624843312,0.14943068463322434,0.44225673357877754,0.31540118076709833,0.0761765347724665,0.19274865486274012,0.7363275044624845,0.07092384067477545,0.3067095014734688,0.19320741763010113,0.5000830808964302,0.9386626757954349,0.06133732420456511,0.5510815227125228,0.8094203194313057,3400.0,434.27666800300983,2276.666950809543,0.07651043184171434,8.431684934745444,15.0,290.8934310263857
base|pv=06.0|bat=10.0,base,6.0,10.0,5.0,south,10.0,12.0,17.25,0.95,0.92,115.30992406743422,2626.0544872755486,3075.0261432003754,7183.8207647377785,105.20264334334388,3500.0,2839.13043478261,3023.497750635871,2732.9817199488734,17.249999999999993,5.936801605213233,0.01464438587606994,0.1485945063393572,0.36386685524616663,0.3960902903946976,0.07680396214370958,0.19433622749507892,0.6501490354171123,0.15551473708780872,0.3049932286190387,0.17204013596881315,0.5229666354121482,0.9411092342469985,0.058890765753001444,0.6320801259815897,0.8304991087441244,4400.0,518.6908764944098,2380.0910645787762,0.06312323993295359,9.204237595850238,15.0,273.29817199488735
base|pv=06.0|bat=12.5,base,6.0,12.5,6.25,south,10.0,12.0,17.25,0.95,0.92,43.881184132492024,2408.797753316012,2821.3761913161234,7183.8207647377785,91.15070061892969,3500.0,2839.1304347826094,3551.845552165417,3210.8843608292887,17.250000000000007,7.186801605213233,0.012688331683656203,0.1483373795963751,0.29754198443044894,0.4648232716072243,0.07660903268229528,0.1938429996055071,0.5638401833452832,0.24231681704920968,0.30446547078035135,0.1700981276476919,0.5254364015719568,0.9401329594609052,0.059867040539094786,0.7002412929728027,0.8320007099042838,5400.0,590.1196164293519,2313.7750434837753,0.05101772017283844,10.005296357378482,15.0,256.8707488663431
base|pv=06.0|bat=15.0,base,6.0,15.0,7.5,south,10.0,12.0,17.25,0.95,0.92,-17.63093032984017,2243.619528849521,2616.2840937332103,7183.8207647377785,86.09478227495582,3500.0,2839.1304347826094,4024.0357209899885,3638.1047381934645,17.25,8.436801605213233,0.011984539299415333,0.14835068733613616,0.23964112918407537,0.5246994594325304,0.07532418474784335,0.19059196289441874,0.49189861953566705,0.3175094175699142,0.30449278518527384,0.1692475252075343,0.5262596896071918,0.9367081043184106,0.06329189568158941,0.7592016041679668,0.8323730906357892,6400.0,651.6317308916841,2117.833407587081,0.04015558128933884,10.826289573086177,15.0,242.5403158795643
base|pv=06.0|bat=20.0,base,6.0,20.0,10.0,south,10.0,12.0,17.25,0.95,0.92,-104.46500547955418,2204.8661855640453,2518.5369392936395,7183.8207647377785,75.41416219496514,3500.0,2839.1304347826094,4760.568349031893,4304.962935001283,17.250000000000014,10.936801605213233,0.010497778920813302,0.14827951422943503,0.15248214418730052,0.6158549032273135,0.07288565943513736,0.18442178889954305,0.4504814127109601,0.3650967983894968,0.30434670094475624,0.1684324540773015,0.5272208449779422,0.9293409772742065,0.0706590227257936,0.8479465552587065,0.8331932412346262,8400.0,738.4658060413982,1252.8889169543904,0.018834543306466514,12.778332399906365,15.0,215.24814675006414
base|pv=06.0|bat=25.0,base,6.0,25.0,12.5,south,10.0,12.0,17.25,0.95,0.92,-161.5659874183304,2296.3845656081758,2569.11535414589,7183.8207647377785,70.67890250950833,3500.0,2839.1304347826094,5250.955270850725,4749.67463194278,17.250000000000004,13.192102941495863,0.00983862276414802,0.14821101297594536,0.0981517226823413,0.6721813983997004,0.07161724317786317,0.1812123290819509,0.44996662100946766,0.36882104990858156,0.3042061007369764,0.17049887254498164,0.525295026718042,0.9196099449371089,0.08039005506289115,0.903124115390886,0.8311959833726942,10400.0,795.5667879801745,-0.7130356414648986,-8.993606337012967e-6,Inf,15.0,189.9869852777112
base|pv=06.0|bat=30.0,base,6.0,30.0,15.0,south,10.0,12.0,17.25,0.95,0.92,-197.74795712370354,2452.827404845852,2705.8522317459156,7183.8207647377785,61.29495751919511,3500.0,2839.1304347826103,5571.236364470866,5040.865818934956,17.25,15.62201693163031,0.008532361751014883,0.1483097544655193,0.07611911484210539,0.695022819185721,0.07201594975564078,0.1822211719858859,0.4483493612715664,0.36942946674254784,0.3044087696407313,0.17188230965900114,0.5237089207002676,0.8961959309919126,0.10380406900808734,0.9253088107094987,0.83014582428158,12400.0,831.7487576855476,-1527.7587952348417,-0.016756543906568645,Inf,15.0,168.0288606311652
base|pv=09.0|bat=00.0,base,9.0,0.0,0.0,south,10.0,12.0,17.25,0.95,0.92,352.8736836559398,4439.509376968865,8534.86864611685,10775.731147106668,341.24144317607085,3500.0,2839.13043478261,0.0,0.0,13.069897129267877,7.331907702974395,0.03166759067366818,0.10776601687791615,0.7920454333540506,0.0,0.0685209590943645,0.2600667528680492,0.7399332471319509,0.0,0.3317878927631381,0.6682121072368619,0.0,NaN,NaN,0.18205212825100311,0.3339009421563213,0.0,0.0,NaN,NaN,NaN,NaN,NaN
base|pv=09.0|bat=02.5,base,9.0,2.5,1.25,south,10.0,12.0,17.25,0.95,0.92,164.9031912822021,3704.3216825022796,7737.733549824575,10775.731147106668,311.44706126900934,3500.0,2839.13043478261,951.902910079513,860.1611263467605,13.558889793147396,6.949571643005636,0.028902638439771606,0.10763553650393665,0.716969153737427,0.08082697419322074,0.06566569712564478,0.249229795554449,0.7507702044455511,2.7604227954526998e-19,0.33138617235457346,0.4262439939410599,0.24236983370436674,0.9149774983538207,0.0850225016461793,0.2617897306110095,0.575977956582415,1400.0,187.97049237373767,1057.0647248725745,0.08516180149659472,7.984021481901585,15.0,344.0644505387042
base|pv=09.0|bat=05.0,base,9.0,5.0,2.5,south,10.0,12.0,17.25,0.95,0.92,18.723793260278626,3041.683132809687,7041.307146709357,10775.731147106668,266.8433498854085,3500.0,2839.13043478261,1766.8804978356825,1596.7471492967036,14.808889793147396,6.949571643005636,0.024763363733054634,0.10648787057669828,0.6471447394535584,0.15571810856894983,0.06588591766773921,0.2500656280070926,0.7369781592799964,0.012956212712910994,0.3278527610749687,0.24582913881916363,0.4263181001058676,0.9496830570773673,0.05031694292263258,0.33671257536897325,0.7564031053959746,2400.0,334.14989039566115,1967.8552848538807,0.09162037107563258,7.678107149326111,15.0,319.3494298593407
base|pv=09.0|bat=07.5,base,9.0,7.5,3.75,south,10.0,12.0,17.25,0.95,0.92,-95.95807619598253,2570.72176292801,6529.913464260588,10775.731147106668,233.78282449755957,3500.0,2839.13043478261,2531.6147332709834,2287.9885467770628,15.97669881379932,7.041150908503367,0.021695309701590997,0.10496050214012997,0.5816761048382317,0.2249789946762779,0.0666890886437692,0.2531140101443937,0.6725795627685481,0.07430642708705822,0.32315032917924386,0.15825116673313638,0.5185985040876198,0.9576153624471809,0.04238463755281916,0.4062983878349374,0.8438476329005768,3400.0,448.8317598519223,2466.924486966531,0.08219643474908475,8.133259947261484,15.0,305.06513957027505
base|pv=09.0|bat=10.0,base,9.0,10.0,5.0,south,10.0,12.0,17.25,0.95,0.92,-193.0077304502778,2233.2230859115352,6154.641162842961,10775.731147106668,204.26735413684432,3500.0,2839.1304347826094,3232.720833392692,2921.805552136904,17.22669881379932,8.291150908503367,0.018956240773665832,0.10426615068359613,0.5215989857675701,0.28850505618285077,0.06667356659231727,0.2530550972282242,0.5838939776206826,0.1630509251510931,0.32101257357432683,0.12902971713628278,0.5499577092893905,0.961683077577908,0.038316922422091934,0.4696482398821284,0.8727254919942994,4400.0,545.8814141062176,2735.5133969492153,0.07158015912468152,8.703497687822871,15.0,292.1805552136904
base|pv=09.0|bat=12.5,base,9.0,12.5,6.25,south,10.0,12.0,17.25,0.95,0.92,-279.6862485956408,1951.1294337238153,5841.611574580216,10775.731147106668,173.26467304428058,3500.0,2839.1304347826094,3878.9502402397557,3506.096341816379,17.25,9.37524577521903,0.016079157013007227,0.10389824249152874,0.4667504834903359,0.3466423393485835,0.06662977765654485,0.2528888992285409,0.48203248652007924,0.26507861425138,0.3198798650701737,0.12541449813583072,0.5547056367939955,0.9629730781990041,0.03702692180099587,0.5272723790931133,0.8758355605413627,5400.0,632.5599322515806,2868.5355359546593,0.06209284260473448,9.268820653936473,15.0,280.48770734531035
base|pv=09.0|bat=15.0,base,9.0,15.0,7.5,south,10.0,12.0,17.25,0.95,0.92,-355.6709062792163,1770.4942886561385,5621.597810647233,10775.731147106668,155.9896954684575,3500.0,2839.130434782609,4470.974306302627,4041.466811438122,17.25,9.116242198840437,0.014476019616575294,0.10371726386302484,0.41590681486978076,0.3995123004173636,0.0663876012332541,0.25196973468591266,0.41088322642106256,0.3371470388930247,0.3193226716289942,0.12514458523983266,0.5555327431311732,0.9628856809109609,0.037114319089039,0.5799316657999959,0.8758608625134531,6400.0,708.5445899351561,2861.7723981246068,0.05305709166947617,9.863556500534328,15.0,269.43112076254147
base|pv=09.0|bat=20.0,base,9.0,20.0,10.0,south,10.0,12.0,17.25,0.95,0.92,-479.2017505557174,1655.208427284224,5429.151168074466,10775.731147106668,134.7630565974783,3500.0,2839.130434782609,5501.9991275521825,4974.1042126158445,17.25,11.616242198840437,0.012506163596487168,0.10340309829191172,0.3272281981794875,0.49123509151837325,0.06562744841373895,0.24908462510677584,0.35614649120343195,0.39476888368979224,0.31835542484899637,0.12442292386904988,0.5572216512819538,0.9620898065429818,0.03791019345701818,0.6711483105507777,0.876525545735508,8400.0,832.0754342116572,2476.5113716334354,0.036042461015978466,11.164607127487432,15.0,248.70521063079224
base|pv=09.0|bat=25.0,base,9.0,25.0,12.5,south,10.0,12.0,17.25,0.95,0.92,-575.009766177769,1682.1577819277088,5386.756286142427,10775.731147106668,125.82798242619168,3500.0,2839.1304347826094,6326.786930083579,5720.61270440043,17.25000000000001,14.116242198840437,0.011676978639168913,0.1033405793785798,0.25626505225739826,0.5634683993156895,0.06524899040916306,0.24764821286666944,0.3485079495684935,0.40384383756483716,0.3181629428485177,0.12505580182198495,0.5567812553294974,0.9596947151871607,0.04030528481283934,0.7435434471513579,0.8758431061248461,10400.0,927.8834498337088,1728.8701465252404,0.020907602994612036,12.56598821959699,15.0,228.8245081760172
base|pv=09.0|bat=30.0,base,9.0,30.0,15.0,south,10.0,12.0,17.25,0.95,0.92,-656.0741276975915,1736.20548297107,5389.987604348886,10775.731147106668,109.98360246971603,3500.0,2839.1304347826094,7032.410138220783,6359.575149744257,17.25,16.616242198840435,0.010206602314799505,0.10330910020682653,0.198127551734522,0.6232760263700983,0.06508071937375416,0.24700955131903582,0.3443871906039374,0.4086032580770268,0.31806602539378975,0.12636859461671576,0.5555653799894945,0.9550431158869195,0.04495688411308058,0.8027635126358201,0.874596837840787,12400.0,1008.9478113535313,788.5065853054671,0.008201423643001762,13.963756833825624,15.0,211.98583832480855
base|pv=12.0|bat=00.0,base,12.0,0.0,0.0,south,10.0,12.0,17.25,0.95,0.92,75.79095256235883,4232.429854945391,11804.631995266125,14367.641529475557,456.3089543722122,3500.0,2839.1304347826094,0.0,0.0,13.069897129267877,9.830471526337186,0.03175948908775902,0.08376600314722507,0.8216123690898491,0.0,0.06286213867516631,0.31811876735072514,0.6818812326492748,0.0,0.3438628301646432,0.6561371698353567,0.0,NaN,NaN,0.15143772664938732,0.3456899805482828,0.0,0.0,NaN,NaN,NaN,NaN,NaN
base|pv=12.0|bat=02.5,base,12.0,2.5,1.25,south,10.0,12.0,17.25,0.95,0.92,-112.21200647517753,3494.5712830612947,10986.229515953793,14367.641529475557,444.46621171708597,3500.0,2839.13043478261,958.5169239319233,866.1302738485608,13.558889793147396,9.308178212685169,0.03093522418451581,0.08366748201262877,0.7637463199677532,0.06169487800043736,0.05995609583466227,0.30341251036085987,0.6965874896391401,0.0,0.3434583969232266,0.4127890023203092,0.24375260075646427,0.924772290591259,0.07522770940874096,0.21196199956507736,0.5890876934071461,1400.0,188.00295903753636,1057.4891143251245,0.08519218904499432,7.982539889282542,15.0,346.4521095394243
base|pv=12.0|bat=05.0,base,12.0,5.0,2.5,south,10.0,12.0,17.25,0.95,0.92,-260.438009131198,2810.8778971996044,10273.609889488205,14367.641529475557,392.87255423086015,3500.0,2839.1304347826094,1795.3235710101198,1622.4170228366331,14.808889793147396,9.308178212685169,0.027344261994905205,0.08261062045206302,0.7096868411661795,0.11962003140893367,0.060738244977915225,0.3073706372489981,0.6775530529894332,0.015076309761568788,0.3391199374808006,0.23158587522727808,0.42929418729192137,0.9572969233959202,0.042703076604079765,0.2706692843660389,0.77029278688933,2400.0,336.2289616935568,1995.031958607533,0.09273805120776948,7.626948195793826,15.0,324.4834045673266
base|pv=12.0|bat=07.5,base,12.0,7.5,3.75,south,10.0,12.0,17.25,0.95,0.92,-378.6677175442477,2325.9188185383728,9744.61095967153,14367.641529475557,359.6478551648157,3500.0,2839.1304347826094,2598.74203482024,2348.570936425267,15.97669881379932,9.308178212685169,0.02503179484447671,0.08120768791969797,0.6583364916543739,0.17463630412288214,0.06078772145857013,0.30762101684744175,0.6163341514707636,0.07604483168179459,0.3333608427050691,0.1389815862718898,0.5276575710230411,0.9655101514697297,0.03448984853027027,0.3256411899324562,0.8626990314879213,3400.0,454.4586701066065,2540.476896827324,0.08437443836763572,8.02301407796665,15.0,313.14279152336894
base|pv=12.0|bat=10.0,base,12.0,10.0,5.0,south,10.0,12.0,17.25,0.95,0.92,-481.63343479759214,1956.4694336207158,9336.427128585106,14367.641529475557,325.839668439139,3500.0,2839.1304347826094,3353.7305773273547,3031.0168460379377,17.208800295176523,9.49964724380634,0.022678716459529645,0.08055210123080116,0.6099085062784436,0.22642248534650555,0.0604381906847179,0.30585218903991834,0.5257193055837313,0.16842850537635032,0.33066963283719375,0.10380293695123946,0.5655274302115668,0.9700114629553886,0.02998853704461139,0.3772557678504007,0.8973612179174628,4400.0,557.424387359951,2886.3978897423963,0.07511583807502856,8.507307407747412,15.0,303.1016846037938
base|pv=12.0|bat=12.5,base,12.0,12.5,6.25,south,10.0,12.0,17.25,0.95,0.92,-571.0423970188932,1691.89788343202,9046.351237566876,14367.641529475557,285.41862781055806,3500.0,2839.130434782609,4040.8498743336877,3652.2107615861532,17.25,10.74964724380634,0.019865377850986538,0.08027469997863493,0.566582531341655,0.27313695984767844,0.060140430981045184,0.3043453527805197,0.4341426931598166,0.2615119540596637,0.3295308894797781,0.09794120098628802,0.5725279095339338,0.97116548488189,0.028834515118109985,0.42358067573940467,0.9028429117718524,5400.0,646.833349581252,3055.111150995292,0.06574289032004281,9.042880739456407,15.0,292.17686092689223
base|pv=12.0|bat=15.0,base,12.0,15.0,7.5,south,10.0,12.0,17.25,0.95,0.92,-651.0249943732325,1528.428043668163,8849.806170944968,14367.641529475557,256.289794654629,3500.0,2839.130434782609,4689.801771912951,4238.958599151439,17.25,11.99964724380634,0.017837986431443492,0.08009312695587611,0.5257694355462325,0.3170133180509019,0.05928613301554746,0.3000221111367904,0.37180036859514415,0.3281775202680655,0.3287855248790864,0.09650578383951737,0.5747086912813962,0.9711996232128826,0.02880037678711749,0.4666166733387624,0.9042332957014506,6400.0,726.8159469355913,3100.6072609501057,0.0570967986949068,9.591208330076748,15.0,282.59723994342926
base|pv=12.0|bat=20.0,base,12.0,20.0,10.0,south,10.0,12.0,17.25,0.95,0.92,-792.813267139244,1371.733827972747,8620.749110713321,14367.641529475557,214.70731258351037,3500.0,2839.130434782609,5880.3948653216685,5315.606365952805,17.250000000000004,12.503455619918343,0.014943810516362984,0.07970956347505935,0.4493416014046711,0.3977082055601294,0.05829681904377735,0.29501561043771884,0.3063422172158352,0.398642172346446,0.32721098128018045,0.09592068031820791,0.5768683384016117,0.9717253792796682,0.028274620720331725,0.546406458388983,0.9047875689192949,8400.0,868.6042197016028,2953.999030128935,0.04249688016064447,10.641715003354545,15.0,265.7803182976403
base|pv=12.0|bat=25.0,base,12.0,25.0,12.5,south,10.0,12.0,17.25,0.95,0.92,-914.0140831080206,1378.9431317847798,8557.214176969364,14367.641529475557,185.5567564028092,3500.0,2839.130434782609,6926.879929287714,6262.1966361821615,17.25000000000002,16.048746751928483,0.012914907155926402,0.07948794717236626,0.3818712725328489,0.46780020525586874,0.057925667882989564,0.2931373709718183,0.29461648716170125,0.4122461418664805,0.3263012373961279,0.0962269210682746,0.5774718415355976,0.970304917241803,0.02969508275819697,0.6160925479037194,0.9044641577112161,10400.0,989.8050356703794,2538.280934070262,0.030161852116298127,11.678988336897138,15.0,250.48786544728645
base|pv=12.0|bat=30.0,base,12.0,30.0,15.0,south,10.0,12.0,17.25,0.95,0.92,-1018.4999035433094,1417.383337295097,8525.966238477691,14367.641529475557,168.58353892738717,3500.0,2839.1304347826094,7837.6374829022,7086.292828319236,17.250000000000007,17.25,0.011733556866764392,0.0793155708034777,0.32297139240655814,0.5279528698182133,0.058026610104985055,0.2936481969779265,0.2902350885516215,0.416116714470452,0.32559362543145837,0.09747661692861156,0.5769297576399302,0.9678219482023255,0.0321780517976745,0.676358126711005,0.9032509707635697,12400.0,1094.2908561056684,1904.072023931703,0.0193700591508786,12.723032419645888,15.0,236.20976094397454
east-west|pv=00.0|bat=00.0,east-west,0.0,0.0,0.0,east_west,10.0,12.0,17.25,0.95,0.92,1338.814211402097,6339.13043478261,0.0,0.0,0.0,3500.0,2839.13043478261,0.0,0.0,13.069897129267877,0.0,NaN,NaN,NaN,NaN,NaN,0.0,1.0,0.0,0.0,1.0,0.0,NaN,NaN,NaN,0.0,0.0,0.0,NaN,NaN,NaN,NaN,NaN
east-west|pv=00.0|bat=02.5,east-west,0.0,2.5,1.25,east_west,10.0,12.0,17.25,0.95,0.92,1245.5651978388898,6418.60414356566,5.87797657342651,0.0,0.0,3500.0,2839.1304347826103,765.7895611243459,692.1938289147223,14.319897129267877,0.9171151468928354,NaN,NaN,NaN,NaN,NaN,0.0,1.0,0.0,0.0,0.8039097564739139,0.19609024352608606,0.0,1.0,NaN,0.1960902435260845,1400.0,93.2490135632072,-181.09133533699222,-0.017626326805879042,Inf,15.0,276.87753156588894
east-west|pv=00.0|bat=05.0,east-west,0.0,5.0,2.5,east_west,10.0,12.0,17.25,0.95,0.92,1183.5974697080621,6495.047711296076,29.835329572846057,0.0,0.0,3500.0,2839.1304347826103,1315.0712506730229,1188.9893037324032,15.170410269270693,2.252660847088021,NaN,NaN,NaN,NaN,NaN,0.0,1.0,0.0,0.0,0.6688131502401239,0.3311868497598761,0.0,1.0,NaN,0.3311868497598735,2400.0,155.2167416940349,-371.07739672359537,-0.021240587271561313,Inf,15.0,237.79786074648064
east-west|pv=00.0|bat=07.5,east-west,0.0,7.5,3.75,east_west,10.0,12.0,17.25,0.95,0.92,1138.4663700487583,6573.345065410171,67.73237854748919,0.0,0.0,3500.0,2839.1304347826103,1740.3948931289394,1573.912641048868,16.2964521972328,3.502660847088021,NaN,NaN,NaN,NaN,NaN,0.0,0.9900503708784677,0.009949629121532248,0.0,0.5777337235292447,0.4222662764707554,0.0,1.0,NaN,0.42226627647075343,3400.0,200.3478413533387,-781.1442025970207,-0.03238114237197358,Inf,15.0,209.85501880651572
east-west|pv=00.0|bat=10.0,east-west,0.0,10.0,5.0,east_west,10.0,12.0,17.25,0.95,0.92,1106.1524778895882,6657.244876870831,121.64499083310906,0.0,0.0,3500.0,2839.1304347826103,2058.917448770372,1862.4479975152608,17.250000000000014,4.794466056279509,NaN,NaN,NaN,NaN,NaN,0.0,0.9520138857082768,0.047986114291723135,0.0,0.5415530945286939,0.4584469054713061,0.0,1.0,NaN,0.45844690547130384,4400.0,232.66173351250882,-1358.7517113874474,-0.044838569860184016,Inf,15.0,186.24479975152607
east-west|pv=00.0|bat=12.5,east-west,0.0,12.5,6.25,east_west,10.0,12.0,17.25,0.95,0.92,1080.7415125950665,6751.3706048463255,191.19287406881017,0.0,0.0,3500.0,2839.1304347826094,2321.9594461015995,2100.912150106694,17.250000000000036,6.08621967461185,NaN,NaN,NaN,NaN,NaN,0.0,0.9052581897707854,0.09474181022921464,0.0,0.5312185945229343,0.46878140547706576,0.0,1.0,NaN,0.4688120403731873,5400.0,258.0726988070305,-2026.5911384077795,-0.05602274850867935,Inf,15.0,168.07297200853552
east-west|pv=00.0|bat=15.0,east-west,0.0,15.0,7.5,east_west,10.0,12.0,17.25,0.95,0.92,1057.8009118126622,6850.997587199506,268.12591043291036,0.0,0.0,3500.0,2839.13043478261,2565.6794049639616,2321.938162979975,17.250000000000036,7.319289852147554,NaN,NaN,NaN,NaN,NaN,0.0,0.8581747351951277,0.14182526480487231,0.0,0.5282423351947267,0.4717576648052733,0.0,1.0,NaN,0.4718041993277456,6400.0,281.01329958943484,-2726.722045987906,-0.06508563650213098,Inf,15.0,154.79587753199834
east-west|pv=00.0|bat=20.0,east-west,0.0,20.0,10.0,east_west,10.0,12.0,17.25,0.95,0.92,1013.5938939527456,7051.44251556346,424.71685069301213,0.0,0.0,3500.0,2839.13043478261,3037.386975259878,2749.79174517204,17.25000000000002,9.824552792661352,NaN,NaN,NaN,NaN,NaN,0.0,0.7740277358752667,0.22597226412473326,0.0,0.5189970965754946,0.48100290342450536,0.0,1.0,NaN,0.48100290342450386,8400.0,325.22031744935146,-4148.868028563473,-0.07806821392080712,Inf,15.0,137.489587258602
east-west|pv=00.0|bat=25.0,east-west,0.0,25.0,12.5,east_west,10.0,12.0,17.25,0.95,0.92,984.4673574597331,7268.759901521651,617.2410471432887,0.0,0.0,3500.0,2839.13043478261,3313.599175341061,3001.210755745308,17.25000000000004,12.33621967461185,NaN,NaN,NaN,NaN,NaN,0.0,0.7598940017531781,0.24010599824682194,0.0,0.5136350110269678,0.48636498897303215,0.0,1.0,NaN,0.48636498897303077,10400.0,354.34685394236396,-5768.139199953489,-0.09072183996961178,Inf,15.0,120.04843022981231
east-west|pv=00.0|bat=30.0,east-west,0.0,30.0,15.0,east_west,10.0,12.0,17.25,0.95,0.92,959.6175491236563,7501.811084050225,827.7267476891567,0.0,0.0,3500.0,2839.1304347826103,3566.963093112399,3232.00919153394,17.250000000000007,14.838065418908581,NaN,NaN,NaN,NaN,NaN,0.0,0.7534716146038125,0.2465283853961875,0.0,0.5130410851918126,0.48695891480818737,0.0,1.0,NaN,0.48695891480818604,12400.0,379.1966622784407,-7443.313815333979,-0.10104448247726217,Inf,15.0,107.733639717798
east-west|pv=03.0|bat=00.0,east-west,3.0,0.0,0.0,east_west,10.0,12.0,17.25,0.95,0.92,978.5407364546269,5057.296146845196,1413.9465684077604,2761.680907227281,65.90005088210594,3500.0,2839.13043478261,0.0,0.0,13.069897129267877,1.6815585275978908,0.023862297309456142,0.3633295164072923,0.5119876683462886,0.0,0.1008205179369624,0.09807020347925428,0.9019297965207458,0.0,0.2866857681411832,0.7133142318588167,0.0,NaN,NaN,0.47549647254164057,0.29010211054010526,0.0,0.0,NaN,NaN,NaN,NaN,NaN
east-west|pv=03.0|bat=02.5,east-west,3.0,2.5,1.25,east_west,10.0,12.0,17.25,0.95,0.92,818.2445650017702,4556.755891782573,858.1972887575544,2761.680907227281,40.15307285789574,3500.0,2839.1304347826103,841.2795139671102,760.3235113553169,13.644774998606088,1.6578202800685617,0.014539359979212551,0.36185095802237455,0.30808712137163063,0.24053910517897317,0.07498345544780856,0.07293795830271389,0.9270620416972861,-9.238398713716586e-19,0.2855191091520838,0.4993481641472269,0.2151327267006893,0.7896213365303408,0.2103786634696592,0.6875843241616963,0.5050661620501133,1400.0,160.2961714528567,695.3185972713255,0.05840604359047796,9.505214137289158,15.0,304.12940454212674
east-west|pv=03.0|bat=05.0,east-west,3.0,5.0,2.5,east_west,10.0,12.0,17.25,0.95,0.92,719.9720255357872,4243.069468296937,497.52410502640805,2761.680907227281,27.999911445606536,3500.0,2839.1304347826103,1458.8043514830056,1318.7084272134123,14.894774998606088,2.5278174555625563,0.010138720723430123,0.3576273794018279,0.1626974562252405,0.4072744453400259,0.06226199830947558,0.06056353377447467,0.9276805486897841,0.011755917535741055,0.2821864873130728,0.36434888484858985,0.35346462783833743,0.7710163865042692,0.22898361349573074,0.8363728688496324,0.6406199722917705,2400.0,258.56871091883966,979.8925061666697,0.04879926946587483,10.165843060548942,15.0,263.74168544268247
east-west|pv=03.0|bat=07.5,east-west,3.0,7.5,3.75,east_west,10.0,12.0,17.25,0.95,0.92,663.6869381647354,4130.2448768156455,344.1009317804171,2761.680907227281,26.02852214691871,3500.0,2839.1304347826103,1906.3809777741549,1723.715082441175,16.1447749986061,4.176338822273715,0.009424883982361042,0.3518412871228021,0.06683852310155476,0.5079532802111468,0.06394202558213605,0.06219773105744765,0.8787320242303269,0.059070244712225294,0.2776209614346606,0.3233811259296105,0.3989979126357289,0.7358470799265291,0.26415292007347085,0.9345068638133739,0.6822175312322675,3400.0,314.85379828989153,715.6255511214663,0.026204968969965367,12.043963622504473,15.0,229.82867765882332
east-west|pv=03.0|bat=10.0,east-west,3.0,10.0,5.0,east_west,10.0,12.0,17.25,0.95,0.92,630.5121544678387,4153.85140965288,340.31235802210654,2761.680907227281,24.24052783755395,3500.0,2839.1304347826103,2216.6563716706614,2004.8073754327716,17.250000000000014,5.521834223191483,0.008777454257701107,0.3493735755883429,0.03048540053662442,0.5460937174116886,0.0652698522056419,0.06348933548298549,0.8251488904802267,0.11136177403678793,0.2756738094834436,0.3150360864929542,0.40929010402360216,0.6803655326134163,0.31963446738658363,0.971794311723409,0.6913471582539894,4400.0,348.02858198678814,149.27122469268193,0.004409563102147958,14.430890121232466,15.0,200.48073754327714
east-west|pv=03.0|bat=12.5,east-west,3.0,12.5,6.25,east_west,10.0,12.0,17.25,0.95,0.92,606.9529058147232,4249.521943864018,413.3912842987512,2761.680907227281,23.061619475486957,3500.0,2839.13043478261,2471.418077276423,2235.798564741972,17.25000000000001,6.771834223191483,0.008350573527569755,0.3483283900533902,0.027114771851380476,0.5499290154743725,0.0662772490932853,0.06446925127569486,0.7743288961020898,0.1612018526222154,0.27484910407304675,0.31383188385668825,0.411319012070265,0.6145170160928648,0.3854829839071352,0.9753936750875034,0.6930569030719622,5400.0,371.5878306399037,-542.772999488117,-0.01357441612423093,Inf,15.0,178.86388517935774
east-west|pv=03.0|bat=15.0,east-west,3.0,15.0,7.5,east_west,10.0,12.0,17.25,0.95,0.92,584.635896164133,4351.755447613974,493.5827261096989,2761.680907227281,22.500517082465063,3500.0,2839.1304347826094,2714.2069422203226,2455.9842653538412,17.250000000000036,8.021834223191483,0.008147399297138754,0.3477900602654102,0.027145394217675364,0.5508393903991531,0.06607775582062062,0.06427520004244093,0.7267609582622095,0.2089638416953494,0.2744243340452593,0.31297770782677165,0.41259795812796907,0.5604740757790649,0.439525924220935,0.9754713975481274,0.6942102436710611,6400.0,393.9048402904939,-1251.055206526869,-0.027222838478370252,Inf,15.0,163.73228435692275
east-west|pv=03.0|bat=20.0,east-west,3.0,20.0,10.0,east_west,10.0,12.0,17.25,0.95,0.92,550.8443590217944,4578.52646157804,689.0462006160726,2761.680907227281,22.090490431933393,3500.0,2839.1304347826094,3061.438389484156,2771.4981465094506,17.250000000000043,10.426338822273715,0.007998929338332638,0.3481911522373214,0.027452691330034126,0.5485433654355962,0.06781386165871459,0.06596394610611274,0.6848286078338296,0.24920744606005768,0.27474081634265024,0.31076344802649764,0.41449573563085207,0.4948333255091057,0.5051666744908943,0.9754054719636751,0.6964936684008272,8400.0,427.6963774328325,-2809.347612621231,-0.049067232165584965,Inf,15.0,138.57490732547254
east-west|pv=03.0|bat=25.0,east-west,3.0,25.0,12.5,east_west,10.0,12.0,17.25,0.95,0.92,524.201944980615,4821.460167240984,908.8811562920121,2761.680907227281,22.500517082465063,3500.0,2839.13043478261,3316.0663211402853,3003.437354829108,17.250000000000032,12.926338822273715,0.008147399297138754,0.3484591447963514,0.027671802294974773,0.5448745296295494,0.07084712398198359,0.06891446311729238,0.678074273990284,0.2530112628924237,0.2749522763236654,0.3100063208811826,0.415041402795152,0.4537815108580013,0.5462184891419988,0.9755796482832398,0.6971427389969108,10400.0,454.3387914740118,-4461.09010209732,-0.06561909262089521,Inf,15.0,120.13749419316431
east-west|pv=03.0|bat=30.0,east-west,3.0,30.0,15.0,east_west,10.0,12.0,17.25,0.95,0.92,498.50804641917864,5071.477696817095,1137.450940117504,2761.680907227281,20.895049900693664,3500.0,2839.1304347826103,3574.4326076263524,3238.7504283827825,17.25000000000003,15.426338822273715,0.00756606233761895,0.3485121600114582,0.027925201527558063,0.5437331823326824,0.07226339379068014,0.07029209805869621,0.6738166991685061,0.2558912027727976,0.2749941080686234,0.3101740398259393,0.4148318521054374,0.4200995551210767,0.5799004448789232,0.9755939529663817,0.6969170545358004,12400.0,480.03269003544824,-6125.231154224604,-0.0780796729391516,Inf,15.0,107.95834761275941
east-west|pv=06.0|bat=00.0,east-west,6.0,0.0,0.0,east_west,10.0,12.0,17.25,0.95,0.92,721.4080021031332,4576.795957460719,3624.312688477363,5523.361814454562,136.71464865530731,3500.0,2839.13043478261,0.0,0.0,13.069897129267877,3.491006551958161,0.02475207188084745,0.21088430172550512,0.6561787567478539,0.0,0.10818486964579377,0.2104673214667134,0.7895326785332866,0.0,0.3327972284053063,0.6672027715946938,0.0,NaN,NaN,0.3271672383725547,0.3353804717021812,0.0,0.0,NaN,NaN,NaN,NaN,NaN
east-west|pv=06.0|bat=02.5,east-west,6.0,2.5,1.25,east_west,10.0,12.0,17.25,0.95,0.92,541.6923112699421,3902.9087850365786,2887.342485305438,5523.361814454562,111.79919040968295,3500.0,2839.1304347826103,913.510143522143,825.5116545287342,13.644774998606088,3.441888626170085,0.02024114917062033,0.2104342147065909,0.5208072336279999,0.14691967051857027,0.10159773197621823,0.1976524313070528,0.8023475686929473,8.204827838687627e-19,0.3320869445614625,0.43511992511399183,0.2327931303245458,0.8883212777536558,0.11167872224634413,0.4687547809918356,0.567676454733728,1400.0,179.71569083319105,949.1617161611146,0.0773653108674898,8.385810498215763,15.0,330.2046618114937
east-west|pv=06.0|bat=05.0,east-west,6.0,5.0,2.5,east_west,10.0,12.0,17.25,0.95,0.92,419.7690608355507,3418.6415831419627,2361.2033199684356,5523.361814454562,85.10504424632263,3500.0,2839.1304347826103,1627.7138317862089,1471.1492331870536,14.894774998606088,3.441888626170085,0.015408196512421821,0.20678528808726857,0.4140234156950789,0.26511136550201814,0.0986717342032123,0.1919600741787557,0.7896917454118716,0.018348180409372736,0.3263285611463442,0.289484535900591,0.3841869029530648,0.8996089878924659,0.10039101210753398,0.5806757502671498,0.7134828348636358,2400.0,301.6389412675825,1542.8869546337196,0.07376573723950622,8.581458626123336,15.0,294.22984663741073
east-west|pv=06.0|bat=07.5,east-west,6.0,7.5,3.75,east_west,10.0,12.0,17.25,0.95,0.92,336.98069774890223,3162.5505737486365,2065.6951311901785,5523.361814454562,68.85160520258984,3500.0,2839.13043478261,2209.6560720801963,1997.4208550523772,16.1447749986061,4.876216710313045,0.012465525076124135,0.20231899053156002,0.3304089833151156,0.35630066851176956,0.09850583256543022,0.19163732226857405,0.733053311870311,0.07530936586111495,0.3192802818974324,0.23989658301194236,0.44082313509062526,0.8906261620478647,0.10937383795213519,0.6681199235408459,0.763049876383625,3400.0,384.42730435423096,1625.05875724675,0.05639526069534548,9.637738513156872,15.0,266.3227806736503
east-west|pv=06.0|bat=10.0,east-west,6.0,10.0,5.0,east_west,10.0,12.0,17.25,0.95,0.92,271.2445082749456,2984.891625704814,1851.3839939453212,5523.361814454562,59.056585396338804,3500.0,2839.1304347826094,2696.9992413856926,2438.316815350587,17.25,6.188927396934535,0.01069214499795913,0.200496666554062,0.25623972135648143,0.43488424096325884,0.09768722612823956,0.19004477143651227,0.6604846256431279,0.14947060292035982,0.3164044662771819,0.23277525491263804,0.4508202788101801,0.8906279888348716,0.10937201116512833,0.7446245315892521,0.7697887232214442,4400.0,450.1634938281876,1484.3323073891622,0.040883539700408214,10.768434524540021,15.0,243.83168153505872
east-west|pv=06.0|bat=12.5,east-west,6.0,12.5,6.25,east_west,10.0,12.0,17.25,0.95,0.92,218.42522807671668,2861.6987915055142,1691.7684198684055,5523.361814454562,56.10683873402168,3500.0,2839.1304347826094,3111.781154615779,2813.72624204074,17.25000000000001,7.438927396934535,0.010158095851550203,0.19993045678774998,0.1930288099349131,0.5001290311312652,0.0967536062945229,0.18822846878426625,0.5990033502158242,0.21276818099990966,0.3155109287336906,0.2319035964588065,0.45258547480750294,0.8877210367936884,0.11227896320631157,0.8091106379751568,0.7703470340886106,5400.0,502.9827740264165,1174.7618983815041,0.027042443892098846,11.964770127201593,15.0,225.0980993632592
east-west|pv=06.0|bat=15.0,east-west,6.0,15.0,7.5,east_west,10.0,12.0,17.25,0.95,0.92,177.58514748923824,2816.805346502765,1619.0679769323465,5523.361814454562,51.99993049504906,3500.0,2839.1304347826094,3450.064807664832,3120.095988917511,17.250000000000036,8.688927396934535,0.009414543577240577,0.1998442106146291,0.14523942840194007,0.5494481764010376,0.09605364100515314,0.18686672734985257,0.5605020935969643,0.2526311790531832,0.31537482335675937,0.2314865893436011,0.45313858729963946,0.8796359621456734,0.12036403785432656,0.8579545355815319,0.7707839897729986,6400.0,543.822854613895,708.6048441824289,0.01411167231451367,13.285632245788351,15.0,208.0063992611674
east-west|pv=06.0|bat=20.0,east-west,6.0,20.0,10.0,east_west,10.0,12.0,17.25,0.95,0.92,125.0100278241984,2933.582124827294,1697.0790092416646,5523.361814454562,47.04540758272594,3500.0,2839.1304347826094,3920.400899229278,3546.711811554423,17.25000000000002,11.188927396934535,0.008517531380908048,0.20010177162907172,0.09549523083086364,0.6011935489903195,0.09469191716883567,0.18421757345850467,0.5365651663853133,0.2792172601561822,0.3157812812630638,0.23154634944538133,0.4526723692915549,0.8470076344086037,0.1529923655913963,0.9087484276711757,0.7711446753731621,8400.0,596.3979742789347,-604.15712018974,-0.009630039083313644,Inf,15.0,177.33559057772115
east-west|pv=06.0|bat=25.0,east-west,6.0,25.0,12.5,east_west,10.0,12.0,17.25,0.95,0.92,93.96423781066102,3142.4676110166647,1881.8073701929638,5523.361814454562,45.669947725173984,3500.0,2839.13043478261,4204.196643799776,3804.974971029298,17.25000000000001,13.688927396934535,0.008268505533288869,0.20046744024872626,0.08256795665432688,0.614601072627987,0.09409502493566947,0.1830563546121901,0.5348728125064239,0.282070832881386,0.3163583441460762,0.23267468061953536,0.4509669752343884,0.8074465547853461,0.19255344521465398,0.9218763991963973,0.7704020193564759,10400.0,627.4437642924722,-2198.3406830736662,-0.02959953770472913,Inf,15.0,152.1989988411719
east-west|pv=06.0|bat=30.0,east-west,6.0,30.0,15.0,east_west,10.0,12.0,17.25,0.95,0.92,66.52619612589172,3372.5624172658377,2092.147204115425,5523.361814454562,42.995774355603004,3500.0,2839.13043478261,4456.162240684722,4034.511422217961,17.25000000000001,16.188927396934535,0.007784348699207728,0.20044943732345027,0.07954450820136402,0.617756089487041,0.09446561628893572,0.18377731836373912,0.532038424865985,0.2841842567702759,0.3163299336689284,0.2337040249685144,0.4499660413625572,0.7657015635937008,0.23429843640629922,0.9248151734233594,0.7697744774341898,12400.0,654.8818059772415,-3839.683090108565,-0.04497629961296687,Inf,15.0,134.48371407393202
east-west|pv=09.0|bat=00.0,east-west,9.0,0.0,0.0,east_west,10.0,12.0,17.25,0.95,0.92,482.99025441608404,4272.697562525226,5999.601159519613,8285.04272168184,219.0086899048442,3500.0,2839.13043478261,0.0,0.0,13.069897129267877,5.300454576318431,0.026434225780357357,0.14893797680914023,0.724148487951513,0.0,0.10047930945898777,0.2932149088023659,0.7067850911976341,0.0,0.3525592859270251,0.6474407140729749,0.0,NaN,NaN,0.2561894561957527,0.35466061339841376,0.0,0.0,NaN,NaN,NaN,NaN,NaN
east-west|pv=09.0|bat=02.5,east-west,9.0,2.5,1.25,east_west,10.0,12.0,17.25,0.95,0.92,299.6650688174036,3558.718632436272,5222.059287083386,8285.04272168184,192.20055311271193,3500.0,2839.13043478261,937.8444014297975,847.4733222903924,13.644774998606088,5.225956972271608,0.023198498736732614,0.14863326144662292,0.628766307571246,0.10294587551641682,0.09645605672898203,0.2814744053229007,0.7185102213584269,1.537331867244642e-5,0.35183797741376477,0.4096688487199489,0.23849317386628627,0.909437616063113,0.09056238393688693,0.3565591755319827,0.5925488214936415,1400.0,183.32518559868043,996.3433889380449,0.08079195224349628,8.205526277719178,15.0,338.989328916157
east-west|pv=09.0|bat=05.0,east-west,9.0,5.0,2.5,east_west,10.0,12.0,17.25,0.95,0.92,164.97613350438832,2980.5115766892836,4604.948353568039,8285.04272168184,156.5863370177739,3500.0,2839.13043478261,1713.0940820789842,1548.2049090762835,14.894774998606097,5.225956972271608,0.018899882870608457,0.14591744838378473,0.5446942116228191,0.19432776281652892,0.09616069430625901,0.2806124899065958,0.6987436161790579,0.020643893914346168,0.3454092267709885,0.2553162985000213,0.39927447472899025,0.9398280186631143,0.06017198133688569,0.4460461818351866,0.7467832526572733,2400.0,318.0141209116957,1756.9358500688809,0.0828510528610763,8.099893646140805,15.0,309.6409818152567
east-west|pv=09.0|bat=07.5,east-west,9.0,7.5,3.75,east_west,10.0,12.0,17.25,0.95,0.92,66.03697835954796,2626.862973729598,4211.357771850118,8285.04272168184,130.89346587785116,3500.0,2839.13043478261,2397.2335682139515,2166.7095453130914,16.14477499860609,5.74497413865752,0.015798767764383978,0.14254259386732185,0.4727908094063958,0.2713616227274429,0.0975062062344555,0.2845389117683987,0.6381298523266132,0.07733123590498807,0.33742042281431534,0.19032518792960276,0.4722543892560818,0.9378488050277166,0.06215119497228341,0.5223225719686341,0.811364319729667,3400.0,416.9532760565361,2050.2234557199417,0.06963871250328332,8.814024599924656,15.0,288.89460604174553
east-west|pv=09.0|bat=10.0,east-west,9.0,10.0,5.0,east_west,10.0,12.0,17.25,0.95,0.92,-11.534415090797324,2410.6728997779956,3960.2879170576716,8285.04272168184,110.86852991210971,3500.0,2839.1304347826094,2971.3204072558565,2685.89166754841,17.25,6.99497413865752,0.01338176924808949,0.14116927467093768,0.4107017811591035,0.3369402649620085,0.0978069099598615,0.2854164139715507,0.5636516606826457,0.15093192534580352,0.33416956332501574,0.18018182797923493,0.4856486086957494,0.9395030179337593,0.060496982066240663,0.587443519013218,0.8211777208761107,4400.0,494.52466950688137,2064.2014056584517,0.05544258403447026,9.701436217261282,15.0,268.589166754841
east-west|pv=09.0|bat=12.5,east-west,9.0,12.5,6.25,east_west,10.0,12.0,17.25,0.95,0.92,-76.87306745911411,2280.9936296223595,3798.058366592998,8285.04272168184,95.79179900169783,3500.0,2839.1304347826094,3470.764112070723,3137.7083611438275,17.250000000000007,8.24497413865752,0.011562016300895109,0.14060404528440487,0.3569089568076347,0.39357791409074494,0.09734706751631964,0.2840745191986611,0.50869807024878,0.20722741055255886,0.33283157772073785,0.1790797647843989,0.48808865749486324,0.9395077646480539,0.060492235351946165,0.6434278044755554,0.8221761662364437,5400.0,559.8633218751982,1918.2785316879051,0.04289789390795415,10.610535035820291,15.0,251.01666889150619
east-west|pv=09.0|bat=15.0,east-west,9.0,15.0,7.5,east_west,10.0,12.0,17.25,0.95,0.92,-133.11805369276067,2210.9897327264725,3690.9090681859398,8285.04272168184,89.52919041087051,3500.0,2839.1304347826094,3926.9360105527576,3550.472249523864,17.250000000000007,9.49497413865752,0.010806122963804867,0.1401848812962055,0.3086659336075108,0.4444770554247829,0.09586600670769586,0.2797525437365522,0.4718090786335074,0.2484383776299404,0.33183935156370303,0.1791536001772173,0.48900704825907965,0.9377569135595174,0.06224308644048259,0.6932926015562892,0.822059667241909,6400.0,616.1083081088448,1653.4873928258617,0.031829425769784835,11.529954892018916,15.0,236.69814996825758
east-west|pv=09.0|bat=20.0,east-west,9.0,20.0,10.0,east_west,10.0,12.0,17.25,0.95,0.92,-221.11745061695467,2223.8398040755983,3639.9267939242313,8285.04272168184,80.81518819848453,3500.0,2839.1304347826094,4692.924193355014,4243.9140845029,17.250000000000014,11.99497413865752,0.009754347794368316,0.13978920820939195,0.22861986233170128,0.5279177494583358,0.09391883220620195,0.27407037297968745,0.4490925363400301,0.27683709068028245,0.33090273201282594,0.17991555158866923,0.4891817163985048,0.9320033581598444,0.06799664184015561,0.77553391277803,0.8213999790318272,8400.0,704.1077050330387,803.7754580536258,0.01224129452746206,13.495580465897234,15.0,212.195704225145
east-west|pv=09.0|bat=25.0,east-west,9.0,25.0,12.5,east_west,10.0,12.0,17.25,0.95,0.92,-285.2252603540773,2324.233576586307,3691.352309342239,8285.04272168184,75.3452761291195,3500.0,2839.1304347826094,5273.187466812106,4769.7391887979265,17.25000000000001,14.49497413865752,0.00909413248189318,0.13960630161723733,0.17289259290491557,0.5865423668255817,0.09186460617037191,0.2680758084967258,0.4487761108479881,0.28314808065528607,0.3304697637470889,0.18184021779675413,0.487690018456157,0.9215542966774425,0.0784457033225575,0.8323620735163614,0.8196454111442936,10400.0,768.2155147701613,-358.2364305956895,-0.00456211454221906,Inf,15.0,190.78956755191706
east-west|pv=09.0|bat=30.0,east-west,9.0,30.0,15.0,east_west,10.0,12.0,17.25,0.95,0.92,-334.1143221718003,2470.7870687258087,3803.941277400197,8285.04272168184,69.44485947530072,3500.0,2839.13043478261,5703.981730764537,5160.668512014995,17.25,16.99497413865752,0.008381955508034314,0.13961714030134245,0.1394795384816564,0.6211616216652972,0.09135974404366877,0.26660253899242603,0.44860841080150726,0.28478905020606665,0.33049542059304815,0.18271374803469304,0.4867908313722587,0.9022382636341959,0.09776173636580415,0.866010025850392,0.8190729440761885,12400.0,817.1045765878844,-1719.1808655041066,-0.018948511581020493,Inf,15.0,172.02228373383318
east-west|pv=12.0|bat=00.0,east-west,12.0,0.0,0.0,east_west,10.0,12.0,17.25,0.95,0.92,250.82320580153248,4006.6343319568514,8408.068798095124,11046.723628909123,306.1587279882387,3500.0,2839.1304347826094,0.0,0.0,13.069897129267877,7.109902600678701,0.02771488979655701,0.11530589953006752,0.7611368837083412,0.0,0.09584232696503991,0.37291125654655205,0.6270887434534479,0.0,0.363929258540406,0.6360707414595941,0.0,NaN,NaN,0.21716698556756286,0.3652168522396865,0.0,0.0,NaN,NaN,NaN,NaN,NaN
east-west|pv=12.0|bat=02.5,east-west,12.0,2.5,1.25,east_west,10.0,12.0,17.25,0.95,0.92,65.72243847032416,3277.618194892958,7614.813194630089,11046.723628909123,278.9780141165047,3500.0,2839.13043478261,948.6044130551423,857.184232782266,13.558889793147396,7.010025318373132,0.025254367130759306,0.11507705978077969,0.6880555404586642,0.07904400554137751,0.0925690270884213,0.3601752305265582,0.6397938942255832,3.0875247858563594e-5,0.3632069929787786,0.39592364242612443,0.2408693645950969,0.9204862129255144,0.0795137870744856,0.29432446267531376,0.605441272128476,1400.0,185.10076733120832,1019.5529852211043,0.0824674670853596,8.119421005128439,15.0,342.8736931129064
east-west|pv=12.0|bat=05.0,east-west,12.0,5.0,2.5,east_west,10.0,12.0,17.25,0.95,0.92,-72.60096180723247,2676.3371128594645,6975.042644654019,11046.723628909123,239.86040801335002,3500.0,2839.1304347826094,1755.5359417293039,1586.508687410697,14.808889793147396,7.010025318373132,0.021713262327450526,0.11302591655685816,0.621554407947211,0.15128204286004296,0.09242437030844022,0.35961238795690315,0.6207820441637787,0.01960556787931804,0.35673316088792933,0.23699739819139828,0.40626944092067235,0.9519434366268121,0.048056563373187824,0.36583897289881,0.7641808543003208,2400.0,323.42416760876495,1827.653518206135,0.08581053420722234,7.952480222644247,15.0,317.3017374821394
east-west|pv=12.0|bat=07.5,east-west,12.0,7.5,3.75,east_west,10.0,12.0,17.25,0.95,0.92,-178.60719724536318,2288.635582246795,6546.928016394642,11046.723628909123,208.3726596848017,3500.0,2839.13043478261,2503.9420542960265,2263.0139540021646,15.97669881379932,7.010025318373132,0.018862847182986756,0.1105474837793236,0.5613486002453512,0.21703108669052873,0.09220998210181147,0.35877822858228936,0.5705950462522463,0.07062672516546435,0.3489107146232858,0.16062348564340354,0.4904657997333107,0.9574831931268992,0.042516806873100714,0.43045689162863804,0.8402644429026327,3400.0,429.43040304689566,2213.3187809947894,0.0745998317744056,8.53553772757513,15.0,301.7351938669553
east-west|pv=12.0|bat=10.0,east-west,12.0,10.0,5.0,east_west,10.0,12.0,17.25,0.95,0.92,-263.3138462582096,2067.177400502281,6294.558878079191,11046.723628909123,178.08976335948486,3500.0,2839.1304347826094,3142.5328532319654,2840.4109000418484,17.22669881379932,7.7751775423257365,0.016121500758236262,0.10935493253547685,0.5099334550007623,0.27313069466633505,0.09145941703919139,0.3558578679286535,0.5057532609345368,0.1383888711368097,0.345146776336404,0.14455553434613855,0.5102976893174574,0.9601170264450535,0.03988297355494659,0.48541196999112707,0.856219897518889,4400.0,514.137052059742,2320.5655441612516,0.06168825134664695,9.294354604276041,15.0,284.04109000418487
east-west|pv=12.0|bat=12.5,east-west,12.0,12.5,6.25,east_west,10.0,12.0,17.25,0.95,0.92,-335.87816411776316,1925.5783670031333,6124.856464054017,11046.723628909123,151.1325166753811,3500.0,2839.130434782609,3718.2187733358687,3361.0361929356213,17.25,9.05844468751457,0.013681207365401031,0.10878263096492777,0.46311511346782835,0.3233421991401227,0.09107884906171992,0.35437712255054904,0.4500853738704718,0.19553750357897914,0.343340474255762,0.1432515491216364,0.5134079766226016,0.9606405994933048,0.03935940050669513,0.5349062066417549,0.8574735338612762,5400.0,586.7013699192956,2269.093280858613,0.05011022425667244,10.070546163898939,15.0,268.88289543484973
east-west|pv=12.0|bat=15.0,east-west,12.0,15.0,7.5,east_west,10.0,12.0,17.25,0.95,0.92,-401.59985792168595,1845.645145862477,6011.028821663422,11046.723628909123,134.05571678438992,3500.0,2839.130434782609,4251.962067088998,3843.808265547821,17.250000000000014,10.382650347590847,0.012135337253624048,0.10823185749060826,0.42010982829389015,0.36913472831319977,0.09038824864867694,0.35169007731746155,0.4121580212365735,0.2361519014459648,0.3416021192977786,0.1432120063569482,0.5151858743452732,0.9590229783729214,0.04097702162707872,0.5799648087963243,0.8575198076457301,6400.0,652.4230637232184,2128.1773501997905,0.040338525656219655,10.811709930675919,15.0,256.25388436985475
east-west|pv=12.0|bat=20.0,east-west,12.0,20.0,10.0,east_west,10.0,12.0,17.25,0.95,0.92,-511.49079188865653,1829.2287984061686,5921.0869752213775,11046.723628909123,119.19698570019095,3500.0,2839.1304347826094,5180.390067806274,4683.852036195162,17.250000000000004,12.890241578871843,0.010790256885603084,0.10760758492998547,0.3434569950873969,0.4491135120388478,0.08903165105816292,0.34641171515612634,0.38999492533929925,0.2635933595045745,0.33963178602740424,0.1436643183315004,0.5167038956410954,0.9576948416169849,0.0423051583830151,0.6589664095146075,0.8570634461541166,8400.0,762.313997690189,1564.6216241057807,0.02331805431866536,12.324853018080857,15.0,234.19260180975812
east-west|pv=12.0|bat=25.0,east-west,12.0,25.0,12.5,east_west,10.0,12.0,17.25,0.95,0.92,-600.6986864643789,1885.8798713059766,5914.990543420739,11046.723628909123,108.0605052040089,3500.0,2839.1304347826094,5960.097608284518,5389.675591476778,17.25,15.390241578871843,0.009782131683028265,0.10725445476361348,0.28017287023646853,0.5146043843708941,0.08818615894599315,0.343122004483049,0.3877675026353437,0.2691104928816072,0.33851723421227764,0.14558633058285947,0.515896435204863,0.9537918312727789,0.04620816872722105,0.7235991484966717,0.8552184870088365,10400.0,851.5218922659113,730.7066206080436,0.009046316007023963,13.864143775559139,15.0,215.58702365907112
east-west|pv=12.0|bat=30.0,east-west,12.0,30.0,15.0,east_west,10.0,12.0,17.25,0.95,0.92,-672.4586275560107,1962.8270451160213,5939.273490943885,11046.723628909123,101.1559512605741,3500.0,2839.13043478261,6592.982533723838,5962.991736685765,17.25,17.25,0.009157099847763944,0.10717849137565989,0.23045735739181444,0.5656199364897544,0.08758711489500731,0.340791194319588,0.38706418882418947,0.2721446168562226,0.33827747805438096,0.1483331171686953,0.5133894047769237,0.947711765569372,0.052288234430628064,0.7740136213661272,0.8525756440372242,12400.0,923.2818333575432,-331.2800897070432,-0.003530626403533914,Inf,15.0,198.76639122285886
efficient|pv=00.0|bat=00.0,efficient,0.0,0.0,0.0,south,10.0,12.0,17.25,0.975,0.95,1320.2426006080461,6249.473684210525,0.0,0.0,0.0,3500.0,2749.473684210526,0.0,0.0,13.069897129267877,0.0,NaN,NaN,NaN,NaN,NaN,0.0,1.0,0.0,0.0,1.0,0.0,NaN,NaN,NaN,0.0,0.0,0.0,NaN,NaN,NaN,NaN,NaN
efficient|pv=00.0|bat=02.5,efficient,0.0,2.5,1.25,south,10.0,12.0,17.25,0.975,0.95,1213.0239438908266,6297.717056992938,6.731045987988863,0.0,0.0,3500.0,2749.473684210525,862.9711755832693,821.4588487888452,14.319897129267877,0.9171151468928354,NaN,NaN,NaN,NaN,NaN,0.0,1.0,0.0,0.0,0.7672206277711825,0.23277937222881756,0.0,1.0,NaN,0.2327793722288161,1400.0,107.21865671721957,1.513481936855115,0.00014176472409866558,14.981269825629255,15.0,328.58353951553806
efficient|pv=00.0|bat=05.0,efficient,0.0,5.0,2.5,south,10.0,12.0,17.25,0.975,0.95,1143.8038320238209,6351.257823245731,33.09884748734538,0.0,0.0,3500.0,2749.473684210525,1435.52489210858,1366.8396005607187,15.569897129267877,2.252660847088021,NaN,NaN,NaN,NaN,NaN,0.0,0.9999812043482738,1.879565172621811e-5,0.0,0.6189459785932635,0.38105402140673655,0.0,1.0,NaN,0.3810540214067356,2400.0,176.43876858422527,-93.67272004430416,-0.00517606593819954,Inf,15.0,273.36792011214374
efficient|pv=00.0|bat=07.5,efficient,0.0,7.5,3.75,south,10.0,12.0,17.25,0.975,0.95,1092.8298071356855,6418.650362519906,78.66495746655285,0.0,0.0,3500.0,2749.473684210525,1899.7943461838431,1809.2826253410158,16.420410269270693,3.5444660562795085,NaN,NaN,NaN,NaN,NaN,0.0,0.9860428075866455,0.013957192413354469,0.0,0.5165020758204324,0.48349792417956766,0.0,1.0,NaN,0.4834979241795662,3400.0,227.4127934723606,-427.3634666302674,-0.017108410876763333,Inf,15.0,241.2376833788021
efficient|pv=00.0|bat=10.0,efficient,0.0,10.0,5.0,south,10.0,12.0,17.25,0.975,0.95,1056.8105739219925,6501.666482722336,146.32114031636334,0.0,0.0,3500.0,2749.473684210525,2233.0968748444916,2127.2252166490443,17.250000000000014,4.794466056279509,NaN,NaN,NaN,NaN,NaN,0.0,0.9391411875493411,0.06085881245065891,0.0,0.4818358934150595,0.5181641065849405,0.0,1.0,NaN,0.51816410658494,4400.0,263.43202668605363,-956.536443576254,-0.030506144727834847,Inf,15.0,212.72252166490443
efficient|pv=00.0|bat=12.5,efficient,0.0,12.5,6.25,south,10.0,12.0,17.25,0.975,0.95,1028.064875309838,6597.898170607809,230.02361623986062,0.0,0.0,3500.0,2749.473684210526,2509.0682563528653,2390.6673861954423,17.250000000000014,6.069289852147554,NaN,NaN,NaN,NaN,NaN,0.0,0.8853399579819434,0.11466004201805666,0.0,0.47274599948672474,0.5272540005132753,0.0,1.0,NaN,0.5273267380933367,5400.0,292.1777252982081,-1580.7857544132394,-0.04223806502258759,Inf,15.0,191.2533908956354
efficient|pv=00.0|bat=15.0,efficient,0.0,15.0,7.5,south,10.0,12.0,17.25,0.975,0.95,1001.528723829792,6696.571458209048,316.8177287342231,0.0,0.0,3500.0,2749.473684210526,2771.8743344668155,2641.5942892025164,17.250000000000036,7.319289852147554,NaN,NaN,NaN,NaN,NaN,0.0,0.8301099077178703,0.16989009228212976,0.0,0.469237650705577,0.5307623492944231,0.0,1.0,NaN,0.5308026271659844,6400.0,318.7138767782541,-2233.917259724944,-0.051521826459503824,Inf,15.0,176.10628594683442
efficient|pv=00.0|bat=20.0,efficient,0.0,20.0,10.0,south,10.0,12.0,17.25,0.975,0.95,952.8847718493109,6897.662511355873,496.4419650909885,0.0,0.0,3500.0,2749.473684210526,3251.0756871768886,3099.32882512253,17.25000000000002,9.83621967461185,NaN,NaN,NaN,NaN,NaN,0.0,0.7437151999557864,0.25628480004421367,0.0,0.45764612952948036,0.5423538704705197,0.0,1.0,NaN,0.5423538704705193,8400.0,367.3578287587352,-3598.0656588683914,-0.06550679350914754,Inf,15.0,154.9664412561265
efficient|pv=00.0|bat=25.0,efficient,0.0,25.0,12.5,south,10.0,12.0,17.25,0.975,0.95,919.8812744400016,7164.934824119608,750.424855975431,0.0,0.0,3500.0,2749.473684210526,3564.6589151119115,3399.62263117826,17.25000000000002,12.33621967461185,NaN,NaN,NaN,NaN,NaN,0.0,0.7325238952654846,0.2674761047345154,0.0,0.45320592454853087,0.5467940754514691,0.0,1.0,NaN,0.5467940754514684,10400.0,400.36132616804457,-5166.6589616906,-0.07864456446943144,Inf,15.0,135.9849052471304
efficient|pv=00.0|bat=30.0,efficient,0.0,30.0,15.0,south,10.0,12.0,17.25,0.975,0.95,889.3070858773281,7447.5903493658125,1020.2960754015542,0.0,0.0,3500.0,2749.473684210526,3868.011944379403,3690.191354625669,17.25000000000002,14.838065418908581,NaN,NaN,NaN,NaN,NaN,0.0,0.7251626373170853,0.2748373626829146,0.0,0.4530750905458232,0.5469249094541768,0.0,1.0,NaN,0.546924909454176,12400.0,430.93551473071807,-6767.007084099181,-0.08879527748827903,Inf,15.0,123.00637848752231
efficient|pv=03.0|bat=00.0,efficient,3.0,0.0,0.0,south,10.0,12.0,17.25,0.975,0.95,910.9813738427194,4933.984804757941,2180.2162517791694,3591.9103823688893,96.2052511371347,3500.0,2749.473684210526,0.0,0.0,13.069897129267877,2.3347800562488095,0.026783867328473456,0.2653183162527655,0.6069795790231568,0.0,0.10091823739560582,0.13183951050461795,0.868160489495382,0.0,0.27228560422312614,0.7277143957768739,0.0,NaN,NaN,0.37631574462605094,0.27521369195649514,0.0,0.0,NaN,NaN,NaN,NaN,NaN
efficient|pv=03.0|bat=02.5,efficient,3.0,2.5,1.25,south,10.0,12.0,17.25,0.975,0.95,725.9311044206383,4320.0372041634655,1544.8892815628149,3591.9103823688893,72.52451369944016,3500.0,2749.4736842105253,934.8249531052952,889.764846045721,13.644774998606104,2.2323585036465707,0.020191069926307502,0.26433369703092063,0.427485796227073,0.20911029586614802,0.07887914094955303,0.10304765124907588,0.8969523487509241,0.0,0.2712751287929478,0.4771916614167213,0.251533209790331,0.8034717518898367,0.19652824811016334,0.5638342807426646,0.5266168443094147,1400.0,185.0502694220811,1018.8928995362214,0.08241990537720761,8.12184702797124,15.0,355.90593841828843
efficient|pv=03.0|bat=05.0,efficient,3.0,5.0,2.5,south,10.0,12.0,17.25,0.975,0.95,600.0795581376548,3851.3935246371802,1065.113826110361,3591.9103823688893,50.817996377758945,3500.0,2749.473684210525,1622.1194998971903,1544.2210995897665,14.894774998606104,2.4011621552773694,0.014147902082190628,0.26308111302661535,0.2841263481746351,0.37535498834493497,0.0632896483716236,0.08268154970458852,0.9102702394130736,0.007048210882337964,0.26998965179584666,0.30707183876110383,0.42293850944304945,0.8311603921878629,0.16883960781213705,0.7120091441697353,0.6972295275674374,2400.0,310.9018157050647,1663.967033447415,0.0789292135242203,8.302822292418774,15.0,308.8442199179533
efficient|pv=03.0|bat=07.5,efficient,3.0,7.5,3.75,south,10.0,12.0,17.25,0.975,0.95,516.5939355709545,3591.091311021325,786.2427548417912,3591.9103823688893,43.051846134726006,3500.0,2749.473684210526,2177.7019382920757,2073.468530088904,16.1447749986061,3.8871747775863743,0.011985779585718122,0.26123006912170044,0.16941647749609534,0.4979740542646384,0.05939361953184813,0.07759178051713898,0.8557492558885892,0.06665896359427166,0.2680899992757651,0.24263071115551987,0.48927928956871497,0.8213604186192275,0.17863958138077254,0.8292433146492754,0.7617492372726835,3400.0,394.38743827176495,1755.2530946383933,0.060501305357369084,9.369838883323244,15.0,276.46247067852056
efficient|pv=03.0|bat=10.0,efficient,3.0,10.0,5.0,south,10.0,12.0,17.25,0.975,0.95,458.8863134731374,3467.0618875066357,646.753189809265,3591.9103823688893,38.63950922058045,3500.0,2749.473684210526,2602.397704003104,2478.291817367951,17.25,5.183375042154696,0.010757370064198938,0.26031025661996876,0.082305785782611,0.5888553851656537,0.057771202367568705,0.0754722559367166,0.7868136256919419,0.13771411837134148,0.2671460323972498,0.2332733134216024,0.4995806541811478,0.8127565469477592,0.18724345305224083,0.9179754567130265,0.771237565909908,4400.0,452.09506036958203,1509.5808661000049,0.04153109652220845,10.717325033195689,15.0,247.82918173679508
efficient|pv=03.0|bat=12.5,efficient,3.0,12.5,6.25,south,10.0,12.0,17.25,0.975,0.95,419.6371354992151,3429.1908861663383,596.2260511744742,3591.9103823688893,36.750020827324775,3500.0,2749.473684210526,2919.207844514486,2780.5563321915824,17.250000000000007,6.433375042154696,0.010231330104368552,0.2599651930847182,0.03207616389759869,0.6416667490391946,0.05606056387412196,0.07323747907728452,0.7268472711670161,0.19991524975569952,0.26679190745586595,0.2332414442950521,0.4999666482490818,0.7895324967099423,0.21046750329005773,0.9689153061807513,0.7713298541930552,5400.0,491.34423834350434,1022.6282570076429,0.023690644049411506,12.288122183941672,15.0,222.44450657532659
efficient|pv=03.0|bat=15.0,efficient,3.0,15.0,7.5,south,10.0,12.0,17.25,0.975,0.95,390.78820019633025,3493.615881127237,650.6001968093549,3591.9103823688893,34.23123122406518,3500.0,2749.473684210526,3195.9980000441524,3044.776848791972,17.250000000000007,7.683375042154696,0.009530090559077217,0.2593495206641348,0.01961989020646222,0.656769865904643,0.05473063266568452,0.07150005793270116,0.6684152680272043,0.2600846740400945,0.26616006741025666,0.23396748333933434,0.4998724492504091,0.7381289037531678,0.2618710962468323,0.9815258324685596,0.7711648138297238,6400.0,520.1931736463891,399.72840920553654,0.008057814584610926,13.980779391848445,15.0,202.98512325279813
efficient|pv=03.0|bat=20.0,efficient,3.0,20.0,10.0,south,10.0,12.0,17.25,0.975,0.95,351.4264459193085,3749.393081506091,891.5500932965773,3591.9103823688893,32.43271883601541,3500.0,2749.473684210526,3577.153772797194,3409.3068052653325,17.250000000000014,10.183375042154696,0.009029378626820253,0.2591264479194886,0.018719555724624262,0.6585356333428211,0.0545889843862474,0.07131500872547408,0.6265915952668958,0.3020933960076302,0.2659311367509657,0.2328123386682921,0.5012565245807423,0.6612522493586559,0.3387477506413441,0.98240539407741,0.7727295724404412,8400.0,559.554927923411,-1085.7526536898172,-0.01761289693488783,Inf,15.0,170.46534026326663
efficient|pv=03.0|bat=25.0,efficient,3.0,25.0,12.5,south,10.0,12.0,17.25,0.975,0.95,320.15309886695235,4040.261617590686,1170.1377441453878,3591.9103823688893,31.864212746378378,3500.0,2749.473684210526,3881.824989514593,3701.1286306573093,17.25000000000001,12.683375042154696,0.008871104608507442,0.2589259532273951,0.01851991004942103,0.6565547391966194,0.0571282929180588,0.07463235950858227,0.6179747810775659,0.30739285941385175,0.26572537704635424,0.23360486123182775,0.5006697617218179,0.6075198626120254,0.3924801373879746,0.9826813207085334,0.772240818775271,10400.0,590.828274975767,-2676.961694530859,-0.03664507446414991,Inf,15.0,148.04514522629236
efficient|pv=03.0|bat=30.0,efficient,3.0,30.0,15.0,south,10.0,12.0,17.25,0.975,0.95,289.17374373333234,4335.469548171855,1453.783501271098,3591.9103823688893,30.708411293497008,3500.0,2749.4736842105253,4183.834607911368,3990.420274145744,17.25000000000003,15.183375042154696,0.008549325574555289,0.2587536773367516,0.018572166293317788,0.6537164992481382,0.06040833154723843,0.07891739954165478,0.6102862062907396,0.3107963941676056,0.2655485771720016,0.23478861628647263,0.49966280654152584,0.5612294224860457,0.4387705775139542,0.9826730307380651,0.7712697781187505,12400.0,621.8076301093871,-4272.01366392841,-0.050756316240436014,Inf,15.0,133.01400913819145
efficient|pv=06.0|bat=00.0,efficient,6.0,0.0,0.0,south,10.0,12.0,17.25,0.975,0.95,616.186555144163,4592.911981797092,5307.6295075442395,7183.8207647377785,219.62955478010556,3500.0,2749.4736842105253,0.0,0.0,13.069897129267877,4.833343879611602,0.030572805471173584,0.15243386863721456,0.7388310039132733,0.0,0.0781623219783371,0.20422239895317484,0.7957776010468252,0.0,0.31287359736152426,0.6871264026384757,0.0,NaN,NaN,0.23786849793050138,0.3152856896267605,0.0,0.0,NaN,NaN,NaN,NaN,NaN
efficient|pv=06.0|bat=02.5,efficient,6.0,2.5,1.25,south,10.0,12.0,17.25,0.975,0.95,418.913678446881,3856.4747363140573,4560.825748022435,7183.8207647377785,183.86484315745676,3500.0,2749.473684210526,956.5184944084699,910.3872687470516,13.644774998606104,4.590965073326103,0.025594297126672275,0.152215414103338,0.6331326337034983,0.11462215764216784,0.07443549742432236,0.19448495728518767,0.8055150427148122,9.262041958641854e-19,0.31242521501392057,0.43103967596981174,0.2565351090162677,0.8608563671087945,0.1391436328912054,0.3503680335184353,0.5715590185825073,1400.0,197.27287669728196,1178.66125893465,0.09378558388380946,7.579461680551796,15.0,364.15490749882065
efficient|pv=06.0|bat=05.0,efficient,6.0,5.0,2.5,south,10.0,12.0,17.25,0.975,0.95,272.6193816261096,3216.3946365864995,3918.972712238131,7183.8207647377785,149.24490572529987,3500.0,2749.4736842105253,1715.8045397533429,1633.2804406030214,14.894774998606104,4.590965073326103,0.02077514328557271,0.15095066283725217,0.5366023936749948,0.21847501562409521,0.07319678457808729,0.19124845019750997,0.7959360822937055,0.012815467508784645,0.3098292874689096,0.2519057537342224,0.4382649587968679,0.9147226956529718,0.08527730434702818,0.45232930403391863,0.7507508387464666,2400.0,343.5671735180534,2090.953723720346,0.09666186067495228,7.45132892307467,15.0,326.6560881206043
efficient|pv=06.0|bat=07.5,efficient,6.0,7.5,3.75,south,10.0,12.0,17.25,0.975,0.95,161.47270667289348,2788.4767037879446,3485.625332099873,7183.8207647377785,121.97421410270731,3500.0,2749.473684210526,2400.301025065649,2285.076786953032,16.144774998606103,5.832654573200394,0.01697901689048607,0.14925762525438951,0.4492787175796996,0.3105217898367165,0.07396285043870786,0.19325002594209204,0.727189946859973,0.07956002719793509,0.3063542935994099,0.1770054108974013,0.5166402955031888,0.9293554676841169,0.07064453231588304,0.5439301223741624,0.8255996320591531,3400.0,454.7138484712695,2543.81247227029,0.08447295205188646,8.018079141258129,15.0,304.6769049270709
efficient|pv=06.0|bat=10.0,efficient,6.0,10.0,5.0,south,10.0,12.0,17.25,0.975,0.95,71.97208755060075,2493.390820953654,3176.812375216856,7183.8207647377785,106.48804396606508,3500.0,2749.473684210526,3014.1768566680385,2869.739374370053,17.25,7.008152726622512,0.014823315816670722,0.14847167114032225,0.3704336713268124,0.3917820337433972,0.07448930797279836,0.19462555340644686,0.6344242402325216,0.1709502063610314,0.3047411068894766,0.15696374868515958,0.5382951444253637,0.9337514164209461,0.06624858357905394,0.6254768018726317,0.8454798212953473,4400.0,544.2144675935622,2713.7238308169353,0.07106696990884466,8.732517683594654,15.0,286.9739374370053
efficient|pv=06.0|bat=12.5,efficient,6.0,12.5,6.25,south,10.0,12.0,17.25,0.975,0.95,-4.505762500656772,2264.8116257441566,2937.01924619862,7183.8207647377785,92.40448001599007,3500.0,2749.473684210526,3548.746431530086,3379.011451473287,17.250000000000007,7.186801605213233,0.012862859896165991,0.14820426687190588,0.30362236697432204,0.46116049265480397,0.07415001360280246,0.19373904557968255,0.5403330331840817,0.2659279212362357,0.3041922542220392,0.15523658907859086,0.54057115669937,0.9335393178773517,0.06646068212264843,0.6941951083245098,0.8467347043159095,5400.0,620.6923176448197,2713.4074791494604,0.05903036129162895,9.464589897896344,15.0,270.32091611786296
efficient|pv=06.0|bat=15.0,efficient,6.0,15.0,7.5,south,10.0,12.0,17.25,0.975,0.95,-69.26976368545064,2118.0478594602014,2771.7755772440323,7183.8207647377785,88.2093270204841,3500.0,2749.473684210526,4030.2032551480843,3837.793219425147,17.250000000000007,8.436801605213233,0.01227888750419066,0.14818829756791652,0.24544024293058242,0.5216092851647943,0.07248328683251726,0.18938422434597543,0.47153956038609945,0.33907621526792514,0.304159476902726,0.1538590302323465,0.5419814928649275,0.9297664104311266,0.07023358956887336,0.753479197205283,0.8477125532852547,6400.0,685.4563188296136,2559.973026450198,0.04788373715784068,10.23313248642933,15.0,255.8528812950098
efficient|pv=06.0|bat=20.0,efficient,6.0,20.0,10.0,south,10.0,12.0,17.25,0.975,0.95,-163.51293632072185,2116.497584461621,2744.2473257482256,7183.8207647377785,77.9549046937378,3500.0,2749.473684210526,4808.454370570329,4579.811936023419,17.250000000000007,10.936801605213233,0.010851454573641953,0.14791333815036842,0.15386909927450923,0.6173054763494418,0.0700606316520392,0.18305431448313011,0.4390045205838082,0.3779411649330618,0.30359511713894227,0.15303535328060502,0.5433695295804526,0.9222530895430909,0.0777469104569091,0.8468672589207169,0.8485867087021416,8400.0,779.6994914648849,1791.8768860293526,0.026541724117183724,12.011746389269186,15.0,228.99059680117094
efficient|pv=06.0|bat=25.0,efficient,6.0,25.0,12.5,south,10.0,12.0,17.25,0.975,0.95,-229.19296871801686,2228.736216729133,2836.4480147017193,7183.8207647377785,72.461595794064,3500.0,2749.473684210526,5369.973402746357,5115.799715985755,17.25000000000002,13.192102941495863,0.010086776684316255,0.14790566915886516,0.09318491780513265,0.6806332115290867,0.06818942482259784,0.17816522805409604,0.4391737375424022,0.38266103440350174,0.3035793763788265,0.15451805084753886,0.5419025727736346,0.9105346770716165,0.08946532292838345,0.9085042244205971,0.8472045253047137,10400.0,845.3795238621799,650.4163764245425,0.008068283024577398,13.97953762827924,15.0,204.6319886394302
efficient|pv=06.0|bat=30.0,efficient,6.0,30.0,15.0,south,10.0,12.0,17.25,0.975,0.95,-272.6574828170865,2402.86238285907,3001.911467277584,7183.8207647377785,64.72557997834949,3500.0,2749.473684210525,5746.529946944582,5475.957530814192,17.250000000000014,15.692102941495863,0.009009910199327207,0.14794786615564653,0.06597861924139335,0.7093607752277027,0.06770282917593125,0.17689385167008886,0.43864091528505644,0.38446523304485475,0.30366598656788013,0.15606327122613228,0.5402707422059876,0.8867822344649482,0.11321776553505183,0.935939207583412,0.8459896013785609,12400.0,888.8440379612495,-781.4352773753963,-0.008415657568696899,Inf,15.0,182.5319176938064
efficient|pv=09.0|bat=00.0,efficient,9.0,0.0,0.0,south,10.0,12.0,17.25,0.975,0.95,336.32607803914823,4366.321705618141,8545.852627810214,10775.731147106668,346.7265407040672,3500.0,2749.4736842105253,0.0,0.0,13.069897129267877,7.331907702974395,0.03217661390866872,0.10776942412934694,0.7930647592395442,0.0,0.06698920272243973,0.2625439342960315,0.7374560657039685,0.0,0.33179838294181485,0.668201617058185,0.0,NaN,NaN,0.1805687167341239,0.3339009421563213,0.0,0.0,NaN,NaN,NaN,NaN,NaN
efficient|pv=09.0|bat=02.5,efficient,9.0,2.5,1.25,south,10.0,12.0,17.25,0.975,0.95,136.5438519855694,3601.9659721289536,7767.166756767094,10775.731147106668,314.2057132993211,3500.0,2749.4736842105253,971.0954928340242,924.2445278753441,13.644774998606104,6.949571643005636,0.029158644458542073,0.1076198110621616,0.7194426459387165,0.0791814796117521,0.0645974189288287,0.2531700605725012,0.7468299394274989,2.1653928016974014e-19,0.33133775717379116,0.4087770143956643,0.2598852284305447,0.8786348432493208,0.12136515675067909,0.2590678783097173,0.5934318012694589,1400.0,199.78222605357882,1211.4623316342938,0.09608461289027667,7.476782496444609,15.0,369.6978111501377
efficient|pv=09.0|bat=05.0,efficient,9.0,5.0,2.5,south,10.0,12.0,17.25,0.975,0.95,-14.491330600721597,2924.637104621059,7094.5106469866805,10775.731147106668,271.577945935251,3500.0,2749.4736842105253,1762.0197386383493,1677.2137640430806,14.894774998606104,6.949571643005636,0.025202739584698243,0.10634826773691895,0.6511722636644149,0.1528155937731221,0.06446113524084673,0.25263593784571753,0.7316677343778107,0.015696327776471633,0.32742295459815873,0.2278902680884605,0.44468677731338085,0.9345523875102335,0.06544761248976648,0.33233361515212007,0.7743238578346507,2400.0,350.8174086398698,2185.7254974167595,0.10050744280254204,7.28503054851071,15.0,335.4427528086161
efficient|pv=09.0|bat=07.5,efficient,9.0,7.5,3.75,south,10.0,12.0,17.25,0.975,0.95,-133.771408817417,2446.5064030431167,6615.280750166414,10775.731147106668,237.06265774432092,3500.0,2749.473684210526,2505.5409220966662,2385.120464068143,15.97669881379932,7.041150908503367,0.021999681924875537,0.10481448598657779,0.5869562000584103,0.2211734118514653,0.06505622017867119,0.254968193410306,0.6624519000957206,0.0825799064939734,0.32270077751815485,0.14367903930791284,0.5336201831739323,0.951213848467224,0.04878615153277604,0.4008004935036813,0.8584130941762058,3400.0,470.09748685656524,2744.9003916526144,0.09037193220058945,7.735860224683063,15.0,318.0160618757524
efficient|pv=09.0|bat=10.0,efficient,9.0,10.0,5.0,south,10.0,12.0,17.25,0.975,0.95,-235.48711406414657,2101.967066196181,6266.271771134759,10775.731147106668,208.25080443114,3500.0,2749.473684210526,3201.8117169908355,3048.109763464413,17.22669881379932,8.291150908503367,0.019325909452284015,0.10414097835627478,0.5273448877047208,0.2843751046556911,0.06481311983102968,0.2540154350685925,0.5660640715007353,0.17992049343067218,0.32062719547539187,0.11660764392487073,0.5627651605997375,0.9570674179367469,0.042932582063253184,0.4637084442923168,0.8849970677195329,4400.0,571.8131921032948,3074.481796538018,0.07948077154411802,8.27383871350038,15.0,304.8109763464413
efficient|pv=09.0|bat=12.5,efficient,9.0,12.5,6.25,south,10.0,12.0,17.25,0.975,0.95,-326.65507287942233,1823.205802160878,5987.686476856117,10775.731147106668,177.2660107845695,3500.0,2749.473684210526,3848.0030869130323,3663.4923094967007,17.250000000000004,9.541150908503367,0.016450485666781527,0.10382009026080441,0.47246574599765184,0.3424258574280434,0.06483782064671903,0.2541122424504968,0.460916665350263,0.28497109219924033,0.31963925151965034,0.11366098591865782,0.5666997625616917,0.9589100876793211,0.041089912320679,0.5214259319645194,0.8874368432663534,5400.0,662.9811509185706,3266.1878606912396,0.06983044277091886,8.803019235774595,15.0,293.07938475973606
efficient|pv=09.0|bat=15.0,efficient,9.0,15.0,7.5,south,10.0,12.0,17.25,0.975,0.95,-405.9795551463876,1660.0052925674545,5814.130188715096,10775.731147106668,159.07612721435805,3500.0,2749.473684210526,4448.358269045892,4235.301829511751,17.250000000000007,10.791150908503367,0.014762443962521347,0.10361175757271422,0.42111653177293495,0.3961254322915812,0.06438383440024777,0.2523329805631942,0.39492514573397147,0.3527418737028343,0.31899784093793243,0.11267196771385168,0.5683301913482158,0.9595767473605538,0.040423252639446364,0.5746974305749133,0.8882864026023045,6400.0,742.3056331855358,3303.0813897533117,0.06048590424344405,9.370824000923783,15.0,282.35345530078337
efficient|pv=09.0|bat=20.0,efficient,9.0,20.0,10.0,south,10.0,12.0,17.25,0.975,0.95,-538.206194377117,1567.6107295508264,5695.508262324622,10775.731147106668,135.29304691249672,3500.0,2749.473684210526,5505.658394123505,5242.591510913657,17.250000000000014,11.616242198840437,0.012555347295280609,0.10323672421595406,0.3306121647248044,0.4898358686833001,0.06375989508065884,0.2498876389697793,0.34446032973184487,0.4056520312983759,0.31784319561689117,0.11234495734738047,0.5698118470357283,0.9587117923579427,0.041288207642057304,0.6679688556310691,0.8885678148477337,8400.0,874.5322724162652,3031.487837166913,0.04353201280470013,10.56148573890791,15.0,262.1295755456828
efficient|pv=09.0|bat=25.0,efficient,9.0,25.0,12.5,south,10.0,12.0,17.25,0.975,0.95,-643.5260380969448,1600.8586917467308,5697.740810973426,10775.731147106668,125.11027205502502,3500.0,2749.473684210526,6384.482463076844,6080.217391462424,17.250000000000007,14.116242198840437,0.011610374307512088,0.10310056694207037,0.25539290586029867,0.5662249227200067,0.06367123017011285,0.24954014364959767,0.33594545978586127,0.4145143965645411,0.31742399728057835,0.11262587533734045,0.5699501273820811,0.9556745705401429,0.04432542945985713,0.7447715488146462,0.8882940762777561,10400.0,979.8521161360931,2408.1808998129336,0.028694420404481433,11.81227503390611,15.0,243.20869565849694
efficient|pv=09.0|bat=30.0,efficient,9.0,30.0,15.0,south,10.0,12.0,17.25,0.975,0.95,-732.8250152460956,1665.5266970505086,5740.185395164852,10775.731147106668,112.73763034613148,3500.0,2749.473684210526,7129.592596165391,6790.731461729723,17.25000000000001,16.616242198840435,0.010462179206874703,0.10296817607326775,0.19396691822994433,0.6293398931656987,0.06326283332421488,0.24793955563961054,0.3338256945007313,0.41823474985965825,0.31701639487813577,0.1141961793269847,0.5687874257948795,0.9511900431098733,0.04880995689012657,0.8073119503547771,0.8867842317553611,12400.0,1069.1510932852439,1575.456486260438,0.016129002822880614,13.06385511506635,15.0,226.3577153909908
efficient|pv=12.0|bat=00.0,efficient,12.0,0.0,0.0,south,10.0,12.0,17.25,0.975,0.95,59.29013615002759,4159.137199854072,11816.302475815326,14367.641529475557,461.0025693037769,3500.0,2749.473684210526,0.0,0.0,13.069897129267877,9.830471526337186,0.03208616865600518,0.0837705225848021,0.8224246444048521,0.0,0.06171866435434056,0.32251686939706203,0.677483130602938,0.0,0.34388138263864937,0.6561186173613507,0.0,NaN,NaN,0.15031212720364126,0.3456899805482828,0.0,0.0,NaN,NaN,NaN,NaN,NaN
efficient|pv=12.0|bat=02.5,efficient,12.0,2.5,1.25,south,10.0,12.0,17.25,0.975,0.95,-138.44354032170793,3400.0264882227775,11016.566144243552,14367.641529475557,454.60666256839374,3500.0,2749.473684210526,974.5499073591898,927.5283806833297,13.644774998606104,9.308178212685169,0.03164100813872321,0.08365552343917337,0.7656552836574689,0.060405064124598534,0.058643120640032936,0.3064453172854105,0.6935546827145894,0.0,0.3434093064956237,0.39612701145315854,0.26046368205121784,0.8905427021782465,0.10945729782175345,0.20943425956168246,0.6057273941883871,1400.0,197.73367647173552,1184.6846238614598,0.09420859900361385,7.560411032897427,15.0,371.0113522733319
efficient|pv=12.0|bat=05.0,efficient,12.0,5.0,2.5,south,10.0,12.0,17.25,0.975,0.95,-293.9421827666189,2691.8671779142287,10329.558830991042,14367.641529475557,394.5832485490073,3500.0,2749.473684210526,1784.0343015536032,1698.1413579143937,14.808889793147396,9.308178212685169,0.027463327766043606,0.0824846673260726,0.7128455699764119,0.11729713055188452,0.059909304379583715,0.31306188327940004,0.669285829770225,0.017652286950375084,0.3386028948054441,0.21512349268512837,0.4462736125094276,0.9446472653232937,0.0553527346767062,0.2673937292302265,0.7867224922367462,2400.0,353.2323189166465,2217.292105451187,0.10178169242791452,7.231155441862634,15.0,339.6282715828787
efficient|pv=12.0|bat=07.5,efficient,12.0,7.5,3.75,south,10.0,12.0,17.25,0.975,0.95,-416.4637720626265,2201.0660759428747,9832.526812279197,14367.641529475557,363.4018352665838,3500.0,2749.473684210526,2563.9675678405138,2440.6622941783885,15.97669881379932,9.308178212685169,0.025293075033996103,0.08107777226926795,0.6624119413197874,0.17155116747817867,0.059666043898768666,0.3117907020323456,0.6036568181549472,0.08455247981270726,0.33282753370665563,0.12632732873730498,0.5408451375560394,0.9613170264729376,0.038682973527062424,0.3213773044430626,0.875242220640176,3400.0,475.7539082126541,2818.838557199514,0.09252178913003258,7.636807176110568,15.0,325.4216392237851
efficient|pv=12.0|bat=10.0,efficient,12.0,10.0,5.0,south,10.0,12.0,17.25,0.975,0.95,-524.0683045582866,1828.5599193396642,9455.863896212759,14367.641529475557,331.7650587136948,3500.0,2749.473684210526,3311.115132723825,3152.016323045586,17.208800295176523,9.49964724380634,0.02309112863326044,0.08045533944191065,0.614527095268707,0.22283014014406954,0.05909629651205067,0.3088134317781408,0.5065503736017967,0.18463619462006262,0.3302724217810421,0.09321184006385026,0.5765157381551077,0.9669079591681545,0.033092040831845505,0.3723813146535554,0.9078367276942236,4400.0,583.3584407083142,3225.3960316876255,0.08295060704905659,8.094836787739197,15.0,315.2016323045586
efficient|pv=12.0|bat=12.5,efficient,12.0,12.5,6.25,south,10.0,12.0,17.25,0.975,0.95,-617.066544696296,1577.1945389201746,9212.290882218906,14367.641529475557,291.2011624420388,3500.0,2749.473684210526,3997.0575093520856,3805.1871698278255,17.25,10.74964724380634,0.02026784715115788,0.08018306980777097,0.5713062683959147,0.26953375948869435,0.058709055156462124,0.3067898644989064,0.4156600552997582,0.2775500802013354,0.329154743923133,0.08853002353410078,0.5823152325427662,0.9688538199324472,0.031146180067552747,0.41866974399712115,0.912232327722271,5400.0,676.3566808463236,3441.0267002715254,0.07318416355745624,8.613689344166257,15.0,304.41497358622604
efficient|pv=12.0|bat=15.0,efficient,12.0,15.0,7.5,south,10.0,12.0,17.25,0.975,0.95,-701.5656023447111,1421.2544485813523,9055.822042733722,14367.641529475557,260.52138103815486,3500.0,2749.473684210526,4651.344204040596,4428.265333966091,17.250000000000007,11.99964724380634,0.0181325084220461,0.07994270024634771,0.5303124529357273,0.31366144323524675,0.05795089516063375,0.302828025873352,0.35403270722786107,0.343139266898787,0.32816801715366845,0.08659480305425683,0.5852371797920747,0.9688758733673422,0.031124126632657793,0.4620380517627714,0.9141395846608882,6400.0,760.8557384947387,3545.5599236036705,0.06450372078663116,9.11870440906741,15.0,295.21768893107276
efficient|pv=12.0|bat=20.0,efficient,12.0,20.0,10.0,south,10.0,12.0,17.25,0.975,0.95,-851.802514188928,1285.3962745678432,8902.98214907945,14367.641529475557,219.6329807955598,3500.0,2749.4736842105262,5867.827644716208,5586.878654758344,17.250000000000014,14.49964724380634,0.015286641189159511,0.0795458900087871,0.452452439438316,0.39592138637577473,0.056793642987963,0.2967806923521679,0.29279850041870076,0.41042080722913127,0.3265390950826695,0.08599526042120792,0.5874656444961226,0.9694314314808461,0.03056856851915385,0.5433224898909124,0.9146830790095315,8400.0,911.0926503389555,3509.388457564517,0.04984455717703434,10.089758644261922,15.0,279.3439327379172
efficient|pv=12.0|bat=25.0,efficient,12.0,25.0,12.5,south,10.0,12.0,17.25,0.975,0.95,-981.3379547890183,1298.218361682424,8895.902354401547,14367.641529475557,189.09759106388816,3500.0,2749.473684210526,6933.772384445912,6602.386122963895,17.250000000000018,16.048746751928483,0.013161352242534029,0.07930341671318661,0.3839467528577067,0.46733867895482284,0.05624979923174917,0.2939387840326972,0.2829534542075078,0.42310776175979514,0.3255437323993385,0.08600786089087702,0.5884484067097846,0.9683840541324806,0.031615945867519465,0.614151052045618,0.9146687002027624,10400.0,1040.628090939046,3202.6167813297493,0.037544234803331675,11.03812995040757,15.0,264.0954449185558
efficient|pv=12.0|bat=30.0,efficient,12.0,30.0,15.0,south,10.0,12.0,17.25,0.975,0.95,-1094.8191004571636,1348.865552767141,8919.748163734102,14367.641529475557,171.0367179053097,3500.0,2749.473684210526,7886.805395296349,7510.5568789035915,17.250000000000018,17.25,0.011904300198082186,0.07906886918729392,0.3225988429834959,0.5298860073710514,0.05654198026007554,0.2954656043477321,0.28002399074869866,0.4245104049035691,0.3245809053211524,0.08724393410055924,0.5881751605782883,0.9653100113174855,0.034689988682514515,0.6769796492126162,0.9134927639313881,12400.0,1154.1092366071912,2685.990668572292,0.02693167573528763,11.975089170174293,15.0,250.35189596345305
high-mileage|pv=00.0|bat=00.0,high-mileage,0.0,0.0,0.0,south,20.0,12.0,17.25,0.95,0.92,1939.631238245575,9165.217391304348,0.0,0.0,0.0,3500.0,5665.21739130435,0.0,0.0,13.179213558739997,0.0,NaN,NaN,NaN,NaN,NaN,0.0,1.0,0.0,0.0,1.0,0.0,NaN,NaN,NaN,0.0,0.0,0.0,NaN,NaN,NaN,NaN,NaN
high-mileage|pv=00.0|bat=02.5,high-mileage,0.0,2.5,1.25,south,20.0,12.0,17.25,0.95,0.92,1846.3822383606291,9244.691100087399,5.87797657342651,0.0,0.0,3500.0,5665.21739130435,765.7895611243459,692.1938289147223,14.429213558739997,0.9171151468928354,NaN,NaN,NaN,NaN,NaN,0.0,1.0,0.0,0.0,0.8039097564739139,0.19609024352608606,0.0,1.0,NaN,0.1960902435260845,1400.0,93.24899988494599,-181.0915141329972,-0.01762634492119565,Inf,15.0,276.87753156588894
high-mileage|pv=00.0|bat=05.0,high-mileage,0.0,5.0,2.5,south,20.0,12.0,17.25,0.95,0.92,1784.4145239080622,9321.134667817816,29.835329572846057,0.0,0.0,3500.0,5665.21739130435,1315.0712506730229,1188.9893037324032,15.170410269270693,2.252660847088021,NaN,NaN,NaN,NaN,NaN,0.0,0.9999896881024523,1.0311897547691174e-5,0.0,0.6688298414233596,0.3311701585766405,0.0,1.0,NaN,0.33117015857663795,2400.0,155.21671433751294,-371.07775431560043,-0.02124060877155222,Inf,15.0,237.79786074648064
high-mileage|pv=00.0|bat=07.5,high-mileage,0.0,7.5,3.75,south,20.0,12.0,17.25,0.95,0.92,1739.1765147699123,9399.479941828215,67.73237854748919,0.0,0.0,3500.0,5665.21739130435,1740.8863792448776,1574.3562072685022,16.415417949309813,3.502660847088021,NaN,NaN,NaN,NaN,NaN,0.0,0.9938501800769707,0.0061498199230293465,0.0,0.5794903537315189,0.42050964626848114,0.0,1.0,NaN,0.4205096462684791,3400.0,200.45472347566283,-779.7470881395033,-0.032318484487311186,Inf,15.0,209.91416096913363
high-mileage|pv=00.0|bat=10.0,high-mileage,0.0,10.0,5.0,south,20.0,12.0,17.25,0.95,0.92,1706.5204494514956,9479.470923500434,117.66850651209865,0.0,0.0,3500.0,5665.21739130435,2060.102827528057,1863.5178018440713,17.25,4.794466056279509,NaN,NaN,NaN,NaN,NaN,0.0,0.9733716084577494,0.026628391542250603,0.0,0.5442875232958972,0.45571247670410275,0.0,1.0,NaN,0.4557124767041007,4400.0,233.11078879407955,-1352.881865126303,-0.044621252045809065,Inf,15.0,186.35178018440712
high-mileage|pv=00.0|bat=12.5,high-mileage,0.0,12.5,6.25,south,20.0,12.0,17.25,0.95,0.92,1680.4178122954638,9565.324831134898,178.90053214152886,0.0,0.0,3500.0,5665.21739130435,2323.5964891181534,2102.3895814291336,17.25000000000003,6.08621967461185,NaN,NaN,NaN,NaN,NaN,0.0,0.9475966084702353,0.052403391529764594,0.0,0.5352535873628974,0.46474641263710254,0.0,1.0,NaN,0.4647464126371002,5400.0,259.2134259501113,-2011.6800723751653,-0.05554357119177672,Inf,15.0,168.1911665143307
high-mileage|pv=00.0|bat=15.0,high-mileage,0.0,15.0,7.5,south,20.0,12.0,17.25,0.95,0.92,1656.8129196785317,9651.834565003948,242.50751970989808,0.0,0.0,3500.0,5665.21739130435,2569.4579896379564,2325.3483356482557,17.250000000000014,7.319289852147554,NaN,NaN,NaN,NaN,NaN,0.0,0.9210772216677677,0.0789227783322323,0.0,0.5326496801255587,0.4673503198744414,0.0,1.0,NaN,0.4673503198744391,6400.0,282.81831856704343,-2703.127659434991,-0.06441017891579784,Inf,15.0,155.02322237655036
high-mileage|pv=00.0|bat=20.0,high-mileage,0.0,20.0,10.0,south,20.0,12.0,17.25,0.95,0.92,1611.1713246836316,9827.772285333645,372.82158327473275,0.0,0.0,3500.0,5665.217391304349,3059.316007739119,2769.582696984555,17.25000000000001,9.824552792661352,NaN,NaN,NaN,NaN,NaN,0.0,0.8687120291439726,0.13128797085602734,0.0,0.5277182234436559,0.4722817765563441,0.0,1.0,NaN,0.472281776556342,8400.0,328.4599135619435,-4106.521502624403,-0.07706510066327868,Inf,15.0,138.47913484922773
high-mileage|pv=00.0|bat=25.0,high-mileage,0.0,25.0,12.5,south,20.0,12.0,17.25,0.95,0.92,1568.7052923536812,9998.623466706253,499.06040269533264,0.0,0.0,3500.0,5665.21739130435,3538.8017713494405,3204.4560986428705,17.250000000000004,12.33621967461185,NaN,NaN,NaN,NaN,NaN,0.0,0.8161128974980579,0.18388710250194198,0.0,0.5246756329094353,0.4753243670905648,0.0,1.0,NaN,0.4753486611544531,10400.0,370.9259458918939,-5551.424855668994,-0.0862527978959273,Inf,15.0,128.17824394571483
high-mileage|pv=00.0|bat=30.0,high-mileage,0.0,30.0,15.0,south,20.0,12.0,17.25,0.95,0.92,1529.2102977641823,10184.14373459506,640.2881034669861,0.0,0.0,3500.0,5665.21739130435,4015.0075879356436,3636.369348111919,17.250000000000007,14.83621967461185,NaN,NaN,NaN,NaN,NaN,0.0,0.7658001078984454,0.2341998921015545,0.0,0.5230605877515392,0.47693941224846076,0.0,1.0,NaN,0.4769434748150691,12400.0,410.4209404813928,-7035.16426184161,-0.09352220156039473,Inf,15.0,121.21231160373063
high-mileage|pv=03.0|bat=00.0,high-mileage,3.0,0.0,0.0,south,20.0,12.0,17.25,0.95,0.92,1529.553208128726,7832.296496303301,2165.703322578277,3591.9103823688893,93.28616478956408,3500.0,5665.21739130435,0.0,0.0,13.179213558739997,2.3347800562488095,0.025971183815572042,0.2629365935129833,0.6029391304440029,0.0,0.10815309222744388,0.06857216378904263,0.9314278362109575,0.0,0.2698413371839982,0.7301586628160017,0.0,NaN,NaN,0.38098429900061875,0.27521369195649514,0.0,0.0,NaN,NaN,NaN,NaN,NaN
high-mileage|pv=03.0|bat=02.5,high-mileage,3.0,2.5,1.25,south,20.0,12.0,17.25,0.95,0.92,1356.5830317289501,7254.305854318403,1525.8808329842332,3591.9103823688893,69.41829877271307,3500.0,5665.21739130435,889.9329602666331,804.2332466406364,13.866091038504667,2.2323585036465707,0.01932628918401111,0.26238938309648224,0.4226543888557433,0.20216413900018795,0.09346579986357707,0.059259998996984385,0.9407400010030157,0.0,0.2692797569621784,0.5031519284260714,0.22756831461175026,0.8159664853854582,0.18403351461454176,0.5691232624022138,0.5026743521994529,1400.0,172.97017639977594,860.9874215888098,0.07088396570388336,8.74290016333591,15.0,321.69329865625457
high-mileage|pv=03.0|bat=05.0,high-mileage,3.0,5.0,2.5,south,20.0,12.0,17.25,0.95,0.92,1236.6289798727673,6806.9128942725165,1033.335704731488,3591.9103823688893,48.17808160626255,3500.0,5665.21739130435,1581.8420410185124,1429.7499420192075,14.894774998606088,2.3188037683001634,0.013412940880359265,0.2612324978125243,0.27662762644350575,0.36513113214508613,0.08359580271852392,0.05300213759987648,0.9435071842166862,0.0034906781834372533,0.2680924917442759,0.3404045282534527,0.39150298000227135,0.829108261425134,0.17089173857486595,0.7198038384792202,0.6658013973053439,2400.0,292.9242282559587,1428.9721924928908,0.06884675945486257,8.859694435566544,15.0,285.94998840384153
high-mileage|pv=03.0|bat=07.5,high-mileage,3.0,7.5,3.75,south,20.0,12.0,17.25,0.95,0.92,1157.2271575512013,6552.3007760052815,732.4352261360928,3591.9103823688893,40.96506351727422,3500.0,5665.21739130435,2141.535665809792,1935.9421883933376,16.1447749986061,3.806125615661524,0.011404812246528678,0.2593772671755258,0.16064309776655578,0.4853304575889914,0.0832443652223982,0.05277931614327623,0.9152262715194319,0.031994412337291826,0.266188542548069,0.2768779512282043,0.45693350622372675,0.814024971577838,0.18597502842216207,0.8381246167824316,0.7294863827723481,3400.0,372.3260505775247,1466.8766755487502,0.05134149305443764,9.982514455814423,15.0,258.1256251191117
high-mileage|pv=03.0|bat=10.0,high-mileage,3.0,10.0,5.0,south,20.0,12.0,17.25,0.95,0.92,1104.088522118101,6426.059748697457,570.6005345402139,3591.9103823688893,37.36102004104422,3500.0,5665.21739130435,2554.5249762126878,2309.73379103195,17.25,5.183375042154696,0.010401434352157854,0.2584765336850834,0.07527832949923319,0.5704844985356313,0.08535920392789437,0.05412018456519544,0.8800989416959062,0.06578087373889836,0.2652641556977637,0.26706061005463244,0.46767523424760393,0.8021566484382787,0.19784335156172125,0.9248873203074454,0.7394723502689107,4400.0,425.464686010625,1161.4807328224572,0.03248207618063128,11.4723199483727,15.0,230.97337910319501
high-mileage|pv=03.0|bat=12.5,high-mileage,3.0,12.5,6.25,south,20.0,12.0,17.25,0.95,0.92,1068.3036023665134,6382.184816804422,501.7176326368348,3591.9103823688893,34.33262230247774,3500.0,5665.21739130435,2853.0390044066526,2580.211451477004,17.25,6.433375042154696,0.009558318178260099,0.25795375663329373,0.028652155927997625,0.6163023815067219,0.08753338775372864,0.05549867949624253,0.8483084579147688,0.09619286258898863,0.26472765046348157,0.2677134017831741,0.4675589477533443,0.7759105008355976,0.22408949916440235,0.9721173035170151,0.7391859301224987,5400.0,461.2496057622127,629.2449169434465,0.01483069738752869,13.206036319396333,15.0,206.41691611816034
high-mileage|pv=03.0|bat=15.0,high-mileage,3.0,15.0,7.5,south,20.0,12.0,17.25,0.95,0.92,1042.3081158104876,6446.290432546254,543.7762370613859,3591.9103823688893,31.97975969032401,3500.0,5665.21739130435,3114.255660093163,2817.02823323408,17.250000000000025,7.683375042154696,0.0089032732685366,0.25711189246087796,0.019588130101825443,0.6281275715019332,0.08626913266682831,0.054697105494939384,0.8206801489710301,0.12462274553403042,0.2638636788459258,0.26825179009546113,0.46788453105861305,0.7244677996226079,0.2755322003773921,0.9812596555930392,0.739457593088018,6400.0,487.24509231823845,-30.95391418099615,-0.0006352746822097383,Inf,15.0,187.80188221560533
high-mileage|pv=03.0|bat=20.0,high-mileage,3.0,20.0,10.0,south,20.0,12.0,17.25,0.95,0.92,994.9273727340133,6637.601303304771,689.2530258026579,3591.9103823688893,30.933410006108698,3500.0,5665.21739130435,3617.003677544043,3272.8958189834984,17.25000000000002,10.183375042154696,0.008611965977198993,0.2559164515403625,0.01945914470441757,0.6296660803461289,0.0863463574318944,0.05474606821185879,0.767090751714264,0.17816318007387727,0.26263684551623756,0.267590254246037,0.46977290023772544,0.6252977140892713,0.3747022859107286,0.9813863486273922,0.7413393182984512,8400.0,534.6258353947128,-1411.6144051904844,-0.02318811468711037,Inf,15.0,163.64479094917493
high-mileage|pv=03.0|bat=25.0,high-mileage,3.0,25.0,12.5,south,20.0,12.0,17.25,0.95,0.92,951.0119199791416,6828.017127174,839.1849614982922,3591.9103823688893,25.927383643188634,3500.0,5665.21739130435,4105.489980482659,3715.8922073856,17.250000000000043,12.683375042154696,0.007218271305001031,0.2554905844275096,0.01909759883915545,0.6305916025978162,0.08760194283052003,0.055542145382030006,0.7149301474616286,0.22952770715634144,0.26219979508647606,0.2678059903227609,0.46999421459076307,0.5517072347450819,0.44829276525491796,0.981756951140342,0.7416099591227836,10400.0,578.5412881495845,-2837.571594118509,-0.03906869648266384,Inf,15.0,148.63568829542402
high-mileage|pv=03.0|bat=30.0,high-mileage,3.0,30.0,15.0,south,20.0,12.0,17.25,0.95,0.92,913.3514306388138,7018.524008978532,989.9628574010212,3591.9103823688893,24.505313637976506,3500.0,5665.21739130435,4549.47516927256,4118.726340268486,17.25000000000004,15.183375042154696,0.006822362205433167,0.25566855728885046,0.018430445237022412,0.6311964242145712,0.0878822110541246,0.0557198434777392,0.6710438608582037,0.27323629566405716,0.262382441534599,0.2670401366555687,0.4705774218098323,0.49834341437079377,0.5016565856292063,0.9824083388047539,0.7421582612094133,12400.0,616.2017774899123,-4345.290817965756,-0.05175508891601998,Inf,15.0,137.29087800894953
high-mileage|pv=06.0|bat=00.0,high-mileage,6.0,0.0,0.0,south,20.0,12.0,17.25,0.95,0.92,1212.0056221109257,7208.556564582184,5018.644038596047,7183.8207647377785,208.51589941956635,3500.0,5665.21739130435,0.0,0.0,13.179213558739997,4.833343879611602,0.029025765849153607,0.151708804431865,0.6986037378925651,0.0,0.12066169182641433,0.15300594970662051,0.8469940502933795,0.0,0.3113853884203363,0.6886146115796637,0.0,NaN,NaN,0.28051258898386533,0.3152856896267605,0.0,0.0,NaN,NaN,NaN,NaN,NaN
high-mileage|pv=06.0|bat=02.5,high-mileage,6.0,2.5,1.25,south,20.0,12.0,17.25,0.95,0.92,1029.4963502346623,6535.556313128138,4291.244680932574,7183.8207647377785,173.5729291735321,3500.0,5665.21739130435,927.2905277483117,837.9484512928514,13.644774998606088,4.590965073326103,0.024161645294037037,0.15148022772672703,0.5959153672906422,0.11429699548047716,0.11414576420811634,0.14474337955393654,0.8552566204460634,-5.499459504654632e-19,0.3109162301115631,0.4526114956229706,0.23647227426546627,0.8854712788597082,0.11452872114029189,0.38943856152731265,0.5515401961674536,1400.0,182.50927187626348,985.6781361072752,0.0800198081794633,8.245655117336527,15.0,335.17938051714054
high-mileage|pv=06.0|bat=05.0,high-mileage,6.0,5.0,2.5,south,20.0,12.0,17.25,0.95,0.92,894.0904632707407,5968.224958707406,3680.184979510929,7183.8207647377785,142.9870280177067,3500.0,5665.21739130435,1700.4494832020291,1536.7931585898314,14.894774998606088,4.590965073326103,0.019904036125117045,0.15017802903690045,0.504706862753149,0.2171439979844734,0.1080670741003613,0.13703525165658095,0.8566338002800934,0.006330948063325627,0.30824344097219414,0.2784806668110003,0.41327589221680555,0.917359543502362,0.08264045649763803,0.48530727783898264,0.7258440640895668,2400.0,317.9151588401851,1755.642262910926,0.08279672945576061,8.10265494728387,15.0,307.35863171796626
high-mileage|pv=06.0|bat=07.5,high-mileage,6.0,7.5,3.75,south,20.0,12.0,17.25,0.95,0.92,792.886759485657,5583.31624850831,3256.184907411607,7183.8207647377785,117.11244530305557,3500.0,5665.21739130435,2377.7284023289794,2149.1061331019037,16.144774998606096,5.552015186319853,0.01630225045116787,0.14852109526722188,0.4248794336987455,0.3043542738761045,0.10594294670676146,0.13434173622317291,0.8268386347967215,0.038819628980105644,0.3048425509092192,0.20222679572412905,0.49293065336665176,0.9195442803165613,0.08045571968343877,0.5688291576267005,0.802240530576289,3400.0,419.1188626252688,2078.5310177180845,0.07050424836100883,8.764499967217004,15.0,286.54748441358714
high-mileage|pv=06.0|bat=10.0,high-mileage,6.0,10.0,5.0,south,20.0,12.0,17.25,0.95,0.92,711.5100084477684,5308.129496455863,2939.082165950901,7183.8207647377785,102.9464166036022,3500.0,5665.21739130435,2963.890126510645,2679.185839175857,17.249999999999993,5.936801605213233,0.014330315298082178,0.1478163121845361,0.3532255792406456,0.3798708515911169,0.10475694168561993,0.13283781379452314,0.7824258680355247,0.08473631816995209,0.30339596938235225,0.18301452757795889,0.5135895030396889,0.9207237768937214,0.0792762231062785,0.6427201085139432,0.8213975768607867,4400.0,500.4956136631573,2142.2508700999224,0.05735559646372958,9.574123212671907,15.0,267.9185839175857
high-mileage|pv=06.0|bat=12.5,high-mileage,6.0,12.5,6.25,south,20.0,12.0,17.25,0.95,0.92,640.6111723811027,5088.10078510526,2684.8283895807726,7183.8207647377785,87.91285530945348,3500.0,5665.21739130435,3480.068345112437,3146.1054314639746,17.25,7.186801605213233,0.012237618140611063,0.14739563649299328,0.2911989998272877,0.4449935301664467,0.10417421537266033,0.1320988833884944,0.7359271789062973,0.1319739377052082,0.3025325240200301,0.1815996427151469,0.5158678332648229,0.9185893623823095,0.0814106376176905,0.7064685476130323,0.8228358574433171,5400.0,571.394449729823,2069.0081868151624,0.04601609482201633,10.372310353622584,15.0,251.68843451711797
high-mileage|pv=06.0|bat=15.0,high-mileage,6.0,15.0,7.5,south,20.0,12.0,17.25,0.95,0.92,577.50226932586,4908.09917702025,2466.3808890289292,7183.8207647377785,81.50556481872303,3500.0,5665.21739130435,3951.0625292925815,3572.246432686555,17.25,8.436801605213233,0.011345712468050157,0.147181103440709,0.2350409966513609,0.5027243647078787,0.10370782273200195,0.1315074707550401,0.6949146164140986,0.17357791283086121,0.3020921905926814,0.18047885927856938,0.5174289501287492,0.9140532966393434,0.0859467033606566,0.7636599242882017,0.8240103614264386,6400.0,634.5033527850658,1893.9390446549787,0.0361692391548251,11.153855179205864,15.0,238.14976217910367
high-mileage|pv=06.0|bat=20.0,high-mileage,6.0,20.0,10.0,south,20.0,12.0,17.25,0.95,0.92,469.6251702102091,4597.036444392481,2091.6872751808723,7183.8207647377785,67.03216316016145,3500.0,5665.21739130435,4774.055174203845,4317.13479471897,17.25,10.936801605213233,0.009330990479215866,0.1469203943813903,0.13819115576854674,0.6012256328752867,0.10433182649556051,0.13229874333723737,0.619886465414517,0.24781479124824562,0.30155707997728454,0.18008196326577924,0.5183609567569362,0.9047019835631409,0.09529801643685905,0.862026768441545,0.8244304924657687,8400.0,742.3804519007167,1304.0593859457463,0.019575548589015966,12.70189569814107,15.0,215.85673973594848
high-mileage|pv=06.0|bat=25.0,high-mileage,6.0,25.0,12.5,south,20.0,12.0,17.25,0.95,0.92,392.36738829132383,4435.331592000258,1874.7906170870501,7183.8207647377785,62.357134644728546,3500.0,5665.217391304349,5409.997063609318,4893.209849907409,17.25000000000001,13.192102941495863,0.008680218603283135,0.14704304927502468,0.07435003905790803,0.6651920006838676,0.10473469237991524,0.13280960039805806,0.5599584625434144,0.3072319370585275,0.3018088316263665,0.18047663286634016,0.5177145355072934,0.8832943993988336,0.11670560060116648,0.9264818033660099,0.823805782387399,10400.0,819.638233819602,313.93794867973736,0.00392748092413507,14.491774387797587,15.0,195.72839399629638
high-mileage|pv=06.0|bat=30.0,high-mileage,6.0,30.0,15.0,south,20.0,12.0,17.25,0.95,0.92,347.51685311462177,4518.926439219865,1924.9070129726151,7183.8207647377785,53.95078936445276,3500.0,5665.21739130435,5861.507798115135,5302.83578779891,17.25000000000003,15.62201693163031,0.007510041123140696,0.14706420747308332,0.04987615024483505,0.6901024384146202,0.10544716274432189,0.1337130537070063,0.5265508368193507,0.339736109473643,0.30185225925566883,0.18056168852257215,0.5175860522217591,0.8457844632524939,0.15421553674750607,0.9511895724936139,0.8238044215373137,12400.0,864.488768996304,-1099.796268416308,-0.011935121878066522,Inf,15.0,176.76119292663034
high-mileage|pv=09.0|bat=00.0,high-mileage,9.0,0.0,0.0,south,20.0,12.0,17.25,0.95,0.92,923.7337140525449,6910.496767734234,8202.926892997162,10775.731147106668,318.0836305393885,3500.0,5665.217391304349,0.0,0.0,13.179213558739997,7.331907702974395,0.029518519550740217,0.10738841178641582,0.7612408644029404,0.0,0.10185220425990449,0.19373166006472145,0.8062683399352786,0.0,0.3306253296357706,0.6693746703642295,0.0,NaN,NaN,0.2156049551295478,0.3339009421563213,0.0,0.0,NaN,NaN,NaN,NaN,NaN
high-mileage|pv=09.0|bat=02.5,high-mileage,9.0,2.5,1.25,south,20.0,12.0,17.25,0.95,0.92,734.986703739276,6180.260261590118,7416.183746238192,10775.731147106668,283.7575498173708,3500.0,5665.21739130435,942.5791931986996,851.7464718618264,13.558889793147396,6.949571643005636,0.026333020557362453,0.10726683016978969,0.6871297233479583,0.0793314250933287,0.09993900083156153,0.19009258245312072,0.8099074175468793,1.3833891676366925e-19,0.33025100654628703,0.4297810255659947,0.23996796788771846,0.9069308069718169,0.09306919302818308,0.2943851696028408,0.5735737695867196,1400.0,188.7470103132689,1067.2150139597543,0.0858880189987507,7.9487253398177,15.0,340.69858874473056
high-mileage|pv=09.0|bat=05.0,high-mileage,9.0,5.0,2.5,south,20.0,12.0,17.25,0.95,0.92,590.4424232092191,5530.8174086792405,6725.711944539102,10775.731147106668,247.01424000235605,3500.0,5665.21739130435,1751.2049224625766,1582.5999425224752,14.808889793147396,6.949571643005636,0.022923199978748587,0.1059948700500034,0.6178884905946014,0.1529986578884488,0.10019478148819891,0.190579099279957,0.8016671916955107,0.007753709024532177,0.32633492075181264,0.2533331351597762,0.4203319440884112,0.9414503020901077,0.05854969790989231,0.367900330421192,0.7500756783936642,2400.0,333.2912908433258,1956.6320622821165,0.09115801198199727,7.69942061536007,15.0,316.519988504495
high-mileage|pv=09.0|bat=07.5,high-mileage,9.0,7.5,3.75,south,20.0,12.0,17.25,0.95,0.92,476.98274594955143,5057.947531935168,6208.423709770435,10775.731147106668,219.18152734225495,3500.0,5665.21739130435,2503.2030833312374,2262.3470327064424,15.97669881379932,7.041150908503367,0.020340292862735924,0.10447456023985377,0.553205601029448,0.22097819034213215,0.10100135552582953,0.19211327253041074,0.7668653769309999,0.04102135053858934,0.3216542208162469,0.1689962705503567,0.5093495086333965,0.9512618390243045,0.04873816097569553,0.4361241160991732,0.8343629403821379,3400.0,446.75096810299345,2439.7253242600045,0.0813882325302927,8.174731456995437,15.0,301.64627102752564
high-mileage|pv=09.0|bat=10.0,high-mileage,9.0,10.0,5.0,south,20.0,12.0,17.25,0.95,0.92,381.72211930311687,4710.860705030553,5822.238126345701,10775.731147106668,193.23105003465017,3500.0,5665.21739130435,3181.3362507950806,2875.43096634256,17.22669881379932,8.291150908503367,0.017932059309639845,0.1037624781459532,0.49482188313676395,0.28220295815912777,0.10128062124851471,0.19264445997449337,0.7174615036962403,0.08989403632926622,0.31946187647380636,0.14454064912717446,0.5359974743990191,0.955869787508616,0.04413021249138402,0.4973220891216214,0.8587147018910457,4400.0,542.011594749428,2684.9288795969314,0.07038776516227468,8.771141469404117,15.0,287.543096634256
high-mileage|pv=09.0|bat=12.5,high-mileage,9.0,12.5,6.25,south,20.0,12.0,17.25,0.95,0.92,296.524996896417,4409.3931177838385,5492.1698200919745,10775.731147106668,162.8637195667062,3500.0,5665.21739130435,3797.098296692064,3432.224962764588,17.25,9.37524577521903,0.015113936803298573,0.10338807897441456,0.4423794607865616,0.33732868595250953,0.10178983748321599,0.19361303308685168,0.662631197640502,0.1437557692726462,0.3183091836697491,0.14094521835113794,0.540745597979113,0.9573002708930926,0.04269972910690747,0.552223270204437,0.8621955536972115,5400.0,627.2087171561279,2798.5868877375774,0.06071511785923002,9.356177656057723,15.0,274.57799702116705
high-mileage|pv=09.0|bat=15.0,high-mileage,9.0,15.0,7.5,south,20.0,12.0,17.25,0.95,0.92,218.53082265831551,4147.798762551997,5190.06171236402,10775.731147106668,149.09068714378796,3500.0,5665.21739130435,4364.847372784679,3945.687253938173,17.25,9.116242198840437,0.013835783865470649,0.10316352894777522,0.3936406998745554,0.38796897295809013,0.10139101435410694,0.19285443716410341,0.6126755546404197,0.1944700081954769,0.3176178434651377,0.14076015097338462,0.5416220055614777,0.9577996637596765,0.04220033624032356,0.6023954873088243,0.862296480876038,6400.0,705.2028913942294,2818.0912357124566,0.052313166186707394,9.914893595706706,15.0,263.0458169292115
high-mileage|pv=09.0|bat=20.0,high-mileage,9.0,20.0,10.0,south,20.0,12.0,17.25,0.95,0.92,79.53693397650034,3707.11592728902,4674.482307621961,10775.731147106668,125.85927040011943,3500.0,5665.217391304349,5393.211334043663,4875.923228974404,17.25,11.616242198840437,0.011679882198426342,0.10288837017599503,0.30811671896324255,0.4769023407956603,0.10041268786667484,0.19099357596946615,0.5230134775876003,0.2859929464429336,0.31677069005157443,0.13996884341982732,0.5432604665285983,0.9528592687256778,0.04714073127432215,0.6899542677116155,0.8630364729402632,8400.0,844.1967800760445,2634.956087957045,0.03819906299720934,10.983911159353141,15.0,243.7961614487202
high-mileage|pv=09.0|bat=25.0,high-mileage,9.0,25.0,12.5,south,20.0,12.0,17.25,0.95,0.92,-38.46650509406868,3381.5066415117863,4277.565170392645,10775.731147106668,110.75676241925876,3500.0,5665.217391304348,6301.394507714876,5697.696043212676,17.250000000000004,14.116242198840437,0.010278352429848573,0.10303070242136357,0.23589578691145088,0.5519122191176451,0.0988829391196911,0.18808386217005915,0.447980283904587,0.3639358539253538,0.31720889976861844,0.1398468938497015,0.5429442063816802,0.9438002465539128,0.056199753446087304,0.7634108803315002,0.8624113705193829,10400.0,962.2002191466136,2177.4433363144067,0.026073440319856277,12.0565776564378,15.0,227.90784172850704
high-mileage|pv=09.0|bat=30.0,high-mileage,9.0,30.0,15.0,south,20.0,12.0,17.25,0.95,0.92,-126.60776322759602,3291.6503362371395,4135.44934292556,10775.731147106668,91.71208163493351,3500.0,5665.217391304349,7054.642743373988,6379.640075895025,17.250000000000014,16.616242198840435,0.008510984580341783,0.10293382746007014,0.17717420360223798,0.6129430511568646,0.09843793320048529,0.18723742260507556,0.4159374973371641,0.3968250800577604,0.3169106430435372,0.13872593628761776,0.5443634206688449,0.9362500367516451,0.063749963248355,0.8232523590493735,0.8634413874814304,12400.0,1050.341477280141,1329.585746704964,0.01367801278541345,13.333935491680059,15.0,212.65466919650083
high-mileage|pv=12.0|bat=00.0,high-mileage,12.0,0.0,0.0,south,20.0,12.0,17.25,0.95,0.92,641.0193278258502,6661.909378398426,11448.295456792775,14367.641529475557,416.03805977685715,3500.0,5665.21739130435,0.0,0.0,13.179213558739997,9.830471526337186,0.028956600770094744,0.08352131925497665,0.7968110446872105,0.0,0.09071103528771783,0.23005359684555135,0.7699464031544486,0.0,0.3428583928926825,0.6571416071073174,0.0,NaN,NaN,0.17942797889452805,0.3456899805482828,0.0,0.0,NaN,NaN,NaN,NaN,NaN
high-mileage|pv=12.0|bat=02.5,high-mileage,12.0,2.5,1.25,south,20.0,12.0,17.25,0.95,0.92,453.94004663629846,5930.165419731104,10636.612246541554,14367.641529475557,404.4273008670747,3500.0,5665.21739130435,949.9360050634115,858.3859945697288,13.558889793147396,9.308178212685169,0.02814848213169729,0.08341236512751216,0.7394136862600329,0.06077069142502424,0.08825477505573086,0.22382423898005036,0.7761757610199496,0.0,0.3424111317936631,0.4160447155776306,0.24154415262870627,0.9191477165189025,0.08085228348109755,0.2392601163466072,0.5868750421846227,1400.0,187.0792811895517,1045.415217891865,0.08432683989909712,8.025400059455105,15.0,343.35439782789155
high-mileage|pv=12.0|bat=05.0,high-mileage,12.0,5.0,2.5,south,20.0,12.0,17.25,0.95,0.92,308.1626975040525,5267.805308723649,9937.419872269435,14367.641529475557,361.7009750711178,3500.0,5665.21739130435,1776.8830723518504,1605.774472797545,14.808889793147396,9.308178212685169,0.025174693726112227,0.082258920465874,0.6863595708345397,0.11770012088337928,0.0885066940900919,0.2244631345651883,0.7668724508640324,0.00866441457077925,0.3376761948158051,0.23928463875800707,0.4230391664261879,0.9517076115706697,0.04829238842933023,0.29620920033218673,0.7636721654275898,2400.0,332.85663032179764,1950.9503777727302,0.09092376879642411,7.710252342992118,15.0,321.154894559509
high-mileage|pv=12.0|bat=07.5,high-mileage,12.0,7.5,3.75,south,20.0,12.0,17.25,0.95,0.92,190.54326778914606,4775.130655626868,9397.611400359232,14367.641529475557,332.9249176462849,3500.0,5665.21739130435,2566.4074440262607,2319.3889682337003,15.97669881379932,9.308178212685169,0.023171855795767284,0.0808139182000597,0.6353246191485417,0.17157919683277195,0.08911041002285837,0.22599422746215922,0.7311101650075981,0.042895607530242685,0.3317444020830909,0.1520038810996478,0.5162517168172612,0.9605600232132789,0.03943997678672115,0.3504249854209688,0.8508458913066448,3400.0,450.4760600367041,2488.4180306079215,0.0828340258977982,8.100758992388373,15.0,309.25186243116
high-mileage|pv=12.0|bat=10.0,high-mileage,12.0,10.0,5.0,south,20.0,12.0,17.25,0.95,0.92,86.35995495265286,4383.1338701898285,8964.59274450356,14367.641529475557,302.2999176462849,3500.0,5665.21739130435,3312.20867908913,2993.5433328779404,17.208800295176523,9.49964724380634,0.021040329898690015,0.0801402327613458,0.586616189686693,0.22278893097377572,0.08941431667949411,0.2267649696242633,0.6796697193840133,0.09356531099172344,0.32897889611535724,0.1203999924199218,0.5506211114647209,0.9664099720451673,0.03359002795483269,0.4019619771559457,0.8823007339467318,4400.0,554.6593728731973,2850.2548788188733,0.07427171926682316,8.553559263284795,15.0,299.354333287794
high-mileage|pv=12.0|bat=12.5,high-mileage,12.0,12.5,6.25,south,20.0,12.0,17.25,0.95,0.92,-7.1393817304696086,4052.195270375174,8604.016121262981,14367.641529475557,266.19444748087136,3500.0,5665.21739130435,3997.46245951312,3613.0536197105903,17.250000000000025,10.74964724380634,0.01852735864371109,0.07973107065927265,0.5423255652820945,0.2694370418180467,0.08997896359687471,0.22819697901407066,0.6218062818119032,0.14999673917402606,0.3272992691410613,0.11521139449227885,0.5574893363666599,0.9684080515606666,0.031591948439333536,0.4488638485603442,0.8873856217742829,5400.0,648.1587095563198,3072.4356533752834,0.06608002781488828,9.022405963170954,15.0,289.04428957684723
high-mileage|pv=12.0|bat=15.0,high-mileage,12.0,15.0,7.5,south,20.0,12.0,17.25,0.95,0.92,-96.55201107772359,3759.2042110592038,8277.24051490093,14367.641529475557,237.8202857724318,3500.0,5665.21739130435,4645.949215969727,4199.381667412679,17.25,11.99964724380634,0.016552492995077713,0.07948633270772933,0.5008209231741876,0.3132473120399116,0.08989293908309452,0.22797881097366368,0.5677952415646059,0.20422594746173034,0.3262946099535094,0.11348474495400727,0.5602206450924834,0.9687202507489777,0.03127974925102222,0.49235630317983586,0.8890323489109532,6400.0,737.5713389035737,3241.1968496296076,0.05945342265053223,9.437200410086762,15.0,279.95877782751194
high-mileage|pv=12.0|bat=20.0,high-mileage,12.0,20.0,10.0,south,20.0,12.0,17.25,0.95,0.92,-259.90571705225057,3215.8452569374895,7658.253039243484,14367.641529475557,198.55557477002282,3500.0,5665.217391304349,5846.26442148913,5284.803640393939,17.25,12.325103456740232,0.013819635906330301,0.07918966911714127,0.4228659447928906,0.3942252977092426,0.0898994524743951,0.22799532968157607,0.4657957810478164,0.3062088892706075,0.32507679391796235,0.11280978148492947,0.5621134245971081,0.9688387919160268,0.03116120808397321,0.573051701107298,0.8893830388844784,8400.0,900.9250448781007,3376.4821465855794,0.04810105494629021,10.217104850518139,15.0,264.24018201969693
high-mileage|pv=12.0|bat=25.0,high-mileage,12.0,25.0,12.5,south,20.0,12.0,17.25,0.95,0.92,-401.0054415276892,2805.4232202712074,7171.094364122557,14367.641529475557,172.18600154630101,3500.0,5665.217391304348,6925.6871053698205,6261.120112596263,17.250000000000018,14.825103456740232,0.01198429131135109,0.07928677812380248,0.35373452167488006,0.46525528375483227,0.08973912513513317,0.22758872114764306,0.38336348792509106,0.38904779092726594,0.3254754303171025,0.11214850074312381,0.5623760689397737,0.9651924834289667,0.034807516571033335,0.643923382861438,0.889273294071545,10400.0,1042.0247693535393,3220.873525890588,0.03774460069543147,11.021400975093234,15.0,250.44480450385055
high-mileage|pv=12.0|bat=30.0,high-mileage,12.0,30.0,15.0,south,20.0,12.0,17.25,0.95,0.92,-509.7684731647445,2674.5932444993578,6974.340891251318,14367.641529475557,149.74180090005723,3500.0,5665.21739130435,7853.945543786566,7101.010853267377,17.25,17.25,0.010422155967133393,0.0791652955359282,0.2954627063611148,0.5255486948981574,0.08940114723766586,0.2267315704082646,0.349735851365474,0.42353257822626134,0.3249767393814878,0.11148952222140576,0.5635337383971065,0.9614142614668535,0.0385857385331465,0.7035824925780259,0.8899942848392766,12400.0,1150.7878009905946,2642.5743738846736,0.026517097724083196,12.014098557689039,15.0,236.7003617755792
lossy|pv=00.0|bat=00.0,lossy,0.0,0.0,0.0,south,10.0,12.0,17.25,0.9,0.85,1387.689744806189,6572.94117647059,0.0,0.0,0.0,3500.0,3072.9411764705906,0.0,0.0,13.069897129267877,0.0,NaN,NaN,NaN,NaN,NaN,0.0,1.0,0.0,0.0,1.0,0.0,NaN,NaN,NaN,0.0,0.0,0.0,NaN,NaN,NaN,NaN,NaN
lossy|pv=00.0|bat=02.5,lossy,0.0,2.5,1.25,south,10.0,12.0,17.25,0.9,0.85,1317.2643859929076,6693.234368714286,5.197316453871658,0.0,0.0,3500.0,3072.941176470591,611.0967146832803,496.000838893457,13.915417949309814,0.902887137576402,NaN,NaN,NaN,NaN,NaN,0.0,1.0,0.0,0.0,0.8599960631781433,0.14000393682185672,0.0,0.9987076619066808,NaN,0.14002210623893485,1400.0,70.42535881328149,-479.4317624462207,-0.0504084877328342,Inf,15.0,198.4003355573828
lossy|pv=00.0|bat=05.0,lossy,0.0,5.0,2.5,south,10.0,12.0,17.25,0.9,0.85,1268.5754550846657,6808.331682562539,26.240959756903486,0.0,0.0,3500.0,3072.941176470591,1111.4449807107658,902.2954343757203,15.541945412333883,2.190530004945192,NaN,NaN,NaN,NaN,NaN,0.0,1.0,0.0,0.0,0.7501794462242457,0.24982055377575427,0.0,0.9984861721156851,NaN,0.24983666400442955,2400.0,119.11428972152339,-842.9922175173407,-0.051894147870788235,Inf,15.0,180.45908687514407
lossy|pv=00.0|bat=07.5,lossy,0.0,7.5,3.75,south,10.0,12.0,17.25,0.9,0.85,1232.7009567431514,6912.452354625856,55.61420031031443,0.0,0.0,3500.0,3072.941176470591,1510.181462341849,1226.2844844968977,16.2964521972328,3.4555911229512093,NaN,NaN,NaN,NaN,NaN,0.0,0.9947269808240102,0.005273019175989733,0.0,0.6708895180380143,0.3291104819619858,0.0,0.9982916492926474,NaN,0.3291258445237291,3400.0,154.98878806303765,-1374.0571028389381,-0.061111005723020126,Inf,15.0,163.5045979329197
lossy|pv=00.0|bat=10.0,lossy,0.0,10.0,5.0,south,10.0,12.0,17.25,0.9,0.85,1208.126775403657,7008.225151838278,99.44750337397238,0.0,0.0,3500.0,3072.941176470591,1788.8761683879757,1453.0396963942603,17.25,4.705591122951209,NaN,NaN,NaN,NaN,NaN,0.0,0.9714708342815886,0.02852916571841131,0.0,0.6393013776852153,0.3606986223147848,0.0,0.998055445696267,NaN,0.3607135983858613,4400.0,179.5629694025322,-2052.834588872007,-0.07270236402585262,Inf,15.0,145.30396963942604
lossy|pv=00.0|bat=12.5,lossy,0.0,12.5,6.25,south,10.0,12.0,17.25,0.9,0.85,1189.5622964821766,7094.811810364537,145.56014047737727,0.0,0.0,3500.0,3072.94117647059,2007.2262811398464,1630.9157877232756,17.250000000000014,6.037798237470925,NaN,NaN,NaN,NaN,NaN,0.0,0.9371304862839951,0.06286951371600485,0.0,0.6320618316175121,0.36793816838248794,0.0,0.9978190099911836,NaN,0.3679529083428544,5400.0,198.12744832401245,-2810.1681697038534,-0.08345330400432119,Inf,15.0,130.47326301786205
lossy|pv=00.0|bat=15.0,lossy,0.0,15.0,7.5,south,10.0,12.0,17.25,0.9,0.85,1173.1105916138972,7180.267507512644,195.29055049283104,0.0,0.0,3500.0,3072.94117647059,2200.583055522228,1788.5472749730043,17.250000000000018,7.319289852147554,NaN,NaN,NaN,NaN,NaN,0.0,0.9053484016889624,0.09465159831103766,0.0,0.6293940721824952,0.3706059278175048,0.0,0.9976019158936424,NaN,0.37065169642394735,6400.0,214.57915319229187,-3595.1189713674903,-0.09227946413266584,Inf,15.0,119.23648499820028
lossy|pv=00.0|bat=20.0,lossy,0.0,20.0,10.0,south,10.0,12.0,17.25,0.9,0.85,1141.2554050226581,7343.795482371976,289.78009139022,0.0,0.0,3500.0,3072.94117647059,2574.601129006135,2093.5269144949693,17.25000000000003,9.819289852147554,NaN,NaN,NaN,NaN,NaN,0.0,0.8394515172365744,0.16054848276342562,0.0,0.6266573029758845,0.37334269702411543,0.0,0.9985662478062515,NaN,0.3734291440481041,8400.0,246.43433978353096,-5178.722470570204,-0.10491975324955621,Inf,15.0,104.67634572474847
lossy|pv=00.0|bat=25.0,lossy,0.0,25.0,12.5,south,10.0,12.0,17.25,0.9,0.85,1116.4791857648859,7497.22973005392,393.3280281617376,0.0,0.0,3500.0,3072.94117647059,2847.818554850488,2316.8580294288954,17.250000000000018,12.33621967461185,NaN,NaN,NaN,NaN,NaN,0.0,0.8094068846793026,0.19059311532069745,0.0,0.6190710384042638,0.3809289615957362,0.0,0.9983857104753121,NaN,0.3809805933617165,10400.0,271.2105590413032,-6854.859008889521,-0.11567331624971747,Inf,15.0,92.67432117715582
lossy|pv=00.0|bat=30.0,lossy,0.0,30.0,15.0,south,10.0,12.0,17.25,0.9,0.85,1101.4325972575436,7636.609818302097,504.6719404249685,0.0,0.0,3500.0,3072.9411764705906,3006.0352705607247,2447.0385691541865,17.25000000000002,14.83621967461185,NaN,NaN,NaN,NaN,NaN,0.0,0.8024643340603947,0.19753566593960528,0.0,0.6184711008451801,0.38152889915481997,0.0,1.0,NaN,0.38153559586445057,12400.0,286.25714754864543,-8658.176852109535,-0.1264448135441179,Inf,15.0,81.56795230513954
lossy|pv=03.0|bat=00.0,lossy,3.0,0.0,0.0,south,10.0,12.0,17.25,0.9,0.85,977.4470033004884,5248.315125680184,2171.079080441348,3591.9103823688893,96.2052511371347,3500.0,3072.94117647059,0.0,0.0,13.069897129267877,2.3347800562488095,0.026783867328473456,0.2651388551258981,0.60443575961645,0.0,0.10364151792918007,0.12114486510342584,0.8788551348965741,0.0,0.2721014304274613,0.7278985695725386,0.0,NaN,NaN,0.3789295724504252,0.27521369195649514,0.0,0.0,NaN,NaN,NaN,NaN,NaN
lossy|pv=03.0|bat=02.5,lossy,3.0,2.5,1.25,south,10.0,12.0,17.25,0.9,0.85,822.9030960968303,4709.959259544574,1494.2971786858584,3591.9103823688893,69.98728964983583,3500.0,3072.9411764705906,871.8763005640966,707.2323034569183,13.644774998606085,2.1434016148702297,0.01948469816879973,0.2645285352784423,0.4143555563935846,0.21982870884590774,0.08180250131326694,0.09561759789633885,0.9043824021036612,0.0,0.27147508351413535,0.5283896575686282,0.20013525891723646,0.9056388172674198,0.09345538501497222,0.5774634367145882,0.47531376450529045,1400.0,154.54390720365814,620.1276170468884,0.05259909682785968,9.895117647786988,15.0,282.8929213827673
lossy|pv=03.0|bat=05.0,lossy,3.0,5.0,2.5,south,10.0,12.0,17.25,0.9,0.85,715.4211622977957,4305.8665019514065,977.2344551371315,3591.9103823688893,48.63077069441168,3500.0,3072.9411764705906,1584.1867474640135,1285.2162654458507,14.894774998606085,2.2570249720406137,0.013538971053709686,0.2636568965173209,0.26292020195105387,0.39280640741538636,0.06707752306252854,0.07840581308771105,0.9193751841496324,0.002219002762656553,0.27058055542392195,0.3740290982710843,0.3553903463049937,0.890630738651855,0.10830717923795494,0.7336356384139159,0.6301148971889248,2400.0,262.0258410026927,1025.0825371713327,0.0508688230509369,10.015962222665594,15.0,257.04325308917015
lossy|pv=03.0|bat=07.5,lossy,3.0,7.5,3.75,south,10.0,12.0,17.25,0.9,0.85,647.1810464956048,4067.4993237363615,646.2481205629881,3591.9103823688893,40.76113465072726,3500.0,3072.941176470591,2118.404075899709,1718.944801478764,16.1447749986061,3.7855352136640223,0.01134803776029763,0.2619901251723803,0.14680347385871917,0.5171310465550912,0.06272731665351108,0.07332092838974104,0.8842814766808241,0.04239759492943489,0.26887001448137093,0.3119481660828224,0.4191818194358066,0.8768338374621122,0.12194830254659841,0.8519934057131859,0.6922040981509355,3400.0,330.26595680488356,917.0862726587485,0.03314985172606946,11.413748017522352,15.0,229.19264019716854
lossy|pv=03.0|bat=10.0,lossy,3.0,10.0,5.0,south,10.0,12.0,17.25,0.9,0.85,605.0688568092269,3955.700515523671,470.00092401140887,3591.9103823688893,37.16544020901651,3500.0,3072.94117647059,2481.8597747449703,2014.3564175434258,17.25,5.183375042154696,0.01034698426537737,0.26124862826033024,0.06721890273456167,0.5979725888819989,0.063212895857733,0.07388851393236781,0.833966777078021,0.09214470898961118,0.26810904577940303,0.3035578311190055,0.4283331231015915,0.8654251832571644,0.13317321988894334,0.9328227846258441,0.7006813327153195,4400.0,372.37814649126153,467.55764962258655,0.013558571925774403,13.347278931478865,15.0,201.43564175434258
lossy|pv=03.0|bat=12.5,lossy,3.0,12.5,6.25,south,10.0,12.0,17.25,0.9,0.85,579.9313663175249,3945.491841236876,415.5892900138002,3591.9103823688893,34.62356436315674,3500.0,3072.94117647059,2733.2141724116755,2218.965979653457,17.250000000000025,6.433375042154696,0.009639317432057495,0.2606324435935263,0.029624113098728477,0.6348814631408807,0.0652226627348082,0.07623769736847867,0.7903290374383971,0.13343326519312423,0.26747668003593184,0.3052737389183614,0.4272495810457067,0.834342709783739,0.16405560802509297,0.9709572546436013,0.6994359566334806,5400.0,397.51563698296354,-203.85651555299938,-0.0050046067329612325,Inf,15.0,177.51727837227656
lossy|pv=03.0|bat=15.0,lossy,3.0,15.0,7.5,south,10.0,12.0,17.25,0.9,0.85,562.9277975525347,4017.3416234778433,454.72795170339987,3591.9103823688893,31.03087941304505,3500.0,3072.94117647059,2929.615780314195,2379.0637820544976,17.250000000000014,7.683375042154696,0.008639101789777944,0.26029955559649254,0.026464614243274658,0.639005975994616,0.06559075237583918,0.07666795129373614,0.7535616837400066,0.16977036496625716,0.26713505036372837,0.30645842828842,0.4264065213478516,0.7834652636000835,0.21473341375357216,0.9741593854452436,0.6986111786330956,6400.0,414.5192057479537,-981.5936035299014,-0.021061510752482547,Inf,15.0,158.6042521369665
lossy|pv=03.0|bat=20.0,lossy,3.0,20.0,10.0,south,10.0,12.0,17.25,0.9,0.85,532.4135122473665,4185.330199273367,557.5686228176032,3591.9103823688893,30.750494778337604,3500.0,3072.94117647059,3284.6330925038155,2668.65280492809,17.250000000000057,10.070315456868308,0.008561041759081262,0.26005424591666365,0.025647526432154868,0.639905833542762,0.06583135234933872,0.07694918464419143,0.6925135208030264,0.23053729455278218,0.2668832988249078,0.3071785143464254,0.4259381868286668,0.6997689977873813,0.29901424544619776,0.9749637664905784,0.6981968628796364,8400.0,445.0334910531219,-2582.724754056687,-0.04462028849765992,Inf,15.0,133.4326402464045
lossy|pv=03.0|bat=25.0,lossy,3.0,25.0,12.5,south,10.0,12.0,17.25,0.9,0.85,512.3480634679383,4340.048430807874,680.5457349041545,3591.9103823688893,29.436944542154055,3500.0,3072.94117647059,3469.262932946653,2820.227975686789,17.25000000000003,12.645861689845312,0.008195344930276403,0.26026929404964516,0.025633705370657046,0.6381211362170992,0.06778051943232268,0.07922753397803158,0.6817825470695493,0.23898991895241903,0.267103994145355,0.3063939924630697,0.4265020133915752,0.6606803746755606,0.3379945012994919,0.9749453127681419,0.6989994814307956,10400.0,465.09893983255006,-4320.438340045258,-0.06314681586089185,Inf,15.0,112.80911902747155
lossy|pv=03.0|bat=30.0,lossy,3.0,30.0,15.0,south,10.0,12.0,17.25,0.9,0.85,496.0906078391385,4485.23202812263,804.6935494649273,3591.9103823688893,23.87975578793941,3500.0,3072.9411764705906,3619.883835621382,2944.255906853319,17.250000000000014,15.145861689845312,0.006648204784048801,0.26029697658270173,0.02562292750093273,0.6367877931091976,0.07064409802311977,0.08257472387862935,0.6769915352837352,0.24043374083763538,0.26713240362475404,0.3063650608687191,0.42650253550652684,0.6318668745462839,0.3681331254537161,0.975020246176415,0.698999652872995,12400.0,481.3563954613499,-6107.928279358276,-0.07780132273478874,Inf,15.0,98.1418635617773
lossy|pv=06.0|bat=00.0,lossy,6.0,0.0,0.0,south,10.0,12.0,17.25,0.9,0.85,679.8915843833709,4877.560317607016,5272.805575450115,7183.8207647377785,215.63433042408914,3500.0,3072.94117647059,0.0,0.0,13.069897129267877,4.833343879611602,0.030016663483942052,0.15236392163790327,0.7339834536702246,0.0,0.08363596120792889,0.19552139800293766,0.8044786019970623,0.0,0.31273002973121466,0.6872699702687853,0.0,NaN,NaN,0.2433030279607545,0.3152856896267605,0.0,0.0,NaN,NaN,NaN,NaN,NaN
lossy|pv=06.0|bat=02.5,lossy,6.0,2.5,1.25,south,10.0,12.0,17.25,0.9,0.85,511.1846537559709,4203.46414833684,4462.710490318638,7183.8207647377785,176.5841542575152,3500.0,3072.94117647059,926.6399580414441,751.5908660135697,13.644774998606085,4.419017646390807,0.024580812918424868,0.15225449245151176,0.6202221465152462,0.1215447705591577,0.08139777755565858,0.19028904590990375,0.8097109540900962,0.0,0.31250542411365256,0.4750216138811147,0.21247296200523272,0.9422816693915019,0.05686606478914294,0.3642192823417918,0.5276343027992261,1400.0,168.70693062739997,805.260213193038,0.06673241892988468,8.983311890065199,15.0,300.63634640542784
lossy|pv=06.0|bat=05.0,lossy,6.0,5.0,2.5,south,10.0,12.0,17.25,0.9,0.85,381.5988084831045,3616.481307012472,3756.2735418235807,7183.8207647377785,142.21802851015212,3500.0,3072.94117647059,1741.5490786627709,1412.6797537168445,14.839133182167673,4.419017646390807,0.01979699009310449,0.15142453976128128,0.5168999837502455,0.2307737521388197,0.0811047342565506,0.1896039789280759,0.8044279702899393,0.005968050781984749,0.3108019294365584,0.3035692011188787,0.3856288694445628,0.9519325598588664,0.04710132530446564,0.47286561993453874,0.6991129618973243,2400.0,298.29277590026635,1499.147403900003,0.07188422094942887,8.686369352184686,15.0,282.5359507433689
lossy|pv=06.0|bat=07.5,lossy,6.0,7.5,3.75,south,10.0,12.0,17.25,0.9,0.85,286.2524114635406,3211.2666232964107,3239.8766852438657,7183.8207647377785,117.29085764338959,3500.0,3072.94117647059,2463.242993033384,1998.264324357041,15.97669881379932,5.042028523210943,0.01632708575068004,0.14973556204380856,0.425322427332191,0.3265279298704913,0.08208699500282916,0.19190027577864174,0.7534081667889932,0.05469155743236507,0.30733526852285586,0.22318362693937494,0.46948110453776914,0.9522885600424751,0.046664072898440934,0.5682967030097518,0.7794541805629439,3400.0,393.63917291983023,1745.472110517611,0.06019445078400617,9.389494129490137,15.0,266.43524324760546
lossy|pv=06.0|bat=10.0,lossy,6.0,10.0,5.0,south,10.0,12.0,17.25,0.9,0.85,211.9263944912529,2935.271509657665,2865.129156563038,7183.8207647377785,101.86931001001057,3500.0,3072.94117647059,3069.487533430548,2490.3349020787437,17.22669881379932,5.587405115004554,0.014180380238610946,0.14890429062660426,0.3469443372568198,0.4075693491925258,0.08240164268543923,0.19263584877731127,0.6815481302805794,0.12581602094210956,0.3056290671319861,0.20080296674097337,0.49356796612704057,0.9538742613909964,0.04499246576974349,0.6491672465771988,0.801737894913355,4400.0,467.96518989211796,1717.0279762105179,0.046802743698487984,10.313373668140372,15.0,249.03349020787437
lossy|pv=06.0|bat=12.5,lossy,6.0,12.5,6.25,south,10.0,12.0,17.25,0.9,0.85,150.9240635896964,2734.855990812659,2583.0821662959634,7183.8207647377785,88.93582274697984,3500.0,3072.9411764705897,3572.526789667915,2898.8091996310113,17.250000000000032,6.837405115004554,0.012380016937995827,0.14865124649908024,0.28252143463189355,0.47395217220319064,0.08249512972783991,0.19285439970876883,0.6114504414091883,0.19569515888204297,0.3051096889440706,0.1978694739993681,0.4970208370565612,0.9530474245883397,0.04572718489051416,0.7152150963587154,0.8045050598768,5400.0,528.9675207936745,1514.4226816263133,0.03438876257053601,11.30613741405529,15.0,231.9047359704809
lossy|pv=06.0|bat=15.0,lossy,6.0,15.0,7.5,south,10.0,12.0,17.25,0.9,0.85,98.56630231678787,2571.478229587361,2341.9888862619264,7183.8207647377785,84.44262207638462,3500.0,3072.941176470589,4010.5332079802006,3254.6068984639614,17.250000000000032,8.436801605213233,0.01175455580557861,0.14859020172792692,0.22750179293959388,0.5305548733470827,0.08159857617981858,0.19075846632602433,0.547390056739039,0.2618514769349367,0.30498439331704524,0.19872453597056008,0.49629107071239476,0.9503502198659294,0.0483339493014853,0.7711721987653023,0.8032281710401281,6400.0,581.325282066583,1198.8195072790224,0.02344398631080162,12.312422262252486,15.0,216.97379323093077
lossy|pv=06.0|bat=20.0,lossy,6.0,20.0,10.0,south,10.0,12.0,17.25,0.9,0.85,20.93075967544337,2436.8942392839567,2090.429353079978,7183.8207647377785,73.22476841281465,3500.0,3072.941176470589,4695.893189780806,3811.7734837224525,17.250000000000032,10.936801605213233,0.01019301160355265,0.1486571830025417,0.1450776098922135,0.6163096597209492,0.07976253578074272,0.1864662314974593,0.48116785543941487,0.33236591306312574,0.3051218737374526,0.19815714421654246,0.4967209820460049,0.9428362085932568,0.056377713046874646,0.8550222969883521,0.8034560780599729,8400.0,658.9608247079275,213.635986245908,0.003313215098440255,14.569820457131783,15.0,190.58867418612263
lossy|pv=06.0|bat=25.0,lossy,6.0,25.0,12.5,south,10.0,12.0,17.25,0.9,0.85,-22.38273383556401,2495.0811738123757,2083.187420989496,7183.8207647377785,65.89339917985588,3500.0,3072.94117647059,5089.4996942642765,4132.619752354064,17.25000000000005,13.12201693163031,0.009172472607236757,0.14880516139564742,0.10166795180360481,0.661545860016187,0.07880855417732237,0.1842360446965195,0.4775802106464231,0.33818374465705736,0.30542560238120275,0.1985799071020356,0.4959944905167616,0.9337709345707317,0.06532579321442006,0.8990189656638747,0.8030693895505221,10400.0,702.2743182189349,-1220.1897399468357,-0.015927448907625937,Inf,15.0,165.30479009416257
lossy|pv=06.0|bat=30.0,lossy,6.0,30.0,15.0,south,10.0,12.0,17.25,0.9,0.85,-46.063670966308564,2605.972182357009,2170.051959483263,7183.8207647377785,54.14982873119998,3500.0,3072.94117647059,5288.420960051228,4295.770977641494,17.25000000000003,15.62201693163031,0.00753774773961479,0.14889290541553796,0.08880469574380231,0.6753261052622911,0.07943854583875254,0.18570881847222573,0.4757595929375016,0.3385315885902727,0.3056056987560803,0.2019976220057127,0.49239667923820707,0.9173667782123287,0.08263322178767127,0.9119984529689005,0.7998889654680229,12400.0,725.9552553496794,-2910.64330773242,-0.03314227502412741,Inf,15.0,143.19236592138313
lossy|pv=09.0|bat=00.0,lossy,9.0,0.0,0.0,south,10.0,12.0,17.25,0.9,0.85,398.56856572485776,4641.037129203316,8506.373285215712,10775.731147106668,337.4538146236804,3500.0,3072.94117647059,0.0,0.0,13.069897129267877,7.331907702974395,0.03131609447348621,0.1077352006692914,0.7894010317341392,0.0,0.07154767312308269,0.2508926938396235,0.7491073061603766,0.0,0.33169301642624843,0.6683069835737515,0.0,NaN,NaN,0.18507881959175018,0.3339009421563213,0.0,0.0,NaN,NaN,NaN,NaN,NaN
lossy|pv=09.0|bat=02.5,lossy,9.0,2.5,1.25,south,10.0,12.0,17.25,0.9,0.85,228.02914095245285,3943.815611473049,7665.097140633825,10775.731147106668,301.63938465030066,3500.0,3072.94117647059,952.0081938157921,772.1391369907916,13.47669881379932,6.697190632004881,0.02799247499148048,0.1076571324397824,0.7106069310304566,0.08407557708152498,0.06966788445675741,0.24430093170737055,0.7556990682926295,5.438679641239635e-19,0.3314526614970144,0.45038691197480285,0.21816042652818268,0.9516470767305732,0.04752336784310001,0.2689878552017281,0.5519021221108337,1400.0,170.5394247724049,829.2137426293219,0.06852234326462389,8.878501507085067,15.0,308.8556547963166
lossy|pv=09.0|bat=05.0,lossy,9.0,5.0,2.5,south,10.0,12.0,17.25,0.9,0.85,93.90832854298554,3318.577164823121,6920.645751250067,10775.731147106668,258.56778875978665,3500.0,3072.9411764705906,1811.4662918386514,1469.3126963893076,14.72669881379932,6.697190632004881,0.023995382329969624,0.1067830275726752,0.6375068869013507,0.1619364940457145,0.06977820915029134,0.24468780186470107,0.7470835202796053,0.008228677855693584,0.3287614846277786,0.27372394868571565,0.3975145666865057,0.96329925133218,0.035771922991481325,0.34703638496235995,0.7285312549945349,2400.0,304.6602371818722,1582.379959736046,0.0754570715405384,8.488713154088355,15.0,293.8625392778615
lossy|pv=09.0|bat=07.5,lossy,9.0,7.5,3.75,south,10.0,12.0,17.25,0.9,0.85,-10.525168266823528,2865.30500923177,6347.699920480619,10775.731147106668,227.55891055768527,3500.0,3072.94117647059,2609.861309629172,2117.025160799629,15.97669881379932,6.697190632004881,0.021117723470558732,0.10522428629387805,0.5693203482018119,0.23397555108799506,0.07036209094575575,0.2467352713372022,0.6953540047794181,0.05791072388337962,0.3239624626425744,0.18357122833770737,0.49246630901971833,0.9660504273610591,0.03296104517968326,0.4191036961272863,0.8186000001130442,3400.0,409.0937339916813,1947.4870989793828,0.066481142436487,8.998168499608791,15.0,282.2700214399505
lossy|pv=09.0|bat=10.0,lossy,9.0,10.0,5.0,south,10.0,12.0,17.25,0.9,0.85,-98.59175898055412,2537.984494588881,5916.94642777399,10775.731147106668,196.65199195839367,3500.0,3072.9411764705897,3322.242344697762,2695.0662992051866,17.22669881379932,7.623936706324727,0.018249526577247207,0.10445274399372086,0.507938125305689,0.29881095998436197,0.07054864413898074,0.24738944821185868,0.621807736306446,0.1308028154816952,0.32158705338682747,0.1509567681712808,0.5274561784418916,0.9691967757075989,0.029756170377855835,0.4837438551228755,0.8510687476806097,4400.0,497.1603247054119,2098.653490841909,0.05628828758803929,9.644861529559543,15.0,269.50662992051866
lossy|pv=09.0|bat=12.5,lossy,9.0,12.5,6.25,south,10.0,12.0,17.25,0.9,0.85,-175.72940693277735,2275.3541516997766,5565.143073837202,10775.731147106668,164.87818561464132,3500.0,3072.941176470589,3964.133488863214,3216.0106259792037,17.250000000000014,7.9235525154285575,0.0153008815238409,0.10417239144665454,0.45271819247921025,0.35705802509772144,0.07075050945257205,0.2480973193432173,0.5367656581648986,0.21513702249188416,0.32072390948008667,0.1467743978802347,0.5325016926396787,0.9705932691669446,0.028302393535409337,0.5416341884110726,0.8547420332766238,5400.0,574.2979726576351,2106.9617170405404,0.04679658400856619,10.31383337008155,15.0,257.2808500783363
lossy|pv=09.0|bat=15.0,lossy,9.0,15.0,7.5,south,10.0,12.0,17.25,0.9,0.85,-245.85310477829205,2055.5997780119733,5250.321913562947,10775.731147106668,149.0203860055419,3500.0,3072.941176470589,4553.276047787167,3694.2285987076048,17.25000000000002,9.116242198840437,0.013829259840577457,0.10405166310461374,0.4013555450415923,0.41024444431704493,0.07051908769617002,0.24728580409272247,0.4606764449030745,0.29203775100420304,0.3203522134356106,0.1464723238448225,0.533175462719567,0.9708798215085249,0.02796119247903419,0.5945855284729086,0.854557940939927,6400.0,644.4216705031498,2023.5867797193127,0.038483790733673626,10.960778261743272,15.0,246.28190658050698
lossy|pv=09.0|bat=20.0,lossy,9.0,20.0,10.0,south,10.0,12.0,17.25,0.9,0.85,-352.4040680117285,1880.9664426341615,4915.449682851801,10775.731147106668,130.98346921203685,3500.0,3072.941176470589,5502.227690560005,4464.9044293536035,17.25000000000002,11.616242198840437,0.012155413625664418,0.10389084226379192,0.31956980216317854,0.4946926849404756,0.06969125700688904,0.24438289107527875,0.39221802039910325,0.3633990885256181,0.31985708139459657,0.14543697503360586,0.5347059435717975,0.9688212980543468,0.03029211700277567,0.6784350150921866,0.8554779938651544,8400.0,750.9726337365862,1416.3724763250061,0.02119495159970876,12.53692029497772,15.0,223.24522146768018
lossy|pv=09.0|bat=25.0,lossy,9.0,25.0,12.5,south,10.0,12.0,17.25,0.9,0.85,-432.41474021674134,1884.1804138128136,4794.880534672393,10775.731147106668,116.66789196733207,3500.0,3072.94117647059,6239.720830574559,5064.298872765394,17.250000000000004,14.116242198840437,0.010826911916659866,0.10386892833477453,0.2566174402600525,0.5594240892034754,0.06926263028503693,0.24287984690622322,0.3789537099140718,0.37816644317970494,0.3197896132210341,0.14650226005714137,0.5337081267218244,0.9661014885367225,0.03316174714542842,0.7427192484490778,0.8544456123772372,10400.0,830.9833059415992,462.2355679500538,0.005760985667665412,14.261915641953182,15.0,202.57195491061574
lossy|pv=09.0|bat=30.0,lossy,9.0,30.0,15.0,south,10.0,12.0,17.25,0.9,0.85,-495.36178970317417,1917.326908338932,4737.416124211051,10775.731147106668,98.80564781511787,3500.0,3072.94117647059,6821.290036572841,5537.394929624001,17.25000000000001,16.616242198840435,0.009169275519800587,0.10384755143933293,0.20757852910188052,0.6099969932199305,0.06940765071905644,0.24338838290417747,0.3750624442980744,0.38154917279774814,0.3197237984558803,0.1476158978332113,0.5326603037109084,0.9636247050395037,0.03637529496049639,0.7927312565902804,0.8533176289762388,12400.0,893.9303554280319,-714.9492503968308,-0.007687563386927875,Inf,15.0,184.5798309874667
lossy|pv=12.0|bat=00.0,lossy,12.0,0.0,0.0,south,10.0,12.0,17.25,0.9,0.85,120.25105971599089,4429.343910025775,11775.355379128254,14367.641529475557,448.68888390248645,3500.0,3072.94117647059,0.0,0.0,13.069897129267877,9.830471526337186,0.03122912573939088,0.08375301165891758,0.8195746918497953,0.0,0.06544317075189626,0.30598178224662276,0.6940182177533774,0.0,0.3438094995798042,0.6561905004201959,0.0,NaN,NaN,0.1540056440328926,0.3456899805482828,0.0,0.0,NaN,NaN,NaN,NaN,NaN
lossy|pv=12.0|bat=02.5,lossy,12.0,2.5,1.25,south,10.0,12.0,17.25,0.9,0.85,-48.900733885393265,3732.0934025334795,10909.805895372925,14367.641529475557,434.3094727479098,3500.0,3072.94117647059,966.7941443032076,784.1157568855981,13.47669881379932,8.975363617618955,0.030228306563531225,0.08368587018436142,0.7587603248330851,0.0644544712209678,0.0628710271980523,0.29395563712319844,0.7060443628768016,0.0,0.3435338811117516,0.4350042697625857,0.22146184912566283,0.9578654803936507,0.04131765122982778,0.2176429092603029,0.5669542214399855,1400.0,169.15179360138416,811.0752595174638,0.067167713655549,8.957659008290156,15.0,313.64630275423923
lossy|pv=12.0|bat=05.0,lossy,12.0,5.0,2.5,south,10.0,12.0,17.25,0.9,0.85,-185.1993519675218,3085.5161055768044,10146.006471091925,14367.641529475557,384.4134312667844,3500.0,3072.94117647059,1851.692401173996,1501.8958449509364,14.72669881379932,8.975363617618955,0.026755499883411703,0.08284676109938167,0.7021766724033548,0.12474966435058983,0.06347140226326062,0.296762711266432,0.693043714842869,0.010193573890698955,0.34008930438686136,0.2566234659095301,0.40328722970360853,0.9679569118365908,0.031134440267778712,0.2787477708488979,0.7453118092975128,2400.0,305.4504116835127,1592.7087611875759,0.0758982582644955,8.46475964433878,15.0,300.3791689901873
lossy|pv=12.0|bat=07.5,lossy,12.0,7.5,3.75,south,10.0,12.0,17.25,0.9,0.85,-293.29947821181224,2613.4896333374327,9549.197887755174,14367.641529475557,351.47913241912175,3500.0,3072.94117647059,2687.107716674233,2179.5947505061285,15.958800295176522,8.975363617618955,0.02446324483375048,0.08143711952336667,0.6487096221285176,0.1818362800706112,0.06355373344375488,0.297147653515603,0.642680742816426,0.060171603667971016,0.33430266871565345,0.16188577354719438,0.503811557737152,0.9722567029584357,0.026783186825880153,0.33573658151901153,0.839929038252879,3400.0,413.55053792780313,2005.744411597074,0.06827482769411855,8.892889336760106,15.0,290.6126334008171
lossy|pv=12.0|bat=10.0,lossy,12.0,10.0,5.0,south,10.0,12.0,17.25,0.9,0.85,-386.0474331984812,2261.3853324138486,9089.038666846434,14367.641529475557,315.12044162304414,3500.0,3072.94117647059,3452.5082997333484,2800.5817227840116,17.208800295176523,8.975363617618955,0.021932649208749194,0.08077031182038931,0.5996739811014733,0.23430103900526408,0.06332201886412317,0.2960642640765885,0.5686785052159433,0.13525723070746817,0.3315653961312331,0.1231980980263043,0.5452365058424626,0.9750456903090711,0.023946761974866268,0.38797319132090086,0.8782572452605267,4400.0,506.2984929144721,2218.1034665955012,0.059204984823748474,9.453270996564822,15.0,280.0581722784012
lossy|pv=12.0|bat=12.5,lossy,12.0,12.5,6.25,south,10.0,12.0,17.25,0.9,0.85,-467.856724286605,1982.631695707267,8717.72754571401,14367.641529475557,277.4646418817769,3500.0,3072.941176470589,4143.170321665508,3361.030460549062,17.250000000000014,9.798746751928482,0.01931177370430294,0.08047416132162859,0.5556269797445562,0.2815535316739388,0.06303355355557275,0.2947155346642987,0.4830824938369668,0.22220197149873455,0.3303496863583845,0.11560435486046951,0.5540459587811459,0.9763683122790019,0.02257507162155668,0.43477435915836177,0.8853917592520616,5400.0,588.107784002596,2287.47728565108,0.05048390107664823,10.04360774018668,15.0,268.88243684392495
lossy|pv=12.0|bat=15.0,lossy,12.0,15.0,7.5,south,10.0,12.0,17.25,0.9,0.85,-540.8129424781387,1790.4277466405028,8438.410055798815,14367.641529475557,244.97542143087998,3500.0,3072.941176470589,4777.987486398812,3876.2448639830363,17.250000000000014,10.805076507646179,0.01705049648742329,0.08030922281624268,0.5154854923187158,0.3247023095420808,0.06245247883553894,0.291998699944776,0.4179161794783646,0.29008512057685937,0.3296726071241583,0.11391199844369448,0.5564153944321472,0.976395689727852,0.022499832023682602,0.47716155040056024,0.8868279877654556,6400.0,661.0640021941296,2241.127765121598,0.042329333744473785,10.654779446080223,15.0,258.41632426553576
lossy|pv=12.0|bat=20.0,lossy,12.0,20.0,10.0,south,10.0,12.0,17.25,0.9,0.85,-668.0563007827326,1594.7354604530105,8064.2157981542205,14367.641529475557,204.3321598339212,3500.0,3072.941176470589,5942.04134457808,4821.153489108245,17.25,12.325103456740232,0.014221691111566844,0.0800893536309655,0.44049145450533855,0.4036811888982418,0.06151631185388776,0.28762161921603147,0.34451588523800675,0.3678624955459619,0.3287700352277473,0.11387210259384806,0.5573578621784047,0.9760865463473587,0.023141214223277876,0.5552131674290963,0.8868266986917754,8400.0,788.3073604987235,1904.3950323207164,0.028124421425826197,11.864596755079155,15.0,241.05767445541224
lossy|pv=12.0|bat=25.0,lossy,12.0,25.0,12.5,south,10.0,12.0,17.25,0.9,0.85,-772.1030697977749,1565.9651379890663,7881.9893944457735,14367.641529475557,175.99592132665128,3500.0,3072.9411764705897,6909.500922218993,5606.820746997385,17.25,14.825103456740232,0.012249464949803451,0.07991571285229479,0.3777776818258371,0.4688574499823472,0.06119969038971736,0.28614124473552704,0.32445216446884245,0.3894065907956306,0.32805723280979265,0.11440422091727066,0.5575385462729366,0.9749438990749838,0.024390755668816304,0.619924323291654,0.8862930857799459,10400.0,892.3541295137658,1264.4470418431597,0.015454934329713642,13.137428187909496,15.0,224.2728298798954
lossy|pv=12.0|bat=30.0,lossy,12.0,30.0,15.0,south,10.0,12.0,17.25,0.9,0.85,-857.3630444989794,1575.193324541647,7759.901558031115,14367.641529475557,159.41264398406167,3500.0,3072.94117647059,7698.576187007553,6247.996711476117,17.25,17.13756287006782,0.011095254823627306,0.07984388469292303,0.3256455563663287,0.5219254778781157,0.061489826239004695,0.2874977848181452,0.3169642783095534,0.3955379368723013,0.32776237531105673,0.11469792185696512,0.5575397028319782,0.9740552004808832,0.025944799519116775,0.6732272044684019,0.8859642318424493,12400.0,977.6141042149703,378.926626571464,0.0039755206631823525,14.485692798799127,15.0,208.2665570492039
low-mileage|pv=00.0|bat=00.0,low-mileage,0.0,0.0,0.0,south,5.0,12.0,17.25,0.95,0.92,1040.8992212629662,4926.086956521739,0.0,0.0,0.0,3500.0,1426.0869565217395,0.0,0.0,12.779520546862354,0.0,NaN,NaN,NaN,NaN,NaN,0.0,1.0,0.0,0.0,1.0,0.0,NaN,NaN,NaN,0.0,0.0,0.0,NaN,NaN,NaN,NaN,NaN
low-mileage|pv=00.0|bat=02.5,low-mileage,0.0,2.5,1.25,south,5.0,12.0,17.25,0.95,0.92,947.6501940214986,5005.560665304789,5.87797657342651,0.0,0.0,3500.0,1426.0869565217395,765.7895611243459,692.1938289147223,13.920410269270693,0.9171151468928354,NaN,NaN,NaN,NaN,NaN,0.0,1.0,0.0,0.0,0.8039097564739139,0.19609024352608606,0.0,1.0,NaN,0.1960902435260845,1400.0,93.24902724146762,-181.09115654099753,-0.017626308690562434,Inf,15.0,276.87753156588894
low-mileage|pv=00.0|bat=05.0,low-mileage,0.0,5.0,2.5,south,5.0,12.0,17.25,0.95,0.92,885.6824795689314,5082.004233035204,29.835329572846057,0.0,0.0,3500.0,1426.0869565217395,1315.0712506730229,1188.9893037324032,15.170410269270693,2.252660847088021,NaN,NaN,NaN,NaN,NaN,0.0,1.0,0.0,0.0,0.6688131502401239,0.3311868497598761,0.0,1.0,NaN,0.3311868497598735,2400.0,155.2167416940348,-371.0773967235976,-0.021240587271561313,Inf,15.0,237.79786074648064
low-mileage|pv=00.0|bat=07.5,low-mileage,0.0,7.5,3.75,south,5.0,12.0,17.25,0.95,0.92,840.873967123048,5162.971252033378,70.5333722805129,0.0,0.0,3500.0,1426.0869565217397,1739.0479305756492,1572.6970073445234,16.277409683550825,3.502660847088021,NaN,NaN,NaN,NaN,NaN,0.0,0.9862356108604671,0.013764389139532894,0.0,0.5764187373578176,0.42358126264218243,0.0,1.0,NaN,0.4236072566848474,3400.0,200.02525413991816,-785.3609158310043,-0.03257037634298349,Inf,15.0,209.69293431260311
low-mileage|pv=00.0|bat=10.0,low-mileage,0.0,10.0,5.0,south,5.0,12.0,17.25,0.95,0.92,809.46137135095,5255.87320132139,133.83153903865465,0.0,0.0,3500.0,1426.0869565217395,2053.638007805099,1857.6833020441015,17.250000000000014,4.794466056279509,NaN,NaN,NaN,NaN,NaN,0.0,0.9208766485297769,0.07912335147022313,0.0,0.5397100047092903,0.46028999529070974,0.0,1.0,NaN,0.4603288163532672,4400.0,231.4378499120162,-1374.7497607841642,-0.045432194510158924,Inf,15.0,185.76833020441015
low-mileage|pv=00.0|bat=12.5,low-mileage,0.0,12.5,6.25,south,5.0,12.0,17.25,0.95,0.92,785.04917211828,5355.906604368958,209.9704971032187,0.0,0.0,3500.0,1426.0869565217395,2309.6707768615483,2089.8216261175476,17.25000000000001,6.08621967461185,NaN,NaN,NaN,NaN,NaN,0.0,0.8355383792405386,0.16446162075946139,0.0,0.5299101266283303,0.4700898733716697,0.0,1.0,NaN,0.47009001414570944,5400.0,255.85004914468618,-2055.6446031943588,-0.05696032335348211,Inf,15.0,167.18573008940382
low-mileage|pv=00.0|bat=15.0,low-mileage,0.0,15.0,7.5,south,5.0,12.0,17.25,0.95,0.92,765.6392242290644,5457.55499940818,293.1500578016014,0.0,0.0,3500.0,1426.0869565217395,2510.0562572804115,2271.7382721955714,17.25000000000001,7.319289852147554,NaN,NaN,NaN,NaN,NaN,0.0,0.7887515290517364,0.21124847094826363,0.0,0.5207629927458582,0.47923700725414164,0.0,1.0,NaN,0.47923700725414003,6400.0,275.25999703390175,-2801.926598480182,-0.0672577889590031,Inf,15.0,151.44921814637144
low-mileage|pv=00.0|bat=20.0,low-mileage,0.0,20.0,10.0,south,5.0,12.0,17.25,0.95,0.92,737.3428665900146,5687.738881372593,498.8168703463212,0.0,0.0,3500.0,1426.0869565217395,2783.4364564567463,2520.6014019522136,17.250000000000014,9.838065418908581,NaN,NaN,NaN,NaN,NaN,0.0,0.7764693680439471,0.22353063195605283,0.0,0.513425596288483,0.48657440371151695,0.0,1.0,NaN,0.48657440371151545,8400.0,303.55635467295156,-4432.049490008012,-0.08495685445425558,Inf,15.0,126.03007009761068
low-mileage|pv=00.0|bat=25.0,low-mileage,0.0,25.0,12.5,south,5.0,12.0,17.25,0.95,0.92,710.7348480178492,5922.963119310261,711.7342166220426,0.0,0.0,3500.0,1426.0869565217395,3034.148165810044,2749.0062196435642,17.25000000000004,12.33621967461185,NaN,NaN,NaN,NaN,NaN,0.0,0.7675381328370564,0.23246186716294354,0.0,0.5126396667509244,0.4873603332490756,0.0,1.0,NaN,0.48736033324907396,10400.0,330.16437324511696,-6084.241581400562,-0.09750862831535803,Inf,15.0,109.96024878574256
low-mileage|pv=00.0|bat=30.0,low-mileage,0.0,30.0,15.0,south,5.0,12.0,17.25,0.95,0.92,685.0882395300355,6159.8344584463275,926.8015821647231,0.0,0.0,3500.0,1426.0869565217395,3279.7017411268266,2972.7558213669618,17.250000000000014,14.83621967461185,NaN,NaN,NaN,NaN,NaN,0.0,0.7648151403654536,0.23518485963454638,0.0,0.5112685204268512,0.4887314795731487,0.0,1.0,NaN,0.48873147957314733,12400.0,355.8109817329307,-7749.000787847005,-0.10697049939803313,Inf,15.0,99.09186071223206
low-mileage|pv=03.0|bat=00.0,low-mileage,3.0,0.0,0.0,south,5.0,12.0,17.25,0.95,0.92,641.0256557753627,3727.523396547361,2292.6627761458844,3591.9103823688893,100.68404624862582,3500.0,1426.0869565217395,0.0,0.0,12.670410269270693,2.3347800562488095,0.028030779036926863,0.2661238916436452,0.6382850717544521,0.0,0.06756025756497668,0.17016521290892025,0.8298347870910798,0.0,0.27311233411177815,0.7268876658882218,0.0,NaN,NaN,0.3433073208614485,0.27521369195649514,0.0,0.0,NaN,NaN,NaN,NaN,NaN
low-mileage|pv=03.0|bat=02.5,low-mileage,3.0,2.5,1.25,south,5.0,12.0,17.25,0.95,0.92,461.3417588758397,3076.610545048606,1585.1467721900003,3591.9103823688893,71.23728964983583,3500.0,1426.0869565217395,893.52470826584,807.4747992099207,13.644774998606088,2.2323585036465707,0.019832702396893977,0.26558797494343894,0.43915422679620975,0.21500690786967644,0.060418187993781784,0.1521763562497542,0.8478236437502458,0.0,0.27256234418047676,0.4989431833308348,0.2284944724886885,0.864313585862644,0.1356864141373561,0.5520669500212636,0.5036005100763912,1400.0,179.683896899523,948.746120330651,0.07733500245724823,8.387430697886227,15.0,322.98991968396825
low-mileage|pv=03.0|bat=05.0,low-mileage,3.0,5.0,2.5,south,5.0,12.0,17.25,0.95,0.92,338.8152498901928,2587.594252106326,1050.1599295788253,3591.9103823688893,50.694886429663484,3500.0,1426.0869565217395,1586.670378922947,1434.1075169779597,14.894774998606088,2.3188037683001634,0.014113627856224482,0.2645907070515501,0.28107083558190743,0.38808813444455775,0.05213669506575965,0.13131761387528543,0.8600478580376114,0.008634528087103117,0.27153888792479697,0.3338281829248766,0.3946329291503265,0.8785553810690245,0.12144461893097541,0.7150932012366393,0.6691871308911858,2400.0,302.2104058851699,1550.3568800228334,0.07408618714870495,8.56377402941401,15.0,286.82150339559195
low-mileage|pv=03.0|bat=07.5,low-mileage,3.0,7.5,3.75,south,5.0,12.0,17.25,0.95,0.92,260.4534251908748,2338.15506443501,755.570844668033,3591.9103823688893,42.44337023545712,3500.0,1426.0869565217395,2145.3387218325124,1939.3744464538424,16.1447749986061,3.806125615661524,0.011816377837206904,0.26315396363096033,0.16218999601201825,0.5164486081846986,0.04639105433511606,0.11684596717844145,0.7789792837359025,0.10417474908565603,0.2700644154650205,0.2677032183899042,0.4622323661450753,0.864682625088704,0.13531737491129608,0.8365612177139887,0.7350417052622003,3400.0,380.5722305844879,1574.6669874971458,0.054793231155680314,9.745193260364212,15.0,258.583259527179
low-mileage|pv=03.0|bat=10.0,low-mileage,3.0,10.0,5.0,south,5.0,12.0,17.25,0.95,0.92,209.18996421986986,2232.6994322275095,615.5793867768326,3591.9103823688893,38.276551320127616,3500.0,1426.0869565217395,2553.2504613097362,2308.5835413320365,17.250000000000014,5.183375042154696,0.0106563213570167,0.2624757809808158,0.07714602998384731,0.606310045621707,0.04341182205661459,0.10934212226653078,0.6692251213545803,0.2214327563788888,0.26936842366439256,0.2579677434801399,0.4726638328554675,0.8529564101933081,0.14704358980669183,0.9231313422325321,0.7446392257422997,4400.0,431.8356915554928,1244.7596176547524,0.0346714109640788,11.28177748585163,15.0,230.85835413320365
low-mileage|pv=03.0|bat=12.5,low-mileage,3.0,12.5,6.25,south,5.0,12.0,17.25,0.95,0.92,180.19982727002906,2243.5305465932433,605.0509844807186,3591.9103823688893,36.42443196857092,3500.0,1426.0869565217395,2802.280061447216,2534.4015054561123,17.25000000000001,6.433375042154696,0.010140685064795174,0.2624185694837892,0.0337202237763696,0.6509584516297896,0.04276207004525921,0.1077055804098934,0.6174114630340741,0.2748829565560326,0.269309709787204,0.2568435633731259,0.47384672683967016,0.8343864173562553,0.16561358264374462,0.9672541376225827,0.7457188094651149,5400.0,460.8258285053336,623.7054935162279,0.014703829939946275,13.220036047488403,15.0,202.75212043648898
low-mileage|pv=03.0|bat=15.0,low-mileage,3.0,15.0,7.5,south,5.0,12.0,17.25,0.95,0.92,163.98210927294048,2353.0399623680637,703.3174498433686,3591.9103823688893,33.46200045483441,3500.0,1426.0869565217392,2958.937824789853,2676.853886872842,17.250000000000014,7.683375042154696,0.009315934111019216,0.26211829747877485,0.02526654960194816,0.6613508428292001,0.04194837597905873,0.10565611480676779,0.611011948716542,0.28333193647669036,0.2690015526065337,0.2566454074232108,0.4743530399702555,0.8028262502999122,0.19717374970008789,0.975867516703111,0.7463273159406809,6400.0,477.0435465024222,-164.30387803263994,-0.003391704893529718,Inf,15.0,178.4569257915228
low-mileage|pv=03.0|bat=20.0,low-mileage,3.0,20.0,10.0,south,5.0,12.0,17.25,0.95,0.92,136.72212009514223,2610.63488471895,936.9270348636071,3591.9103823688893,33.0074144618834,3500.0,1426.0869565217395,3231.5267819549695,2925.00292071436,17.250000000000014,10.183375042154696,0.009189375832955716,0.2616255550460401,0.023882719523285932,0.6627008748090141,0.04260147478870604,0.10730108630332123,0.6027827800300012,0.2899161336666776,0.2684958707036839,0.25709988433677716,0.47440424495953887,0.7366060420490758,0.2633939579509242,0.9773318622261522,0.7464850577138697,8400.0,504.3035356802204,-1807.9737064012206,-0.03018018818843933,Inf,15.0,146.250146035718
low-mileage|pv=03.0|bat=25.0,low-mileage,3.0,25.0,12.5,south,5.0,12.0,17.25,0.95,0.92,110.75152542422796,2864.718188289614,1168.1719402400236,3591.9103823688893,33.0074144618834,3500.0,1426.0869565217395,3487.6898403575115,3158.3275809226543,17.250000000000007,12.683375042154696,0.009189375832955716,0.26148404232226324,0.02420985768824584,0.6622146013658152,0.04290212279072115,0.10805833373128347,0.5979951874130052,0.2939464788557113,0.2683506418403208,0.2579573466005103,0.47369201155916896,0.6820031628036967,0.3179968371963033,0.9770134982070723,0.7459520897787776,10400.0,530.2741303511348,-3468.497912918739,-0.04891095056004509,Inf,15.0,126.33310323690617
low-mileage|pv=03.0|bat=30.0,low-mileage,3.0,30.0,15.0,south,5.0,12.0,17.25,0.95,0.92,85.27050991714083,3113.007320366737,1394.8924335346724,3591.9103823688893,32.43271883601541,3500.0,1426.0869565217395,3736.7240394174323,3385.2184455742326,17.25000000000001,15.183375042154696,0.009029378626820253,0.26127511735177644,0.024306031629707292,0.6609928447297421,0.04439662766195478,0.11182256952275156,0.5918601340847458,0.29631729639250265,0.2681362304772845,0.2589903786577565,0.472873390864959,0.6353766124047132,0.3646233875952868,0.9768679013644933,0.7452012427136981,12400.0,555.7551458582218,-5135.421675442534,-0.06291479934996394,Inf,15.0,112.84061485247442
low-mileage|pv=06.0|bat=00.0,low-mileage,6.0,0.0,0.0,south,5.0,12.0,17.25,0.95,0.92,353.20724320406464,3449.514314254712,5468.654669262675,7183.8207647377785,238.59345320807623,3500.0,1426.0869565217397,0.0,0.0,12.670410269270693,4.833343879611602,0.03321261220480705,0.1527811901458522,0.7612459787563035,0.0,0.052760218893035955,0.2657761886837119,0.7342238113162881,0.0,0.3135864817803217,0.6864135182196783,0.0,NaN,NaN,0.2126024931992915,0.3152856896267605,0.0,0.0,NaN,NaN,NaN,NaN,NaN
low-mileage|pv=06.0|bat=02.5,low-mileage,6.0,2.5,1.25,south,5.0,12.0,17.25,0.95,0.92,165.38588005274613,2724.356928465849,4693.4226398479705,7183.8207647377785,198.1336336423611,3500.0,1426.08695652174,939.5201352980023,848.985672106447,13.644774998606088,4.590965073326103,0.027580536894087352,0.15260037736916032,0.6518985159734466,0.11831519194640579,0.04960537781689751,0.24988388090502728,0.7501161190949728,-2.1846938215137177e-18,0.31321535990039917,0.44716031786809163,0.2396243222315092,0.9046694166048201,0.09533058339517979,0.32972020166707494,0.5546936878284809,1400.0,187.8213631513185,1055.115375550633,0.08502219530877245,7.990833465474577,15.0,339.5942688425788
low-mileage|pv=06.0|bat=05.0,low-mileage,6.0,5.0,2.5,south,5.0,12.0,17.25,0.95,0.92,22.613340576476787,2091.9746846833004,4024.5293374834964,7183.8207647377785,159.19933427934237,3500.0,1426.0869565217395,1724.28021678462,1558.3003956481198,14.894774998606088,4.590965073326103,0.02216081657560027,0.1516449898416206,0.5521954700087783,0.22515185653273237,0.04884686704127026,0.2460629319542575,0.7360496342098418,0.017887433835900735,0.311254407683624,0.26727836210815314,0.42146723020822274,0.938043924899442,0.061956075100557936,0.435562700754956,0.7345085230004857,2400.0,330.59390262758785,1921.373031194412,0.08970242552730945,7.767099526521625,15.0,311.66007912962397
low-mileage|pv=06.0|bat=07.5,low-mileage,6.0,7.5,3.75,south,5.0,12.0,17.25,0.95,0.92,-83.33809976419911,1682.044988106215,3577.424818993368,7183.8207647377785,128.19550294512715,3500.0,1426.0869565217397,2434.509993679572,2200.351519295814,16.144774998606096,5.552015186319853,0.01784503081902914,0.15016825075232515,0.46342151279070226,0.31944203848277053,0.04912316715517251,0.2474547758993081,0.6240143224300889,0.12853090167060285,0.3082233708454013,0.18641447363115513,0.5053621555234435,0.9426185783342241,0.05738142166577584,0.5291090919686403,0.8148974211745499,3400.0,436.54534296826375,2306.3220374081543,0.07740179355461235,8.383860842701402,15.0,293.3802025727752
low-mileage|pv=06.0|bat=10.0,low-mileage,6.0,10.0,5.0,south,5.0,12.0,17.25,0.95,0.92,-166.2726835444682,1448.246062086997,3303.434162989237,7183.8207647377785,108.57614344140958,3500.0,1426.0869565217395,3058.918603819371,2764.9490399469823,17.250000000000014,5.936801605213233,0.01511398279511123,0.14954665384168347,0.3839283535017168,0.40247553286285226,0.04893547699863639,0.24650929888074685,0.4997852369172536,0.25370546420199946,0.3069475306185543,0.1622578117476777,0.5307946576337681,0.9452072659497935,0.05479273405020651,0.6117920554604761,0.8386197831514765,4400.0,519.4799267485329,2390.405170378439,0.06337132047544224,9.188783440285638,15.0,276.49490399469823
low-mileage|pv=06.0|bat=12.5,low-mileage,6.0,12.5,6.25,south,5.0,12.0,17.25,0.95,0.92,-230.92220133003485,1369.1559354413757,3187.7984006031306,7183.8207647377785,94.38076664896849,3500.0,1426.0869565217395,3590.3007836442603,3245.590207238945,17.250000000000007,7.186801605213233,0.013137962337847045,0.14909619460493545,0.3161987246057492,0.47267074313967095,0.04889637531179703,0.24631232666347222,0.4327615819543012,0.3209260913822266,0.30602295392752016,0.15922325826833725,0.5347537878041426,0.945765300478305,0.05423469952169508,0.6818034003059714,0.841593805383211,5400.0,584.1294445340995,2235.474242789569,0.04942580713229455,10.120144278428434,15.0,259.6472165791156
low-mileage|pv=06.0|bat=15.0,low-mileage,6.0,15.0,7.5,south,5.0,12.0,17.25,0.95,0.92,-284.3876847302456,1360.3225138563103,3143.1959028840365,7183.8207647377785,86.50026237761172,3500.0,1426.0869565217395,4048.950326263596,3660.590169452895,17.25,8.436801605213233,0.01204098281546827,0.14880899199798522,0.257076099513648,0.5334457488442907,0.048628176828608864,0.2449612941589062,0.41201190286616685,0.343026802974927,0.30543346476995,0.15885315268350794,0.5357133825465421,0.946462252834075,0.053537747165925006,0.7424500189628582,0.8419508992799998,6400.0,637.5949279343102,1934.3507079302863,0.03689255912464655,11.092775861908573,15.0,244.03934463019303
low-mileage|pv=06.0|bat=20.0,low-mileage,6.0,20.0,10.0,south,5.0,12.0,17.25,0.95,0.92,-366.9198431581807,1408.7122003287445,3132.410916926,7183.8207647377785,77.99454829003098,3500.0,1426.0869565217395,4765.031213628228,4308.990670299475,17.250000000000014,10.936801605213233,0.010856973029292708,0.14864883366661985,0.16708689368495067,0.6256409464570243,0.047766353162112925,0.24061991320551998,0.40297656175260743,0.3564035250418726,0.3051047365566617,0.16099822589408969,0.5338970375492486,0.9432241303212652,0.056775869678734735,0.8340714881613577,0.8398114974991093,8400.0,720.1270863622453,1013.1735198516251,0.01533580394522369,13.150486156117992,15.0,215.44953351497375
low-mileage|pv=06.0|bat=25.0,low-mileage,6.0,25.0,12.5,south,5.0,12.0,17.25,0.95,0.92,-423.83659467959166,1497.165623722968,3179.5921511620086,7183.8207647377785,73.31807997311414,3500.0,1426.0869565217395,5258.222572347526,4756.233371543642,17.250000000000007,13.192102941495863,0.010206000730558367,0.14861391130543256,0.11149203146119378,0.6829468217135006,0.046741234789313434,0.2354559457355469,0.4041372163047353,0.3604068379597179,0.3050330577042473,0.1625073707415368,0.5324595715542159,0.9330467646687638,0.06695323533123623,0.8903858736627773,0.8384470745024054,10400.0,777.0438378836564,-242.8366089108231,-0.0030828109283340256,Inf,15.0,190.24933486174567
low-mileage|pv=06.0|bat=30.0,low-mileage,6.0,30.0,15.0,south,5.0,12.0,17.25,0.95,0.92,-459.1586165336726,1646.6176977139985,3304.8912002180487,7183.8207647377785,70.10167616799038,3500.0,1426.0869565217395,5560.857738912803,5031.499109368805,17.250000000000014,15.62201693163031,0.009758271881181769,0.14879094669248924,0.09030989407223992,0.7056163653886981,0.045524521965392195,0.2293268336156753,0.40794391402173363,0.36272925236259107,0.30539642641557047,0.16371941761157005,0.5308841559728595,0.9115538889166331,0.08844611108336688,0.9115051075556299,0.8375385497480428,12400.0,812.3658597377373,-1781.1232154262689,-0.01966269125397877,Inf,15.0,167.71663697896017
low-mileage|pv=09.0|bat=00.0,low-mileage,9.0,0.0,0.0,south,5.0,12.0,17.25,0.95,0.92,78.10214320409182,3257.3126692826727,8727.865568063577,10775.731147106668,379.0912918040241,3500.0,1426.0869565217395,0.0,0.0,12.670410269270693,7.331907702974395,0.03518009930173618,0.10812229271459244,0.8099557653131539,0.0,0.04674184267051767,0.3531885118466676,0.6468114881533324,0.0,0.3328847878003479,0.6671152121996521,0.0,NaN,NaN,0.1605109256898934,0.3339009421563213,0.0,0.0,NaN,NaN,NaN,NaN,NaN
low-mileage|pv=09.0|bat=02.5,low-mileage,9.0,2.5,1.25,south,5.0,12.0,17.25,0.95,0.92,-112.65904242904276,2502.1090157532317,7923.333649047017,10775.731147106668,336.5675819818178,3500.0,1426.0869565217395,953.033080095636,861.1811047863116,13.558889793147396,6.949571643005636,0.03123385108510133,0.10800715277768681,0.73419148014972,0.08110105479764142,0.04546646118985106,0.34355153432379487,0.6564484656762052,5.495597821434793e-19,0.3325302972276653,0.42481328667834034,0.24265641609399435,0.9169914250599266,0.08300857494007334,0.24223410967342396,0.5762693789937153,1400.0,190.76118563313457,1093.5433970248525,0.08776620181069342,7.85851160108615,15.0,344.47244191452467
low-mileage|pv=09.0|bat=05.0,low-mileage,9.0,5.0,2.5,south,5.0,12.0,17.25,0.95,0.92,-261.48362830962174,1828.1412583526867,7223.79167015667,10775.731147106668,283.1236086204874,3500.0,1426.0869565217395,1774.4376426713561,1603.5674725108988,14.808889793147396,6.949571643005636,0.026274190099528177,0.10701173652437722,0.663682809707122,0.1567875576189291,0.046243706050043965,0.349424515358091,0.628442720662635,0.022132763979274037,0.3294656292490579,0.2419972048389681,0.42853716591197394,0.9521329617250407,0.04786703827495928,0.3187206418285034,0.7589870979626302,2400.0,339.58577151371355,2038.910648784148,0.0945370037732618,7.545670600825749,15.0,320.71349450217974
low-mileage|pv=09.0|bat=07.5,low-mileage,9.0,7.5,3.75,south,5.0,12.0,17.25,0.95,0.92,-374.77903512197906,1393.1122593850564,6745.8703661746185,10775.731147106668,251.13290811259213,3500.0,1426.0869565217395,2553.4300070028094,2307.676831320036,15.97669881379932,7.041150908503367,0.023305417023143014,0.10569360083904684,0.597690551871656,0.22743830439032825,0.045872125875826515,0.3466167987327819,0.5359631607381228,0.11742004052909519,0.3254073790317643,0.15033320009755324,0.5242594208706824,0.9598124929771358,0.04018750702286416,0.38909830233432763,0.8501415923981649,3400.0,452.8811783260709,2519.856642239578,0.08376494108387186,8.053644907011444,15.0,307.6902441760048
low-mileage|pv=09.0|bat=10.0,low-mileage,9.0,10.0,5.0,south,5.0,12.0,17.25,0.95,0.92,-464.6698773247411,1169.6567463176684,6487.701740450178,10775.731147106668,218.0310242973474,3500.0,1426.0869565217395,3259.929970821241,2946.36179866617,17.22669881379932,8.291150908503367,0.020233524882985753,0.10504149574328604,0.5384142746068166,0.2914215945388447,0.04488911022806682,0.3391889821573516,0.44523789595129754,0.21557312189135086,0.32339969069131436,0.11858844935508957,0.5580118599535961,0.9632969975795576,0.0367030024204424,0.45224173285564656,0.8818344857376921,4400.0,542.7720205288329,2694.868819291,0.07062235713672288,8.757773209717412,15.0,294.636179866617
low-mileage|pv=09.0|bat=12.5,low-mileage,9.0,12.5,6.25,south,5.0,12.0,17.25,0.95,0.92,-540.445632776874,1054.898093695885,6346.159142223537,10775.731147106668,183.79149526364088,3500.0,1426.0869565217392,3896.7733004475404,3522.181653653905,17.25,9.37524577521903,0.01705605798386959,0.10449382273220179,0.4851795379708346,0.3490016380156454,0.0442689432974499,0.3345029059821975,0.3623226683948959,0.30317442562290653,0.32171352579875157,0.11490542370133196,0.5633810504999166,0.965092791188164,0.03490720881183598,0.5088288271706137,0.8855054813745176,5400.0,618.5477759809659,2685.375006569678,0.05847419116947146,9.500767847281484,15.0,281.7745322923124
low-mileage|pv=09.0|bat=15.0,low-mileage,9.0,15.0,7.5,south,5.0,12.0,17.25,0.95,0.92,-607.3603339833883,1016.9535929043609,6270.938255576735,10775.731147106668,165.9854948315097,3500.0,1426.086956521739,4472.682390574806,4043.0083574937626,17.25,9.259853618352148,0.015403641067648346,0.10415515818466481,0.4358621725525404,0.40118560563697353,0.043393422558173245,0.3278873373753772,0.32628605442439024,0.34582660820023253,0.32067085205209056,0.11486489784376272,0.5644642501041468,0.9665493430839391,0.033450656916060986,0.5601550274709832,0.8855225648159807,6400.0,685.4624771874801,2560.0535257013635,0.04788512769205474,10.23302982184122,15.0,269.5338904995842
low-mileage|pv=09.0|bat=20.0,low-mileage,9.0,20.0,10.0,south,5.0,12.0,17.25,0.95,0.92,-723.8507779608974,1040.5880143356312,6224.637684678623,10775.731147106668,140.34760529124208,3500.0,1426.086956521739,5474.840153340445,4949.593238389751,17.25000000000001,12.623936706324727,0.0130244160118013,0.10380619636173798,0.3499589055859286,0.49039806516149675,0.042812416879034476,0.32349716960565605,0.31476219450770576,0.361740635886638,0.3195964752565293,0.11464780178376566,0.565755722959705,0.9652149756404019,0.034785024359598106,0.6487770299413405,0.8857539526605724,8400.0,801.9529211649892,2082.7635908151387,0.030615802209029486,11.638163931211205,15.0,247.47966191948754
low-mileage|pv=09.0|bat=25.0,low-mileage,9.0,25.0,12.5,south,5.0,12.0,17.25,0.95,0.92,-821.8282949026196,1087.2476362196785,6202.863216979235,10775.731147106668,127.85665701259556,3500.0,1426.0869565217392,6326.763618592572,5720.591665779796,17.25,14.259853618352148,0.011865241928101152,0.10375419296986627,0.27667069461801286,0.5650156149833593,0.04269425550066061,0.32260432415923673,0.31132196693483194,0.3660737089059312,0.31943636823665833,0.11570519493727441,0.5648584368260673,0.9623334658948782,0.037666534105121795,0.7235444552705037,0.8847324039397462,10400.0,899.9304381067114,1363.4810995476182,0.01662697461786984,13.009841362308517,15.0,228.82366663119186
low-mileage|pv=09.0|bat=30.0,low-mileage,9.0,30.0,15.0,south,5.0,12.0,17.25,0.95,0.92,-903.9462688986963,1143.9523770760763,6205.286201828822,10775.731147106668,116.13970363794684,3500.0,1426.0869565217395,7025.596535325481,6353.4258731312475,17.25,16.616242198840435,0.010777895444164907,0.10358704008683031,0.218065801799722,0.6247384422565608,0.0428308204127228,0.3236362295208141,0.3087811239206692,0.36758264655851675,0.31892174122864125,0.1171487427217494,0.5639295160496093,0.9582123677569023,0.04178763224309771,0.7832824334639747,0.8833367104481609,12400.0,982.0484121027881,436.8898810844021,0.004577959140286169,14.409698307298285,15.0,211.78086243770824
low-mileage|pv=12.0|bat=00.0,low-mileage,12.0,0.0,0.0,south,5.0,12.0,17.25,0.95,0.92,-195.02963387977923,3072.143933549898,12023.238008134638,14367.641529475557,490.4604983690762,3500.0,1426.0869565217392,0.0,0.0,12.670410269270693,9.830471526337186,0.0341364654291301,0.08407929630557039,0.8368275324428641,0.0,0.04495670582243638,0.45293299307517104,0.5470670069248289,0.0,0.3451489112482841,0.6548510887517158,0.0,NaN,NaN,0.1335965149417683,0.3456899805482828,0.0,0.0,NaN,NaN,NaN,NaN,NaN
low-mileage|pv=12.0|bat=02.5,low-mileage,12.0,2.5,1.25,south,5.0,12.0,17.25,0.95,0.92,-384.934348978976,2323.54380868112,11197.69037222194,14367.641529475557,474.94729834569875,3500.0,1426.0869565217395,959.2765237671576,866.8158126998599,13.558889793147396,9.308178212685169,0.03305673358924867,0.08398949905907242,0.7784629093267791,0.06182074106591385,0.042670116958983505,0.4298959061954827,0.5701040938045173,0.0,0.3447802899202786,0.4112764341717919,0.2439432759079294,0.9259251370329313,0.07407486296706875,0.19501200362416096,0.5892835616503744,1400.0,189.90471509919678,1082.348004012596,0.08696852487571724,7.896638560402455,15.0,346.72632507994393
low-mileage|pv=12.0|bat=05.0,low-mileage,12.0,5.0,2.5,south,5.0,12.0,17.25,0.95,0.92,-534.8759651620217,1642.3591025613443,10494.458010910545,14367.641529475557,416.0942024949976,3500.0,1426.0869565217395,1799.989354970442,1626.627892860824,14.808889793147396,9.308178212685169,0.028960508350752662,0.0831344250362939,0.7242059379775123,0.12002367341865482,0.0436754552167839,0.44002455903666254,0.5393195420471091,0.020655898916228314,0.3412701764801505,0.2279172280029479,0.4308125955169017,0.9580373961480417,0.04196260385195817,0.2545547613487415,0.7725442856189102,2400.0,339.84633128224243,2042.3165674891982,0.0946763538528125,7.539428884880764,15.0,325.3255785721648
low-mileage|pv=12.0|bat=07.5,low-mileage,12.0,7.5,3.75,south,5.0,12.0,17.25,0.95,0.92,-649.1884959587426,1236.3439708179958,10049.511401714699,14367.641529475557,377.2397941417724,3500.0,1426.0869565217395,2608.754850413755,2357.607502498414,15.97669881379932,9.308178212685169,0.026256208673348092,0.08201429565386598,0.6730169122308226,0.17551657330871406,0.04319601013324923,0.4351942118675834,0.4780064469701606,0.08679934116225616,0.33667200007062004,0.13361987686523294,0.529708123064147,0.9666524270693986,0.03334757293060142,0.31009471941524686,0.8666449602991252,3400.0,454.15886207896335,2536.557942742281,0.0842586666789156,8.028819200383978,15.0,314.3476669997885
low-mileage|pv=12.0|bat=10.0,low-mileage,12.0,10.0,5.0,south,5.0,12.0,17.25,0.95,0.92,-744.2271007711894,998.7126838483244,9773.567024091284,14367.641529475557,342.14658037814326,3500.0,1426.086956521739,3372.601562386803,3048.0479100540897,17.208800295176523,9.49964724380634,0.023813691319916456,0.08132906399473412,0.6245614563554392,0.22794479448924707,0.04235099384066159,0.42668078207780574,0.3975802430924117,0.17573897482978268,0.3338590964011764,0.09547320524233496,0.5706676983564888,0.9710690798037023,0.028930920196297692,0.3622115882288069,0.9047342138928446,4400.0,549.1974668914102,2778.8593297146203,0.07259907817711503,8.646292071014708,15.0,304.80479100540896
low-mileage|pv=12.0|bat=12.5,low-mileage,12.0,12.5,6.25,south,5.0,12.0,17.25,0.95,0.92,-825.2054556332665,872.3088406515656,9620.26332231399,14367.641529475557,303.1429917533409,3500.0,1426.086956521739,4059.495892697976,3669.038793159923,17.25,10.74964724380634,0.021099008569460467,0.08089402912724503,0.5814039543661907,0.27472161360371233,0.04188139433339166,0.42194962781542544,0.31335434925435773,0.2646960229302169,0.33207326067863097,0.08944116067709279,0.5784855786442763,0.9723132548938128,0.027686745106187242,0.4085485158677602,0.9107668244142847,5400.0,630.1758217534873,2837.371528609207,0.061479666626672674,9.307557302457624,15.0,293.52310345279386
low-mileage|pv=12.0|bat=15.0,low-mileage,12.0,15.0,7.5,south,5.0,12.0,17.25,0.95,0.92,-899.774694346777,821.375893410378,9539.975229788934,14367.641529475557,271.119975422089,3500.0,1426.086956521739,4699.977037468447,4248.141776315273,17.25,11.99964724380634,0.018870179553539108,0.08056055529799845,0.5410592660520283,0.3182072307269055,0.04130276836952966,0.4161200461125723,0.2705105641753517,0.3133693897120759,0.3307043371248954,0.08786134055468743,0.5814343223204171,0.9727467574254025,0.02725324257459739,0.4513984297890247,0.9123535230244749,6400.0,704.7450604669978,2812.1066782053144,0.05221111904804383,9.921964977638362,15.0,283.20945175435156
low-mileage|pv=12.0|bat=20.0,low-mileage,12.0,20.0,10.0,south,5.0,12.0,17.25,0.95,0.92,-1029.712408346236,829.8352263611675,9485.644857889052,14367.641529475557,225.04056978297663,3500.0,1426.086956521739,5838.506375825184,5277.802004182227,17.25000000000001,13.548746751928482,0.015663013955442902,0.08016262967721681,0.4685066515616922,0.3958228344417677,0.039844870363879514,0.4014319123799649,0.26068680422976415,0.3378812833902709,0.3290708363606716,0.08760211249338719,0.5833270511459413,0.9740574435249285,0.02594255647507146,0.5273536251134205,0.912629351497982,8400.0,834.6827744664569,2510.593336759488,0.03650763072678579,11.125224379900448,15.0,263.8901002091114
low-mileage|pv=12.0|bat=25.0,low-mileage,12.0,25.0,12.5,south,5.0,12.0,17.25,0.95,0.92,-1147.4483289255181,873.366608278408,9460.278017879602,14367.641529475557,196.3867650139427,3500.0,1426.0869565217392,6860.963059883902,6202.706661545222,17.25,16.048746751928483,0.013668684913320715,0.07985332110710008,0.40322923443599523,0.46390795616634645,0.03934080337723766,0.39635350272353187,0.2584416110887695,0.3452048861876986,0.3278011121728335,0.08831615847659663,0.5838827293505698,0.9714763304646807,0.028523669535319283,0.5948353860191514,0.9119345510815434,10400.0,952.4186950457389,2049.583705155045,0.024610649576548495,12.198037638034956,15.0,248.10826646180888
low-mileage|pv=12.0|bat=30.0,low-mileage,12.0,30.0,15.0,south,5.0,12.0,17.25,0.95,0.92,-1253.242511499427,918.5593803373326,9437.237111737068,14367.641529475557,177.42153986456938,3500.0,1426.0869565217395,7777.233863482186,7031.778561792673,17.25,17.25,0.01234868920557246,0.07970242753055755,0.3439764350042995,0.5244564435044948,0.039516004755074996,0.39811863393150315,0.25462853649117645,0.3472528295773205,0.32718168793944397,0.08954436008660202,0.5832739519739539,0.9688794641341065,0.031120535865893535,0.6555297654248446,0.9107486042146603,12400.0,1058.2128776196478,1432.477109414695,0.01470646856031459,13.219744684130326,15.0,234.39261872642243
slow-charger|pv=00.0|bat=00.0,slow-charger,0.0,0.0,0.0,south,10.0,4.0,17.25,0.95,0.92,1356.2724964890522,6339.130434782604,0.0,0.0,0.0,3500.0,2839.1304347826044,0.0,0.0,5.179213558739997,0.0,NaN,NaN,NaN,NaN,NaN,0.0,1.0,0.0,0.0,1.0,0.0,NaN,NaN,NaN,0.0,0.0,0.0,NaN,NaN,NaN,NaN,NaN
slow-charger|pv=00.0|bat=02.5,slow-charger,0.0,2.5,1.25,south,10.0,4.0,17.25,0.95,0.92,1263.0234692475842,6418.604143565654,5.87797657342651,0.0,0.0,3500.0,2839.130434782604,765.7895611243459,692.1938289147223,6.429213558739997,0.9171151468928354,NaN,NaN,NaN,NaN,NaN,0.0,1.0,0.0,0.0,0.8039097564739139,0.19609024352608606,0.0,1.0,NaN,0.1960902435260845,1400.0,93.24902724146796,-181.09115654099304,-0.017626308690562434,Inf,15.0,276.87753156588894
slow-charger|pv=00.0|bat=05.0,slow-charger,0.0,5.0,2.5,south,10.0,4.0,17.25,0.95,0.92,1201.0556845707233,6495.04771129607,29.835329572846057,0.0,0.0,3500.0,2839.130434782604,1315.0712506730229,1188.9893037324032,7.170410269270694,2.252660847088021,NaN,NaN,NaN,NaN,NaN,0.0,0.9999323865253676,6.761347463226104e-5,0.0,0.6688679969468753,0.3311320030531247,0.0,1.0,NaN,0.3311320030531221,2400.0,155.21681191832886,-371.07647878358625,-0.021240532082254106,Inf,15.0,237.79786074648064
slow-charger|pv=00.0|bat=07.5,slow-charger,0.0,7.5,3.75,south,10.0,4.0,17.25,0.95,0.92,1155.7113619558666,6572.668941110418,66.86281333009791,0.0,0.0,3500.0,2839.130434782604,1742.378902540679,1575.7032095429631,8.415417949309814,3.502660847088021,NaN,NaN,NaN,NaN,NaN,0.0,0.9850913185786718,0.01490868142132814,0.0,0.5809963699865428,0.41900363001345714,0.0,1.0,NaN,0.4190036300134555,3400.0,200.56113453318562,-778.3561312266713,-0.032256122796009146,Inf,15.0,210.09376127239508
slow-charger|pv=00.0|bat=10.0,slow-charger,0.0,10.0,5.0,south,10.0,4.0,17.25,0.95,0.92,1122.8046004439263,6652.922513971573,116.79894129470736,0.0,0.0,3500.0,2839.130434782604,2064.288593787302,1867.29545589304,9.665417949309814,4.819289852147554,NaN,NaN,NaN,NaN,NaN,0.0,0.942043109641301,0.05795689035869888,0.0,0.5468716162069721,0.45312838379302794,0.0,1.0,NaN,0.45312838379302617,4400.0,233.46789604512583,-1348.2139216716607,-0.044448618352028915,Inf,15.0,186.729545589304
slow-charger|pv=00.0|bat=12.5,slow-charger,0.0,12.5,6.25,south,10.0,4.0,17.25,0.95,0.92,1096.0299420929803,6739.557067982266,178.49696681104277,0.0,0.0,3500.0,2839.130434782604,2331.0093988576423,2109.079732469022,10.915417949309814,6.044466056279509,NaN,NaN,NaN,NaN,NaN,0.0,0.8935360159403257,0.10646398405967439,0.0,0.5347663919125841,0.46523360808741576,0.0,1.0,NaN,0.46523360808741343,5400.0,260.2425543960719,-1998.227773719132,-0.05511243127625966,Inf,15.0,168.72637859752177
slow-charger|pv=00.0|bat=15.0,slow-charger,0.0,15.0,7.5,south,10.0,4.0,17.25,0.95,0.92,1071.4591039644301,6827.988891222587,243.840245881216,0.0,0.0,3500.0,2839.130434782604,2578.7765185514654,2333.758307992697,12.165417949309814,7.324552792661352,NaN,NaN,NaN,NaN,NaN,0.0,0.8436295797743201,0.15637042022567993,0.0,0.5297251305859957,0.47027486941400437,0.0,1.0,NaN,0.4702748694140022,6400.0,284.81339252462203,-2677.0489606840624,-0.06366687742253735,Inf,15.0,155.58388719951316
slow-charger|pv=00.0|bat=20.0,slow-charger,0.0,20.0,10.0,south,10.0,4.0,17.25,0.95,0.92,1024.9491970125011,7028.408338858166,399.0145986309435,0.0,0.0,3500.0,2839.130434782604,3064.7518507140376,2774.488545269419,14.665417949309814,9.83621967461185,NaN,NaN,NaN,NaN,NaN,0.0,0.7603593040694019,0.239640695930598,0.0,0.5156849275973038,0.4843150724026963,0.0,1.0,NaN,0.4843150724026947,8400.0,331.323299476551,-4069.092625167983,-0.0761840140906484,Inf,15.0,138.72442726347094
slow-charger|pv=00.0|bat=25.0,slow-charger,0.0,25.0,12.5,south,10.0,4.0,17.25,0.95,0.92,994.4089085623224,7253.936928476314,598.8157882987451,0.0,0.0,3500.0,2839.130434782604,3350.5456963586194,3034.5549909636547,16.894774998606103,12.33621967461185,NaN,NaN,NaN,NaN,NaN,0.0,0.7473549160202174,0.25264508397978264,0.0,0.5090151841315123,0.4909848158684878,0.0,1.0,NaN,0.4909848158684863,10400.0,361.8635879267298,-5669.883874418065,-0.08867813489261384,Inf,15.0,121.38219963854618
slow-charger|pv=00.0|bat=30.0,slow-charger,0.0,30.0,15.0,south,10.0,4.0,17.25,0.95,0.92,968.2726852565147,7492.630647700262,814.5568761845336,0.0,0.0,3500.0,2839.130434782604,3607.88037675,3268.9370400168746,17.25000000000002,14.83621967461185,NaN,NaN,NaN,NaN,NaN,0.0,0.7419216865127475,0.25807831348725246,0.0,0.5080965230133363,0.49190347698666365,0.0,1.0,NaN,0.4919034769866621,12400.0,387.99981123253747,-7328.24305880319,-0.09888092124989689,Inf,15.0,108.96456800056248
slow-charger|pv=03.0|bat=00.0,slow-charger,3.0,0.0,0.0,south,10.0,4.0,17.25,0.95,0.92,943.5091794964026,5012.3636349580065,2176.3317205117028,3591.9103823688893,88.81186203258795,3500.0,2839.130434782605,0.0,0.0,5.179213558739997,2.3347800562488095,0.02472552279381089,0.26360282530454193,0.6058981123789627,0.0,0.10577353952268614,0.13381881654216202,0.866181183457838,0.0,0.27052506429518774,0.7294749357048121,0.0,NaN,NaN,0.37874093238383344,0.27521369195649514,0.0,0.0,NaN,NaN,NaN,NaN,NaN
slow-charger|pv=03.0|bat=02.5,slow-charger,3.0,2.5,1.25,south,10.0,4.0,17.25,0.95,0.92,770.9940962811709,4425.010927754163,1527.6735099190562,3591.9103823688893,64.50115251243082,3500.0,2839.1304347826044,889.0765426560076,803.4603297470468,5.866091038504667,2.2323585036465707,0.017957339033022275,0.26266162499256923,0.4231534761780838,0.20534243985140496,0.09088511994492127,0.11498281372831709,0.8850171862716829,0.0,0.26955914796019864,0.5030933708262195,0.22734748121358186,0.8295929610737619,0.1704070389262382,0.5692156834917032,0.5024535188012844,1400.0,172.5150832152317,855.0386506080418,0.07044289658392695,8.767997143152353,15.0,321.38413189881874
slow-charger|pv=03.0|bat=05.0,slow-charger,3.0,5.0,2.5,south,10.0,4.0,17.25,0.95,0.92,651.1245764160191,3975.640015668964,1033.3083794628242,3591.9103823688893,43.07177246788701,3500.0,2839.1304347826044,1581.305757174746,1429.2659458502085,6.894774998606104,2.3188037683001634,0.011991327144270477,0.26115018519633443,0.27677094902944427,0.36825077998477657,0.08183675864517366,0.10353532878792299,0.8873645891864291,0.009100082025647903,0.26800801758979226,0.3422040704369805,0.38978791197322715,0.8364756745754339,0.16352432542456605,0.7200541228169282,0.6639447381149725,2400.0,292.3846030803835,1421.918457798602,0.06854013772310277,8.877468430241771,15.0,285.8531891700417
slow-charger|pv=03.0|bat=07.5,slow-charger,3.0,7.5,3.75,south,10.0,4.0,17.25,0.95,0.92,571.6525880150499,3718.843575851368,730.2545926181722,3591.9103823688893,35.89030720124448,3500.0,2839.1304347826044,2140.357678135755,1934.8790545175189,8.144774998606097,3.820315456868308,0.00999198292290761,0.2597065656109889,0.1606519874618529,0.4900875822610855,0.07956188174316443,0.10065728068459122,0.8317662684239464,0.06757645089146236,0.26652648839642273,0.27924104154322743,0.45423247006034984,0.8224563085768551,0.17754369142314488,0.8383556273239999,0.7267064242451645,3400.0,371.85659148135267,1460.7401199095732,0.051143938293957886,9.996341937323091,15.0,257.9838739356692
slow-charger|pv=03.0|bat=10.0,slow-charger,3.0,10.0,5.0,south,10.0,4.0,17.25,0.95,0.92,518.5667974328358,3593.636193464277,568.3960271076636,3591.9103823688893,33.29422913368942,3500.0,2839.1304347826044,2553.8552288123974,2309.1293440031886,9.394774998606097,5.183375042154696,0.009269226007730084,0.25901574845093317,0.07524802813512285,0.5757760581473746,0.08069093925883934,0.10208570164164209,0.7637115589498591,0.13420273940849883,0.26581753030227284,0.2684686386917301,0.46571383100599717,0.809809412000507,0.19019058799949287,0.9249944783912907,0.7374290647993553,4400.0,424.9423820635668,1154.653413343894,0.03230187984786988,11.488194284962642,15.0,230.91293440031887
slow-charger|pv=03.0|bat=12.5,slow-charger,3.0,12.5,6.25,south,10.0,4.0,17.25,0.95,0.92,482.82585375025366,3554.6884392477277,501.94390562278227,3591.9103823688893,32.5397957840663,3500.0,2839.1304347826044,2854.6506197657836,2581.6659343386195,10.644774998606104,6.433375042154696,0.009059189211342763,0.25855355360220367,0.02864055052357612,0.6222446381961908,0.08150206846668774,0.10311189733431603,0.7044107053289538,0.19247739733673017,0.26534319816632174,0.26719169248745667,0.4674651093462215,0.7829493952200872,0.2170506047799128,0.9721385631615348,0.7388607046346565,5400.0,460.6833257461489,621.8427623057685,0.014661154749427908,13.224749495738262,15.0,206.53327474708956
slow-charger|pv=03.0|bat=15.0,slow-charger,3.0,15.0,7.5,south,10.0,4.0,17.25,0.95,0.92,457.30714157566246,3623.6092714123824,548.0094588911359,3591.9103823688893,31.2897957840663,3500.0,2839.130434782604,3112.845787932981,2815.7558236095147,11.894774998606097,7.683375042154696,0.008711184983248514,0.257944102842903,0.019596851921248427,0.631842920533316,0.08190493971928532,0.10362158770191407,0.6515182792663808,0.24486013303170504,0.2647177431635002,0.2658689297962638,0.4694133270402359,0.7290830644703812,0.2709169355296188,0.981269203823429,0.7407941877295148,6400.0,486.2020379207401,-44.58824653737838,-0.0009156340754348077,Inf,15.0,187.717054907301
slow-charger|pv=03.0|bat=20.0,slow-charger,3.0,20.0,10.0,south,10.0,4.0,17.25,0.95,0.92,418.9950877846894,3860.5635475644567,748.8548233377571,3591.9103823688893,31.174248840120676,3500.0,2839.130434782604,3506.301774080652,3172.987351107789,14.394774998606104,10.183375042154696,0.008679016323219359,0.2577616268772094,0.0196561354002582,0.6315887782742712,0.08231444312504424,0.10413966870190638,0.6000185149697052,0.29584181632838846,0.26453047535901236,0.2626689246489375,0.47280059999205015,0.6470094236728546,0.35299057632714537,0.981331764517441,0.7440703158682791,8400.0,524.5140917117131,-1543.7905164337967,-0.025492995671126603,Inf,15.0,158.64936755538946
slow-charger|pv=03.0|bat=25.0,slow-charger,3.0,25.0,12.5,south,10.0,4.0,17.25,0.95,0.92,391.1342988259524,4127.835885333301,991.6582628071556,3591.9103823688893,31.174248840120676,3500.0,2839.130434782604,3779.1879104852287,3421.404589212919,16.894774998606103,12.683375042154696,0.008679016323219359,0.2577170348551803,0.019746424239452918,0.6311349596507998,0.08272256493135001,0.10465600177888708,0.5974060636030785,0.2979379346180345,0.2644847123456133,0.2627184148555914,0.47279687279879534,0.5998590882332187,0.40014091176678135,0.981331764517441,0.7440140657531507,10400.0,552.3748806704502,-3179.606963509315,-0.044337919700672676,Inf,15.0,136.85618356851674
slow-charger|pv=03.0|bat=30.0,slow-charger,3.0,30.0,15.0,south,10.0,4.0,17.25,0.95,0.92,364.4339061410016,4388.584231352634,1231.280450595625,3591.9103823688893,28.72800790793854,3500.0,2839.130434782604,4042.879183952356,3661.523463517001,17.250000000000032,15.183375042154696,0.00799797457335008,0.2577695875339239,0.019726802042291068,0.6319233088136983,0.08258232703673841,0.10447858057150411,0.5965874268497914,0.29893399257870445,0.26453864506344216,0.2633506916032038,0.47211066333335405,0.5614345100389153,0.4385654899610847,0.9813497667883712,0.7434571469147078,12400.0,579.0752733554009,-4830.591582541978,-0.05852087552374603,Inf,15.0,122.05078211723337
slow-charger|pv=06.0|bat=00.0,slow-charger,6.0,0.0,0.0,south,10.0,4.0,17.25,0.95,0.92,648.4460524689305,4664.7559413502,5290.898870408049,7183.8207647377785,218.54740089732422,3500.0,2839.1304347826053,0.0,0.0,5.179213558739997,4.833343879611602,0.03042216782051098,0.15204986527106878,0.7365020709284312,0.0,0.0810258959799875,0.2050189406204886,0.7949810593795115,0.0,0.3120854226885392,0.6879145773114609,0.0,NaN,NaN,0.2403889131078125,0.3152856896267605,0.0,0.0,NaN,NaN,NaN,NaN,NaN
slow-charger|pv=06.0|bat=02.5,slow-charger,6.0,2.5,1.25,south,10.0,4.0,17.25,0.95,0.92,459.9363768972169,3943.691919001159,4528.997017842482,7183.8207647377785,169.7355780824692,3500.0,2839.130434782605,930.4451592962162,840.7955062648351,5.644774998606104,4.590965073326103,0.02362747953228825,0.15182904526220725,0.6290108946842153,0.11591495152113956,0.07961762900014832,0.2014556180453362,0.7985443819546638,1.896132578367225e-18,0.31163218515570223,0.4510820963011219,0.23728571854317584,0.8949611133567442,0.10503888664325581,0.35587618068316446,0.5523536404451633,1400.0,188.50967557171356,1064.1126822368426,0.08566618482629332,7.959482387516006,15.0,336.31820250593404
slow-charger|pv=06.0|bat=05.0,slow-charger,6.0,5.0,2.5,south,10.0,4.0,17.25,0.95,0.92,318.4985548158882,3319.4780472221482,3865.193675102435,7183.8207647377785,134.59059448872802,3500.0,2839.1304347826053,1707.9139239605902,1543.5298163744326,6.894774998606104,4.590965073326103,0.01873523837751829,0.15053348461081173,0.5303117914392536,0.2208451144154093,0.07957437115700887,0.20134616319677562,0.7843242464885617,0.014329590314662572,0.3089730207244244,0.27750771515607486,0.4135192641195008,0.9289178432653368,0.07108215673466324,0.45982996345303173,0.7259398522510752,2400.0,329.94749765304226,1912.9235195669157,0.08935291755453359,7.783482537547739,15.0,308.7059632748865
slow-charger|pv=06.0|bat=07.5,slow-charger,6.0,7.5,3.75,south,10.0,4.0,17.25,0.95,0.92,212.1130378218927,2894.379967478357,3398.3378030319,7183.8207647377785,108.82401089017355,3500.0,2839.1304347826053,2411.433164220065,2179.5246807086087,8.144774998606104,5.552015186319853,0.015148486363181949,0.14906097636306015,0.4418685495488731,0.31377323440846433,0.08014875331642057,0.20279951610833113,0.7166361061389092,0.0805643777527597,0.30595066777401125,0.2006897429764827,0.493359589249506,0.9347514624115714,0.06524853758842865,0.55217059560744,0.8024172028665776,3400.0,436.33301464703777,2303.5465782305596,0.07731845125373521,8.388315669292504,15.0,290.60329076114783
slow-charger|pv=06.0|bat=10.0,slow-charger,6.0,10.0,5.0,south,10.0,4.0,17.25,0.95,0.92,126.44174747053745,2592.579017607206,3053.989911856799,7183.8207647377785,92.85142100072584,3500.0,2839.130434782605,3022.5950226138816,2732.167007909028,9.394774998606104,5.936801605213233,0.012925074837124653,0.14826905244793964,0.3634234109794942,0.39480039410146595,0.0805820676339763,0.2038959265986627,0.6254052717988526,0.17069880160248463,0.3043252279267155,0.18015774937956847,0.515517022693716,0.9383246011634413,0.06167539883655879,0.6330860172121473,0.8227950542150625,4400.0,522.0043049983931,2423.4026939346077,0.0641638901861574,9.139655385397784,15.0,273.2167007909028
slow-charger|pv=06.0|bat=12.5,slow-charger,6.0,12.5,6.25,south,10.0,4.0,17.25,0.95,0.92,54.08648172477626,2364.6794257043503,2785.456361195249,7183.8207647377785,82.65094577048289,3500.0,2839.1304347826053,3554.935371218371,3213.67292252458,10.644774998606104,7.186801605213233,0.011505151433646575,0.14791113153263055,0.29672857668653807,0.46370546414059993,0.0801496762065847,0.20280185128724496,0.5376109355750753,0.25958721313767974,0.30359058801142047,0.17559240778241283,0.5208170042061668,0.9370569628313463,0.06294303716865367,0.701297806073138,0.8272141532450898,5400.0,594.3595707441542,2369.197796546838,0.05214002010864982,9.926895986316392,15.0,257.0938338019664
slow-charger|pv=06.0|bat=15.0,slow-charger,6.0,15.0,7.5,south,10.0,4.0,17.25,0.95,0.92,-8.20059897446771,2195.6427116166146,2577.3916818319262,7183.8207647377785,76.75861928247271,3500.0,2839.130434782605,4026.6178508450134,3640.4351103876247,11.894774998606104,8.436801605213233,0.010684929621190865,0.14807366412527534,0.238991516880936,0.5230243494542847,0.07922553991831448,0.20046351931919243,0.4661116592302482,0.33342482145055935,0.30392418944398897,0.1722817843191834,0.5237940262368277,0.9331188906552572,0.06688110934474277,0.7600745698546456,0.8298164420253185,6400.0,656.6466514433982,2183.3861665869135,0.04131316841382436,10.734488170551122,15.0,242.69567402584164
slow-charger|pv=06.0|bat=20.0,slow-charger,6.0,20.0,10.0,south,10.0,4.0,17.25,0.95,0.92,-96.39437012239597,2159.8207448625103,2479.99377913845,7183.8207647377785,68.3507440259524,3500.0,2839.130434782605,4766.323606700316,4310.157055047035,14.394774998606104,10.936801605213233,0.009514539165767635,0.1478629783931701,0.15153158298319305,0.6129692284115669,0.07812167104630266,0.19767041195534793,0.4225548596924297,0.3797747283522225,0.3034917527190941,0.17064852767212357,0.5258597196087823,0.9238695133956263,0.07613048660437369,0.8490674204487635,0.8313685340759964,8400.0,744.8404225913264,1336.2150032013487,0.02004016833897674,12.654273817194525,15.0,215.50785275235177
slow-charger|pv=06.0|bat=25.0,slow-charger,6.0,25.0,12.5,south,10.0,4.0,17.25,0.95,0.92,-154.43214873106206,2261.9478853002774,2537.5431977129133,7183.8207647377785,66.92148412313273,3500.0,2839.130434782605,5260.113163275942,4757.939629856537,16.894774998606096,13.192102941495863,0.009315583770076907,0.14772590758457646,0.0969505999014032,0.6687620739170451,0.07724583482689733,0.19545429312459922,0.4237725191622702,0.38077318771313046,0.3032104121130901,0.17227318249160523,0.5245164053953048,0.9133390716412518,0.08666092835874821,0.9043619534229459,0.8297680498578309,10400.0,802.8782011999925,94.85843030789886,0.0011934601558056977,14.843230632023579,15.0,190.31758519426148
slow-charger|pv=06.0|bat=30.0,slow-charger,6.0,30.0,15.0,south,10.0,4.0,17.25,0.95,0.92,-191.22528279203328,2426.8652031654738,2677.174884218114,7183.8207647377785,62.50410185381195,3500.0,2839.130434782605,5586.6825338330345,5054.805986784315,17.25,15.62201693163031,0.00870067668734403,0.1478093542243765,0.07408581726826158,0.6926333275621234,0.07677082425789536,0.19425237906413184,0.42489285615070804,0.3808547647851601,0.3033816880284451,0.17417431737241693,0.5224439945991379,0.8906455039743106,0.10935449602568931,0.9273259958279695,0.8282015509891625,12400.0,839.6713352609638,-1424.1984669897165,-0.015579975878909719,Inf,15.0,168.4935328928105
slow-charger|pv=09.0|bat=00.0,slow-charger,9.0,0.0,0.0,south,10.0,4.0,17.25,0.95,0.92,375.5414348344341,4467.490371818024,8510.532036236891,10775.731147106668,393.5590479051949,3500.0,2839.1304347826053,0.0,0.0,5.179213558739997,7.331907702974395,0.03652272338020119,0.10775312908143087,0.7897869685178627,0.0,0.06593717902050522,0.25026018706957087,0.7497398129304291,0.0,0.3317482140688513,0.6682517859311486,0.0,NaN,NaN,0.1802744209093331,0.3339009421563213,0.0,0.0,NaN,NaN,NaN,NaN,NaN
slow-charger|pv=09.0|bat=02.5,slow-charger,9.0,2.5,1.25,south,10.0,4.0,17.25,0.95,0.92,178.20952510230768,3693.7022161857694,7729.132322282571,10775.731147106668,309.5845156133139,3500.0,2839.130434782605,950.3060575789304,858.7199669649847,5.558889793147396,6.949571643005636,0.028729792102918116,0.10762803332194314,0.7161717040518301,0.08042909293903741,0.0670413775842721,0.254451099438514,0.745548900561486,5.192562691633853e-18,0.33136307170545626,0.42667653323449434,0.24196039506004932,0.9120033225135332,0.08799667748646671,0.2627429159831908,0.5755661967590505,1400.0,197.3319097321264,1179.4329118982976,0.09383979755021293,7.577016134080795,15.0,343.4879867859939
slow-charger|pv=09.0|bat=05.0,slow-charger,9.0,5.0,2.5,south,10.0,4.0,17.25,0.95,0.92,29.813131959950397,3025.681451108134,7036.616736838889,10775.731147106668,255.6291235981828,3500.0,2839.130434782605,1765.8851589243495,1595.8488559292252,6.808889793147396,6.949571643005636,0.023722670889651916,0.10634905302037159,0.6467702980519076,0.15519162676180814,0.06796635127626115,0.2579617757008338,0.725560231380487,0.016477992918679144,0.3274253723134045,0.24918268664883023,0.42339194103776523,0.9470056633161903,0.052994336683809665,0.3377998624229041,0.7530408467795354,2400.0,345.7283028744837,2119.2030230678915,0.09781131833464879,7.401029514534983,15.0,319.16977118584504
slow-charger|pv=09.0|bat=07.5,slow-charger,9.0,7.5,3.75,south,10.0,4.0,17.25,0.95,0.92,-85.18080427802482,2547.1342495533845,6516.0646847710395,10775.731147106668,224.08613451371977,3500.0,2839.1304347826053,2531.183513771151,2287.599371178464,7.976698813799319,7.041150908503367,0.020795445938152225,0.10487927033611741,0.5810610745995277,0.22468097212953958,0.06858323699666297,0.26030312451316756,0.6559856005019381,0.08371127498489436,0.3229002342990627,0.16417822918757885,0.5129215365133585,0.9565097656358167,0.043490234364183325,0.4074400715708045,0.8378289196929236,3400.0,460.7222391124589,2622.3514201194453,0.08678619155405834,7.905392360908377,15.0,305.0132494904619
slow-charger|pv=09.0|bat=10.0,slow-charger,9.0,10.0,5.0,south,10.0,4.0,17.25,0.95,0.92,-183.0065169455229,2195.57147756254,6126.092801116732,10775.731147106668,195.1551901709656,3500.0,2839.130434782605,3232.8122933220984,2921.8880947231937,9.22669881379932,8.291150908503367,0.018110621683742143,0.10413628198692114,0.520900957892127,0.28823506695783785,0.06861707147937193,0.2604315410468735,0.5604272410445826,0.17914121790854384,0.3206127363858139,0.1364504961187051,0.5429367674954809,0.9607559322642336,0.03924406773576639,0.47073214317982687,0.8653106411238056,4400.0,558.547951779957,2901.08461247029,0.0754583463433175,8.4886437990653,15.0,292.18880947231935
slow-charger|pv=09.0|bat=12.5,slow-charger,9.0,12.5,6.25,south,10.0,4.0,17.25,0.95,0.92,-271.1556729166789,1906.6499635168284,5801.573873518244,10775.731147106668,168.6104677169257,3500.0,2839.1304347826044,3881.129072879189,3508.0627382734683,10.47669881379932,9.37524577521903,0.015647241511050354,0.10376683941620209,0.46582755991597946,0.34640274642308705,0.06835561273368147,0.259439191729243,0.4591047512991841,0.28145605697157294,0.3194753038668527,0.12994442358439198,0.5505802725487553,0.9617672574093071,0.03823274259069285,0.5283198107582192,0.8713729648531059,5400.0,646.697107751113,3053.330259799769,0.0657082169418657,9.044990223407195,15.0,280.64501906187746
slow-charger|pv=09.0|bat=15.0,slow-charger,9.0,15.0,7.5,south,10.0,4.0,17.25,0.95,0.92,-347.7242733003607,1721.873685457379,5576.188890862833,10775.731147106668,152.30214936381208,3500.0,2839.1304347826044,4475.854949279953,4045.8715917251575,11.72669881379932,9.116242198840437,0.014133811180386204,0.10359598078120863,0.4149415684664063,0.3993292289772856,0.06799941059471148,0.25808725015003936,0.38790657918693816,0.35400617066302237,0.31894926766260995,0.12793307771314374,0.5531176546242464,0.9613949646274554,0.03860503537254455,0.5810195459747559,0.8730685526151608,6400.0,723.2657081347947,3054.200155174338,0.056315479712159736,9.643050185524775,15.0,269.7247727816772
slow-charger|pv=09.0|bat=20.0,slow-charger,9.0,20.0,10.0,south,10.0,4.0,17.25,0.95,0.92,-472.03540673811034,1609.071569845617,5386.619537805154,10775.731147106668,129.83230423051174,3500.0,2839.1304347826044,5515.594257784747,4986.373817650734,14.20880029517652,11.616242198840437,0.012048584217449811,0.103154145286696,0.32592706552734474,0.49121138636649464,0.06765881860201388,0.25679455584504945,0.333172798371485,0.4100326457834656,0.3175889532340048,0.1259194617273098,0.5564915850386853,0.9596720840029309,0.040327915997069176,0.6726575904241722,0.8749909250703645,8400.0,847.5768415725445,2679.138713464229,0.03879776480575453,10.9353464987796,15.0,249.3186908825367
slow-charger|pv=09.0|bat=25.0,slow-charger,9.0,25.0,12.5,south,10.0,4.0,17.25,0.95,0.92,-568.8937544032223,1635.0042307771955,5347.109950046764,10775.731147106668,117.51618270627615,3500.0,2839.130434782605,6335.039080494536,5728.060270146319,16.70880029517652,14.116242198840437,0.01090563425367473,0.10304351341263192,0.25555998979888334,0.5632091703640033,0.06728169217080686,0.2553631975032953,0.32700110891729023,0.4176356935794146,0.3172483419965147,0.1258734140501163,0.556878243953369,0.9580036559070005,0.04199634409299942,0.7444262298093737,0.8749677233161339,10400.0,944.4351892376563,1945.2269507829114,0.023411103632733105,12.315666529609008,15.0,229.12241080585278
slow-charger|pv=09.0|bat=30.0,slow-charger,9.0,30.0,15.0,south,10.0,4.0,17.25,0.95,0.92,-648.7490176335011,1692.7483784860046,5345.4690058293545,10775.731147106668,110.69058795474707,3500.0,2839.130434782605,7036.0461233432325,6362.856626317268,17.25,16.616242198840435,0.010272211364930721,0.10305149824889892,0.19724273402102246,0.622843673427275,0.06658988293787335,0.25273748147142566,0.3256677435352788,0.4215947749932957,0.31727292555333364,0.12676714982097056,0.5559599246256958,0.953887432497322,0.04611256750267791,0.8035915781485694,0.8741450975460742,12400.0,1024.2904524679352,989.0586070218775,0.010244991232599237,13.724375104331044,15.0,212.09522087724227
slow-charger|pv=12.0|bat=00.0,slow-charger,12.0,0.0,0.0,south,10.0,4.0,17.25,0.95,0.92,105.32213413524926,4297.832120903442,11766.053759643139,14367.641529475557,560.2894559532535,3500.0,2839.130434782605,0.0,0.0,5.179213558739997,9.830471526337186,0.03899661992567162,0.08389539709570419,0.8189272912680068,0.0,0.05818069171061764,0.29442793898938724,0.7055720610106129,0.0,0.3443939975554523,0.6556060024445477,0.0,NaN,NaN,0.14784140384119426,0.3456899805482828,0.0,0.0,NaN,NaN,NaN,NaN,NaN
slow-charger|pv=12.0|bat=02.5,slow-charger,12.0,2.5,1.25,south,10.0,4.0,17.25,0.95,0.92,-93.97581679588461,3504.6759816584613,10969.174664962013,14367.641529475557,471.737611917147,3500.0,2839.130434782605,957.3697381769477,865.0949387046953,5.558889793147396,9.308178212685169,0.03283333669965012,0.08380244483360665,0.7625603118031474,0.06145454268430662,0.05934936397928748,0.30034209637221726,0.6996579036277828,1.046602165302228e-18,0.3440124247608313,0.4125265814290434,0.24346099381012526,0.9222736048951429,0.07772639510485709,0.211642765298832,0.5887918833660417,1400.0,199.29795093113387,1205.132107642929,0.09564179186340191,7.496397029961977,15.0,346.0379754818781
slow-charger|pv=12.0|bat=05.0,slow-charger,12.0,5.0,2.5,south,10.0,4.0,17.25,0.95,0.92,-245.2224640912325,2818.312403891127,10264.132833856962,14367.641529475557,409.8796921858378,3500.0,2839.130434782605,1794.3433081156722,1621.5323355743942,6.808889793147396,9.308178212685169,0.028527973178128083,0.08262153619214851,0.7090958164616091,0.11934002280813925,0.0604146513599719,0.3057330664467285,0.6763044881969436,0.017962445356327947,0.33916474703525135,0.2338534594234904,0.4269817935412582,0.9555778206275374,0.044422179372462546,0.2703760583070794,0.767525624063111,2400.0,350.54459822648175,2182.159443857773,0.10036328639927428,7.291163439426958,15.0,324.30646711487884
slow-charger|pv=12.0|bat=07.5,slow-charger,12.0,7.5,3.75,south,10.0,4.0,17.25,0.95,0.92,-366.07931641575055,2314.489599192567,9729.435693615236,14367.641529475557,363.43270211818464,3500.0,2839.1304347826053,2598.3440836112586,2348.2117854591615,7.976698813799319,9.308178212685169,0.025295223392969114,0.0812204355687454,0.6579170318034685,0.17437170081089345,0.061195608423924415,0.30968516072436986,0.6046781768296537,0.0856366624459764,0.3334131723198853,0.14419868303750255,0.5223881446426122,0.964194890868311,0.035805109131689,0.3258486192038708,0.8570254296908202,3400.0,471.4014505509998,2761.945211590306,0.09086842400347954,7.71281488876719,15.0,313.0949047278882
slow-charger|pv=12.0|bat=10.0,slow-charger,12.0,10.0,5.0,south,10.0,4.0,17.25,0.95,0.92,-471.4598241010641,1925.0383492728354,9308.526771537005,14367.641529475557,322.2908722301356,3500.0,2839.130434782605,3353.9158994732907,3031.1840992746447,9.22669881379932,9.49964724380634,0.022431717242454043,0.08048014282250565,0.6094126482612384,0.22618745309500063,0.06148803857879969,0.31116502638541294,0.5045153953047199,0.18431957830986714,0.33037424066135906,0.11100505163073579,0.5586207077079052,0.9689510238000877,0.031048976199912235,0.37783585560230576,0.8899200884406878,4400.0,576.7819582363134,3139.4312459830276,0.08097755651177573,8.195922688317806,15.0,303.1184099274645
slow-charger|pv=12.0|bat=12.5,slow-charger,12.0,12.5,6.25,south,10.0,4.0,17.25,0.95,0.92,-562.3854478900241,1653.7303062695041,9004.211861073254,14367.641529475557,289.26206715183207,3500.0,2839.130434782605,4042.1663870499233,3653.398914312556,10.458800295176522,10.74964724380634,0.020132884479223963,0.08013503081517845,0.5657531933458109,0.27291290706243787,0.06106598429734907,0.30902918769777354,0.41294658232197357,0.27802422998025283,0.32895754191598836,0.10293415052856716,0.5681083075554445,0.9700527989155616,0.029947201084438376,0.4242171980572989,0.8977119434106067,5400.0,667.7075820252734,3327.969616966738,0.07101877450008026,8.73525024827062,15.0,292.2719131450045
slow-charger|pv=12.0|bat=15.0,slow-charger,12.0,15.0,7.5,south,10.0,4.0,17.25,0.95,0.92,-643.817375533644,1479.8647371592174,8798.904260991501,14367.641529475557,257.97870561045005,3500.0,2839.130434782605,4696.465284617603,4244.972419367387,11.708800295176522,11.99964724380634,0.017955536062143576,0.0798678466934235,0.524648461909134,0.3169370801435894,0.06059107519171097,0.30662587304012395,0.3481647694215685,0.34520935753830767,0.32786074029206186,0.09958646121700394,0.5725527984909342,0.9695884200009607,0.030411579999039297,0.46772239364663537,0.9009955901796441,6400.0,749.1395096688933,3392.4107128260425,0.061971150385379536,9.27649028133563,15.0,282.99816129115914
slow-charger|pv=12.0|bat=20.0,slow-charger,12.0,20.0,10.0,south,10.0,4.0,17.25,0.95,0.92,-786.3411438088218,1322.152932401772,8569.2002672174,14367.641529475557,214.82960429880637,3500.0,2839.130434782605,5899.32467260018,5332.690517021661,14.208800295176522,12.503455619918343,0.014952322123159764,0.07941259882666665,0.44761784886860945,0.39807574281768376,0.05994148736388037,0.30333858305237255,0.2823581514714522,0.41430326547617524,0.3259919293901704,0.09731034652406048,0.5766977240857691,0.9695024247348801,0.030497575265119807,0.5481469329893178,0.9032231062857266,8400.0,891.6632779440711,3255.4165445529543,0.046504911485486036,10.335633363524906,15.0,266.6345258510831
slow-charger|pv=12.0|bat=25.0,slow-charger,12.0,25.0,12.5,south,10.0,4.0,17.25,0.95,0.92,-907.8027311734495,1333.2215365770278,8508.422657285282,14367.641529475557,187.69621217101013,3500.0,2839.130434782605,6936.423198089095,6270.809436275409,16.708800295176523,16.048746751928483,0.013063815086557311,0.07919883491919984,0.3809005213346429,0.46731366899384774,0.059523159665752286,0.30122160303098267,0.2715892807278018,0.42718911624121547,0.32511441990604945,0.09711892106872054,0.57776665902523,0.9679621739021479,0.03203782609785221,0.6169817934793096,0.9034067784671467,10400.0,1013.1248653086988,2843.1071334953685,0.03357171410970545,11.376951963734417,15.0,250.83237745101636
slow-charger|pv=12.0|bat=30.0,slow-charger,12.0,30.0,15.0,south,10.0,4.0,17.25,0.95,0.92,-1011.8916980653864,1373.4870198010283,8476.286679076942,14367.641529475557,173.07842879950707,3500.0,2839.1304347826044,7850.8513499234,7098.218343305869,17.25,17.25,0.01204640500282754,0.07907066827332263,0.32171339833120094,0.5279690162639357,0.05920051212871199,0.29958881994508746,0.2693522399550555,0.431058940099857,0.32458829064204947,0.09816545488412877,0.5772462544738217,0.9662225440587537,0.033777455941246266,0.677486456019454,0.9023975155185622,12400.0,1117.2138322006358,2203.710734458966,0.022292030965750997,12.426746710824238,15.0,236.60727811019564
small-connection|pv=00.0|bat=00.0,small-connection,0.0,0.0,0.0,south,10.0,12.0,9.2,0.95,0.92,1342.1359292156262,6339.130434782608,0.0,0.0,0.0,3500.0,2839.1304347826085,0.0,0.0,9.200000000000044,0.0,NaN,NaN,NaN,NaN,NaN,0.0,1.0,0.0,0.0,1.0,0.0,NaN,NaN,NaN,0.0,0.0,0.0,NaN,NaN,NaN,NaN,NaN
small-connection|pv=00.0|bat=02.5,small-connection,0.0,2.5,1.25,south,10.0,12.0,9.2,0.95,0.92,1249.6959449275234,6417.99174780892,5.87797657342651,0.0,0.0,3500.0,2839.1304347826085,759.5085790039498,686.5252425510647,9.20000000000003,0.9405300049451922,NaN,NaN,NaN,NaN,NaN,0.0,1.0,6.121527076657774e-18,0.0,0.8055293525778163,0.19447064742218376,0.0,1.0,NaN,0.19447064742218234,1400.0,92.43998428810278,-191.66659780582657,-0.018700467837181857,Inf,15.0,274.6100970204259
small-connection|pv=00.0|bat=05.0,small-connection,0.0,5.0,2.5,south,10.0,12.0,9.2,0.95,0.92,1188.6595613387317,6494.140443541948,29.835329572846057,0.0,0.0,3500.0,2839.1304347826085,1305.7659403742978,1180.5912611878039,9.200000000000054,2.252660847088021,NaN,NaN,NaN,NaN,NaN,0.0,0.9999810182802467,1.8981719753366662e-5,0.0,0.6712279885609398,0.32877201143906026,0.0,1.0,NaN,0.32878740903284503,2400.0,153.47636787689453,-393.82677116096795,-0.022612863765316495,Inf,15.0,236.11825223756077
small-connection|pv=00.0|bat=07.5,small-connection,0.0,7.5,3.75,south,10.0,12.0,9.2,0.95,0.92,1144.7485159309167,6571.316530394253,66.97766909834087,0.0,0.0,3500.0,2839.1304347826085,1727.3300155210702,1562.121589007766,9.200000000000033,3.502660847088021,NaN,NaN,NaN,NaN,NaN,0.0,0.9891240320717276,0.010875967928272326,0.0,0.5816383918981273,0.41836160810187284,0.0,1.0,NaN,0.41843477144835045,3400.0,197.3874132847095,-819.8415709237947,-0.034124744130446125,Inf,15.0,208.2828785343688
small-connection|pv=00.0|bat=10.0,small-connection,0.0,10.0,5.0,south,10.0,12.0,9.2,0.95,0.92,1115.507869200302,6651.5504889631875,117.71902237222386,0.0,0.0,3500.0,2839.1304347826085,2040.7798134190311,1846.0787816106754,9.200000000000045,4.819289852147554,NaN,NaN,NaN,NaN,NaN,0.0,0.9497234350464969,0.05027656495350314,0.0,0.5469662761363875,0.45303372386361257,0.0,1.0,NaN,0.45310688721009,4400.0,226.6280600153243,-1437.6211452231264,-0.047784339730187114,Inf,15.0,184.60787816106753
small-connection|pv=00.0|bat=12.5,small-connection,0.0,12.5,6.25,south,10.0,12.0,9.2,0.95,0.92,1092.860321995239,6734.832953305639,176.86800259869665,0.0,0.0,3500.0,2839.1304347826085,2299.264265890615,2080.4297499662803,9.200000000000042,6.08621967461185,NaN,NaN,NaN,NaN,NaN,0.0,0.8984693214199,0.10153067858009994,0.0,0.5384848835009429,0.461515116499057,0.0,1.0,NaN,0.46158827984553435,5400.0,249.2756072203872,-2141.582715788117,-0.059764707226421805,Inf,15.0,166.43437999730241
small-connection|pv=00.0|bat=15.0,small-connection,0.0,15.0,7.5,south,10.0,12.0,9.2,0.95,0.92,1072.3734895797154,6824.96236445414,244.38717026219507,0.0,0.0,3500.0,2839.1304347826085,2542.1257375316563,2300.68097812232,9.20000000000005,7.324552792661352,NaN,NaN,NaN,NaN,NaN,0.0,0.8490025266548785,0.1509974733451215,0.0,0.5349736326540794,0.46502636734592073,0.0,1.0,NaN,0.46507290186839295,6400.0,269.7624396359108,-2873.788166670939,-0.06936152996878525,Inf,15.0,153.37873187482134
small-connection|pv=00.0|bat=20.0,small-connection,0.0,20.0,10.0,south,10.0,12.0,9.2,0.95,0.92,1035.2405087854538,6998.974463660996,377.45240922881385,0.0,0.0,3500.0,2839.1304347826085,2984.016611790498,2701.6249921409244,9.200000000000042,9.2,NaN,NaN,NaN,NaN,NaN,0.0,0.7637913758856172,0.2362086241143828,0.0,0.5275584316483292,0.4724415683516709,0.0,1.0,NaN,0.4724415683516688,8400.0,306.8954204301724,-4388.4027421462,-0.08387372983547896,Inf,15.0,135.08124960704623
small-connection|pv=00.0|bat=25.0,small-connection,0.0,25.0,12.5,south,10.0,12.0,9.2,0.95,0.92,1020.1699221834666,7128.138860737718,491.6307912319983,0.0,0.0,3500.0,2839.1304347826085,3159.6424074165225,2862.264772693412,9.200000000000042,9.2,NaN,NaN,NaN,NaN,NaN,0.0,0.7532099081032797,0.24679009189672027,0.0,0.5228672226986734,0.4771327773013266,0.0,1.0,NaN,0.477132777301325,10400.0,321.9660070321596,-6191.406893195317,-0.099888463869133,Inf,15.0,114.49059090773648
small-connection|pv=00.0|bat=30.0,small-connection,0.0,30.0,15.0,south,10.0,12.0,9.2,0.95,0.92,1011.8449891966943,7214.034901918412,569.6365776492016,0.0,0.0,3500.0,2839.130434782609,3262.4911742215563,2957.223284734955,9.200000000000042,9.2,NaN,NaN,NaN,NaN,NaN,0.0,0.747749604518304,0.252250395481696,0.0,0.522452876546364,0.4775471234536361,0.0,1.0,NaN,0.4775471234536345,12400.0,330.2909400189319,-8082.587158137878,-0.11376467069781732,Inf,15.0,98.57410949116517
small-connection|pv=03.0|bat=00.0,small-connection,3.0,0.0,0.0,south,10.0,12.0,9.2,0.95,0.92,931.9053622017087,5019.302936184999,2176.9831010416383,3591.9103823688893,95.0997827296424,3500.0,2839.130434782608,0.0,0.0,9.200000000000044,2.3347800562488095,0.02647610118460791,0.2650083813714429,0.6060794589217754,0.0,0.10243605852217559,0.129596420660019,0.870403579339981,0.0,0.27196753041796,0.72803246958204,0.0,NaN,NaN,0.3774375136971302,0.2752800936136418,0.0,0.0,NaN,NaN,NaN,NaN,NaN
small-connection|pv=03.0|bat=02.5,small-connection,3.0,2.5,1.25,south,10.0,12.0,9.2,0.95,0.92,759.5017170446168,4427.955999100706,1528.466900564627,3591.9103823688893,67.08880239796004,3500.0,2839.1304347826085,884.6050638400013,799.424820115601,9.200000000000035,2.2323585036465707,0.018677749513815685,0.26415369192766475,0.42337435881743496,0.2137183854535131,0.08007581428757311,0.10130747963969483,0.8986925203603052,1.7957094524864362e-18,0.27109039673601537,0.5027151248022445,0.22619447846174023,0.8677966235929613,0.13220337640703878,0.568674348394428,0.5013669177065895,1400.0,172.4036451570919,853.5819830310945,0.07033481721912714,8.77416280141528,15.0,319.7699280462404
small-connection|pv=03.0|bat=05.0,small-connection,3.0,5.0,2.5,south,10.0,12.0,9.2,0.95,0.92,639.5275556058104,3977.074345258032,1035.9217723118818,3591.9103823688893,42.602132372761766,3500.0,2839.1304347826085,1574.0296221504484,1422.6992339907797,9.200000000000045,2.3188037683001634,0.011860577753241541,0.2628485995491744,0.27734435914546696,0.3822458222964528,0.06570064125566405,0.0831208078936265,0.910629343377821,0.0062498487285526615,0.2697510324890867,0.3401834220689359,0.3900655454419773,0.8722788430423396,0.12772115695766048,0.7195154138239839,0.6645556748480689,2400.0,292.3778065958983,1421.8296172467108,0.06853627433041418,8.8776927089589,15.0,284.53984679815596
small-connection|pv=03.0|bat=07.5,small-connection,3.0,7.5,3.75,south,10.0,12.0,9.2,0.95,0.92,562.3376529082269,3722.3629722066007,736.9512847150069,3591.9103823688893,34.164899810701435,3500.0,2839.1304347826085,2125.4665155607527,1921.4397802935794,9.200000000000038,3.806125615661524,0.009511623669232375,0.2609587907318885,0.16135629891895006,0.5052816840700768,0.06289160260985258,0.07956696797392648,0.8607640238568367,0.05966900816923678,0.2678115970858002,0.2765718989657457,0.4556165039484542,0.8538956100907203,0.14610438990927968,0.8377228481093331,0.7284528128974471,3400.0,369.5677092934818,1430.8208936938713,0.05017909928700867,10.065573484563448,15.0,256.1919707058106
small-connection|pv=03.0|bat=10.0,small-connection,3.0,10.0,5.0,south,10.0,12.0,9.2,0.95,0.92,510.81434125953626,3593.6234153064847,575.2244307811627,3591.9103823688893,28.695201593763734,3500.0,2839.1304347826085,2530.8587745419404,2288.375044024101,9.200000000000028,5.183375042154696,0.007988841184517264,0.2599903211815919,0.07541446108984085,0.5938909927021201,0.06271538384193018,0.07934402576094671,0.796424753732632,0.12423122050642126,0.26681769541930916,0.2670897446028849,0.46609255997780596,0.8428772257623101,0.1571227742376899,0.92495132009927,0.7381430412036,4400.0,421.09102094217246,1104.3101736437575,0.030969763186881157,11.606464137925553,15.0,228.8375044024101
small-connection|pv=03.0|bat=12.5,small-connection,3.0,12.5,6.25,south,10.0,12.0,9.2,0.95,0.92,478.1633144619086,3554.06434000242,508.33943742202587,3591.9103823688893,28.20302199009482,3500.0,2839.1304347826085,2827.1341351444094,2556.83230696783,9.20000000000005,6.433375042154696,0.007851816718070436,0.2593338023622876,0.02867556088317163,0.6381714497727525,0.06596737026371896,0.08345825864318479,0.7341792856798917,0.18236245567692358,0.2661439363440865,0.2670726018478374,0.4667834618080761,0.8108050579117873,0.18919494208821275,0.9721809472326286,0.7385220049751188,5400.0,453.7420477398001,531.1095354063957,0.012574005296872543,13.457924876423855,15.0,204.5465845574264
small-connection|pv=03.0|bat=15.0,small-connection,3.0,15.0,7.5,south,10.0,12.0,9.2,0.95,0.92,455.2081624215808,3623.71425378357,558.1040690567997,3591.9103823688893,24.484053191574226,3500.0,2839.1304347826085,3080.190555092069,2786.2844759705927,9.200000000000033,7.683375042154696,0.006816443225241836,0.258809856830048,0.019599778010653893,0.6490944953238891,0.0656794266101676,0.08309396830060055,0.6833123413885291,0.2335936903108704,0.26560623194493,0.267142883052896,0.467250885002174,0.7569302012948613,0.2430697987051387,0.9813261410392679,0.738967489120929,6400.0,476.6971997801279,-168.8311647529004,-0.0034858567305795967,Inf,15.0,185.7522983980395
small-connection|pv=03.0|bat=20.0,small-connection,3.0,20.0,10.0,south,10.0,12.0,9.2,0.95,0.92,421.22259712981406,3834.767189466883,743.6899261973366,3591.9103823688893,14.802292396114922,3500.0,2839.1304347826085,3462.6145483047376,3133.559629845025,9.200000000000035,9.200000000000012,0.004121008271468263,0.25842857816464326,0.019302001500034797,0.6498688005216445,0.06827961154221036,0.08638357808360399,0.6263211314455098,0.2872952904708862,0.26521494086011754,0.2652044990568649,0.4695805600830177,0.6741352406418276,0.32586475935817244,0.9817606537427985,0.7415081448528674,8400.0,510.68276507189466,-1724.5873231864111,-0.028688810042443218,Inf,15.0,156.67798149225126
small-connection|pv=03.0|bat=25.0,small-connection,3.0,25.0,12.5,south,10.0,12.0,9.2,0.95,0.92,404.4496778874991,4006.3361470354394,908.4379377704761,3591.9103823688893,3.854609946609873,3500.0,2839.1304347826085,3666.7799682526547,3319.956421348021,9.200000000000045,9.2,0.001073136447259503,0.25796520213329366,0.01900339168995055,0.6527083996495261,0.06924987007997196,0.08761109537998167,0.6182932958737725,0.2940956087462458,0.2647393965235619,0.26531741205886267,0.46994319141757535,0.6393811730344239,0.3606188269655762,0.9823553480241035,0.7418633149182174,10400.0,527.4556843142096,-3505.3393567476833,-0.04950269492427331,Inf,15.0,132.79825685392086
small-connection|pv=03.0|bat=30.0,small-connection,3.0,30.0,15.0,south,10.0,12.0,9.2,0.95,0.92,392.6876586849406,4110.11130109183,1004.6221595809841,3591.9103823688893,0.0,3500.0,2839.130434782609,3806.093221508987,3447.824132411861,9.20000000000003,9.2,0.0,0.25732554159576687,0.016846375641021726,0.6582226930530387,0.06760538971017348,0.08553059001062083,0.6128968688955461,0.30157254109383314,0.2640829384304379,0.26520024308758594,0.4707168184819762,0.6211820855377428,0.3788179144622573,0.9847616465945367,0.7423962379597204,12400.0,539.2177035167681,-5351.591595006339,-0.06610412835672311,Inf,15.0,114.92747108039536
small-connection|pv=06.0|bat=00.0,small-connection,6.0,0.0,0.0,south,10.0,12.0,9.2,0.95,0.92,637.0440006003056,4664.0669335029825,5297.147467277589,7183.8207647377785,211.609796180562,3500.0,2839.1304347826085,0.0,0.0,9.200000000000045,4.833343879611602,0.02945644151079904,0.15237297550691078,0.7373718861805341,0.0,0.08079869680175483,0.20444406101850796,0.795555938981492,0.0,0.31274861298040824,0.6872513870195917,0.0,NaN,NaN,0.24024853935626858,0.31531267277227937,0.0,0.0,NaN,NaN,NaN,NaN,NaN
small-connection|pv=06.0|bat=02.5,small-connection,6.0,2.5,1.25,south,10.0,12.0,9.2,0.95,0.92,450.37859403381935,3948.2681018522007,4531.283571009232,7183.8207647377785,172.668383019734,3500.0,2839.1304347826085,923.848490034911,834.8420122565071,9.200000000000044,4.590965073326103,0.024035730939625785,0.15216293197181813,0.6293706355953856,0.11724432496368545,0.07718637652948367,0.19530384644333235,0.8046961535566677,9.242096054768747e-19,0.3123174943778659,0.4520127107782403,0.23566979484389383,0.9116886863017541,0.08831131369824596,0.35523804764314676,0.5508071381766066,1400.0,186.66540656648624,1040.00523718685,0.08393854507312876,8.044902937060233,15.0,333.93680490260283
small-connection|pv=06.0|bat=05.0,small-connection,6.0,5.0,2.5,south,10.0,12.0,9.2,0.95,0.92,308.4436128863182,3326.1609227198237,3867.803993241615,7183.8207647377785,139.2396100688343,3500.0,2839.1304347826085,1702.0015319440395,1538.1938825794955,9.20000000000003,4.590965073326103,0.0193823892088595,0.15100160925506353,0.5306700810125674,0.22310986918117515,0.07583605134233624,0.1918871333540935,0.7970266550565356,0.011086211589370929,0.3099338560215275,0.2754508766038443,0.4146152673746282,0.941703800472464,0.05829619952753593,0.45910593879047445,0.7274346988293728,2400.0,328.6003877139874,1895.3147115567958,0.08862367614012773,7.81783191274062,15.0,307.6387765158991
small-connection|pv=06.0|bat=07.5,small-connection,6.0,7.5,3.75,south,10.0,12.0,9.2,0.95,0.92,202.60870691661574,2898.9053534774007,3404.9920470525944,7183.8207647377785,107.33305478497097,3500.0,2839.1304347826085,2404.890580461586,2173.6199988665817,9.200000000000063,5.552015186319853,0.014940942751776575,0.14933927418758977,0.44225779547837907,0.31660138830086487,0.07686059928138965,0.19447953582664998,0.7331779756363975,0.07234248853695231,0.30652187968562183,0.19623842734136834,0.4972396929730098,0.9457426653415674,0.05425733465843261,0.551899062938729,0.8066155333965803,3400.0,434.43529368368985,2278.7404335117258,0.07657281844267,8.428324834665814,15.0,289.81599984887754
small-connection|pv=06.0|bat=10.0,small-connection,6.0,10.0,5.0,south,10.0,12.0,9.2,0.95,0.92,117.93981163226783,2601.888437405326,3069.7608438180177,7183.8207647377785,87.36868098603651,3500.0,2839.1304347826085,3012.556333912219,2723.107091355778,9.200000000000033,5.936801605213233,0.01216186815446329,0.14851152882358315,0.36398138096404115,0.39776513410732134,0.07758008795059237,0.19630005015684432,0.6455783222726569,0.15812162757049877,0.30482291559023167,0.1754069915947992,0.5197700928149692,0.9485211604916484,0.05147883950835166,0.6328760410520441,0.8273913764785493,4400.0,519.1041889680378,2385.4936971221955,0.06325320761413018,9.196136694098229,15.0,272.3107091355778
small-connection|pv=06.0|bat=12.5,small-connection,6.0,12.5,6.25,south,10.0,12.0,9.2,0.95,0.92,48.61195049404296,2380.58050536921,2811.0182635327137,7183.8207647377785,74.34362792189883,3500.0,2839.1304347826085,3541.0532704591483,3201.1443265893813,9.200000000000033,7.186801605213233,0.01034875873947455,0.14827092654925228,0.2975121136183951,0.46658838769221644,0.07727981340066141,0.19554026873909414,0.559203324661991,0.24525640659891484,0.30432907455755087,0.17250382991984273,0.5231670955226064,0.9465791932732619,0.05342080672673811,0.7009571188100373,0.8298617796424932,5400.0,588.4320501062626,2291.7159445742436,0.05056999847616844,10.03741502211232,15.0,256.0915461271505
small-connection|pv=06.0|bat=15.0,small-connection,6.0,15.0,7.5,south,10.0,12.0,9.2,0.95,0.92,-11.299089399563059,2206.4733911489793,2599.9444967820755,7183.8207647377785,66.39289592462973,3500.0,2839.1304347826085,4012.7059322814785,3627.879603884034,9.200000000000049,8.436801605213233,0.009242003398877001,0.14828503707974136,0.23936526375273742,0.5260673263878564,0.07704036938078893,0.19493440614790122,0.48351075236500257,0.32155484148709623,0.30435803670667383,0.1714830712110149,0.5241588920823113,0.9418017284925903,0.05819827150740976,0.760134482170455,0.8304515785834129,6400.0,648.3430899998687,2074.845790615864,0.03939415412116881,10.887261308907089,15.0,241.85864025893562
small-connection|pv=06.0|bat=20.0,small-connection,6.0,20.0,10.0,south,10.0,12.0,9.2,0.95,0.92,-94.75819290429325,2148.1385003446157,2488.1750604056456,7183.8207647377785,50.684278490860265,3500.0,2839.130434782609,4743.789655418243,4289.820164014964,9.200000000000042,9.2,0.0070553372850902865,0.14800926065201955,0.15204917551968725,0.6169624819997361,0.07592374454346673,0.19210902250419715,0.43599313474008056,0.37189784275572213,0.30379200001298984,0.1710443874238294,0.5251636125631808,0.9343053152012281,0.06569468479877195,0.8490273150180524,0.8310392295853906,8400.0,731.8021935045988,1165.7852066984497,0.01756850316363165,12.910325739419322,15.0,214.49100820074818
small-connection|pv=06.0|bat=25.0,small-connection,6.0,25.0,12.5,south,10.0,12.0,9.2,0.95,0.92,-143.2045095250923,2170.539237999069,2489.4960012577003,7183.8207647377785,28.34146854587747,3500.0,2839.130434782609,5211.072801545235,4713.680703394576,9.200000000000042,9.2,0.003945180353746198,0.14756019703798595,0.09822686558042426,0.6735352135778866,0.07673254344995466,0.1941555175534357,0.42458236124895815,0.3812621211976061,0.3028702878657946,0.16930799589799592,0.5278217162362094,0.9285144225289194,0.0714855774710806,0.9041270879002661,0.8328645522409874,10400.0,780.2485101253978,-200.94659191652988,-0.0025481341601739,Inf,15.0,188.54722813578303
small-connection|pv=06.0|bat=30.0,small-connection,6.0,30.0,15.0,south,10.0,12.0,9.2,0.95,0.92,-163.4854170535665,2232.9409323040054,2544.2397492848077,7183.8207647377785,15.139950247868873,3500.0,2839.1304347826094,5446.93910488716,4928.687542160662,9.200000000000042,9.2,0.0021075066797579694,0.1471126664532732,0.0804557828197826,0.6947198208038945,0.07560422324329205,0.19130054124428383,0.4173950415576911,0.391304417198025,0.30195172229227624,0.16905872456256568,0.528989553145158,0.9162471946653638,0.08375280533463632,0.922409372595866,0.8333699407705784,12400.0,800.5294176538721,-1935.8437991997998,-0.021457264953474376,Inf,15.0,164.28958473868872
small-connection|pv=09.0|bat=00.0,small-connection,9.0,0.0,0.0,south,10.0,12.0,9.2,0.95,0.92,354.0204712458475,4439.554940520111,8534.86864611685,10775.731147106668,341.28700672731753,3500.0,2839.1304347826085,0.0,0.0,9.200000000000042,7.331907702974395,0.0316718190225964,0.10773209504723746,0.7920454333540506,0.0,0.06855065257611502,0.2601794525074337,0.7398205474925663,0.0,0.3316834548981634,0.6683165451018365,0.0,NaN,NaN,0.18204855656004668,0.33391301099504184,0.0,0.0,NaN,NaN,NaN,NaN,NaN
small-connection|pv=09.0|bat=02.5,small-connection,9.0,2.5,1.25,south,10.0,12.0,9.2,0.95,0.92,167.3741742669497,3690.6359501676275,7737.460675950441,10775.731147106668,298.6394837700004,3500.0,2839.1304347826085,945.6949002178875,854.5583974466435,9.200000000000015,6.949571643005636,0.027714080807424976,0.10760345260776037,0.716969153737427,0.08108054246742157,0.06663277037996687,0.25290025791167786,0.7470997420883221,2.7604227954527e-19,0.3312873930861884,0.4278655889311545,0.24084701798265712,0.9238731505152434,0.07612684948475656,0.262692145664688,0.574511300963812,1400.0,186.6462969788978,1039.7554453552839,0.08392060821594208,8.04580552084295,15.0,341.82335897865744
small-connection|pv=09.0|bat=05.0,small-connection,9.0,5.0,2.5,south,10.0,12.0,9.2,0.95,0.92,20.604805593219908,3033.8624382715097,7041.018221295903,10775.731147106668,260.0786023453446,3500.0,2839.1304347826085,1759.0136097879094,1589.6472828335884,9.200000000000063,6.949571643005636,0.024135587534139333,0.1064739134268152,0.6471420861012329,0.15608707671260322,0.0661613362252099,0.2511109608638957,0.7357749923698622,0.01311404676624206,0.32780979007647715,0.24795429391063165,0.42423591601289107,0.9561906541448686,0.04380934585513144,0.3371392699516469,0.7543581960354985,2400.0,333.4156656526276,1958.2578331823202,0.09122501698228114,7.696326395474143,15.0,317.9294565667177
small-connection|pv=09.0|bat=07.5,small-connection,9.0,7.5,3.75,south,10.0,12.0,9.2,0.95,0.92,-93.96256368107686,2556.95936308143,6528.053405781171,10775.731147106668,222.52252180966332,3500.0,2839.1304347826085,2525.029721175948,2282.045573361293,9.200000000000033,7.041150908503367,0.020650340916255283,0.10493165487415619,0.5816714635309308,0.22566174232399122,0.06708479835466655,0.2546159000909383,0.6698964378012405,0.0754876621078212,0.32306151478425454,0.1604790121892914,0.5164594730264541,0.9630263933442039,0.036973606655796014,0.4069318690913626,0.8417301274221334,3400.0,447.98303492692435,2455.830341029058,0.08186696463539644,8.150129055308783,15.0,304.27274311483905
small-connection|pv=09.0|bat=10.0,small-connection,9.0,10.0,5.0,south,10.0,12.0,9.2,0.95,0.92,-190.6715628743592,2212.6277296321337,6151.388833558265,10775.731147106668,187.60307577911186,3500.0,2839.1304347826085,3225.75930891092,2915.5227762921054,9.200000000000033,8.291150908503367,0.01740977695323107,0.1042246559819628,0.5216043791019855,0.2894781241293763,0.06728306383344472,0.2553684035578069,0.5798510254500994,0.1647805709920938,0.32088482050323247,0.13140976151795924,0.5477054179788083,0.9670090480619515,0.03299095193804846,0.47048294166308335,0.8704921989719826,4400.0,544.6920341202067,2719.966363097294,0.07121406242835968,8.724185538141016,15.0,291.55227762921055
small-connection|pv=09.0|bat=12.5,small-connection,9.0,12.5,6.25,south,10.0,12.0,9.2,0.95,0.92,-277.251254531833,1927.0614442330113,5837.826223759546,10775.731147106668,153.5475897707701,3500.0,2839.1304347826085,3873.149672069265,3500.861329042512,9.200000000000033,9.2,0.014249389454375753,0.1038816833032199,0.4666644443084615,0.3479020051640713,0.06730247776987157,0.25544208786511446,0.4785577721282152,0.2660001400066704,0.3198288829669649,0.12689208848574599,0.553279028547289,0.9679198560856183,0.03208014391438183,0.5282249892155976,0.8745037539349367,5400.0,631.2717257776806,2851.696687232176,0.061761651875810286,9.289714892002035,15.0,280.06890632340094
small-connection|pv=09.0|bat=15.0,small-connection,9.0,15.0,7.5,south,10.0,12.0,9.2,0.95,0.92,-352.00461064890567,1738.472497665116,5614.310208374674,10775.731147106668,131.80158516426135,3500.0,2839.1304347826085,4465.373502053741,4036.4120856035015,9.200000000000031,9.116242198840437,0.012231335708449878,0.10370892017166557,0.4158162286075963,0.40102760768244666,0.06721590782984005,0.25511351740291505,0.4060896613161,0.33879682128098493,0.31929698323617645,0.12614947482048136,0.5545535419433423,0.9677501066743694,0.032249893325630476,0.5809780365684962,0.8750066858956865,6400.0,706.0250818947532,2828.8385357298744,0.05249635040224171,9.902217557681201,15.0,269.0941390402334
small-connection|pv=09.0|bat=20.0,small-connection,9.0,20.0,10.0,south,10.0,12.0,9.2,0.95,0.92,-470.9364531229971,1605.0843145754848,5409.001306856904,10775.731147106668,105.46618138767658,3500.0,2839.1304347826085,5495.0516785124355,4967.834139857473,9.200000000000031,9.2,0.009787380545031019,0.10322638922533514,0.326789679366643,0.4928532115692209,0.06734333929376837,0.255597175067301,0.3459863081840311,0.39841651674866796,0.3178113764510862,0.12531030895363005,0.5568783145952838,0.9664793005724223,0.03352069942757779,0.6726089032719706,0.8759063909465741,8400.0,824.9569243688445,2383.4614508317336,0.03476884158035284,11.273396775306097,15.0,248.39170699287365
small-connection|pv=09.0|bat=25.0,small-connection,9.0,25.0,12.5,south,10.0,12.0,9.2,0.95,0.92,-557.3827072964193,1560.352884689438,5320.969818392458,10775.731147106668,71.91806719122187,3500.0,2839.130434782609,6305.161142869907,5701.0954314400915,9.200000000000031,9.2,0.006674077722376378,0.10266992616011436,0.25685790754971943,0.5668056129420552,0.06699247562573502,0.25426549530025117,0.33028880524364357,0.41544569945610527,0.31609814891276716,0.12148675437682778,0.562415096710405,0.9686897383489445,0.03131026165105567,0.7449036024417411,0.8796663592649488,10400.0,911.4031785422668,1513.447540906797,0.01839206500660135,12.824262297810641,15.0,228.04381725760365
small-connection|pv=09.0|bat=30.0,small-connection,9.0,30.0,15.0,south,10.0,12.0,9.2,0.95,0.92,-618.4532531946576,1520.4050060790846,5249.981515836962,10775.731147106668,44.18831455802955,3500.0,2839.1304347826094,6929.85526162206,6267.01937361391,9.200000000000031,9.200000000000006,0.004100725412947437,0.10180996072099853,0.20375715971983335,0.6232548464333147,0.06707730771290592,0.2545874698572501,0.31285207477913163,0.43256045536361837,0.31345050423627735,0.1195281596181022,0.5670213361456204,0.96914385766329,0.030856142336710017,0.7997268724093389,0.8815403869280997,12400.0,972.4737244405051,311.73392171237106,0.003275298847448143,14.574655200135886,15.0,208.90064578713034
small-connection|pv=12.0|bat=00.0,small-connection,12.0,0.0,0.0,south,10.0,12.0,9.2,0.95,0.92,77.21117709114549,4229.479837791419,11804.317899842728,14367.641529475557,453.67303264163866,3500.0,2839.1304347826085,0.0,0.0,9.200000000000042,9.2,0.031576026706326,0.0837560037795919,0.8215905077827758,0.0,0.06307746173130598,0.3192084265103554,0.6807915734896446,0.0,0.3438217823561647,0.6561782176438352,0.0,NaN,NaN,0.15162105602519033,0.345703057807822,0.0,0.0,NaN,NaN,NaN,NaN,NaN
small-connection|pv=12.0|bat=02.5,small-connection,12.0,2.5,1.25,south,10.0,12.0,9.2,0.95,0.92,-109.7052617242565,3476.4433652066546,10985.654189790826,14367.641529475557,427.4790617709374,3500.0,2839.1304347826085,952.7175214137201,860.8963130758824,9.200000000000031,9.2,0.029752904183609673,0.08365421052180849,0.7637225212723742,0.061847354201571364,0.06102300982063352,0.30881171199859386,0.6911882880014061,0.0,0.3434039169167501,0.41427221539358117,0.24232386768966868,0.9327010312522683,0.0672989687477316,0.2129458718951806,0.5877188663496296,1400.0,186.916438815402,1043.2866164917996,0.08417410331149308,8.033063321296705,15.0,344.35852523035294
small-connection|pv=12.0|bat=05.0,small-connection,12.0,5.0,2.5,south,10.0,12.0,9.2,0.95,0.92,-258.4734283225363,2804.8018032444506,10273.24906021695,14367.641529475557,387.85612032741597,3500.0,2839.1304347826085,1788.1560758259839,1615.9483584329505,9.200000000000031,9.2,0.026995113953234423,0.08259932785550693,0.7096830716722179,0.11973047996267283,0.06099200655636431,0.30865481755591295,0.6762157825964572,0.015129399847629956,0.33907358091529927,0.23343586709264616,0.4274905519920546,0.9620215145152382,0.037978485484761834,0.27093099362849543,0.7685080577480815,2400.0,335.68460541368177,1987.9163810711161,0.09244567233914605,7.640281733856277,15.0,323.1896716865901
small-connection|pv=12.0|bat=07.5,small-connection,12.0,7.5,3.75,south,10.0,12.0,9.2,0.95,0.92,-376.7852203527767,2314.8905637080147,9742.964736545331,14367.641529475557,350.8174119867972,3500.0,2839.1304347826085,2593.0847166034355,2343.465206734601,9.200000000000033,9.2,0.024417188532097418,0.0811970074630748,0.6583336991359778,0.17491550259373498,0.06113660227511572,0.30938655549520094,0.6136575696133694,0.07695587489142978,0.3333169989987454,0.14076434397010534,0.5259186570311493,0.969163569212911,0.030836430787089055,0.3260660284767644,0.8609918570821457,3400.0,453.9963974439222,2534.4342789759207,0.08419591770228516,8.031968173486662,15.0,312.4620275646135
small-connection|pv=12.0|bat=10.0,small-connection,12.0,10.0,5.0,south,10.0,12.0,9.2,0.95,0.92,-479.75725061269816,1938.5707265673395,9334.483253954037,14367.641529475557,310.44672526112055,3500.0,2839.1304347826085,3347.967610719274,3025.815768674145,9.200000000000033,9.2,0.02160735459777666,0.08054179896570014,0.609912119636421,0.2268681453283088,0.06107058147179132,0.309052452058447,0.5208349783034311,0.17011256963812196,0.33062734162236146,0.1061271039947326,0.5632455543829059,0.9735937038631712,0.02640629613682879,0.37793178194393745,0.8951092024556511,4400.0,556.9684277038436,2880.4377926397146,0.07497676085157759,8.514902865382016,15.0,302.5815768674145
small-connection|pv=12.0|bat=12.5,small-connection,12.0,12.5,6.25,south,10.0,12.0,9.2,0.95,0.92,-568.877479053024,1672.9116643816305,9043.267199419504,14367.641529475557,269.9625858911767,3500.0,2839.1304347826085,4036.2740898861307,3648.081116122233,9.200000000000033,9.2,0.018789624263477207,0.08026590588211135,0.5665463772103269,0.2739915216381115,0.06040657100597295,0.30569217518359143,0.43150139906024343,0.26280642575616514,0.32949478935794213,0.09947450993834765,0.5710307007037102,0.9753083852447169,0.024691614755283118,0.4242500778651279,0.9014030790892793,5400.0,646.0886561441695,3045.376857319763,0.06555332807935538,9.054421969188947,15.0,291.8464892897787
small-connection|pv=12.0|bat=15.0,small-connection,12.0,15.0,7.5,south,10.0,12.0,9.2,0.95,0.92,-648.032505798659,1501.1118993697219,8846.45171839571,14367.641529475557,232.86819714441032,3500.0,2839.1304347826085,4684.262343821016,4233.9592652984675,9.200000000000028,9.2,0.01620782343898793,0.08008266545053806,0.5257788312605771,0.31784486293903574,0.06008581691086246,0.30406897400861205,0.36670283703633405,0.32922818895505396,0.3287425799766419,0.09783240659744688,0.5734250134259113,0.9748986537266054,0.025101346273394463,0.4674950817130795,0.903016035535001,6400.0,725.2436828898045,3080.055340931685,0.0567509946571783,9.614104475444874,15.0,282.26395101989783
small-connection|pv=12.0|bat=20.0,small-connection,12.0,20.0,10.0,south,10.0,12.0,9.2,0.95,0.92,-786.583861629536,1323.3684142287293,8611.241388933757,14367.641529475557,176.3567649973426,3500.0,2839.1304347826085,5875.193384518736,5310.912029528158,9.200000000000028,9.2,0.012274579974419777,0.07960856351629797,0.4493926714881732,0.39924668584552814,0.05947749917558162,0.3009905345507199,0.29803426805893235,0.4009751973903478,0.32679637236533005,0.09664289506154483,0.5765607325731251,0.976347992080531,0.023652007919468972,0.5476792166796766,0.9042483035783768,8400.0,863.7950387206815,2891.1356051597913,0.04165465606287676,10.70761069335644,15.0,265.5456014764079
small-connection|pv=12.0|bat=25.0,small-connection,12.0,25.0,12.5,south,10.0,12.0,9.2,0.95,0.92,-895.4100741907475,1264.6615569927844,8498.99637205994,14367.641529475557,132.77929272427912,3500.0,2839.130434782609,6893.174224630879,6231.777237729368,9.200000000000028,9.2,0.009241551054282588,0.07879139065115084,0.38369229146551387,0.46887161680482037,0.059403150024232805,0.30061428485767505,0.2774724207239085,0.4219132944184164,0.32344184470988696,0.09151035756261465,0.5850477977274985,0.977282612345118,0.02271738765488191,0.6163432624132738,0.9093792458855138,10400.0,972.621251281893,2313.662325438766,0.02762365479210069,11.910819550161719,15.0,249.27108950917471
small-connection|pv=12.0|bat=30.0,small-connection,12.0,30.0,15.0,south,10.0,12.0,9.2,0.95,0.92,-978.9642227361045,1218.082539147902,8406.852306905652,14367.641529475557,98.16928057069128,3500.0,2839.1304347826094,7737.405603738527,6995.8335573740205,9.200000000000012,9.2,0.006832664941514213,0.0778966939640723,0.32874514440418595,0.5269794923708783,0.059546004319348145,0.3013372101865076,0.26011620792308104,0.43854658189041135,0.31976907863058585,0.08960729505271525,0.590623626316699,0.9785518334610049,0.021448166538995138,0.6735391192267446,0.9111340812471014,12400.0,1056.17539982725,1405.8441270343612,0.01444064300757697,13.249139212401163,15.0,233.19445191246734
